
rn18-tin:   0%|          | 0/27 [00:00<?, ?cell/s]
rn18-tin:   0%|          | 0/27 [00:00<?, ?cell/s, random/sl/ipc10]

tin/rn18/random/sl/ipc10 s45:   0%|          | 0/300 [00:00<?, ?ep/s][A

tin/rn18/random/sl/ipc10 s45:   0%|          | 1/300 [00:01<08:40,  1.74s/ep][A

tin/rn18/random/sl/ipc10 s45:   1%|          | 2/300 [00:03<07:54,  1.59s/ep][A

tin/rn18/random/sl/ipc10 s45:   1%|          | 3/300 [00:04<07:51,  1.59s/ep][A

tin/rn18/random/sl/ipc10 s45:   1%|▏         | 4/300 [00:06<07:49,  1.59s/ep][A

tin/rn18/random/sl/ipc10 s45:   2%|▏         | 5/300 [00:08<07:50,  1.60s/ep][A

tin/rn18/random/sl/ipc10 s45:   2%|▏         | 6/300 [00:09<07:48,  1.59s/ep][A

tin/rn18/random/sl/ipc10 s45:   2%|▏         | 7/300 [00:11<07:48,  1.60s/ep][A

tin/rn18/random/sl/ipc10 s45:   3%|▎         | 8/300 [00:12<07:49,  1.61s/ep][A

tin/rn18/random/sl/ipc10 s45:   3%|▎         | 9/300 [00:14<07:49,  1.61s/ep][A

tin/rn18/random/sl/ipc10 s45:   3%|▎         | 10/300 [00:16<07:50,  1.62s/ep][A

tin/rn18/random/sl/ipc10 s45:   4%|▎         | 11/300 [00:17<07:50,  1.63s/ep][A

tin/rn18/random/sl/ipc10 s45:   4%|▍         | 12/300 [00:19<07:50,  1.63s/ep][A

tin/rn18/random/sl/ipc10 s45:   4%|▍         | 13/300 [00:21<07:50,  1.64s/ep][A

tin/rn18/random/sl/ipc10 s45:   5%|▍         | 14/300 [00:22<07:50,  1.65s/ep][A

tin/rn18/random/sl/ipc10 s45:   5%|▌         | 15/300 [00:24<07:52,  1.66s/ep][A

tin/rn18/random/sl/ipc10 s45:   5%|▌         | 16/300 [00:26<07:53,  1.67s/ep][A

tin/rn18/random/sl/ipc10 s45:   6%|▌         | 17/300 [00:27<07:54,  1.68s/ep][A

tin/rn18/random/sl/ipc10 s45:   6%|▌         | 18/300 [00:29<07:55,  1.69s/ep][A

tin/rn18/random/sl/ipc10 s45:   6%|▋         | 19/300 [00:31<07:55,  1.69s/ep][A

tin/rn18/random/sl/ipc10 s45:   7%|▋         | 20/300 [00:32<07:57,  1.71s/ep][A

tin/rn18/random/sl/ipc10 s45:   7%|▋         | 21/300 [00:38<13:17,  2.86s/ep][A

tin/rn18/random/sl/ipc10 s45:   7%|▋         | 22/300 [00:46<20:30,  4.43s/ep][A

tin/rn18/random/sl/ipc10 s45:   8%|▊         | 23/300 [00:54<25:31,  5.53s/ep][A

tin/rn18/random/sl/ipc10 s45:   8%|▊         | 24/300 [01:02<28:59,  6.30s/ep][A

tin/rn18/random/sl/ipc10 s45:   8%|▊         | 25/300 [01:10<31:22,  6.85s/ep][A

tin/rn18/random/sl/ipc10 s45:   9%|▊         | 26/300 [01:18<32:59,  7.22s/ep][A

tin/rn18/random/sl/ipc10 s45:   9%|▉         | 27/300 [01:27<34:04,  7.49s/ep][A

tin/rn18/random/sl/ipc10 s45:   9%|▉         | 28/300 [01:35<34:46,  7.67s/ep][A

tin/rn18/random/sl/ipc10 s45:  10%|▉         | 29/300 [01:43<35:13,  7.80s/ep][A

tin/rn18/random/sl/ipc10 s45:  10%|█         | 30/300 [01:51<35:30,  7.89s/ep][A

tin/rn18/random/sl/ipc10 s45:  10%|█         | 31/300 [01:59<35:40,  7.96s/ep][A

tin/rn18/random/sl/ipc10 s45:  11%|█         | 32/300 [02:07<35:44,  8.00s/ep][A

tin/rn18/random/sl/ipc10 s45:  11%|█         | 33/300 [02:15<35:44,  8.03s/ep][A

tin/rn18/random/sl/ipc10 s45:  11%|█▏        | 34/300 [02:23<35:41,  8.05s/ep][A

tin/rn18/random/sl/ipc10 s45:  12%|█▏        | 35/300 [02:31<35:38,  8.07s/ep][A

tin/rn18/random/sl/ipc10 s45:  12%|█▏        | 36/300 [02:40<35:32,  8.08s/ep][A

tin/rn18/random/sl/ipc10 s45:  12%|█▏        | 37/300 [02:48<35:26,  8.09s/ep][A

tin/rn18/random/sl/ipc10 s45:  13%|█▎        | 38/300 [02:56<35:19,  8.09s/ep][A

tin/rn18/random/sl/ipc10 s45:  13%|█▎        | 39/300 [03:04<35:12,  8.09s/ep][A

tin/rn18/random/sl/ipc10 s45:  13%|█▎        | 40/300 [03:12<35:04,  8.10s/ep][A

tin/rn18/random/sl/ipc10 s45:  14%|█▎        | 41/300 [03:20<34:57,  8.10s/ep][A

tin/rn18/random/sl/ipc10 s45:  14%|█▍        | 42/300 [03:28<34:50,  8.10s/ep][A

tin/rn18/random/sl/ipc10 s45:  14%|█▍        | 43/300 [03:36<34:41,  8.10s/ep][A

tin/rn18/random/sl/ipc10 s45:  15%|█▍        | 44/300 [03:44<34:33,  8.10s/ep][A

tin/rn18/random/sl/ipc10 s45:  15%|█▌        | 45/300 [03:52<34:26,  8.10s/ep][A

tin/rn18/random/sl/ipc10 s45:  15%|█▌        | 46/300 [04:01<34:18,  8.11s/ep][A

tin/rn18/random/sl/ipc10 s45:  16%|█▌        | 47/300 [04:09<34:10,  8.11s/ep][A

tin/rn18/random/sl/ipc10 s45:  16%|█▌        | 48/300 [04:17<34:02,  8.11s/ep][A

tin/rn18/random/sl/ipc10 s45:  16%|█▋        | 49/300 [04:25<33:54,  8.10s/ep][A

tin/rn18/random/sl/ipc10 s45:  17%|█▋        | 50/300 [04:33<33:46,  8.11s/ep][A

tin/rn18/random/sl/ipc10 s45:  17%|█▋        | 51/300 [04:41<33:39,  8.11s/ep][A

tin/rn18/random/sl/ipc10 s45:  17%|█▋        | 52/300 [04:49<33:31,  8.11s/ep][A

tin/rn18/random/sl/ipc10 s45:  18%|█▊        | 53/300 [04:57<33:22,  8.11s/ep][A

tin/rn18/random/sl/ipc10 s45:  18%|█▊        | 54/300 [05:05<33:14,  8.11s/ep][A

tin/rn18/random/sl/ipc10 s45:  18%|█▊        | 55/300 [05:14<33:05,  8.11s/ep][A

tin/rn18/random/sl/ipc10 s45:  19%|█▊        | 56/300 [05:22<32:57,  8.10s/ep][A

tin/rn18/random/sl/ipc10 s45:  19%|█▉        | 57/300 [05:30<32:49,  8.10s/ep][A

tin/rn18/random/sl/ipc10 s45:  19%|█▉        | 58/300 [05:38<32:41,  8.11s/ep][A

tin/rn18/random/sl/ipc10 s45:  20%|█▉        | 59/300 [05:46<32:33,  8.11s/ep][A

tin/rn18/random/sl/ipc10 s45:  20%|██        | 60/300 [05:54<32:25,  8.11s/ep][A

tin/rn18/random/sl/ipc10 s45:  20%|██        | 61/300 [06:02<32:16,  8.10s/ep][A

tin/rn18/random/sl/ipc10 s45:  21%|██        | 62/300 [06:10<32:08,  8.10s/ep][A

tin/rn18/random/sl/ipc10 s45:  21%|██        | 63/300 [06:18<32:00,  8.10s/ep][A

tin/rn18/random/sl/ipc10 s45:  21%|██▏       | 64/300 [06:26<31:53,  8.11s/ep][A

tin/rn18/random/sl/ipc10 s45:  22%|██▏       | 65/300 [06:35<31:44,  8.10s/ep][A

tin/rn18/random/sl/ipc10 s45:  22%|██▏       | 66/300 [06:43<31:35,  8.10s/ep][A

tin/rn18/random/sl/ipc10 s45:  22%|██▏       | 67/300 [06:51<31:28,  8.10s/ep][A

tin/rn18/random/sl/ipc10 s45:  23%|██▎       | 68/300 [06:59<31:20,  8.10s/ep][A

tin/rn18/random/sl/ipc10 s45:  23%|██▎       | 69/300 [07:07<31:12,  8.11s/ep][A

tin/rn18/random/sl/ipc10 s45:  23%|██▎       | 70/300 [07:15<31:03,  8.10s/ep][A

tin/rn18/random/sl/ipc10 s45:  24%|██▎       | 71/300 [07:23<30:55,  8.10s/ep][A

tin/rn18/random/sl/ipc10 s45:  24%|██▍       | 72/300 [07:31<30:47,  8.10s/ep][A

tin/rn18/random/sl/ipc10 s45:  24%|██▍       | 73/300 [07:39<30:38,  8.10s/ep][A

tin/rn18/random/sl/ipc10 s45:  25%|██▍       | 74/300 [07:47<30:30,  8.10s/ep][A

tin/rn18/random/sl/ipc10 s45:  25%|██▌       | 75/300 [07:56<30:22,  8.10s/ep][A

tin/rn18/random/sl/ipc10 s45:  25%|██▌       | 76/300 [08:04<30:14,  8.10s/ep][A

tin/rn18/random/sl/ipc10 s45:  26%|██▌       | 77/300 [08:12<30:06,  8.10s/ep][A

tin/rn18/random/sl/ipc10 s45:  26%|██▌       | 78/300 [08:20<29:58,  8.10s/ep][A

tin/rn18/random/sl/ipc10 s45:  26%|██▋       | 79/300 [08:28<29:51,  8.10s/ep][A

tin/rn18/random/sl/ipc10 s45:  27%|██▋       | 80/300 [08:36<29:43,  8.10s/ep][A

tin/rn18/random/sl/ipc10 s45:  27%|██▋       | 81/300 [08:44<29:34,  8.10s/ep][A

tin/rn18/random/sl/ipc10 s45:  27%|██▋       | 82/300 [08:52<29:26,  8.10s/ep][A

tin/rn18/random/sl/ipc10 s45:  28%|██▊       | 83/300 [09:00<29:18,  8.11s/ep][A

tin/rn18/random/sl/ipc10 s45:  28%|██▊       | 84/300 [09:09<29:10,  8.10s/ep][A

tin/rn18/random/sl/ipc10 s45:  28%|██▊       | 85/300 [09:17<29:02,  8.10s/ep][A

tin/rn18/random/sl/ipc10 s45:  29%|██▊       | 86/300 [09:25<28:53,  8.10s/ep][A

tin/rn18/random/sl/ipc10 s45:  29%|██▉       | 87/300 [09:33<28:45,  8.10s/ep][A
rn18-tin:   0%|          | 0/27 [09:40<?, ?cell/s, random/sl/ipc10]
Traceback (most recent call last):
  File "/home/dvspanos/nikos/ca2d/bench.py", line 1863, in <module>
    sys.exit(main() or 0)
  File "/home/dvspanos/nikos/ca2d/bench.py", line 1849, in main
    cmd_run(args.table, args.seeds, device, args.ipcs, args.regimes,
  File "/home/dvspanos/nikos/ca2d/bench.py", line 1233, in cmd_run
    eval_cell(ds, arch, m, r, i, seeds, device, devices=devices)
  File "/home/dvspanos/nikos/ca2d/bench.py", line 947, in eval_cell
    acc, sec = hl_sl_seed_run(st, ds, arch, regime, s, device,
  File "/home/dvspanos/nikos/ca2d/bench.py", line 907, in hl_sl_seed_run
    sl_train(model, st["x"], st["q_T"], device, epochs=st["epochs"],
  File "/home/dvspanos/nikos/ca2d/xarch.py", line 253, in sl_train
    loss = F.kl_div(log_p, q_T[idx], reduction="batchmean") * KD_T * KD_T
  File "/home/dvspanos/miniconda3/envs/rded/lib/python3.10/site-packages/torch/nn/functional.py", line 2882, in kl_div
    def kl_div(
KeyboardInterrupt



rn18-tin:   0%|          | 0/27 [00:00<?, ?cell/s]
rn18-tin:   0%|          | 0/27 [00:00<?, ?cell/s, random/sl/ipc10][cell] partial (bench_tin_rn18_random_sl_ipc10.json): have [42, 43, 44], running [45, 46]


tin/rn18/random/sl/ipc10 s45:   0%|          | 0/300 [00:00<?, ?ep/s][A


rn18-tin:   0%|          | 0/27 [00:00<?, ?cell/s]
rn18-tin:   0%|          | 0/27 [00:00<?, ?cell/s, random/sl/ipc10][cell] partial (bench_tin_rn18_random_sl_ipc10.json): have [42, 43, 44], running [45, 46]


tin/rn18/random/sl/ipc10 s45:   0%|          | 0/300 [00:00<?, ?ep/s][A

tin/rn18/random/sl/ipc10 s45:   0%|          | 1/300 [00:08<40:17,  8.08s/ep][A

tin/rn18/random/sl/ipc10 s45:   1%|          | 2/300 [00:15<39:05,  7.87s/ep][A

tin/rn18/random/sl/ipc10 s45:   1%|          | 3/300 [00:23<39:29,  7.98s/ep][A

tin/rn18/random/sl/ipc10 s45:   1%|▏         | 4/300 [00:32<39:36,  8.03s/ep][A

tin/rn18/random/sl/ipc10 s45:   2%|▏         | 5/300 [00:40<39:37,  8.06s/ep][A

tin/rn18/random/sl/ipc10 s45:   2%|▏         | 6/300 [00:48<39:33,  8.07s/ep][A

tin/rn18/random/sl/ipc10 s45:   2%|▏         | 7/300 [00:56<39:28,  8.08s/ep][A

tin/rn18/random/sl/ipc10 s45:   3%|▎         | 8/300 [01:04<39:22,  8.09s/ep][A

tin/rn18/random/sl/ipc10 s45:   3%|▎         | 9/300 [01:12<39:15,  8.09s/ep][A

tin/rn18/random/sl/ipc10 s45:   3%|▎         | 10/300 [01:20<39:07,  8.10s/ep][A

tin/rn18/random/sl/ipc10 s45:   4%|▎         | 11/300 [01:28<39:00,  8.10s/ep][A

tin/rn18/random/sl/ipc10 s45:   4%|▍         | 12/300 [01:36<38:52,  8.10s/ep][A

tin/rn18/random/sl/ipc10 s45:   4%|▍         | 13/300 [01:44<38:44,  8.10s/ep][A

tin/rn18/random/sl/ipc10 s45:   5%|▍         | 14/300 [01:53<38:36,  8.10s/ep][A

tin/rn18/random/sl/ipc10 s45:   5%|▌         | 15/300 [02:01<38:28,  8.10s/ep][A

tin/rn18/random/sl/ipc10 s45:   5%|▌         | 16/300 [02:09<38:22,  8.11s/ep][A

tin/rn18/random/sl/ipc10 s45:   6%|▌         | 17/300 [02:17<38:13,  8.10s/ep][A

tin/rn18/random/sl/ipc10 s45:   6%|▌         | 18/300 [02:25<38:05,  8.10s/ep][A

tin/rn18/random/sl/ipc10 s45:   6%|▋         | 19/300 [02:33<37:56,  8.10s/ep][A

tin/rn18/random/sl/ipc10 s45:   7%|▋         | 20/300 [02:41<37:49,  8.11s/ep][A

tin/rn18/random/sl/ipc10 s45:   7%|▋         | 21/300 [02:49<37:41,  8.11s/ep][A

tin/rn18/random/sl/ipc10 s45:   7%|▋         | 22/300 [02:57<37:32,  8.10s/ep][A

tin/rn18/random/sl/ipc10 s45:   8%|▊         | 23/300 [03:05<37:24,  8.10s/ep][A

tin/rn18/random/sl/ipc10 s45:   8%|▊         | 24/300 [03:14<37:16,  8.10s/ep][A

tin/rn18/random/sl/ipc10 s45:   8%|▊         | 25/300 [03:22<37:09,  8.11s/ep][A

tin/rn18/random/sl/ipc10 s45:   9%|▊         | 26/300 [03:30<37:01,  8.11s/ep][A

tin/rn18/random/sl/ipc10 s45:   9%|▉         | 27/300 [03:38<36:52,  8.11s/ep][A

tin/rn18/random/sl/ipc10 s45:   9%|▉         | 28/300 [03:46<36:44,  8.10s/ep][A

tin/rn18/random/sl/ipc10 s45:  10%|▉         | 29/300 [03:54<36:35,  8.10s/ep][A

tin/rn18/random/sl/ipc10 s45:  10%|█         | 30/300 [04:02<36:28,  8.10s/ep][A

tin/rn18/random/sl/ipc10 s45:  10%|█         | 31/300 [04:10<36:20,  8.11s/ep][A

tin/rn18/random/sl/ipc10 s45:  11%|█         | 32/300 [04:18<36:12,  8.11s/ep][A

tin/rn18/random/sl/ipc10 s45:  11%|█         | 33/300 [04:27<36:03,  8.10s/ep][A

tin/rn18/random/sl/ipc10 s45:  11%|█▏        | 34/300 [04:35<35:56,  8.11s/ep][A

tin/rn18/random/sl/ipc10 s45:  12%|█▏        | 35/300 [04:43<35:47,  8.10s/ep][A

tin/rn18/random/sl/ipc10 s45:  12%|█▏        | 36/300 [04:51<35:39,  8.10s/ep][A

tin/rn18/random/sl/ipc10 s45:  12%|█▏        | 37/300 [04:59<35:31,  8.10s/ep][A

tin/rn18/random/sl/ipc10 s45:  13%|█▎        | 38/300 [05:07<35:22,  8.10s/ep][A

tin/rn18/random/sl/ipc10 s45:  13%|█▎        | 39/300 [05:15<35:14,  8.10s/ep][A

tin/rn18/random/sl/ipc10 s45:  13%|█▎        | 40/300 [05:23<35:06,  8.10s/ep][A

tin/rn18/random/sl/ipc10 s45:  14%|█▎        | 41/300 [05:31<34:58,  8.10s/ep][A

tin/rn18/random/sl/ipc10 s45:  14%|█▍        | 42/300 [05:39<34:50,  8.10s/ep][A

tin/rn18/random/sl/ipc10 s45:  14%|█▍        | 43/300 [05:48<34:42,  8.10s/ep][A

tin/rn18/random/sl/ipc10 s45:  15%|█▍        | 44/300 [05:56<34:34,  8.10s/ep][A

tin/rn18/random/sl/ipc10 s45:  15%|█▌        | 45/300 [06:04<34:26,  8.10s/ep][A

tin/rn18/random/sl/ipc10 s45:  15%|█▌        | 46/300 [06:12<34:18,  8.10s/ep][A

tin/rn18/random/sl/ipc10 s45:  16%|█▌        | 47/300 [06:20<34:10,  8.10s/ep][A

tin/rn18/random/sl/ipc10 s45:  16%|█▌        | 48/300 [06:28<34:02,  8.10s/ep][A

tin/rn18/random/sl/ipc10 s45:  16%|█▋        | 49/300 [06:36<33:54,  8.11s/ep][A

tin/rn18/random/sl/ipc10 s45:  17%|█▋        | 50/300 [06:44<33:46,  8.11s/ep][A

tin/rn18/random/sl/ipc10 s45:  17%|█▋        | 51/300 [06:52<33:38,  8.11s/ep][A

tin/rn18/random/sl/ipc10 s45:  17%|█▋        | 52/300 [07:01<33:30,  8.11s/ep][A

tin/rn18/random/sl/ipc10 s45:  18%|█▊        | 53/300 [07:09<33:21,  8.11s/ep][A

tin/rn18/random/sl/ipc10 s45:  18%|█▊        | 54/300 [07:17<33:13,  8.10s/ep][A

tin/rn18/random/sl/ipc10 s45:  18%|█▊        | 55/300 [07:25<33:05,  8.10s/ep][A

tin/rn18/random/sl/ipc10 s45:  19%|█▊        | 56/300 [07:33<32:56,  8.10s/ep][A

tin/rn18/random/sl/ipc10 s45:  19%|█▉        | 57/300 [07:41<32:49,  8.10s/ep][A

tin/rn18/random/sl/ipc10 s45:  19%|█▉        | 58/300 [07:49<32:40,  8.10s/ep][A

tin/rn18/random/sl/ipc10 s45:  20%|█▉        | 59/300 [07:57<32:32,  8.10s/ep][A

tin/rn18/random/sl/ipc10 s45:  20%|██        | 60/300 [08:05<32:25,  8.10s/ep][A

tin/rn18/random/sl/ipc10 s45:  20%|██        | 61/300 [08:13<32:17,  8.10s/ep][A

tin/rn18/random/sl/ipc10 s45:  21%|██        | 62/300 [08:22<32:08,  8.10s/ep][A

tin/rn18/random/sl/ipc10 s45:  21%|██        | 63/300 [08:30<32:00,  8.10s/ep][A

tin/rn18/random/sl/ipc10 s45:  21%|██▏       | 64/300 [08:38<31:52,  8.11s/ep][A

tin/rn18/random/sl/ipc10 s45:  22%|██▏       | 65/300 [08:46<31:44,  8.10s/ep][A

tin/rn18/random/sl/ipc10 s45:  22%|██▏       | 66/300 [08:54<31:36,  8.10s/ep][A

tin/rn18/random/sl/ipc10 s45:  22%|██▏       | 67/300 [09:02<31:27,  8.10s/ep][A

tin/rn18/random/sl/ipc10 s45:  23%|██▎       | 68/300 [09:10<31:20,  8.10s/ep][A

tin/rn18/random/sl/ipc10 s45:  23%|██▎       | 69/300 [09:18<31:11,  8.10s/ep][A

tin/rn18/random/sl/ipc10 s45:  23%|██▎       | 70/300 [09:26<31:02,  8.10s/ep][A

tin/rn18/random/sl/ipc10 s45:  24%|██▎       | 71/300 [09:34<30:55,  8.10s/ep][A

tin/rn18/random/sl/ipc10 s45:  24%|██▍       | 72/300 [09:43<30:47,  8.10s/ep][A

tin/rn18/random/sl/ipc10 s45:  24%|██▍       | 73/300 [09:51<30:38,  8.10s/ep][A

tin/rn18/random/sl/ipc10 s45:  25%|██▍       | 74/300 [09:59<30:30,  8.10s/ep][A

tin/rn18/random/sl/ipc10 s45:  25%|██▌       | 75/300 [10:07<30:22,  8.10s/ep][A

tin/rn18/random/sl/ipc10 s45:  25%|██▌       | 76/300 [10:15<30:14,  8.10s/ep][A

tin/rn18/random/sl/ipc10 s45:  26%|██▌       | 77/300 [10:23<30:05,  8.10s/ep][A

tin/rn18/random/sl/ipc10 s45:  26%|██▌       | 78/300 [10:31<29:58,  8.10s/ep][A

tin/rn18/random/sl/ipc10 s45:  26%|██▋       | 79/300 [10:39<29:50,  8.10s/ep][A

tin/rn18/random/sl/ipc10 s45:  27%|██▋       | 80/300 [10:47<29:42,  8.10s/ep][A

tin/rn18/random/sl/ipc10 s45:  27%|██▋       | 81/300 [10:55<29:34,  8.10s/ep][A

tin/rn18/random/sl/ipc10 s45:  27%|██▋       | 82/300 [11:04<29:26,  8.10s/ep][A

tin/rn18/random/sl/ipc10 s45:  28%|██▊       | 83/300 [11:12<29:18,  8.10s/ep][A

tin/rn18/random/sl/ipc10 s45:  28%|██▊       | 84/300 [11:20<29:10,  8.10s/ep][A

tin/rn18/random/sl/ipc10 s45:  28%|██▊       | 85/300 [11:28<29:02,  8.10s/ep][A

tin/rn18/random/sl/ipc10 s45:  29%|██▊       | 86/300 [11:36<28:53,  8.10s/ep][A

tin/rn18/random/sl/ipc10 s45:  29%|██▉       | 87/300 [11:44<28:46,  8.10s/ep][A

tin/rn18/random/sl/ipc10 s45:  29%|██▉       | 88/300 [11:52<28:37,  8.10s/ep][A

tin/rn18/random/sl/ipc10 s45:  30%|██▉       | 89/300 [12:00<28:29,  8.10s/ep][A

tin/rn18/random/sl/ipc10 s45:  30%|███       | 90/300 [12:08<28:21,  8.10s/ep][A

tin/rn18/random/sl/ipc10 s45:  30%|███       | 91/300 [12:17<28:13,  8.10s/ep][A

tin/rn18/random/sl/ipc10 s45:  31%|███       | 92/300 [12:25<28:05,  8.11s/ep][A

tin/rn18/random/sl/ipc10 s45:  31%|███       | 93/300 [12:33<27:57,  8.10s/ep][A

tin/rn18/random/sl/ipc10 s45:  31%|███▏      | 94/300 [12:41<27:49,  8.11s/ep][A

tin/rn18/random/sl/ipc10 s45:  32%|███▏      | 95/300 [12:49<27:41,  8.10s/ep][A

tin/rn18/random/sl/ipc10 s45:  32%|███▏      | 96/300 [12:57<27:33,  8.10s/ep][A

tin/rn18/random/sl/ipc10 s45:  32%|███▏      | 97/300 [13:05<27:25,  8.11s/ep][A

tin/rn18/random/sl/ipc10 s45:  33%|███▎      | 98/300 [13:13<27:17,  8.10s/ep][A

tin/rn18/random/sl/ipc10 s45:  33%|███▎      | 99/300 [13:21<27:08,  8.10s/ep][A

tin/rn18/random/sl/ipc10 s45:  33%|███▎      | 100/300 [13:29<27:00,  8.10s/ep][A

tin/rn18/random/sl/ipc10 s45:  34%|███▎      | 101/300 [13:38<26:52,  8.10s/ep][A

tin/rn18/random/sl/ipc10 s45:  34%|███▍      | 102/300 [13:46<26:43,  8.10s/ep][A

tin/rn18/random/sl/ipc10 s45:  34%|███▍      | 103/300 [13:54<26:36,  8.10s/ep][A

tin/rn18/random/sl/ipc10 s45:  35%|███▍      | 104/300 [14:02<26:27,  8.10s/ep][A

tin/rn18/random/sl/ipc10 s45:  35%|███▌      | 105/300 [14:10<26:19,  8.10s/ep][A

tin/rn18/random/sl/ipc10 s45:  35%|███▌      | 106/300 [14:18<26:12,  8.10s/ep][A

tin/rn18/random/sl/ipc10 s45:  36%|███▌      | 107/300 [14:26<26:03,  8.10s/ep][A

tin/rn18/random/sl/ipc10 s45:  36%|███▌      | 108/300 [14:34<25:55,  8.10s/ep][A

tin/rn18/random/sl/ipc10 s45:  36%|███▋      | 109/300 [14:42<25:47,  8.10s/ep][A

tin/rn18/random/sl/ipc10 s45:  37%|███▋      | 110/300 [14:50<25:39,  8.10s/ep][A

tin/rn18/random/sl/ipc10 s45:  37%|███▋      | 111/300 [14:59<25:32,  8.11s/ep][A

tin/rn18/random/sl/ipc10 s45:  37%|███▋      | 112/300 [15:07<25:24,  8.11s/ep][A

tin/rn18/random/sl/ipc10 s45:  38%|███▊      | 113/300 [15:15<25:15,  8.10s/ep][A

tin/rn18/random/sl/ipc10 s45:  38%|███▊      | 114/300 [15:23<25:06,  8.10s/ep][A

tin/rn18/random/sl/ipc10 s45:  38%|███▊      | 115/300 [15:31<24:58,  8.10s/ep][A

tin/rn18/random/sl/ipc10 s45:  39%|███▊      | 116/300 [15:39<24:51,  8.10s/ep][A

tin/rn18/random/sl/ipc10 s45:  39%|███▉      | 117/300 [15:47<24:42,  8.10s/ep][A

tin/rn18/random/sl/ipc10 s45:  39%|███▉      | 118/300 [15:55<24:34,  8.10s/ep][A

tin/rn18/random/sl/ipc10 s45:  40%|███▉      | 119/300 [16:03<24:27,  8.11s/ep][A

tin/rn18/random/sl/ipc10 s45:  40%|████      | 120/300 [16:12<24:19,  8.11s/ep][A

tin/rn18/random/sl/ipc10 s45:  40%|████      | 121/300 [16:20<24:10,  8.10s/ep][A

tin/rn18/random/sl/ipc10 s45:  41%|████      | 122/300 [16:28<24:02,  8.10s/ep][A

tin/rn18/random/sl/ipc10 s45:  41%|████      | 123/300 [16:36<23:54,  8.10s/ep][A

tin/rn18/random/sl/ipc10 s45:  41%|████▏     | 124/300 [16:44<23:46,  8.10s/ep][A

tin/rn18/random/sl/ipc10 s45:  42%|████▏     | 125/300 [16:52<23:37,  8.10s/ep][A

tin/rn18/random/sl/ipc10 s45:  42%|████▏     | 126/300 [17:00<23:30,  8.10s/ep][A

tin/rn18/random/sl/ipc10 s45:  42%|████▏     | 127/300 [17:08<23:21,  8.10s/ep][A

tin/rn18/random/sl/ipc10 s45:  43%|████▎     | 128/300 [17:16<23:13,  8.10s/ep][A

tin/rn18/random/sl/ipc10 s45:  43%|████▎     | 129/300 [17:24<23:05,  8.10s/ep][A

tin/rn18/random/sl/ipc10 s45:  43%|████▎     | 130/300 [17:33<22:57,  8.10s/ep][A

tin/rn18/random/sl/ipc10 s45:  44%|████▎     | 131/300 [17:41<22:49,  8.10s/ep][A

tin/rn18/random/sl/ipc10 s45:  44%|████▍     | 132/300 [17:49<22:41,  8.10s/ep][A

tin/rn18/random/sl/ipc10 s45:  44%|████▍     | 133/300 [17:57<22:33,  8.10s/ep][A

tin/rn18/random/sl/ipc10 s45:  45%|████▍     | 134/300 [18:05<22:25,  8.10s/ep][A

tin/rn18/random/sl/ipc10 s45:  45%|████▌     | 135/300 [18:13<22:17,  8.10s/ep][A

tin/rn18/random/sl/ipc10 s45:  45%|████▌     | 136/300 [18:21<22:08,  8.10s/ep][A

tin/rn18/random/sl/ipc10 s45:  46%|████▌     | 137/300 [18:29<22:00,  8.10s/ep][A

tin/rn18/random/sl/ipc10 s45:  46%|████▌     | 138/300 [18:37<21:52,  8.10s/ep][A

tin/rn18/random/sl/ipc10 s45:  46%|████▋     | 139/300 [18:45<21:44,  8.10s/ep][A

tin/rn18/random/sl/ipc10 s45:  47%|████▋     | 140/300 [18:54<21:36,  8.10s/ep][A

tin/rn18/random/sl/ipc10 s45:  47%|████▋     | 141/300 [19:02<21:28,  8.10s/ep][A

tin/rn18/random/sl/ipc10 s45:  47%|████▋     | 142/300 [19:10<21:19,  8.10s/ep][A

tin/rn18/random/sl/ipc10 s45:  48%|████▊     | 143/300 [19:18<21:11,  8.10s/ep][A

tin/rn18/random/sl/ipc10 s45:  48%|████▊     | 144/300 [19:26<21:03,  8.10s/ep][A

tin/rn18/random/sl/ipc10 s45:  48%|████▊     | 145/300 [19:34<20:55,  8.10s/ep][A

tin/rn18/random/sl/ipc10 s45:  49%|████▊     | 146/300 [19:42<20:48,  8.10s/ep][A

tin/rn18/random/sl/ipc10 s45:  49%|████▉     | 147/300 [19:50<20:40,  8.11s/ep][A

tin/rn18/random/sl/ipc10 s45:  49%|████▉     | 148/300 [19:58<20:31,  8.10s/ep][A

tin/rn18/random/sl/ipc10 s45:  50%|████▉     | 149/300 [20:07<20:24,  8.11s/ep][A

tin/rn18/random/sl/ipc10 s45:  50%|█████     | 150/300 [20:15<20:15,  8.10s/ep][A

tin/rn18/random/sl/ipc10 s45:  50%|█████     | 151/300 [20:23<20:07,  8.11s/ep][A

tin/rn18/random/sl/ipc10 s45:  51%|█████     | 152/300 [20:31<19:59,  8.11s/ep][A

tin/rn18/random/sl/ipc10 s45:  51%|█████     | 153/300 [20:39<19:51,  8.11s/ep][A

tin/rn18/random/sl/ipc10 s45:  51%|█████▏    | 154/300 [20:47<19:43,  8.11s/ep][A

tin/rn18/random/sl/ipc10 s45:  52%|█████▏    | 155/300 [20:55<19:35,  8.11s/ep][A

tin/rn18/random/sl/ipc10 s45:  52%|█████▏    | 156/300 [21:03<19:27,  8.11s/ep][A

tin/rn18/random/sl/ipc10 s45:  52%|█████▏    | 157/300 [21:11<19:19,  8.11s/ep][A

tin/rn18/random/sl/ipc10 s45:  53%|█████▎    | 158/300 [21:19<19:11,  8.11s/ep][A

tin/rn18/random/sl/ipc10 s45:  53%|█████▎    | 159/300 [21:28<19:02,  8.10s/ep][A

tin/rn18/random/sl/ipc10 s45:  53%|█████▎    | 160/300 [21:36<18:54,  8.10s/ep][A

tin/rn18/random/sl/ipc10 s45:  54%|█████▎    | 161/300 [21:44<18:46,  8.11s/ep][A

tin/rn18/random/sl/ipc10 s45:  54%|█████▍    | 162/300 [21:52<18:38,  8.10s/ep][A

tin/rn18/random/sl/ipc10 s45:  54%|█████▍    | 163/300 [22:00<18:29,  8.10s/ep][A

tin/rn18/random/sl/ipc10 s45:  55%|█████▍    | 164/300 [22:08<18:22,  8.10s/ep][A

tin/rn18/random/sl/ipc10 s45:  55%|█████▌    | 165/300 [22:16<18:14,  8.11s/ep][A

tin/rn18/random/sl/ipc10 s45:  55%|█████▌    | 166/300 [22:24<18:05,  8.10s/ep][A

tin/rn18/random/sl/ipc10 s45:  56%|█████▌    | 167/300 [22:32<17:58,  8.11s/ep][A

tin/rn18/random/sl/ipc10 s45:  56%|█████▌    | 168/300 [22:41<17:50,  8.11s/ep][A

tin/rn18/random/sl/ipc10 s45:  56%|█████▋    | 169/300 [22:49<17:41,  8.10s/ep][A

tin/rn18/random/sl/ipc10 s45:  57%|█████▋    | 170/300 [22:57<17:33,  8.10s/ep][A

tin/rn18/random/sl/ipc10 s45:  57%|█████▋    | 171/300 [23:05<17:24,  8.10s/ep][A

tin/rn18/random/sl/ipc10 s45:  57%|█████▋    | 172/300 [23:13<17:17,  8.10s/ep][A

tin/rn18/random/sl/ipc10 s45:  58%|█████▊    | 173/300 [23:21<17:08,  8.10s/ep][A

tin/rn18/random/sl/ipc10 s45:  58%|█████▊    | 174/300 [23:29<17:00,  8.10s/ep][A

tin/rn18/random/sl/ipc10 s45:  58%|█████▊    | 175/300 [23:37<16:52,  8.10s/ep][A

tin/rn18/random/sl/ipc10 s45:  59%|█████▊    | 176/300 [23:45<16:44,  8.10s/ep][A

tin/rn18/random/sl/ipc10 s45:  59%|█████▉    | 177/300 [23:53<16:36,  8.10s/ep][A

tin/rn18/random/sl/ipc10 s45:  59%|█████▉    | 178/300 [24:02<16:28,  8.10s/ep][A

tin/rn18/random/sl/ipc10 s45:  60%|█████▉    | 179/300 [24:10<16:19,  8.10s/ep][A

tin/rn18/random/sl/ipc10 s45:  60%|██████    | 180/300 [24:18<16:11,  8.10s/ep][A

tin/rn18/random/sl/ipc10 s45:  60%|██████    | 181/300 [24:26<16:03,  8.10s/ep][A

tin/rn18/random/sl/ipc10 s45:  61%|██████    | 182/300 [24:34<15:55,  8.10s/ep][A

tin/rn18/random/sl/ipc10 s45:  61%|██████    | 183/300 [24:42<15:47,  8.10s/ep][A

tin/rn18/random/sl/ipc10 s45:  61%|██████▏   | 184/300 [24:50<15:39,  8.10s/ep][A

tin/rn18/random/sl/ipc10 s45:  62%|██████▏   | 185/300 [24:58<15:31,  8.10s/ep][A

tin/rn18/random/sl/ipc10 s45:  62%|██████▏   | 186/300 [25:06<15:23,  8.10s/ep][A

tin/rn18/random/sl/ipc10 s45:  62%|██████▏   | 187/300 [25:14<15:15,  8.10s/ep][A

tin/rn18/random/sl/ipc10 s45:  63%|██████▎   | 188/300 [25:23<15:07,  8.10s/ep][A

tin/rn18/random/sl/ipc10 s45:  63%|██████▎   | 189/300 [25:31<14:59,  8.10s/ep][A

tin/rn18/random/sl/ipc10 s45:  63%|██████▎   | 190/300 [25:39<14:51,  8.10s/ep][A

tin/rn18/random/sl/ipc10 s45:  64%|██████▎   | 191/300 [25:47<14:42,  8.10s/ep][A

tin/rn18/random/sl/ipc10 s45:  64%|██████▍   | 192/300 [25:55<14:34,  8.10s/ep][A

tin/rn18/random/sl/ipc10 s45:  64%|██████▍   | 193/300 [26:03<14:27,  8.10s/ep][A

tin/rn18/random/sl/ipc10 s45:  65%|██████▍   | 194/300 [26:11<14:18,  8.10s/ep][A

tin/rn18/random/sl/ipc10 s45:  65%|██████▌   | 195/300 [26:19<14:10,  8.10s/ep][A

tin/rn18/random/sl/ipc10 s45:  65%|██████▌   | 196/300 [26:27<14:02,  8.10s/ep][A

tin/rn18/random/sl/ipc10 s45:  66%|██████▌   | 197/300 [26:35<13:54,  8.10s/ep][A

tin/rn18/random/sl/ipc10 s45:  66%|██████▌   | 198/300 [26:44<13:46,  8.10s/ep][A

tin/rn18/random/sl/ipc10 s45:  66%|██████▋   | 199/300 [26:52<13:38,  8.11s/ep][A

tin/rn18/random/sl/ipc10 s45:  67%|██████▋   | 200/300 [27:00<13:30,  8.11s/ep][A

tin/rn18/random/sl/ipc10 s45:  67%|██████▋   | 201/300 [27:08<13:22,  8.10s/ep][A

tin/rn18/random/sl/ipc10 s45:  67%|██████▋   | 202/300 [27:16<13:14,  8.10s/ep][A

tin/rn18/random/sl/ipc10 s45:  68%|██████▊   | 203/300 [27:24<13:06,  8.11s/ep][A

tin/rn18/random/sl/ipc10 s45:  68%|██████▊   | 204/300 [27:32<12:58,  8.10s/ep][A

tin/rn18/random/sl/ipc10 s45:  68%|██████▊   | 205/300 [27:40<12:50,  8.11s/ep][A

tin/rn18/random/sl/ipc10 s45:  69%|██████▊   | 206/300 [27:48<12:42,  8.11s/ep][A

tin/rn18/random/sl/ipc10 s45:  69%|██████▉   | 207/300 [27:57<12:33,  8.10s/ep][A

tin/rn18/random/sl/ipc10 s45:  69%|██████▉   | 208/300 [28:05<12:25,  8.10s/ep][A

tin/rn18/random/sl/ipc10 s45:  70%|██████▉   | 209/300 [28:13<12:17,  8.10s/ep][A

tin/rn18/random/sl/ipc10 s45:  70%|███████   | 210/300 [28:21<12:09,  8.11s/ep][A

tin/rn18/random/sl/ipc10 s45:  70%|███████   | 211/300 [28:29<12:01,  8.11s/ep][A

tin/rn18/random/sl/ipc10 s45:  71%|███████   | 212/300 [28:37<11:53,  8.11s/ep][A

tin/rn18/random/sl/ipc10 s45:  71%|███████   | 213/300 [28:45<11:44,  8.10s/ep][A

tin/rn18/random/sl/ipc10 s45:  71%|███████▏  | 214/300 [28:53<11:37,  8.11s/ep][A

tin/rn18/random/sl/ipc10 s45:  72%|███████▏  | 215/300 [29:01<11:29,  8.11s/ep][A

tin/rn18/random/sl/ipc10 s45:  72%|███████▏  | 216/300 [29:09<11:20,  8.11s/ep][A

tin/rn18/random/sl/ipc10 s45:  72%|███████▏  | 217/300 [29:18<11:12,  8.11s/ep][A

tin/rn18/random/sl/ipc10 s45:  73%|███████▎  | 218/300 [29:26<11:04,  8.11s/ep][A

tin/rn18/random/sl/ipc10 s45:  73%|███████▎  | 219/300 [29:34<10:57,  8.11s/ep][A

tin/rn18/random/sl/ipc10 s45:  73%|███████▎  | 220/300 [29:42<10:48,  8.11s/ep][A

tin/rn18/random/sl/ipc10 s45:  74%|███████▎  | 221/300 [29:50<10:40,  8.11s/ep][A

tin/rn18/random/sl/ipc10 s45:  74%|███████▍  | 222/300 [29:58<10:32,  8.11s/ep][A

tin/rn18/random/sl/ipc10 s45:  74%|███████▍  | 223/300 [30:06<10:24,  8.10s/ep][A

tin/rn18/random/sl/ipc10 s45:  75%|███████▍  | 224/300 [30:14<10:16,  8.11s/ep][A

tin/rn18/random/sl/ipc10 s45:  75%|███████▌  | 225/300 [30:22<10:08,  8.11s/ep][A

tin/rn18/random/sl/ipc10 s45:  75%|███████▌  | 226/300 [30:31<09:59,  8.10s/ep][A

tin/rn18/random/sl/ipc10 s45:  76%|███████▌  | 227/300 [30:39<09:51,  8.10s/ep][A

tin/rn18/random/sl/ipc10 s45:  76%|███████▌  | 228/300 [30:47<09:43,  8.10s/ep][A

tin/rn18/random/sl/ipc10 s45:  76%|███████▋  | 229/300 [30:55<09:35,  8.10s/ep][A

tin/rn18/random/sl/ipc10 s45:  77%|███████▋  | 230/300 [31:03<09:27,  8.10s/ep][A

tin/rn18/random/sl/ipc10 s45:  77%|███████▋  | 231/300 [31:11<09:19,  8.10s/ep][A

tin/rn18/random/sl/ipc10 s45:  77%|███████▋  | 232/300 [31:19<09:11,  8.11s/ep][A

tin/rn18/random/sl/ipc10 s45:  78%|███████▊  | 233/300 [31:27<09:03,  8.11s/ep][A

tin/rn18/random/sl/ipc10 s45:  78%|███████▊  | 234/300 [31:35<08:54,  8.10s/ep][A

tin/rn18/random/sl/ipc10 s45:  78%|███████▊  | 235/300 [31:43<08:46,  8.10s/ep][A

tin/rn18/random/sl/ipc10 s45:  79%|███████▊  | 236/300 [31:52<08:38,  8.10s/ep][A

tin/rn18/random/sl/ipc10 s45:  79%|███████▉  | 237/300 [32:00<08:30,  8.10s/ep][A

tin/rn18/random/sl/ipc10 s45:  79%|███████▉  | 238/300 [32:08<08:22,  8.10s/ep][A

tin/rn18/random/sl/ipc10 s45:  80%|███████▉  | 239/300 [32:16<08:14,  8.11s/ep][A

tin/rn18/random/sl/ipc10 s45:  80%|████████  | 240/300 [32:24<08:06,  8.10s/ep][A

tin/rn18/random/sl/ipc10 s45:  80%|████████  | 241/300 [32:32<07:58,  8.10s/ep][A

tin/rn18/random/sl/ipc10 s45:  81%|████████  | 242/300 [32:40<07:49,  8.10s/ep][A

tin/rn18/random/sl/ipc10 s45:  81%|████████  | 243/300 [32:48<07:41,  8.10s/ep][A

tin/rn18/random/sl/ipc10 s45:  81%|████████▏ | 244/300 [32:56<07:33,  8.10s/ep][A

tin/rn18/random/sl/ipc10 s45:  82%|████████▏ | 245/300 [33:05<07:25,  8.10s/ep][A

tin/rn18/random/sl/ipc10 s45:  82%|████████▏ | 246/300 [33:13<07:17,  8.10s/ep][A

tin/rn18/random/sl/ipc10 s45:  82%|████████▏ | 247/300 [33:21<07:09,  8.10s/ep][A

tin/rn18/random/sl/ipc10 s45:  83%|████████▎ | 248/300 [33:29<07:01,  8.10s/ep][A

tin/rn18/random/sl/ipc10 s45:  83%|████████▎ | 249/300 [33:37<06:53,  8.11s/ep][A

tin/rn18/random/sl/ipc10 s45:  83%|████████▎ | 250/300 [33:45<06:45,  8.11s/ep][A

tin/rn18/random/sl/ipc10 s45:  84%|████████▎ | 251/300 [33:53<06:37,  8.11s/ep][A

tin/rn18/random/sl/ipc10 s45:  84%|████████▍ | 252/300 [34:01<06:29,  8.11s/ep][A

tin/rn18/random/sl/ipc10 s45:  84%|████████▍ | 253/300 [34:09<06:21,  8.11s/ep][A

tin/rn18/random/sl/ipc10 s45:  85%|████████▍ | 254/300 [34:17<06:12,  8.11s/ep][A

tin/rn18/random/sl/ipc10 s45:  85%|████████▌ | 255/300 [34:26<06:04,  8.11s/ep][A

tin/rn18/random/sl/ipc10 s45:  85%|████████▌ | 256/300 [34:34<05:56,  8.10s/ep][A

tin/rn18/random/sl/ipc10 s45:  86%|████████▌ | 257/300 [34:42<05:48,  8.10s/ep][A

tin/rn18/random/sl/ipc10 s45:  86%|████████▌ | 258/300 [34:50<05:40,  8.10s/ep][A

tin/rn18/random/sl/ipc10 s45:  86%|████████▋ | 259/300 [34:58<05:32,  8.10s/ep][A

tin/rn18/random/sl/ipc10 s45:  87%|████████▋ | 260/300 [35:06<05:24,  8.10s/ep][A

tin/rn18/random/sl/ipc10 s45:  87%|████████▋ | 261/300 [35:14<05:15,  8.10s/ep][A

tin/rn18/random/sl/ipc10 s45:  87%|████████▋ | 262/300 [35:22<05:07,  8.10s/ep][A

tin/rn18/random/sl/ipc10 s45:  88%|████████▊ | 263/300 [35:30<04:59,  8.10s/ep][A

tin/rn18/random/sl/ipc10 s45:  88%|████████▊ | 264/300 [35:38<04:51,  8.10s/ep][A

tin/rn18/random/sl/ipc10 s45:  88%|████████▊ | 265/300 [35:47<04:43,  8.10s/ep][A

tin/rn18/random/sl/ipc10 s45:  89%|████████▊ | 266/300 [35:55<04:35,  8.11s/ep][A

tin/rn18/random/sl/ipc10 s45:  89%|████████▉ | 267/300 [36:03<04:27,  8.11s/ep][A

tin/rn18/random/sl/ipc10 s45:  89%|████████▉ | 268/300 [36:11<04:19,  8.10s/ep][A

tin/rn18/random/sl/ipc10 s45:  90%|████████▉ | 269/300 [36:19<04:11,  8.10s/ep][A

tin/rn18/random/sl/ipc10 s45:  90%|█████████ | 270/300 [36:27<04:03,  8.10s/ep][A

tin/rn18/random/sl/ipc10 s45:  90%|█████████ | 271/300 [36:35<03:54,  8.10s/ep][A

tin/rn18/random/sl/ipc10 s45:  91%|█████████ | 272/300 [36:43<03:46,  8.10s/ep][A

tin/rn18/random/sl/ipc10 s45:  91%|█████████ | 273/300 [36:51<03:38,  8.10s/ep][A

tin/rn18/random/sl/ipc10 s45:  91%|█████████▏| 274/300 [37:00<03:30,  8.10s/ep][A

tin/rn18/random/sl/ipc10 s45:  92%|█████████▏| 275/300 [37:08<03:22,  8.11s/ep][A

tin/rn18/random/sl/ipc10 s45:  92%|█████████▏| 276/300 [37:16<03:14,  8.11s/ep][A

tin/rn18/random/sl/ipc10 s45:  92%|█████████▏| 277/300 [37:24<03:06,  8.11s/ep][A

tin/rn18/random/sl/ipc10 s45:  93%|█████████▎| 278/300 [37:32<02:58,  8.11s/ep][A

tin/rn18/random/sl/ipc10 s45:  93%|█████████▎| 279/300 [37:40<02:50,  8.11s/ep][A

tin/rn18/random/sl/ipc10 s45:  93%|█████████▎| 280/300 [37:48<02:42,  8.11s/ep][A

tin/rn18/random/sl/ipc10 s45:  94%|█████████▎| 281/300 [37:56<02:34,  8.11s/ep][A

tin/rn18/random/sl/ipc10 s45:  94%|█████████▍| 282/300 [38:04<02:25,  8.10s/ep][A

tin/rn18/random/sl/ipc10 s45:  94%|█████████▍| 283/300 [38:12<02:17,  8.11s/ep][A

tin/rn18/random/sl/ipc10 s45:  95%|█████████▍| 284/300 [38:21<02:09,  8.11s/ep][A

tin/rn18/random/sl/ipc10 s45:  95%|█████████▌| 285/300 [38:29<02:01,  8.10s/ep][A

tin/rn18/random/sl/ipc10 s45:  95%|█████████▌| 286/300 [38:37<01:53,  8.10s/ep][A

tin/rn18/random/sl/ipc10 s45:  96%|█████████▌| 287/300 [38:45<01:45,  8.10s/ep][A

tin/rn18/random/sl/ipc10 s45:  96%|█████████▌| 288/300 [38:53<01:37,  8.10s/ep][A

tin/rn18/random/sl/ipc10 s45:  96%|█████████▋| 289/300 [39:01<01:29,  8.10s/ep][A

tin/rn18/random/sl/ipc10 s45:  97%|█████████▋| 290/300 [39:09<01:20,  8.10s/ep][A

tin/rn18/random/sl/ipc10 s45:  97%|█████████▋| 291/300 [39:17<01:12,  8.10s/ep][A

tin/rn18/random/sl/ipc10 s45:  97%|█████████▋| 292/300 [39:25<01:04,  8.10s/ep][A

tin/rn18/random/sl/ipc10 s45:  98%|█████████▊| 293/300 [39:34<00:56,  8.10s/ep][A

tin/rn18/random/sl/ipc10 s45:  98%|█████████▊| 294/300 [39:42<00:48,  8.10s/ep][A

tin/rn18/random/sl/ipc10 s45:  98%|█████████▊| 295/300 [39:50<00:40,  8.10s/ep][A

tin/rn18/random/sl/ipc10 s45:  99%|█████████▊| 296/300 [39:58<00:32,  8.11s/ep][A

tin/rn18/random/sl/ipc10 s45:  99%|█████████▉| 297/300 [40:06<00:24,  8.10s/ep][A

tin/rn18/random/sl/ipc10 s45:  99%|█████████▉| 298/300 [40:14<00:16,  8.10s/ep][A

tin/rn18/random/sl/ipc10 s45: 100%|█████████▉| 299/300 [40:22<00:08,  8.10s/ep][A

tin/rn18/random/sl/ipc10 s45: 100%|██████████| 300/300 [40:30<00:00,  8.10s/ep][A

                                                                               [A[cell] tin/rn18/random/sl/ipc10 seed45: 9.91%  (2444s)


tin/rn18/random/sl/ipc10 s46:   0%|          | 0/300 [00:00<?, ?ep/s][A

tin/rn18/random/sl/ipc10 s46:   0%|          | 1/300 [00:07<37:38,  7.55s/ep][A

tin/rn18/random/sl/ipc10 s46:   1%|          | 2/300 [00:15<39:06,  7.88s/ep][A

tin/rn18/random/sl/ipc10 s46:   1%|          | 3/300 [00:23<39:31,  7.98s/ep][A

tin/rn18/random/sl/ipc10 s46:   1%|▏         | 4/300 [00:31<39:36,  8.03s/ep][A

tin/rn18/random/sl/ipc10 s46:   2%|▏         | 5/300 [00:39<39:36,  8.06s/ep][A

tin/rn18/random/sl/ipc10 s46:   2%|▏         | 6/300 [00:48<39:33,  8.07s/ep][A

tin/rn18/random/sl/ipc10 s46:   2%|▏         | 7/300 [00:56<39:29,  8.09s/ep][A

tin/rn18/random/sl/ipc10 s46:   3%|▎         | 8/300 [01:04<39:22,  8.09s/ep][A

tin/rn18/random/sl/ipc10 s46:   3%|▎         | 9/300 [01:12<39:15,  8.09s/ep][A

tin/rn18/random/sl/ipc10 s46:   3%|▎         | 10/300 [01:20<39:08,  8.10s/ep][A

tin/rn18/random/sl/ipc10 s46:   4%|▎         | 11/300 [01:28<39:00,  8.10s/ep][A

tin/rn18/random/sl/ipc10 s46:   4%|▍         | 12/300 [01:36<38:52,  8.10s/ep][A

tin/rn18/random/sl/ipc10 s46:   4%|▍         | 13/300 [01:44<38:44,  8.10s/ep][A

tin/rn18/random/sl/ipc10 s46:   5%|▍         | 14/300 [01:52<38:37,  8.10s/ep][A

tin/rn18/random/sl/ipc10 s46:   5%|▌         | 15/300 [02:01<38:28,  8.10s/ep][A

tin/rn18/random/sl/ipc10 s46:   5%|▌         | 16/300 [02:09<38:21,  8.10s/ep][A

tin/rn18/random/sl/ipc10 s46:   6%|▌         | 17/300 [02:17<38:13,  8.10s/ep][A

tin/rn18/random/sl/ipc10 s46:   6%|▌         | 18/300 [02:25<38:05,  8.10s/ep][A

tin/rn18/random/sl/ipc10 s46:   6%|▋         | 19/300 [02:33<37:57,  8.10s/ep][A

tin/rn18/random/sl/ipc10 s46:   7%|▋         | 20/300 [02:41<37:48,  8.10s/ep][A

tin/rn18/random/sl/ipc10 s46:   7%|▋         | 21/300 [02:49<37:40,  8.10s/ep][A

tin/rn18/random/sl/ipc10 s46:   7%|▋         | 22/300 [02:57<37:33,  8.10s/ep][A

tin/rn18/random/sl/ipc10 s46:   8%|▊         | 23/300 [03:05<37:24,  8.10s/ep][A

tin/rn18/random/sl/ipc10 s46:   8%|▊         | 24/300 [03:13<37:17,  8.11s/ep][A

tin/rn18/random/sl/ipc10 s46:   8%|▊         | 25/300 [03:22<37:08,  8.10s/ep][A

tin/rn18/random/sl/ipc10 s46:   9%|▊         | 26/300 [03:30<37:00,  8.11s/ep][A

tin/rn18/random/sl/ipc10 s46:   9%|▉         | 27/300 [03:38<36:52,  8.11s/ep][A

tin/rn18/random/sl/ipc10 s46:   9%|▉         | 28/300 [03:46<36:44,  8.10s/ep][A

tin/rn18/random/sl/ipc10 s46:  10%|▉         | 29/300 [03:54<36:35,  8.10s/ep][A

tin/rn18/random/sl/ipc10 s46:  10%|█         | 30/300 [04:02<36:27,  8.10s/ep][A

tin/rn18/random/sl/ipc10 s46:  10%|█         | 31/300 [04:10<36:18,  8.10s/ep][A

tin/rn18/random/sl/ipc10 s46:  11%|█         | 32/300 [04:18<36:10,  8.10s/ep][A

tin/rn18/random/sl/ipc10 s46:  11%|█         | 33/300 [04:26<36:02,  8.10s/ep][A

tin/rn18/random/sl/ipc10 s46:  11%|█▏        | 34/300 [04:34<35:54,  8.10s/ep][A

tin/rn18/random/sl/ipc10 s46:  12%|█▏        | 35/300 [04:43<35:46,  8.10s/ep][A

tin/rn18/random/sl/ipc10 s46:  12%|█▏        | 36/300 [04:51<35:38,  8.10s/ep][A

tin/rn18/random/sl/ipc10 s46:  12%|█▏        | 37/300 [04:59<35:30,  8.10s/ep][A

tin/rn18/random/sl/ipc10 s46:  13%|█▎        | 38/300 [05:07<35:22,  8.10s/ep][A

tin/rn18/random/sl/ipc10 s46:  13%|█▎        | 39/300 [05:15<35:15,  8.10s/ep][A

tin/rn18/random/sl/ipc10 s46:  13%|█▎        | 40/300 [05:23<35:06,  8.10s/ep][A

tin/rn18/random/sl/ipc10 s46:  14%|█▎        | 41/300 [05:31<34:58,  8.10s/ep][A

tin/rn18/random/sl/ipc10 s46:  14%|█▍        | 42/300 [05:39<34:50,  8.10s/ep][A

tin/rn18/random/sl/ipc10 s46:  14%|█▍        | 43/300 [05:47<34:43,  8.11s/ep][A

tin/rn18/random/sl/ipc10 s46:  15%|█▍        | 44/300 [05:56<34:35,  8.11s/ep][A

tin/rn18/random/sl/ipc10 s46:  15%|█▌        | 45/300 [06:04<34:26,  8.10s/ep][A

tin/rn18/random/sl/ipc10 s46:  15%|█▌        | 46/300 [06:12<34:18,  8.10s/ep][A

tin/rn18/random/sl/ipc10 s46:  16%|█▌        | 47/300 [06:20<34:09,  8.10s/ep][A

tin/rn18/random/sl/ipc10 s46:  16%|█▌        | 48/300 [06:28<34:02,  8.11s/ep][A

tin/rn18/random/sl/ipc10 s46:  16%|█▋        | 49/300 [06:36<33:54,  8.11s/ep][A

tin/rn18/random/sl/ipc10 s46:  17%|█▋        | 50/300 [06:44<33:45,  8.10s/ep][A

tin/rn18/random/sl/ipc10 s46:  17%|█▋        | 51/300 [06:52<33:37,  8.10s/ep][A

tin/rn18/random/sl/ipc10 s46:  17%|█▋        | 52/300 [07:00<33:30,  8.11s/ep][A

tin/rn18/random/sl/ipc10 s46:  18%|█▊        | 53/300 [07:08<33:21,  8.10s/ep][A

tin/rn18/random/sl/ipc10 s46:  18%|█▊        | 54/300 [07:17<33:14,  8.11s/ep][A

tin/rn18/random/sl/ipc10 s46:  18%|█▊        | 55/300 [07:25<33:05,  8.10s/ep][A

tin/rn18/random/sl/ipc10 s46:  19%|█▊        | 56/300 [07:33<32:57,  8.10s/ep][A

tin/rn18/random/sl/ipc10 s46:  19%|█▉        | 57/300 [07:41<32:49,  8.11s/ep][A

tin/rn18/random/sl/ipc10 s46:  19%|█▉        | 58/300 [07:49<32:41,  8.11s/ep][A

tin/rn18/random/sl/ipc10 s46:  20%|█▉        | 59/300 [07:57<32:33,  8.10s/ep][A

tin/rn18/random/sl/ipc10 s46:  20%|██        | 60/300 [08:05<32:24,  8.10s/ep][A

tin/rn18/random/sl/ipc10 s46:  20%|██        | 61/300 [08:13<32:16,  8.10s/ep][A

tin/rn18/random/sl/ipc10 s46:  21%|██        | 62/300 [08:21<32:08,  8.10s/ep][A

tin/rn18/random/sl/ipc10 s46:  21%|██        | 63/300 [08:29<32:00,  8.10s/ep][A

tin/rn18/random/sl/ipc10 s46:  21%|██▏       | 64/300 [08:38<31:51,  8.10s/ep][A

tin/rn18/random/sl/ipc10 s46:  22%|██▏       | 65/300 [08:46<31:43,  8.10s/ep][A

tin/rn18/random/sl/ipc10 s46:  22%|██▏       | 66/300 [08:54<31:35,  8.10s/ep][A

tin/rn18/random/sl/ipc10 s46:  22%|██▏       | 67/300 [09:02<31:26,  8.10s/ep][A

tin/rn18/random/sl/ipc10 s46:  23%|██▎       | 68/300 [09:10<31:20,  8.10s/ep][A

tin/rn18/random/sl/ipc10 s46:  23%|██▎       | 69/300 [09:18<31:12,  8.11s/ep][A

tin/rn18/random/sl/ipc10 s46:  23%|██▎       | 70/300 [09:26<31:04,  8.11s/ep][A

tin/rn18/random/sl/ipc10 s46:  24%|██▎       | 71/300 [09:34<30:55,  8.10s/ep][A

tin/rn18/random/sl/ipc10 s46:  24%|██▍       | 72/300 [09:42<30:47,  8.10s/ep][A

tin/rn18/random/sl/ipc10 s46:  24%|██▍       | 73/300 [09:50<30:38,  8.10s/ep][A

tin/rn18/random/sl/ipc10 s46:  25%|██▍       | 74/300 [09:59<30:31,  8.10s/ep][A

tin/rn18/random/sl/ipc10 s46:  25%|██▌       | 75/300 [10:07<30:22,  8.10s/ep][A

tin/rn18/random/sl/ipc10 s46:  25%|██▌       | 76/300 [10:15<30:14,  8.10s/ep][A

tin/rn18/random/sl/ipc10 s46:  26%|██▌       | 77/300 [10:23<30:07,  8.10s/ep][A

tin/rn18/random/sl/ipc10 s46:  26%|██▌       | 78/300 [10:31<29:58,  8.10s/ep][A

tin/rn18/random/sl/ipc10 s46:  26%|██▋       | 79/300 [10:39<29:50,  8.10s/ep][A

tin/rn18/random/sl/ipc10 s46:  27%|██▋       | 80/300 [10:47<29:42,  8.10s/ep][A

tin/rn18/random/sl/ipc10 s46:  27%|██▋       | 81/300 [10:55<29:34,  8.10s/ep][A

tin/rn18/random/sl/ipc10 s46:  27%|██▋       | 82/300 [11:03<29:26,  8.10s/ep][A

tin/rn18/random/sl/ipc10 s46:  28%|██▊       | 83/300 [11:12<29:18,  8.10s/ep][A

tin/rn18/random/sl/ipc10 s46:  28%|██▊       | 84/300 [11:20<29:10,  8.10s/ep][A

tin/rn18/random/sl/ipc10 s46:  28%|██▊       | 85/300 [11:28<29:02,  8.10s/ep][A

tin/rn18/random/sl/ipc10 s46:  29%|██▊       | 86/300 [11:36<28:54,  8.10s/ep][A

tin/rn18/random/sl/ipc10 s46:  29%|██▉       | 87/300 [11:44<28:45,  8.10s/ep][A

tin/rn18/random/sl/ipc10 s46:  29%|██▉       | 88/300 [11:52<28:37,  8.10s/ep][A

tin/rn18/random/sl/ipc10 s46:  30%|██▉       | 89/300 [12:00<28:29,  8.10s/ep][A

tin/rn18/random/sl/ipc10 s46:  30%|███       | 90/300 [12:08<28:21,  8.10s/ep][A

tin/rn18/random/sl/ipc10 s46:  30%|███       | 91/300 [12:16<28:13,  8.10s/ep][A

tin/rn18/random/sl/ipc10 s46:  31%|███       | 92/300 [12:24<28:05,  8.10s/ep][A

tin/rn18/random/sl/ipc10 s46:  31%|███       | 93/300 [12:33<27:56,  8.10s/ep][A

tin/rn18/random/sl/ipc10 s46:  31%|███▏      | 94/300 [12:41<27:48,  8.10s/ep][A

tin/rn18/random/sl/ipc10 s46:  32%|███▏      | 95/300 [12:49<27:40,  8.10s/ep][A

tin/rn18/random/sl/ipc10 s46:  32%|███▏      | 96/300 [12:57<27:32,  8.10s/ep][A

tin/rn18/random/sl/ipc10 s46:  32%|███▏      | 97/300 [13:05<27:24,  8.10s/ep][A

tin/rn18/random/sl/ipc10 s46:  33%|███▎      | 98/300 [13:13<27:16,  8.10s/ep][A

tin/rn18/random/sl/ipc10 s46:  33%|███▎      | 99/300 [13:21<27:08,  8.10s/ep][A

tin/rn18/random/sl/ipc10 s46:  33%|███▎      | 100/300 [13:29<27:00,  8.10s/ep][A

tin/rn18/random/sl/ipc10 s46:  34%|███▎      | 101/300 [13:37<26:52,  8.10s/ep][A

tin/rn18/random/sl/ipc10 s46:  34%|███▍      | 102/300 [13:45<26:44,  8.10s/ep][A

tin/rn18/random/sl/ipc10 s46:  34%|███▍      | 103/300 [13:54<26:36,  8.10s/ep][A

tin/rn18/random/sl/ipc10 s46:  35%|███▍      | 104/300 [14:02<26:28,  8.10s/ep][A

tin/rn18/random/sl/ipc10 s46:  35%|███▌      | 105/300 [14:10<26:19,  8.10s/ep][A

tin/rn18/random/sl/ipc10 s46:  35%|███▌      | 106/300 [14:18<26:12,  8.10s/ep][A

tin/rn18/random/sl/ipc10 s46:  36%|███▌      | 107/300 [14:26<26:04,  8.11s/ep][A

tin/rn18/random/sl/ipc10 s46:  36%|███▌      | 108/300 [14:34<25:55,  8.10s/ep][A

tin/rn18/random/sl/ipc10 s46:  36%|███▋      | 109/300 [14:42<25:47,  8.10s/ep][A

tin/rn18/random/sl/ipc10 s46:  37%|███▋      | 110/300 [14:50<25:39,  8.10s/ep][A

tin/rn18/random/sl/ipc10 s46:  37%|███▋      | 111/300 [14:58<25:31,  8.10s/ep][A

tin/rn18/random/sl/ipc10 s46:  37%|███▋      | 112/300 [15:06<25:22,  8.10s/ep][A

tin/rn18/random/sl/ipc10 s46:  38%|███▊      | 113/300 [15:15<25:15,  8.10s/ep][A

tin/rn18/random/sl/ipc10 s46:  38%|███▊      | 114/300 [15:23<25:07,  8.10s/ep][A

tin/rn18/random/sl/ipc10 s46:  38%|███▊      | 115/300 [15:31<24:58,  8.10s/ep][A

tin/rn18/random/sl/ipc10 s46:  39%|███▊      | 116/300 [15:39<24:50,  8.10s/ep][A

tin/rn18/random/sl/ipc10 s46:  39%|███▉      | 117/300 [15:47<24:43,  8.10s/ep][A

tin/rn18/random/sl/ipc10 s46:  39%|███▉      | 118/300 [15:55<24:35,  8.11s/ep][A

tin/rn18/random/sl/ipc10 s46:  40%|███▉      | 119/300 [16:03<24:27,  8.11s/ep][A

tin/rn18/random/sl/ipc10 s46:  40%|████      | 120/300 [16:11<24:19,  8.11s/ep][A

tin/rn18/random/sl/ipc10 s46:  40%|████      | 121/300 [16:19<24:11,  8.11s/ep][A

tin/rn18/random/sl/ipc10 s46:  41%|████      | 122/300 [16:28<24:03,  8.11s/ep][A

tin/rn18/random/sl/ipc10 s46:  41%|████      | 123/300 [16:36<23:55,  8.11s/ep][A

tin/rn18/random/sl/ipc10 s46:  41%|████▏     | 124/300 [16:44<23:46,  8.10s/ep][A

tin/rn18/random/sl/ipc10 s46:  42%|████▏     | 125/300 [16:52<23:38,  8.10s/ep][A

tin/rn18/random/sl/ipc10 s46:  42%|████▏     | 126/300 [17:00<23:30,  8.10s/ep][A

tin/rn18/random/sl/ipc10 s46:  42%|████▏     | 127/300 [17:08<23:22,  8.11s/ep][A

tin/rn18/random/sl/ipc10 s46:  43%|████▎     | 128/300 [17:16<23:14,  8.11s/ep][A

tin/rn18/random/sl/ipc10 s46:  43%|████▎     | 129/300 [17:24<23:06,  8.11s/ep][A

tin/rn18/random/sl/ipc10 s46:  43%|████▎     | 130/300 [17:32<22:58,  8.11s/ep][A

tin/rn18/random/sl/ipc10 s46:  44%|████▎     | 131/300 [17:40<22:49,  8.11s/ep][A

tin/rn18/random/sl/ipc10 s46:  44%|████▍     | 132/300 [17:49<22:41,  8.10s/ep][A

tin/rn18/random/sl/ipc10 s46:  44%|████▍     | 133/300 [17:57<22:33,  8.10s/ep][A

tin/rn18/random/sl/ipc10 s46:  45%|████▍     | 134/300 [18:05<22:25,  8.10s/ep][A

tin/rn18/random/sl/ipc10 s46:  45%|████▌     | 135/300 [18:13<22:17,  8.11s/ep][A

tin/rn18/random/sl/ipc10 s46:  45%|████▌     | 136/300 [18:21<22:09,  8.10s/ep][A

tin/rn18/random/sl/ipc10 s46:  46%|████▌     | 137/300 [18:29<22:01,  8.10s/ep][A

tin/rn18/random/sl/ipc10 s46:  46%|████▌     | 138/300 [18:37<21:52,  8.10s/ep][A

tin/rn18/random/sl/ipc10 s46:  46%|████▋     | 139/300 [18:45<21:44,  8.10s/ep][A

tin/rn18/random/sl/ipc10 s46:  47%|████▋     | 140/300 [18:53<21:36,  8.10s/ep][A

tin/rn18/random/sl/ipc10 s46:  47%|████▋     | 141/300 [19:02<21:28,  8.10s/ep][A

tin/rn18/random/sl/ipc10 s46:  47%|████▋     | 142/300 [19:10<21:20,  8.10s/ep][A

tin/rn18/random/sl/ipc10 s46:  48%|████▊     | 143/300 [19:18<21:12,  8.10s/ep][A

tin/rn18/random/sl/ipc10 s46:  48%|████▊     | 144/300 [19:26<21:03,  8.10s/ep][A

tin/rn18/random/sl/ipc10 s46:  48%|████▊     | 145/300 [19:34<20:55,  8.10s/ep][A

tin/rn18/random/sl/ipc10 s46:  49%|████▊     | 146/300 [19:42<20:47,  8.10s/ep][A

tin/rn18/random/sl/ipc10 s46:  49%|████▉     | 147/300 [19:50<20:39,  8.10s/ep][A

tin/rn18/random/sl/ipc10 s46:  49%|████▉     | 148/300 [19:58<20:31,  8.10s/ep][A

tin/rn18/random/sl/ipc10 s46:  50%|████▉     | 149/300 [20:06<20:23,  8.10s/ep][A

tin/rn18/random/sl/ipc10 s46:  50%|█████     | 150/300 [20:14<20:15,  8.10s/ep][A

tin/rn18/random/sl/ipc10 s46:  50%|█████     | 151/300 [20:23<20:06,  8.10s/ep][A

tin/rn18/random/sl/ipc10 s46:  51%|█████     | 152/300 [20:31<19:59,  8.11s/ep][A

tin/rn18/random/sl/ipc10 s46:  51%|█████     | 153/300 [20:39<19:51,  8.11s/ep][A

tin/rn18/random/sl/ipc10 s46:  51%|█████▏    | 154/300 [20:47<19:43,  8.11s/ep][A

tin/rn18/random/sl/ipc10 s46:  52%|█████▏    | 155/300 [20:55<19:35,  8.11s/ep][A

tin/rn18/random/sl/ipc10 s46:  52%|█████▏    | 156/300 [21:03<19:26,  8.10s/ep][A

tin/rn18/random/sl/ipc10 s46:  52%|█████▏    | 157/300 [21:11<19:18,  8.10s/ep][A

tin/rn18/random/sl/ipc10 s46:  53%|█████▎    | 158/300 [21:19<19:11,  8.11s/ep][A

tin/rn18/random/sl/ipc10 s46:  53%|█████▎    | 159/300 [21:27<19:02,  8.10s/ep][A

tin/rn18/random/sl/ipc10 s46:  53%|█████▎    | 160/300 [21:35<18:54,  8.10s/ep][A

tin/rn18/random/sl/ipc10 s46:  54%|█████▎    | 161/300 [21:44<18:46,  8.10s/ep][A

tin/rn18/random/sl/ipc10 s46:  54%|█████▍    | 162/300 [21:52<18:38,  8.10s/ep][A

tin/rn18/random/sl/ipc10 s46:  54%|█████▍    | 163/300 [22:00<18:30,  8.10s/ep][A

tin/rn18/random/sl/ipc10 s46:  55%|█████▍    | 164/300 [22:08<18:22,  8.11s/ep][A

tin/rn18/random/sl/ipc10 s46:  55%|█████▌    | 165/300 [22:16<18:14,  8.11s/ep][A

tin/rn18/random/sl/ipc10 s46:  55%|█████▌    | 166/300 [22:24<18:06,  8.11s/ep][A

tin/rn18/random/sl/ipc10 s46:  56%|█████▌    | 167/300 [22:32<17:58,  8.11s/ep][A

tin/rn18/random/sl/ipc10 s46:  56%|█████▌    | 168/300 [22:40<17:50,  8.11s/ep][A

tin/rn18/random/sl/ipc10 s46:  56%|█████▋    | 169/300 [22:48<17:41,  8.11s/ep][A

tin/rn18/random/sl/ipc10 s46:  57%|█████▋    | 170/300 [22:57<17:33,  8.10s/ep][A

tin/rn18/random/sl/ipc10 s46:  57%|█████▋    | 171/300 [23:05<17:25,  8.10s/ep][A

tin/rn18/random/sl/ipc10 s46:  57%|█████▋    | 172/300 [23:13<17:17,  8.10s/ep][A

tin/rn18/random/sl/ipc10 s46:  58%|█████▊    | 173/300 [23:21<17:09,  8.10s/ep][A

tin/rn18/random/sl/ipc10 s46:  58%|█████▊    | 174/300 [23:29<17:01,  8.11s/ep][A

tin/rn18/random/sl/ipc10 s46:  58%|█████▊    | 175/300 [23:37<16:52,  8.10s/ep][A

tin/rn18/random/sl/ipc10 s46:  59%|█████▊    | 176/300 [23:45<16:45,  8.11s/ep][A

tin/rn18/random/sl/ipc10 s46:  59%|█████▉    | 177/300 [23:53<16:36,  8.10s/ep][A

tin/rn18/random/sl/ipc10 s46:  59%|█████▉    | 178/300 [24:01<16:28,  8.10s/ep][A

tin/rn18/random/sl/ipc10 s46:  60%|█████▉    | 179/300 [24:09<16:20,  8.10s/ep][A

tin/rn18/random/sl/ipc10 s46:  60%|██████    | 180/300 [24:18<16:12,  8.10s/ep][A

tin/rn18/random/sl/ipc10 s46:  60%|██████    | 181/300 [24:26<16:04,  8.10s/ep][A

tin/rn18/random/sl/ipc10 s46:  61%|██████    | 182/300 [24:34<15:56,  8.10s/ep][A

tin/rn18/random/sl/ipc10 s46:  61%|██████    | 183/300 [24:42<15:48,  8.10s/ep][A

tin/rn18/random/sl/ipc10 s46:  61%|██████▏   | 184/300 [24:50<15:40,  8.10s/ep][A

tin/rn18/random/sl/ipc10 s46:  62%|██████▏   | 185/300 [24:58<15:32,  8.11s/ep][A

tin/rn18/random/sl/ipc10 s46:  62%|██████▏   | 186/300 [25:06<15:23,  8.10s/ep][A

tin/rn18/random/sl/ipc10 s46:  62%|██████▏   | 187/300 [25:14<15:15,  8.11s/ep][A

tin/rn18/random/sl/ipc10 s46:  63%|██████▎   | 188/300 [25:22<15:07,  8.11s/ep][A

tin/rn18/random/sl/ipc10 s46:  63%|██████▎   | 189/300 [25:31<14:59,  8.11s/ep][A

tin/rn18/random/sl/ipc10 s46:  63%|██████▎   | 190/300 [25:39<14:51,  8.10s/ep][A

tin/rn18/random/sl/ipc10 s46:  64%|██████▎   | 191/300 [25:47<14:43,  8.10s/ep][A

tin/rn18/random/sl/ipc10 s46:  64%|██████▍   | 192/300 [25:55<14:35,  8.11s/ep][A

tin/rn18/random/sl/ipc10 s46:  64%|██████▍   | 193/300 [26:03<14:27,  8.11s/ep][A

tin/rn18/random/sl/ipc10 s46:  65%|██████▍   | 194/300 [26:11<14:18,  8.10s/ep][A

tin/rn18/random/sl/ipc10 s46:  65%|██████▌   | 195/300 [26:19<14:10,  8.10s/ep][A

tin/rn18/random/sl/ipc10 s46:  65%|██████▌   | 196/300 [26:27<14:02,  8.10s/ep][A

tin/rn18/random/sl/ipc10 s46:  66%|██████▌   | 197/300 [26:35<13:54,  8.10s/ep][A

tin/rn18/random/sl/ipc10 s46:  66%|██████▌   | 198/300 [26:43<13:46,  8.10s/ep][A

tin/rn18/random/sl/ipc10 s46:  66%|██████▋   | 199/300 [26:52<13:38,  8.10s/ep][A

tin/rn18/random/sl/ipc10 s46:  67%|██████▋   | 200/300 [27:00<13:30,  8.10s/ep][A

tin/rn18/random/sl/ipc10 s46:  67%|██████▋   | 201/300 [27:08<13:22,  8.10s/ep][A

tin/rn18/random/sl/ipc10 s46:  67%|██████▋   | 202/300 [27:16<13:14,  8.10s/ep][A

tin/rn18/random/sl/ipc10 s46:  68%|██████▊   | 203/300 [27:24<13:06,  8.11s/ep][A

tin/rn18/random/sl/ipc10 s46:  68%|██████▊   | 204/300 [27:32<12:58,  8.11s/ep][A

tin/rn18/random/sl/ipc10 s46:  68%|██████▊   | 205/300 [27:40<12:50,  8.11s/ep][A

tin/rn18/random/sl/ipc10 s46:  69%|██████▊   | 206/300 [27:48<12:41,  8.11s/ep][A

tin/rn18/random/sl/ipc10 s46:  69%|██████▉   | 207/300 [27:56<12:33,  8.11s/ep][A

tin/rn18/random/sl/ipc10 s46:  69%|██████▉   | 208/300 [28:05<12:25,  8.10s/ep][A

tin/rn18/random/sl/ipc10 s46:  70%|██████▉   | 209/300 [28:13<12:17,  8.10s/ep][A

tin/rn18/random/sl/ipc10 s46:  70%|███████   | 210/300 [28:21<12:09,  8.11s/ep][A

tin/rn18/random/sl/ipc10 s46:  70%|███████   | 211/300 [28:29<12:01,  8.11s/ep][A

tin/rn18/random/sl/ipc10 s46:  71%|███████   | 212/300 [28:37<11:53,  8.11s/ep][A

tin/rn18/random/sl/ipc10 s46:  71%|███████   | 213/300 [28:45<11:45,  8.11s/ep][A

tin/rn18/random/sl/ipc10 s46:  71%|███████▏  | 214/300 [28:53<11:36,  8.10s/ep][A

tin/rn18/random/sl/ipc10 s46:  72%|███████▏  | 215/300 [29:01<11:28,  8.10s/ep][A

tin/rn18/random/sl/ipc10 s46:  72%|███████▏  | 216/300 [29:09<11:20,  8.11s/ep][A

tin/rn18/random/sl/ipc10 s46:  72%|███████▏  | 217/300 [29:17<11:12,  8.10s/ep][A

tin/rn18/random/sl/ipc10 s46:  73%|███████▎  | 218/300 [29:26<11:04,  8.10s/ep][A

tin/rn18/random/sl/ipc10 s46:  73%|███████▎  | 219/300 [29:34<10:56,  8.11s/ep][A

tin/rn18/random/sl/ipc10 s46:  73%|███████▎  | 220/300 [29:42<10:48,  8.11s/ep][A

tin/rn18/random/sl/ipc10 s46:  74%|███████▎  | 221/300 [29:50<10:40,  8.10s/ep][A

tin/rn18/random/sl/ipc10 s46:  74%|███████▍  | 222/300 [29:58<10:32,  8.11s/ep][A

tin/rn18/random/sl/ipc10 s46:  74%|███████▍  | 223/300 [30:06<10:23,  8.10s/ep][A

tin/rn18/random/sl/ipc10 s46:  75%|███████▍  | 224/300 [30:14<10:15,  8.10s/ep][A

tin/rn18/random/sl/ipc10 s46:  75%|███████▌  | 225/300 [30:22<10:07,  8.10s/ep][A

tin/rn18/random/sl/ipc10 s46:  75%|███████▌  | 226/300 [30:30<09:59,  8.10s/ep][A

tin/rn18/random/sl/ipc10 s46:  76%|███████▌  | 227/300 [30:38<09:51,  8.10s/ep][A

tin/rn18/random/sl/ipc10 s46:  76%|███████▌  | 228/300 [30:47<09:43,  8.10s/ep][A

tin/rn18/random/sl/ipc10 s46:  76%|███████▋  | 229/300 [30:55<09:35,  8.10s/ep][A

tin/rn18/random/sl/ipc10 s46:  77%|███████▋  | 230/300 [31:03<09:27,  8.11s/ep][A

tin/rn18/random/sl/ipc10 s46:  77%|███████▋  | 231/300 [31:11<09:19,  8.11s/ep][A

tin/rn18/random/sl/ipc10 s46:  77%|███████▋  | 232/300 [31:19<09:11,  8.10s/ep][A

tin/rn18/random/sl/ipc10 s46:  78%|███████▊  | 233/300 [31:27<09:02,  8.10s/ep][A

tin/rn18/random/sl/ipc10 s46:  78%|███████▊  | 234/300 [31:35<08:54,  8.10s/ep][A

tin/rn18/random/sl/ipc10 s46:  78%|███████▊  | 235/300 [31:43<08:46,  8.10s/ep][A

tin/rn18/random/sl/ipc10 s46:  79%|███████▊  | 236/300 [31:51<08:38,  8.10s/ep][A

tin/rn18/random/sl/ipc10 s46:  79%|███████▉  | 237/300 [32:00<08:30,  8.10s/ep][A

tin/rn18/random/sl/ipc10 s46:  79%|███████▉  | 238/300 [32:08<08:22,  8.10s/ep][A

tin/rn18/random/sl/ipc10 s46:  80%|███████▉  | 239/300 [32:16<08:14,  8.11s/ep][A

tin/rn18/random/sl/ipc10 s46:  80%|████████  | 240/300 [32:24<08:06,  8.10s/ep][A

tin/rn18/random/sl/ipc10 s46:  80%|████████  | 241/300 [32:32<07:58,  8.10s/ep][A

tin/rn18/random/sl/ipc10 s46:  81%|████████  | 242/300 [32:40<07:49,  8.10s/ep][A

tin/rn18/random/sl/ipc10 s46:  81%|████████  | 243/300 [32:48<07:41,  8.10s/ep][A

tin/rn18/random/sl/ipc10 s46:  81%|████████▏ | 244/300 [32:56<07:33,  8.10s/ep][A

tin/rn18/random/sl/ipc10 s46:  82%|████████▏ | 245/300 [33:04<07:25,  8.10s/ep][A

tin/rn18/random/sl/ipc10 s46:  82%|████████▏ | 246/300 [33:12<07:17,  8.10s/ep][A

tin/rn18/random/sl/ipc10 s46:  82%|████████▏ | 247/300 [33:21<07:09,  8.10s/ep][A

tin/rn18/random/sl/ipc10 s46:  83%|████████▎ | 248/300 [33:29<07:01,  8.10s/ep][A

tin/rn18/random/sl/ipc10 s46:  83%|████████▎ | 249/300 [33:37<06:53,  8.10s/ep][A

tin/rn18/random/sl/ipc10 s46:  83%|████████▎ | 250/300 [33:45<06:45,  8.10s/ep][A

tin/rn18/random/sl/ipc10 s46:  84%|████████▎ | 251/300 [33:53<06:37,  8.10s/ep][A

tin/rn18/random/sl/ipc10 s46:  84%|████████▍ | 252/300 [34:01<06:29,  8.11s/ep][A

tin/rn18/random/sl/ipc10 s46:  84%|████████▍ | 253/300 [34:09<06:20,  8.11s/ep][A

tin/rn18/random/sl/ipc10 s46:  85%|████████▍ | 254/300 [34:17<06:12,  8.11s/ep][A

tin/rn18/random/sl/ipc10 s46:  85%|████████▌ | 255/300 [34:25<06:04,  8.11s/ep][A

tin/rn18/random/sl/ipc10 s46:  85%|████████▌ | 256/300 [34:34<05:56,  8.11s/ep][A

tin/rn18/random/sl/ipc10 s46:  86%|████████▌ | 257/300 [34:42<05:48,  8.11s/ep][A

tin/rn18/random/sl/ipc10 s46:  86%|████████▌ | 258/300 [34:50<05:40,  8.10s/ep][A

tin/rn18/random/sl/ipc10 s46:  86%|████████▋ | 259/300 [34:58<05:32,  8.10s/ep][A

tin/rn18/random/sl/ipc10 s46:  87%|████████▋ | 260/300 [35:06<05:24,  8.10s/ep][A

tin/rn18/random/sl/ipc10 s46:  87%|████████▋ | 261/300 [35:14<05:16,  8.10s/ep][A

tin/rn18/random/sl/ipc10 s46:  87%|████████▋ | 262/300 [35:22<05:07,  8.10s/ep][A

tin/rn18/random/sl/ipc10 s46:  88%|████████▊ | 263/300 [35:30<04:59,  8.10s/ep][A

tin/rn18/random/sl/ipc10 s46:  88%|████████▊ | 264/300 [35:38<04:51,  8.10s/ep][A

tin/rn18/random/sl/ipc10 s46:  88%|████████▊ | 265/300 [35:46<04:43,  8.10s/ep][A

tin/rn18/random/sl/ipc10 s46:  89%|████████▊ | 266/300 [35:55<04:35,  8.10s/ep][A

tin/rn18/random/sl/ipc10 s46:  89%|████████▉ | 267/300 [36:03<04:27,  8.10s/ep][A

tin/rn18/random/sl/ipc10 s46:  89%|████████▉ | 268/300 [36:11<04:19,  8.10s/ep][A

tin/rn18/random/sl/ipc10 s46:  90%|████████▉ | 269/300 [36:19<04:11,  8.10s/ep][A

tin/rn18/random/sl/ipc10 s46:  90%|█████████ | 270/300 [36:27<04:03,  8.10s/ep][A

tin/rn18/random/sl/ipc10 s46:  90%|█████████ | 271/300 [36:35<03:54,  8.10s/ep][A

tin/rn18/random/sl/ipc10 s46:  91%|█████████ | 272/300 [36:43<03:46,  8.11s/ep][A

tin/rn18/random/sl/ipc10 s46:  91%|█████████ | 273/300 [36:51<03:38,  8.10s/ep][A

tin/rn18/random/sl/ipc10 s46:  91%|█████████▏| 274/300 [36:59<03:30,  8.10s/ep][A

tin/rn18/random/sl/ipc10 s46:  92%|█████████▏| 275/300 [37:07<03:22,  8.10s/ep][A

tin/rn18/random/sl/ipc10 s46:  92%|█████████▏| 276/300 [37:16<03:14,  8.10s/ep][A

tin/rn18/random/sl/ipc10 s46:  92%|█████████▏| 277/300 [37:24<03:06,  8.10s/ep][A

tin/rn18/random/sl/ipc10 s46:  93%|█████████▎| 278/300 [37:32<02:58,  8.10s/ep][A

tin/rn18/random/sl/ipc10 s46:  93%|█████████▎| 279/300 [37:40<02:50,  8.10s/ep][A

tin/rn18/random/sl/ipc10 s46:  93%|█████████▎| 280/300 [37:48<02:42,  8.10s/ep][A

tin/rn18/random/sl/ipc10 s46:  94%|█████████▎| 281/300 [37:56<02:33,  8.10s/ep][A

tin/rn18/random/sl/ipc10 s46:  94%|█████████▍| 282/300 [38:04<02:25,  8.10s/ep][A

tin/rn18/random/sl/ipc10 s46:  94%|█████████▍| 283/300 [38:12<02:17,  8.10s/ep][A

tin/rn18/random/sl/ipc10 s46:  95%|█████████▍| 284/300 [38:20<02:09,  8.10s/ep][A

tin/rn18/random/sl/ipc10 s46:  95%|█████████▌| 285/300 [38:28<02:01,  8.11s/ep][A

tin/rn18/random/sl/ipc10 s46:  95%|█████████▌| 286/300 [38:37<01:53,  8.11s/ep][A

tin/rn18/random/sl/ipc10 s46:  96%|█████████▌| 287/300 [38:45<01:45,  8.11s/ep][A

tin/rn18/random/sl/ipc10 s46:  96%|█████████▌| 288/300 [38:53<01:37,  8.11s/ep][A

tin/rn18/random/sl/ipc10 s46:  96%|█████████▋| 289/300 [39:01<01:29,  8.11s/ep][A

tin/rn18/random/sl/ipc10 s46:  97%|█████████▋| 290/300 [39:09<01:21,  8.11s/ep][A

tin/rn18/random/sl/ipc10 s46:  97%|█████████▋| 291/300 [39:17<01:12,  8.10s/ep][A

tin/rn18/random/sl/ipc10 s46:  97%|█████████▋| 292/300 [39:25<01:04,  8.10s/ep][A

tin/rn18/random/sl/ipc10 s46:  98%|█████████▊| 293/300 [39:33<00:56,  8.10s/ep][A

tin/rn18/random/sl/ipc10 s46:  98%|█████████▊| 294/300 [39:41<00:48,  8.10s/ep][A

tin/rn18/random/sl/ipc10 s46:  98%|█████████▊| 295/300 [39:50<00:40,  8.10s/ep][A

tin/rn18/random/sl/ipc10 s46:  99%|█████████▊| 296/300 [39:58<00:32,  8.10s/ep][A

tin/rn18/random/sl/ipc10 s46:  99%|█████████▉| 297/300 [40:06<00:24,  8.10s/ep][A

tin/rn18/random/sl/ipc10 s46:  99%|█████████▉| 298/300 [40:14<00:16,  8.10s/ep][A

tin/rn18/random/sl/ipc10 s46: 100%|█████████▉| 299/300 [40:22<00:08,  8.10s/ep][A

tin/rn18/random/sl/ipc10 s46: 100%|██████████| 300/300 [40:30<00:00,  8.10s/ep][A

                                                                               [A[cell] tin/rn18/random/sl/ipc10 seed46: 11.28%  (2444s)
[cell] tin/rn18/random/sl/ipc10: union seeds [42, 43, 44] + [45, 46]

rn18-tin:   4%|▎         | 1/27 [1:21:30<35:19:15, 4890.59s/cell, random/sl/ipc10]
rn18-tin:   4%|▎         | 1/27 [1:21:30<35:19:15, 4890.59s/cell, el2nbest/sl/ipc10][cell] tin/rn18/random/sl/ipc10: 10.71 +- 0.78 (6613s)
[cell] partial (bench_tin_rn18_el2nbest_sl_ipc10.json): have [42, 43, 44], running [45, 46]


tin/rn18/el2nbest/sl/ipc10 s45:   0%|          | 0/300 [00:00<?, ?ep/s][A

tin/rn18/el2nbest/sl/ipc10 s45:   0%|          | 1/300 [00:07<37:36,  7.55s/ep][A

tin/rn18/el2nbest/sl/ipc10 s45:   1%|          | 2/300 [00:15<39:05,  7.87s/ep][A

tin/rn18/el2nbest/sl/ipc10 s45:   1%|          | 3/300 [00:23<39:29,  7.98s/ep][A

tin/rn18/el2nbest/sl/ipc10 s45:   1%|▏         | 4/300 [00:31<39:36,  8.03s/ep][A

tin/rn18/el2nbest/sl/ipc10 s45:   2%|▏         | 5/300 [00:39<39:37,  8.06s/ep][A

tin/rn18/el2nbest/sl/ipc10 s45:   2%|▏         | 6/300 [00:48<39:32,  8.07s/ep][A

tin/rn18/el2nbest/sl/ipc10 s45:   2%|▏         | 7/300 [00:56<39:27,  8.08s/ep][A

tin/rn18/el2nbest/sl/ipc10 s45:   3%|▎         | 8/300 [01:04<39:22,  8.09s/ep][A

tin/rn18/el2nbest/sl/ipc10 s45:   3%|▎         | 9/300 [01:12<39:15,  8.09s/ep][A

tin/rn18/el2nbest/sl/ipc10 s45:   3%|▎         | 10/300 [01:20<39:08,  8.10s/ep][A

tin/rn18/el2nbest/sl/ipc10 s45:   4%|▎         | 11/300 [01:28<39:00,  8.10s/ep][A

tin/rn18/el2nbest/sl/ipc10 s45:   4%|▍         | 12/300 [01:36<38:52,  8.10s/ep][A

tin/rn18/el2nbest/sl/ipc10 s45:   4%|▍         | 13/300 [01:44<38:44,  8.10s/ep][A

tin/rn18/el2nbest/sl/ipc10 s45:   5%|▍         | 14/300 [01:52<38:36,  8.10s/ep][A

tin/rn18/el2nbest/sl/ipc10 s45:   5%|▌         | 15/300 [02:00<38:28,  8.10s/ep][A

tin/rn18/el2nbest/sl/ipc10 s45:   5%|▌         | 16/300 [02:09<38:22,  8.11s/ep][A

tin/rn18/el2nbest/sl/ipc10 s45:   6%|▌         | 17/300 [02:17<38:13,  8.10s/ep][A

tin/rn18/el2nbest/sl/ipc10 s45:   6%|▌         | 18/300 [02:25<38:05,  8.10s/ep][A

tin/rn18/el2nbest/sl/ipc10 s45:   6%|▋         | 19/300 [02:33<37:56,  8.10s/ep][A

tin/rn18/el2nbest/sl/ipc10 s45:   7%|▋         | 20/300 [02:41<37:49,  8.11s/ep][A

tin/rn18/el2nbest/sl/ipc10 s45:   7%|▋         | 21/300 [02:49<37:41,  8.10s/ep][A

tin/rn18/el2nbest/sl/ipc10 s45:   7%|▋         | 22/300 [02:57<37:32,  8.10s/ep][A

tin/rn18/el2nbest/sl/ipc10 s45:   8%|▊         | 23/300 [03:05<37:24,  8.10s/ep][A

tin/rn18/el2nbest/sl/ipc10 s45:   8%|▊         | 24/300 [03:13<37:15,  8.10s/ep][A

tin/rn18/el2nbest/sl/ipc10 s45:   8%|▊         | 25/300 [03:22<37:08,  8.10s/ep][A

tin/rn18/el2nbest/sl/ipc10 s45:   9%|▊         | 26/300 [03:30<37:00,  8.10s/ep][A

tin/rn18/el2nbest/sl/ipc10 s45:   9%|▉         | 27/300 [03:38<36:52,  8.10s/ep][A

tin/rn18/el2nbest/sl/ipc10 s45:   9%|▉         | 28/300 [03:46<36:43,  8.10s/ep][A

tin/rn18/el2nbest/sl/ipc10 s45:  10%|▉         | 29/300 [03:54<36:35,  8.10s/ep][A

tin/rn18/el2nbest/sl/ipc10 s45:  10%|█         | 30/300 [04:02<36:27,  8.10s/ep][A

tin/rn18/el2nbest/sl/ipc10 s45:  10%|█         | 31/300 [04:10<36:20,  8.11s/ep][A

tin/rn18/el2nbest/sl/ipc10 s45:  11%|█         | 32/300 [04:18<36:12,  8.10s/ep][A

tin/rn18/el2nbest/sl/ipc10 s45:  11%|█         | 33/300 [04:26<36:02,  8.10s/ep][A

tin/rn18/el2nbest/sl/ipc10 s45:  11%|█▏        | 34/300 [04:34<35:55,  8.10s/ep][A

tin/rn18/el2nbest/sl/ipc10 s45:  12%|█▏        | 35/300 [04:43<35:47,  8.10s/ep][A

tin/rn18/el2nbest/sl/ipc10 s45:  12%|█▏        | 36/300 [04:51<35:39,  8.10s/ep][A

tin/rn18/el2nbest/sl/ipc10 s45:  12%|█▏        | 37/300 [04:59<35:31,  8.10s/ep][A

tin/rn18/el2nbest/sl/ipc10 s45:  13%|█▎        | 38/300 [05:07<35:23,  8.10s/ep][A

tin/rn18/el2nbest/sl/ipc10 s45:  13%|█▎        | 39/300 [05:15<35:14,  8.10s/ep][A

tin/rn18/el2nbest/sl/ipc10 s45:  13%|█▎        | 40/300 [05:23<35:06,  8.10s/ep][A

tin/rn18/el2nbest/sl/ipc10 s45:  14%|█▎        | 41/300 [05:31<34:58,  8.10s/ep][A

tin/rn18/el2nbest/sl/ipc10 s45:  14%|█▍        | 42/300 [05:39<34:50,  8.10s/ep][A

tin/rn18/el2nbest/sl/ipc10 s45:  14%|█▍        | 43/300 [05:47<34:42,  8.10s/ep][A

tin/rn18/el2nbest/sl/ipc10 s45:  15%|█▍        | 44/300 [05:55<34:34,  8.10s/ep][A

tin/rn18/el2nbest/sl/ipc10 s45:  15%|█▌        | 45/300 [06:04<34:26,  8.10s/ep][A

tin/rn18/el2nbest/sl/ipc10 s45:  15%|█▌        | 46/300 [06:12<34:18,  8.10s/ep][A

tin/rn18/el2nbest/sl/ipc10 s45:  16%|█▌        | 47/300 [06:20<34:10,  8.10s/ep][A

tin/rn18/el2nbest/sl/ipc10 s45:  16%|█▌        | 48/300 [06:28<34:01,  8.10s/ep][A

tin/rn18/el2nbest/sl/ipc10 s45:  16%|█▋        | 49/300 [06:36<33:53,  8.10s/ep][A

tin/rn18/el2nbest/sl/ipc10 s45:  17%|█▋        | 50/300 [06:44<33:46,  8.11s/ep][A

tin/rn18/el2nbest/sl/ipc10 s45:  17%|█▋        | 51/300 [06:52<33:38,  8.11s/ep][A

tin/rn18/el2nbest/sl/ipc10 s45:  17%|█▋        | 52/300 [07:00<33:30,  8.11s/ep][A

tin/rn18/el2nbest/sl/ipc10 s45:  18%|█▊        | 53/300 [07:08<33:21,  8.10s/ep][A

tin/rn18/el2nbest/sl/ipc10 s45:  18%|█▊        | 54/300 [07:17<33:13,  8.10s/ep][A

tin/rn18/el2nbest/sl/ipc10 s45:  18%|█▊        | 55/300 [07:25<33:05,  8.10s/ep][A

tin/rn18/el2nbest/sl/ipc10 s45:  19%|█▊        | 56/300 [07:33<32:56,  8.10s/ep][A

tin/rn18/el2nbest/sl/ipc10 s45:  19%|█▉        | 57/300 [07:41<32:49,  8.10s/ep][A

tin/rn18/el2nbest/sl/ipc10 s45:  19%|█▉        | 58/300 [07:49<32:40,  8.10s/ep][A

tin/rn18/el2nbest/sl/ipc10 s45:  20%|█▉        | 59/300 [07:57<32:33,  8.11s/ep][A

tin/rn18/el2nbest/sl/ipc10 s45:  20%|██        | 60/300 [08:05<32:25,  8.10s/ep][A

tin/rn18/el2nbest/sl/ipc10 s45:  20%|██        | 61/300 [08:13<32:16,  8.10s/ep][A

tin/rn18/el2nbest/sl/ipc10 s45:  21%|██        | 62/300 [08:21<32:07,  8.10s/ep][A

tin/rn18/el2nbest/sl/ipc10 s45:  21%|██        | 63/300 [08:29<32:00,  8.10s/ep][A

tin/rn18/el2nbest/sl/ipc10 s45:  21%|██▏       | 64/300 [08:38<31:52,  8.10s/ep][A

tin/rn18/el2nbest/sl/ipc10 s45:  22%|██▏       | 65/300 [08:46<31:44,  8.10s/ep][A

tin/rn18/el2nbest/sl/ipc10 s45:  22%|██▏       | 66/300 [08:54<31:36,  8.10s/ep][A

tin/rn18/el2nbest/sl/ipc10 s45:  22%|██▏       | 67/300 [09:02<31:28,  8.10s/ep][A

tin/rn18/el2nbest/sl/ipc10 s45:  23%|██▎       | 68/300 [09:10<31:20,  8.11s/ep][A

tin/rn18/el2nbest/sl/ipc10 s45:  23%|██▎       | 69/300 [09:18<31:12,  8.11s/ep][A

tin/rn18/el2nbest/sl/ipc10 s45:  23%|██▎       | 70/300 [09:26<31:03,  8.10s/ep][A

tin/rn18/el2nbest/sl/ipc10 s45:  24%|██▎       | 71/300 [09:34<30:55,  8.10s/ep][A

tin/rn18/el2nbest/sl/ipc10 s45:  24%|██▍       | 72/300 [09:42<30:47,  8.10s/ep][A

tin/rn18/el2nbest/sl/ipc10 s45:  24%|██▍       | 73/300 [09:50<30:38,  8.10s/ep][A

tin/rn18/el2nbest/sl/ipc10 s45:  25%|██▍       | 74/300 [09:59<30:30,  8.10s/ep][A

tin/rn18/el2nbest/sl/ipc10 s45:  25%|██▌       | 75/300 [10:07<30:22,  8.10s/ep][A

tin/rn18/el2nbest/sl/ipc10 s45:  25%|██▌       | 76/300 [10:15<30:14,  8.10s/ep][A

tin/rn18/el2nbest/sl/ipc10 s45:  26%|██▌       | 77/300 [10:23<30:06,  8.10s/ep][A

tin/rn18/el2nbest/sl/ipc10 s45:  26%|██▌       | 78/300 [10:31<29:58,  8.10s/ep][A

tin/rn18/el2nbest/sl/ipc10 s45:  26%|██▋       | 79/300 [10:39<29:50,  8.10s/ep][A

tin/rn18/el2nbest/sl/ipc10 s45:  27%|██▋       | 80/300 [10:47<29:43,  8.10s/ep][A

tin/rn18/el2nbest/sl/ipc10 s45:  27%|██▋       | 81/300 [10:55<29:34,  8.10s/ep][A

tin/rn18/el2nbest/sl/ipc10 s45:  27%|██▋       | 82/300 [11:03<29:26,  8.10s/ep][A

tin/rn18/el2nbest/sl/ipc10 s45:  28%|██▊       | 83/300 [11:12<29:18,  8.11s/ep][A

tin/rn18/el2nbest/sl/ipc10 s45:  28%|██▊       | 84/300 [11:20<29:10,  8.10s/ep][A

tin/rn18/el2nbest/sl/ipc10 s45:  28%|██▊       | 85/300 [11:28<29:02,  8.10s/ep][A

tin/rn18/el2nbest/sl/ipc10 s45:  29%|██▊       | 86/300 [11:36<28:53,  8.10s/ep][A

tin/rn18/el2nbest/sl/ipc10 s45:  29%|██▉       | 87/300 [11:44<28:45,  8.10s/ep][A

tin/rn18/el2nbest/sl/ipc10 s45:  29%|██▉       | 88/300 [11:52<28:37,  8.10s/ep][A

tin/rn18/el2nbest/sl/ipc10 s45:  30%|██▉       | 89/300 [12:00<28:29,  8.10s/ep][A

tin/rn18/el2nbest/sl/ipc10 s45:  30%|███       | 90/300 [12:08<28:21,  8.10s/ep][A

tin/rn18/el2nbest/sl/ipc10 s45:  30%|███       | 91/300 [12:16<28:14,  8.11s/ep][A

tin/rn18/el2nbest/sl/ipc10 s45:  31%|███       | 92/300 [12:24<28:06,  8.11s/ep][A

tin/rn18/el2nbest/sl/ipc10 s45:  31%|███       | 93/300 [12:33<27:57,  8.11s/ep][A

tin/rn18/el2nbest/sl/ipc10 s45:  31%|███▏      | 94/300 [12:41<27:49,  8.11s/ep][A

tin/rn18/el2nbest/sl/ipc10 s45:  32%|███▏      | 95/300 [12:49<27:41,  8.11s/ep][A

tin/rn18/el2nbest/sl/ipc10 s45:  32%|███▏      | 96/300 [12:57<27:33,  8.10s/ep][A

tin/rn18/el2nbest/sl/ipc10 s45:  32%|███▏      | 97/300 [13:05<27:25,  8.11s/ep][A

tin/rn18/el2nbest/sl/ipc10 s45:  33%|███▎      | 98/300 [13:13<27:17,  8.10s/ep][A

tin/rn18/el2nbest/sl/ipc10 s45:  33%|███▎      | 99/300 [13:21<27:08,  8.10s/ep][A

tin/rn18/el2nbest/sl/ipc10 s45:  33%|███▎      | 100/300 [13:29<27:00,  8.10s/ep][A

tin/rn18/el2nbest/sl/ipc10 s45:  34%|███▎      | 101/300 [13:37<26:52,  8.10s/ep][A

tin/rn18/el2nbest/sl/ipc10 s45:  34%|███▍      | 102/300 [13:45<26:43,  8.10s/ep][A

tin/rn18/el2nbest/sl/ipc10 s45:  34%|███▍      | 103/300 [13:54<26:36,  8.10s/ep][A

tin/rn18/el2nbest/sl/ipc10 s45:  35%|███▍      | 104/300 [14:02<26:28,  8.10s/ep][A

tin/rn18/el2nbest/sl/ipc10 s45:  35%|███▌      | 105/300 [14:10<26:19,  8.10s/ep][A

tin/rn18/el2nbest/sl/ipc10 s45:  35%|███▌      | 106/300 [14:18<26:11,  8.10s/ep][A

tin/rn18/el2nbest/sl/ipc10 s45:  36%|███▌      | 107/300 [14:26<26:03,  8.10s/ep][A

tin/rn18/el2nbest/sl/ipc10 s45:  36%|███▌      | 108/300 [14:34<25:55,  8.10s/ep][A

tin/rn18/el2nbest/sl/ipc10 s45:  36%|███▋      | 109/300 [14:42<25:48,  8.10s/ep][A

tin/rn18/el2nbest/sl/ipc10 s45:  37%|███▋      | 110/300 [14:50<25:39,  8.11s/ep][A

tin/rn18/el2nbest/sl/ipc10 s45:  37%|███▋      | 111/300 [14:58<25:31,  8.10s/ep][A

tin/rn18/el2nbest/sl/ipc10 s45:  37%|███▋      | 112/300 [15:07<25:24,  8.11s/ep][A

tin/rn18/el2nbest/sl/ipc10 s45:  38%|███▊      | 113/300 [15:15<25:15,  8.10s/ep][A

tin/rn18/el2nbest/sl/ipc10 s45:  38%|███▊      | 114/300 [15:23<25:06,  8.10s/ep][A

tin/rn18/el2nbest/sl/ipc10 s45:  38%|███▊      | 115/300 [15:31<24:58,  8.10s/ep][A

tin/rn18/el2nbest/sl/ipc10 s45:  39%|███▊      | 116/300 [15:39<24:50,  8.10s/ep][A

tin/rn18/el2nbest/sl/ipc10 s45:  39%|███▉      | 117/300 [15:47<24:42,  8.10s/ep][A

tin/rn18/el2nbest/sl/ipc10 s45:  39%|███▉      | 118/300 [15:55<24:34,  8.10s/ep][A

tin/rn18/el2nbest/sl/ipc10 s45:  40%|███▉      | 119/300 [16:03<24:26,  8.10s/ep][A

tin/rn18/el2nbest/sl/ipc10 s45:  40%|████      | 120/300 [16:11<24:18,  8.10s/ep][A

tin/rn18/el2nbest/sl/ipc10 s45:  40%|████      | 121/300 [16:19<24:10,  8.10s/ep][A

tin/rn18/el2nbest/sl/ipc10 s45:  41%|████      | 122/300 [16:28<24:02,  8.10s/ep][A

tin/rn18/el2nbest/sl/ipc10 s45:  41%|████      | 123/300 [16:36<23:54,  8.10s/ep][A

tin/rn18/el2nbest/sl/ipc10 s45:  41%|████▏     | 124/300 [16:44<23:46,  8.10s/ep][A

tin/rn18/el2nbest/sl/ipc10 s45:  42%|████▏     | 125/300 [16:52<23:37,  8.10s/ep][A

tin/rn18/el2nbest/sl/ipc10 s45:  42%|████▏     | 126/300 [17:00<23:29,  8.10s/ep][A

tin/rn18/el2nbest/sl/ipc10 s45:  42%|████▏     | 127/300 [17:08<23:21,  8.10s/ep][A

tin/rn18/el2nbest/sl/ipc10 s45:  43%|████▎     | 128/300 [17:16<23:13,  8.10s/ep][A

tin/rn18/el2nbest/sl/ipc10 s45:  43%|████▎     | 129/300 [17:24<23:05,  8.10s/ep][A

tin/rn18/el2nbest/sl/ipc10 s45:  43%|████▎     | 130/300 [17:32<22:57,  8.10s/ep][A

tin/rn18/el2nbest/sl/ipc10 s45:  44%|████▎     | 131/300 [17:40<22:49,  8.10s/ep][A

tin/rn18/el2nbest/sl/ipc10 s45:  44%|████▍     | 132/300 [17:49<22:41,  8.10s/ep][A

tin/rn18/el2nbest/sl/ipc10 s45:  44%|████▍     | 133/300 [17:57<22:33,  8.10s/ep][A

tin/rn18/el2nbest/sl/ipc10 s45:  45%|████▍     | 134/300 [18:05<22:25,  8.10s/ep][A

tin/rn18/el2nbest/sl/ipc10 s45:  45%|████▌     | 135/300 [18:13<22:17,  8.10s/ep][A

tin/rn18/el2nbest/sl/ipc10 s45:  45%|████▌     | 136/300 [18:21<22:08,  8.10s/ep][A

tin/rn18/el2nbest/sl/ipc10 s45:  46%|████▌     | 137/300 [18:29<22:00,  8.10s/ep][A

tin/rn18/el2nbest/sl/ipc10 s45:  46%|████▌     | 138/300 [18:37<21:52,  8.10s/ep][A

tin/rn18/el2nbest/sl/ipc10 s45:  46%|████▋     | 139/300 [18:45<21:44,  8.10s/ep][A

tin/rn18/el2nbest/sl/ipc10 s45:  47%|████▋     | 140/300 [18:53<21:36,  8.10s/ep][A

tin/rn18/el2nbest/sl/ipc10 s45:  47%|████▋     | 141/300 [19:01<21:27,  8.10s/ep][A

tin/rn18/el2nbest/sl/ipc10 s45:  47%|████▋     | 142/300 [19:10<21:19,  8.10s/ep][A

tin/rn18/el2nbest/sl/ipc10 s45:  48%|████▊     | 143/300 [19:18<21:11,  8.10s/ep][A

tin/rn18/el2nbest/sl/ipc10 s45:  48%|████▊     | 144/300 [19:26<21:03,  8.10s/ep][A

tin/rn18/el2nbest/sl/ipc10 s45:  48%|████▊     | 145/300 [19:34<20:55,  8.10s/ep][A

tin/rn18/el2nbest/sl/ipc10 s45:  49%|████▊     | 146/300 [19:42<20:47,  8.10s/ep][A

tin/rn18/el2nbest/sl/ipc10 s45:  49%|████▉     | 147/300 [19:50<20:40,  8.10s/ep][A

tin/rn18/el2nbest/sl/ipc10 s45:  49%|████▉     | 148/300 [19:58<20:31,  8.10s/ep][A

tin/rn18/el2nbest/sl/ipc10 s45:  50%|████▉     | 149/300 [20:06<20:24,  8.11s/ep][A

tin/rn18/el2nbest/sl/ipc10 s45:  50%|█████     | 150/300 [20:14<20:15,  8.10s/ep][A

tin/rn18/el2nbest/sl/ipc10 s45:  50%|█████     | 151/300 [20:23<20:07,  8.10s/ep][A

tin/rn18/el2nbest/sl/ipc10 s45:  51%|█████     | 152/300 [20:31<19:59,  8.11s/ep][A

tin/rn18/el2nbest/sl/ipc10 s45:  51%|█████     | 153/300 [20:39<19:51,  8.11s/ep][A

tin/rn18/el2nbest/sl/ipc10 s45:  51%|█████▏    | 154/300 [20:47<19:43,  8.11s/ep][A

tin/rn18/el2nbest/sl/ipc10 s45:  52%|█████▏    | 155/300 [20:55<19:35,  8.10s/ep][A

tin/rn18/el2nbest/sl/ipc10 s45:  52%|█████▏    | 156/300 [21:03<19:27,  8.10s/ep][A

tin/rn18/el2nbest/sl/ipc10 s45:  52%|█████▏    | 157/300 [21:11<19:18,  8.10s/ep][A

tin/rn18/el2nbest/sl/ipc10 s45:  53%|█████▎    | 158/300 [21:19<19:11,  8.11s/ep][A

tin/rn18/el2nbest/sl/ipc10 s45:  53%|█████▎    | 159/300 [21:27<19:02,  8.10s/ep][A

tin/rn18/el2nbest/sl/ipc10 s45:  53%|█████▎    | 160/300 [21:35<18:54,  8.10s/ep][A

tin/rn18/el2nbest/sl/ipc10 s45:  54%|█████▎    | 161/300 [21:44<18:46,  8.10s/ep][A

tin/rn18/el2nbest/sl/ipc10 s45:  54%|█████▍    | 162/300 [21:52<18:38,  8.10s/ep][A

tin/rn18/el2nbest/sl/ipc10 s45:  54%|█████▍    | 163/300 [22:00<18:29,  8.10s/ep][A

tin/rn18/el2nbest/sl/ipc10 s45:  55%|█████▍    | 164/300 [22:08<18:22,  8.10s/ep][A

tin/rn18/el2nbest/sl/ipc10 s45:  55%|█████▌    | 165/300 [22:16<18:14,  8.11s/ep][A

tin/rn18/el2nbest/sl/ipc10 s45:  55%|█████▌    | 166/300 [22:24<18:06,  8.10s/ep][A

tin/rn18/el2nbest/sl/ipc10 s45:  56%|█████▌    | 167/300 [22:32<17:58,  8.11s/ep][A

tin/rn18/el2nbest/sl/ipc10 s45:  56%|█████▌    | 168/300 [22:40<17:49,  8.10s/ep][A

tin/rn18/el2nbest/sl/ipc10 s45:  56%|█████▋    | 169/300 [22:48<17:41,  8.10s/ep][A

tin/rn18/el2nbest/sl/ipc10 s45:  57%|█████▋    | 170/300 [22:57<17:33,  8.10s/ep][A

tin/rn18/el2nbest/sl/ipc10 s45:  57%|█████▋    | 171/300 [23:05<17:25,  8.10s/ep][A

tin/rn18/el2nbest/sl/ipc10 s45:  57%|█████▋    | 172/300 [23:13<17:16,  8.10s/ep][A

tin/rn18/el2nbest/sl/ipc10 s45:  58%|█████▊    | 173/300 [23:21<17:08,  8.10s/ep][A

tin/rn18/el2nbest/sl/ipc10 s45:  58%|█████▊    | 174/300 [23:29<17:00,  8.10s/ep][A

tin/rn18/el2nbest/sl/ipc10 s45:  58%|█████▊    | 175/300 [23:37<16:52,  8.10s/ep][A

tin/rn18/el2nbest/sl/ipc10 s45:  59%|█████▊    | 176/300 [23:45<16:44,  8.10s/ep][A

tin/rn18/el2nbest/sl/ipc10 s45:  59%|█████▉    | 177/300 [23:53<16:35,  8.10s/ep][A

tin/rn18/el2nbest/sl/ipc10 s45:  59%|█████▉    | 178/300 [24:01<16:27,  8.10s/ep][A

tin/rn18/el2nbest/sl/ipc10 s45:  60%|█████▉    | 179/300 [24:09<16:19,  8.10s/ep][A

tin/rn18/el2nbest/sl/ipc10 s45:  60%|██████    | 180/300 [24:17<16:11,  8.10s/ep][A

tin/rn18/el2nbest/sl/ipc10 s45:  60%|██████    | 181/300 [24:26<16:03,  8.10s/ep][A

tin/rn18/el2nbest/sl/ipc10 s45:  61%|██████    | 182/300 [24:34<15:55,  8.10s/ep][A

tin/rn18/el2nbest/sl/ipc10 s45:  61%|██████    | 183/300 [24:42<15:47,  8.10s/ep][A

tin/rn18/el2nbest/sl/ipc10 s45:  61%|██████▏   | 184/300 [24:50<15:39,  8.10s/ep][A

tin/rn18/el2nbest/sl/ipc10 s45:  62%|██████▏   | 185/300 [24:58<15:31,  8.10s/ep][A

tin/rn18/el2nbest/sl/ipc10 s45:  62%|██████▏   | 186/300 [25:06<15:23,  8.10s/ep][A

tin/rn18/el2nbest/sl/ipc10 s45:  62%|██████▏   | 187/300 [25:14<15:15,  8.10s/ep][A

tin/rn18/el2nbest/sl/ipc10 s45:  63%|██████▎   | 188/300 [25:22<15:07,  8.10s/ep][A

tin/rn18/el2nbest/sl/ipc10 s45:  63%|██████▎   | 189/300 [25:30<14:59,  8.10s/ep][A

tin/rn18/el2nbest/sl/ipc10 s45:  63%|██████▎   | 190/300 [25:39<14:51,  8.10s/ep][A

tin/rn18/el2nbest/sl/ipc10 s45:  64%|██████▎   | 191/300 [25:47<14:42,  8.10s/ep][A

tin/rn18/el2nbest/sl/ipc10 s45:  64%|██████▍   | 192/300 [25:55<14:34,  8.10s/ep][A

tin/rn18/el2nbest/sl/ipc10 s45:  64%|██████▍   | 193/300 [26:03<14:27,  8.10s/ep][A

tin/rn18/el2nbest/sl/ipc10 s45:  65%|██████▍   | 194/300 [26:11<14:18,  8.10s/ep][A

tin/rn18/el2nbest/sl/ipc10 s45:  65%|██████▌   | 195/300 [26:19<14:10,  8.10s/ep][A

tin/rn18/el2nbest/sl/ipc10 s45:  65%|██████▌   | 196/300 [26:27<14:02,  8.10s/ep][A

tin/rn18/el2nbest/sl/ipc10 s45:  66%|██████▌   | 197/300 [26:35<13:54,  8.10s/ep][A

tin/rn18/el2nbest/sl/ipc10 s45:  66%|██████▌   | 198/300 [26:43<13:46,  8.10s/ep][A

tin/rn18/el2nbest/sl/ipc10 s45:  66%|██████▋   | 199/300 [26:51<13:38,  8.10s/ep][A

tin/rn18/el2nbest/sl/ipc10 s45:  67%|██████▋   | 200/300 [27:00<13:30,  8.10s/ep][A

tin/rn18/el2nbest/sl/ipc10 s45:  67%|██████▋   | 201/300 [27:08<13:21,  8.10s/ep][A

tin/rn18/el2nbest/sl/ipc10 s45:  67%|██████▋   | 202/300 [27:16<13:14,  8.11s/ep][A

tin/rn18/el2nbest/sl/ipc10 s45:  68%|██████▊   | 203/300 [27:24<13:06,  8.11s/ep][A

tin/rn18/el2nbest/sl/ipc10 s45:  68%|██████▊   | 204/300 [27:32<12:57,  8.10s/ep][A

tin/rn18/el2nbest/sl/ipc10 s45:  68%|██████▊   | 205/300 [27:40<12:49,  8.10s/ep][A

tin/rn18/el2nbest/sl/ipc10 s45:  69%|██████▊   | 206/300 [27:48<12:42,  8.11s/ep][A

tin/rn18/el2nbest/sl/ipc10 s45:  69%|██████▉   | 207/300 [27:56<12:33,  8.10s/ep][A

tin/rn18/el2nbest/sl/ipc10 s45:  69%|██████▉   | 208/300 [28:04<12:25,  8.11s/ep][A

tin/rn18/el2nbest/sl/ipc10 s45:  70%|██████▉   | 209/300 [28:12<12:17,  8.10s/ep][A

tin/rn18/el2nbest/sl/ipc10 s45:  70%|███████   | 210/300 [28:21<12:09,  8.11s/ep][A

tin/rn18/el2nbest/sl/ipc10 s45:  70%|███████   | 211/300 [28:29<12:01,  8.11s/ep][A

tin/rn18/el2nbest/sl/ipc10 s45:  71%|███████   | 212/300 [28:37<11:53,  8.11s/ep][A

tin/rn18/el2nbest/sl/ipc10 s45:  71%|███████   | 213/300 [28:45<11:44,  8.10s/ep][A

tin/rn18/el2nbest/sl/ipc10 s45:  71%|███████▏  | 214/300 [28:53<11:37,  8.11s/ep][A

tin/rn18/el2nbest/sl/ipc10 s45:  72%|███████▏  | 215/300 [29:01<11:28,  8.10s/ep][A

tin/rn18/el2nbest/sl/ipc10 s45:  72%|███████▏  | 216/300 [29:09<11:20,  8.11s/ep][A

tin/rn18/el2nbest/sl/ipc10 s45:  72%|███████▏  | 217/300 [29:17<11:12,  8.11s/ep][A

tin/rn18/el2nbest/sl/ipc10 s45:  73%|███████▎  | 218/300 [29:25<11:04,  8.11s/ep][A

tin/rn18/el2nbest/sl/ipc10 s45:  73%|███████▎  | 219/300 [29:34<10:56,  8.11s/ep][A

tin/rn18/el2nbest/sl/ipc10 s45:  73%|███████▎  | 220/300 [29:42<10:48,  8.11s/ep][A

tin/rn18/el2nbest/sl/ipc10 s45:  74%|███████▎  | 221/300 [29:50<10:40,  8.11s/ep][A

tin/rn18/el2nbest/sl/ipc10 s45:  74%|███████▍  | 222/300 [29:58<10:32,  8.11s/ep][A

tin/rn18/el2nbest/sl/ipc10 s45:  74%|███████▍  | 223/300 [30:06<10:24,  8.10s/ep][A

tin/rn18/el2nbest/sl/ipc10 s45:  75%|███████▍  | 224/300 [30:14<10:16,  8.11s/ep][A

tin/rn18/el2nbest/sl/ipc10 s45:  75%|███████▌  | 225/300 [30:22<10:07,  8.11s/ep][A

tin/rn18/el2nbest/sl/ipc10 s45:  75%|███████▌  | 226/300 [30:30<09:59,  8.10s/ep][A

tin/rn18/el2nbest/sl/ipc10 s45:  76%|███████▌  | 227/300 [30:38<09:51,  8.10s/ep][A

tin/rn18/el2nbest/sl/ipc10 s45:  76%|███████▌  | 228/300 [30:47<09:43,  8.10s/ep][A

tin/rn18/el2nbest/sl/ipc10 s45:  76%|███████▋  | 229/300 [30:55<09:35,  8.10s/ep][A

tin/rn18/el2nbest/sl/ipc10 s45:  77%|███████▋  | 230/300 [31:03<09:27,  8.10s/ep][A

tin/rn18/el2nbest/sl/ipc10 s45:  77%|███████▋  | 231/300 [31:11<09:18,  8.10s/ep][A

tin/rn18/el2nbest/sl/ipc10 s45:  77%|███████▋  | 232/300 [31:19<09:11,  8.10s/ep][A

tin/rn18/el2nbest/sl/ipc10 s45:  78%|███████▊  | 233/300 [31:27<09:03,  8.10s/ep][A

tin/rn18/el2nbest/sl/ipc10 s45:  78%|███████▊  | 234/300 [31:35<08:54,  8.10s/ep][A

tin/rn18/el2nbest/sl/ipc10 s45:  78%|███████▊  | 235/300 [31:43<08:46,  8.10s/ep][A

tin/rn18/el2nbest/sl/ipc10 s45:  79%|███████▊  | 236/300 [31:51<08:38,  8.11s/ep][A

tin/rn18/el2nbest/sl/ipc10 s45:  79%|███████▉  | 237/300 [31:59<08:30,  8.10s/ep][A

tin/rn18/el2nbest/sl/ipc10 s45:  79%|███████▉  | 238/300 [32:08<08:22,  8.10s/ep][A

tin/rn18/el2nbest/sl/ipc10 s45:  80%|███████▉  | 239/300 [32:16<08:14,  8.10s/ep][A

tin/rn18/el2nbest/sl/ipc10 s45:  80%|████████  | 240/300 [32:24<08:06,  8.10s/ep][A

tin/rn18/el2nbest/sl/ipc10 s45:  80%|████████  | 241/300 [32:32<07:58,  8.10s/ep][A

tin/rn18/el2nbest/sl/ipc10 s45:  81%|████████  | 242/300 [32:40<07:49,  8.10s/ep][A

tin/rn18/el2nbest/sl/ipc10 s45:  81%|████████  | 243/300 [32:48<07:41,  8.10s/ep][A

tin/rn18/el2nbest/sl/ipc10 s45:  81%|████████▏ | 244/300 [32:56<07:33,  8.10s/ep][A

tin/rn18/el2nbest/sl/ipc10 s45:  82%|████████▏ | 245/300 [33:04<07:25,  8.10s/ep][A

tin/rn18/el2nbest/sl/ipc10 s45:  82%|████████▏ | 246/300 [33:12<07:17,  8.10s/ep][A

tin/rn18/el2nbest/sl/ipc10 s45:  82%|████████▏ | 247/300 [33:20<07:09,  8.10s/ep][A

tin/rn18/el2nbest/sl/ipc10 s45:  83%|████████▎ | 248/300 [33:29<07:01,  8.10s/ep][A

tin/rn18/el2nbest/sl/ipc10 s45:  83%|████████▎ | 249/300 [33:37<06:53,  8.11s/ep][A

tin/rn18/el2nbest/sl/ipc10 s45:  83%|████████▎ | 250/300 [33:45<06:45,  8.11s/ep][A

tin/rn18/el2nbest/sl/ipc10 s45:  84%|████████▎ | 251/300 [33:53<06:37,  8.11s/ep][A

tin/rn18/el2nbest/sl/ipc10 s45:  84%|████████▍ | 252/300 [34:01<06:29,  8.11s/ep][A

tin/rn18/el2nbest/sl/ipc10 s45:  84%|████████▍ | 253/300 [34:09<06:20,  8.11s/ep][A

tin/rn18/el2nbest/sl/ipc10 s45:  85%|████████▍ | 254/300 [34:17<06:12,  8.10s/ep][A

tin/rn18/el2nbest/sl/ipc10 s45:  85%|████████▌ | 255/300 [34:25<06:04,  8.10s/ep][A

tin/rn18/el2nbest/sl/ipc10 s45:  85%|████████▌ | 256/300 [34:33<05:56,  8.10s/ep][A

tin/rn18/el2nbest/sl/ipc10 s45:  86%|████████▌ | 257/300 [34:42<05:48,  8.10s/ep][A

tin/rn18/el2nbest/sl/ipc10 s45:  86%|████████▌ | 258/300 [34:50<05:40,  8.10s/ep][A

tin/rn18/el2nbest/sl/ipc10 s45:  86%|████████▋ | 259/300 [34:58<05:32,  8.10s/ep][A

tin/rn18/el2nbest/sl/ipc10 s45:  87%|████████▋ | 260/300 [35:06<05:24,  8.10s/ep][A

tin/rn18/el2nbest/sl/ipc10 s45:  87%|████████▋ | 261/300 [35:14<05:15,  8.10s/ep][A

tin/rn18/el2nbest/sl/ipc10 s45:  87%|████████▋ | 262/300 [35:22<05:07,  8.10s/ep][A

tin/rn18/el2nbest/sl/ipc10 s45:  88%|████████▊ | 263/300 [35:30<04:59,  8.10s/ep][A

tin/rn18/el2nbest/sl/ipc10 s45:  88%|████████▊ | 264/300 [35:38<04:51,  8.10s/ep][A

tin/rn18/el2nbest/sl/ipc10 s45:  88%|████████▊ | 265/300 [35:46<04:43,  8.10s/ep][A

tin/rn18/el2nbest/sl/ipc10 s45:  89%|████████▊ | 266/300 [35:54<04:35,  8.10s/ep][A

tin/rn18/el2nbest/sl/ipc10 s45:  89%|████████▉ | 267/300 [36:03<04:27,  8.10s/ep][A

tin/rn18/el2nbest/sl/ipc10 s45:  89%|████████▉ | 268/300 [36:11<04:19,  8.11s/ep][A

tin/rn18/el2nbest/sl/ipc10 s45:  90%|████████▉ | 269/300 [36:19<04:11,  8.10s/ep][A

tin/rn18/el2nbest/sl/ipc10 s45:  90%|█████████ | 270/300 [36:27<04:03,  8.10s/ep][A

tin/rn18/el2nbest/sl/ipc10 s45:  90%|█████████ | 271/300 [36:35<03:54,  8.10s/ep][A

tin/rn18/el2nbest/sl/ipc10 s45:  91%|█████████ | 272/300 [36:43<03:46,  8.10s/ep][A

tin/rn18/el2nbest/sl/ipc10 s45:  91%|█████████ | 273/300 [36:51<03:38,  8.10s/ep][A

tin/rn18/el2nbest/sl/ipc10 s45:  91%|█████████▏| 274/300 [36:59<03:30,  8.10s/ep][A

tin/rn18/el2nbest/sl/ipc10 s45:  92%|█████████▏| 275/300 [37:07<03:22,  8.10s/ep][A

tin/rn18/el2nbest/sl/ipc10 s45:  92%|█████████▏| 276/300 [37:15<03:14,  8.11s/ep][A

tin/rn18/el2nbest/sl/ipc10 s45:  92%|█████████▏| 277/300 [37:24<03:06,  8.10s/ep][A

tin/rn18/el2nbest/sl/ipc10 s45:  93%|█████████▎| 278/300 [37:32<02:58,  8.11s/ep][A

tin/rn18/el2nbest/sl/ipc10 s45:  93%|█████████▎| 279/300 [37:40<02:50,  8.11s/ep][A

tin/rn18/el2nbest/sl/ipc10 s45:  93%|█████████▎| 280/300 [37:48<02:42,  8.11s/ep][A

tin/rn18/el2nbest/sl/ipc10 s45:  94%|█████████▎| 281/300 [37:56<02:33,  8.10s/ep][A

tin/rn18/el2nbest/sl/ipc10 s45:  94%|█████████▍| 282/300 [38:04<02:25,  8.10s/ep][A

tin/rn18/el2nbest/sl/ipc10 s45:  94%|█████████▍| 283/300 [38:12<02:17,  8.11s/ep][A

tin/rn18/el2nbest/sl/ipc10 s45:  95%|█████████▍| 284/300 [38:20<02:09,  8.10s/ep][A

tin/rn18/el2nbest/sl/ipc10 s45:  95%|█████████▌| 285/300 [38:28<02:01,  8.10s/ep][A

tin/rn18/el2nbest/sl/ipc10 s45:  95%|█████████▌| 286/300 [38:37<01:53,  8.10s/ep][A

tin/rn18/el2nbest/sl/ipc10 s45:  96%|█████████▌| 287/300 [38:45<01:45,  8.10s/ep][A

tin/rn18/el2nbest/sl/ipc10 s45:  96%|█████████▌| 288/300 [38:53<01:37,  8.10s/ep][A

tin/rn18/el2nbest/sl/ipc10 s45:  96%|█████████▋| 289/300 [39:01<01:29,  8.10s/ep][A

tin/rn18/el2nbest/sl/ipc10 s45:  97%|█████████▋| 290/300 [39:09<01:20,  8.10s/ep][A

tin/rn18/el2nbest/sl/ipc10 s45:  97%|█████████▋| 291/300 [39:17<01:12,  8.10s/ep][A

tin/rn18/el2nbest/sl/ipc10 s45:  97%|█████████▋| 292/300 [39:25<01:04,  8.10s/ep][A

tin/rn18/el2nbest/sl/ipc10 s45:  98%|█████████▊| 293/300 [39:33<00:56,  8.10s/ep][A

tin/rn18/el2nbest/sl/ipc10 s45:  98%|█████████▊| 294/300 [39:41<00:48,  8.10s/ep][A

tin/rn18/el2nbest/sl/ipc10 s45:  98%|█████████▊| 295/300 [39:49<00:40,  8.10s/ep][A

tin/rn18/el2nbest/sl/ipc10 s45:  99%|█████████▊| 296/300 [39:58<00:32,  8.10s/ep][A

tin/rn18/el2nbest/sl/ipc10 s45:  99%|█████████▉| 297/300 [40:06<00:24,  8.10s/ep][A

tin/rn18/el2nbest/sl/ipc10 s45:  99%|█████████▉| 298/300 [40:14<00:16,  8.10s/ep][A

tin/rn18/el2nbest/sl/ipc10 s45: 100%|█████████▉| 299/300 [40:22<00:08,  8.10s/ep][A

tin/rn18/el2nbest/sl/ipc10 s45: 100%|██████████| 300/300 [40:30<00:00,  8.10s/ep][A

                                                                                 [A[cell] tin/rn18/el2nbest/sl/ipc10 seed45: 15.22%  (2444s)


tin/rn18/el2nbest/sl/ipc10 s46:   0%|          | 0/300 [00:00<?, ?ep/s][A

tin/rn18/el2nbest/sl/ipc10 s46:   0%|          | 1/300 [00:07<37:37,  7.55s/ep][A

tin/rn18/el2nbest/sl/ipc10 s46:   1%|          | 2/300 [00:15<39:06,  7.88s/ep][A

tin/rn18/el2nbest/sl/ipc10 s46:   1%|          | 3/300 [00:23<39:30,  7.98s/ep][A

tin/rn18/el2nbest/sl/ipc10 s46:   1%|▏         | 4/300 [00:31<39:36,  8.03s/ep][A

tin/rn18/el2nbest/sl/ipc10 s46:   2%|▏         | 5/300 [00:39<39:36,  8.06s/ep][A

tin/rn18/el2nbest/sl/ipc10 s46:   2%|▏         | 6/300 [00:48<39:33,  8.07s/ep][A

tin/rn18/el2nbest/sl/ipc10 s46:   2%|▏         | 7/300 [00:56<39:28,  8.09s/ep][A

tin/rn18/el2nbest/sl/ipc10 s46:   3%|▎         | 8/300 [01:04<39:23,  8.09s/ep][A

tin/rn18/el2nbest/sl/ipc10 s46:   3%|▎         | 9/300 [01:12<39:15,  8.10s/ep][A

tin/rn18/el2nbest/sl/ipc10 s46:   3%|▎         | 10/300 [01:20<39:08,  8.10s/ep][A

tin/rn18/el2nbest/sl/ipc10 s46:   4%|▎         | 11/300 [01:28<39:00,  8.10s/ep][A

tin/rn18/el2nbest/sl/ipc10 s46:   4%|▍         | 12/300 [01:36<38:53,  8.10s/ep][A

tin/rn18/el2nbest/sl/ipc10 s46:   4%|▍         | 13/300 [01:44<38:44,  8.10s/ep][A

tin/rn18/el2nbest/sl/ipc10 s46:   5%|▍         | 14/300 [01:52<38:37,  8.10s/ep][A

tin/rn18/el2nbest/sl/ipc10 s46:   5%|▌         | 15/300 [02:01<38:28,  8.10s/ep][A

tin/rn18/el2nbest/sl/ipc10 s46:   5%|▌         | 16/300 [02:09<38:20,  8.10s/ep][A

tin/rn18/el2nbest/sl/ipc10 s46:   6%|▌         | 17/300 [02:17<38:12,  8.10s/ep][A

tin/rn18/el2nbest/sl/ipc10 s46:   6%|▌         | 18/300 [02:25<38:05,  8.10s/ep][A

tin/rn18/el2nbest/sl/ipc10 s46:   6%|▋         | 19/300 [02:33<37:57,  8.10s/ep][A

tin/rn18/el2nbest/sl/ipc10 s46:   7%|▋         | 20/300 [02:41<37:48,  8.10s/ep][A

tin/rn18/el2nbest/sl/ipc10 s46:   7%|▋         | 21/300 [02:49<37:40,  8.10s/ep][A

tin/rn18/el2nbest/sl/ipc10 s46:   7%|▋         | 22/300 [02:57<37:33,  8.10s/ep][A

tin/rn18/el2nbest/sl/ipc10 s46:   8%|▊         | 23/300 [03:05<37:25,  8.11s/ep][A

tin/rn18/el2nbest/sl/ipc10 s46:   8%|▊         | 24/300 [03:13<37:16,  8.10s/ep][A

tin/rn18/el2nbest/sl/ipc10 s46:   8%|▊         | 25/300 [03:22<37:08,  8.10s/ep][A

tin/rn18/el2nbest/sl/ipc10 s46:   9%|▊         | 26/300 [03:30<37:00,  8.11s/ep][A

tin/rn18/el2nbest/sl/ipc10 s46:   9%|▉         | 27/300 [03:38<36:52,  8.10s/ep][A

tin/rn18/el2nbest/sl/ipc10 s46:   9%|▉         | 28/300 [03:46<36:44,  8.10s/ep][A

tin/rn18/el2nbest/sl/ipc10 s46:  10%|▉         | 29/300 [03:54<36:35,  8.10s/ep][A

tin/rn18/el2nbest/sl/ipc10 s46:  10%|█         | 30/300 [04:02<36:26,  8.10s/ep][A

tin/rn18/el2nbest/sl/ipc10 s46:  10%|█         | 31/300 [04:10<36:18,  8.10s/ep][A

tin/rn18/el2nbest/sl/ipc10 s46:  11%|█         | 32/300 [04:18<36:09,  8.10s/ep][A

tin/rn18/el2nbest/sl/ipc10 s46:  11%|█         | 33/300 [04:26<36:02,  8.10s/ep][A

tin/rn18/el2nbest/sl/ipc10 s46:  11%|█▏        | 34/300 [04:34<35:55,  8.10s/ep][A

tin/rn18/el2nbest/sl/ipc10 s46:  12%|█▏        | 35/300 [04:43<35:46,  8.10s/ep][A

tin/rn18/el2nbest/sl/ipc10 s46:  12%|█▏        | 36/300 [04:51<35:39,  8.10s/ep][A

tin/rn18/el2nbest/sl/ipc10 s46:  12%|█▏        | 37/300 [04:59<35:30,  8.10s/ep][A

tin/rn18/el2nbest/sl/ipc10 s46:  13%|█▎        | 38/300 [05:07<35:22,  8.10s/ep][A

tin/rn18/el2nbest/sl/ipc10 s46:  13%|█▎        | 39/300 [05:15<35:14,  8.10s/ep][A

tin/rn18/el2nbest/sl/ipc10 s46:  13%|█▎        | 40/300 [05:23<35:07,  8.10s/ep][A

tin/rn18/el2nbest/sl/ipc10 s46:  14%|█▎        | 41/300 [05:31<34:58,  8.10s/ep][A

tin/rn18/el2nbest/sl/ipc10 s46:  14%|█▍        | 42/300 [05:39<34:51,  8.10s/ep][A

tin/rn18/el2nbest/sl/ipc10 s46:  14%|█▍        | 43/300 [05:47<34:43,  8.11s/ep][A

tin/rn18/el2nbest/sl/ipc10 s46:  15%|█▍        | 44/300 [05:56<34:36,  8.11s/ep][A

tin/rn18/el2nbest/sl/ipc10 s46:  15%|█▌        | 45/300 [06:04<34:27,  8.11s/ep][A

tin/rn18/el2nbest/sl/ipc10 s46:  15%|█▌        | 46/300 [06:12<34:18,  8.11s/ep][A

tin/rn18/el2nbest/sl/ipc10 s46:  16%|█▌        | 47/300 [06:20<34:10,  8.10s/ep][A

tin/rn18/el2nbest/sl/ipc10 s46:  16%|█▌        | 48/300 [06:28<34:01,  8.10s/ep][A

tin/rn18/el2nbest/sl/ipc10 s46:  16%|█▋        | 49/300 [06:36<33:54,  8.10s/ep][A

tin/rn18/el2nbest/sl/ipc10 s46:  17%|█▋        | 50/300 [06:44<33:46,  8.10s/ep][A

tin/rn18/el2nbest/sl/ipc10 s46:  17%|█▋        | 51/300 [06:52<33:37,  8.10s/ep][A

tin/rn18/el2nbest/sl/ipc10 s46:  17%|█▋        | 52/300 [07:00<33:29,  8.10s/ep][A

tin/rn18/el2nbest/sl/ipc10 s46:  18%|█▊        | 53/300 [07:08<33:21,  8.10s/ep][A

tin/rn18/el2nbest/sl/ipc10 s46:  18%|█▊        | 54/300 [07:17<33:13,  8.10s/ep][A

tin/rn18/el2nbest/sl/ipc10 s46:  18%|█▊        | 55/300 [07:25<33:04,  8.10s/ep][A

tin/rn18/el2nbest/sl/ipc10 s46:  19%|█▊        | 56/300 [07:33<32:57,  8.10s/ep][A

tin/rn18/el2nbest/sl/ipc10 s46:  19%|█▉        | 57/300 [07:41<32:49,  8.11s/ep][A

tin/rn18/el2nbest/sl/ipc10 s46:  19%|█▉        | 58/300 [07:49<32:41,  8.11s/ep][A

tin/rn18/el2nbest/sl/ipc10 s46:  20%|█▉        | 59/300 [07:57<32:32,  8.10s/ep][A

tin/rn18/el2nbest/sl/ipc10 s46:  20%|██        | 60/300 [08:05<32:24,  8.10s/ep][A

tin/rn18/el2nbest/sl/ipc10 s46:  20%|██        | 61/300 [08:13<32:16,  8.10s/ep][A

tin/rn18/el2nbest/sl/ipc10 s46:  21%|██        | 62/300 [08:21<32:08,  8.10s/ep][A

tin/rn18/el2nbest/sl/ipc10 s46:  21%|██        | 63/300 [08:29<32:00,  8.10s/ep][A

tin/rn18/el2nbest/sl/ipc10 s46:  21%|██▏       | 64/300 [08:38<31:51,  8.10s/ep][A

tin/rn18/el2nbest/sl/ipc10 s46:  22%|██▏       | 65/300 [08:46<31:43,  8.10s/ep][A

tin/rn18/el2nbest/sl/ipc10 s46:  22%|██▏       | 66/300 [08:54<31:35,  8.10s/ep][A

tin/rn18/el2nbest/sl/ipc10 s46:  22%|██▏       | 67/300 [09:02<31:27,  8.10s/ep][A

tin/rn18/el2nbest/sl/ipc10 s46:  23%|██▎       | 68/300 [09:10<31:20,  8.11s/ep][A

tin/rn18/el2nbest/sl/ipc10 s46:  23%|██▎       | 69/300 [09:18<31:12,  8.11s/ep][A

tin/rn18/el2nbest/sl/ipc10 s46:  23%|██▎       | 70/300 [09:26<31:04,  8.11s/ep][A

tin/rn18/el2nbest/sl/ipc10 s46:  24%|██▎       | 71/300 [09:34<30:56,  8.10s/ep][A

tin/rn18/el2nbest/sl/ipc10 s46:  24%|██▍       | 72/300 [09:42<30:47,  8.10s/ep][A

tin/rn18/el2nbest/sl/ipc10 s46:  24%|██▍       | 73/300 [09:50<30:38,  8.10s/ep][A

tin/rn18/el2nbest/sl/ipc10 s46:  25%|██▍       | 74/300 [09:59<30:30,  8.10s/ep][A

tin/rn18/el2nbest/sl/ipc10 s46:  25%|██▌       | 75/300 [10:07<30:22,  8.10s/ep][A

tin/rn18/el2nbest/sl/ipc10 s46:  25%|██▌       | 76/300 [10:15<30:15,  8.10s/ep][A

tin/rn18/el2nbest/sl/ipc10 s46:  26%|██▌       | 77/300 [10:23<30:06,  8.10s/ep][A

tin/rn18/el2nbest/sl/ipc10 s46:  26%|██▌       | 78/300 [10:31<29:58,  8.10s/ep][A

tin/rn18/el2nbest/sl/ipc10 s46:  26%|██▋       | 79/300 [10:39<29:50,  8.10s/ep][A

tin/rn18/el2nbest/sl/ipc10 s46:  27%|██▋       | 80/300 [10:47<29:42,  8.10s/ep][A

tin/rn18/el2nbest/sl/ipc10 s46:  27%|██▋       | 81/300 [10:55<29:34,  8.10s/ep][A

tin/rn18/el2nbest/sl/ipc10 s46:  27%|██▋       | 82/300 [11:03<29:25,  8.10s/ep][A

tin/rn18/el2nbest/sl/ipc10 s46:  28%|██▊       | 83/300 [11:12<29:18,  8.10s/ep][A

tin/rn18/el2nbest/sl/ipc10 s46:  28%|██▊       | 84/300 [11:20<29:10,  8.10s/ep][A

tin/rn18/el2nbest/sl/ipc10 s46:  28%|██▊       | 85/300 [11:28<29:02,  8.10s/ep][A

tin/rn18/el2nbest/sl/ipc10 s46:  29%|██▊       | 86/300 [11:36<28:53,  8.10s/ep][A

tin/rn18/el2nbest/sl/ipc10 s46:  29%|██▉       | 87/300 [11:44<28:45,  8.10s/ep][A

tin/rn18/el2nbest/sl/ipc10 s46:  29%|██▉       | 88/300 [11:52<28:37,  8.10s/ep][A

tin/rn18/el2nbest/sl/ipc10 s46:  30%|██▉       | 89/300 [12:00<28:30,  8.11s/ep][A

tin/rn18/el2nbest/sl/ipc10 s46:  30%|███       | 90/300 [12:08<28:22,  8.11s/ep][A

tin/rn18/el2nbest/sl/ipc10 s46:  30%|███       | 91/300 [12:16<28:13,  8.10s/ep][A

tin/rn18/el2nbest/sl/ipc10 s46:  31%|███       | 92/300 [12:24<28:05,  8.10s/ep][A

tin/rn18/el2nbest/sl/ipc10 s46:  31%|███       | 93/300 [12:33<27:57,  8.10s/ep][A

tin/rn18/el2nbest/sl/ipc10 s46:  31%|███▏      | 94/300 [12:41<27:48,  8.10s/ep][A

tin/rn18/el2nbest/sl/ipc10 s46:  32%|███▏      | 95/300 [12:49<27:40,  8.10s/ep][A

tin/rn18/el2nbest/sl/ipc10 s46:  32%|███▏      | 96/300 [12:57<27:31,  8.10s/ep][A

tin/rn18/el2nbest/sl/ipc10 s46:  32%|███▏      | 97/300 [13:05<27:24,  8.10s/ep][A

tin/rn18/el2nbest/sl/ipc10 s46:  33%|███▎      | 98/300 [13:13<27:16,  8.10s/ep][A

tin/rn18/el2nbest/sl/ipc10 s46:  33%|███▎      | 99/300 [13:21<27:08,  8.10s/ep][A

tin/rn18/el2nbest/sl/ipc10 s46:  33%|███▎      | 100/300 [13:29<27:00,  8.10s/ep][A

tin/rn18/el2nbest/sl/ipc10 s46:  34%|███▎      | 101/300 [13:37<26:52,  8.10s/ep][A

tin/rn18/el2nbest/sl/ipc10 s46:  34%|███▍      | 102/300 [13:45<26:44,  8.10s/ep][A

tin/rn18/el2nbest/sl/ipc10 s46:  34%|███▍      | 103/300 [13:54<26:36,  8.10s/ep][A

tin/rn18/el2nbest/sl/ipc10 s46:  35%|███▍      | 104/300 [14:02<26:27,  8.10s/ep][A

tin/rn18/el2nbest/sl/ipc10 s46:  35%|███▌      | 105/300 [14:10<26:19,  8.10s/ep][A

tin/rn18/el2nbest/sl/ipc10 s46:  35%|███▌      | 106/300 [14:18<26:11,  8.10s/ep][A

tin/rn18/el2nbest/sl/ipc10 s46:  36%|███▌      | 107/300 [14:26<26:04,  8.11s/ep][A

tin/rn18/el2nbest/sl/ipc10 s46:  36%|███▌      | 108/300 [14:34<25:55,  8.10s/ep][A

tin/rn18/el2nbest/sl/ipc10 s46:  36%|███▋      | 109/300 [14:42<25:47,  8.10s/ep][A

tin/rn18/el2nbest/sl/ipc10 s46:  37%|███▋      | 110/300 [14:50<25:39,  8.10s/ep][A

tin/rn18/el2nbest/sl/ipc10 s46:  37%|███▋      | 111/300 [14:58<25:30,  8.10s/ep][A

tin/rn18/el2nbest/sl/ipc10 s46:  37%|███▋      | 112/300 [15:06<25:22,  8.10s/ep][A

tin/rn18/el2nbest/sl/ipc10 s46:  38%|███▊      | 113/300 [15:15<25:15,  8.10s/ep][A

tin/rn18/el2nbest/sl/ipc10 s46:  38%|███▊      | 114/300 [15:23<25:07,  8.11s/ep][A

tin/rn18/el2nbest/sl/ipc10 s46:  38%|███▊      | 115/300 [15:31<24:58,  8.10s/ep][A

tin/rn18/el2nbest/sl/ipc10 s46:  39%|███▊      | 116/300 [15:39<24:51,  8.10s/ep][A

tin/rn18/el2nbest/sl/ipc10 s46:  39%|███▉      | 117/300 [15:47<24:42,  8.10s/ep][A

tin/rn18/el2nbest/sl/ipc10 s46:  39%|███▉      | 118/300 [15:55<24:35,  8.11s/ep][A

tin/rn18/el2nbest/sl/ipc10 s46:  40%|███▉      | 119/300 [16:03<24:27,  8.11s/ep][A

tin/rn18/el2nbest/sl/ipc10 s46:  40%|████      | 120/300 [16:11<24:19,  8.11s/ep][A

tin/rn18/el2nbest/sl/ipc10 s46:  40%|████      | 121/300 [16:19<24:12,  8.11s/ep][A

tin/rn18/el2nbest/sl/ipc10 s46:  41%|████      | 122/300 [16:28<24:03,  8.11s/ep][A

tin/rn18/el2nbest/sl/ipc10 s46:  41%|████      | 123/300 [16:36<23:54,  8.11s/ep][A

tin/rn18/el2nbest/sl/ipc10 s46:  41%|████▏     | 124/300 [16:44<23:46,  8.11s/ep][A

tin/rn18/el2nbest/sl/ipc10 s46:  42%|████▏     | 125/300 [16:52<23:38,  8.10s/ep][A

tin/rn18/el2nbest/sl/ipc10 s46:  42%|████▏     | 126/300 [17:00<23:29,  8.10s/ep][A

tin/rn18/el2nbest/sl/ipc10 s46:  42%|████▏     | 127/300 [17:08<23:21,  8.10s/ep][A

tin/rn18/el2nbest/sl/ipc10 s46:  43%|████▎     | 128/300 [17:16<23:14,  8.11s/ep][A

tin/rn18/el2nbest/sl/ipc10 s46:  43%|████▎     | 129/300 [17:24<23:05,  8.10s/ep][A

tin/rn18/el2nbest/sl/ipc10 s46:  43%|████▎     | 130/300 [17:32<22:57,  8.10s/ep][A

tin/rn18/el2nbest/sl/ipc10 s46:  44%|████▎     | 131/300 [17:40<22:49,  8.10s/ep][A

tin/rn18/el2nbest/sl/ipc10 s46:  44%|████▍     | 132/300 [17:49<22:41,  8.10s/ep][A

tin/rn18/el2nbest/sl/ipc10 s46:  44%|████▍     | 133/300 [17:57<22:33,  8.10s/ep][A

tin/rn18/el2nbest/sl/ipc10 s46:  45%|████▍     | 134/300 [18:05<22:25,  8.10s/ep][A

tin/rn18/el2nbest/sl/ipc10 s46:  45%|████▌     | 135/300 [18:13<22:17,  8.11s/ep][A

tin/rn18/el2nbest/sl/ipc10 s46:  45%|████▌     | 136/300 [18:21<22:09,  8.10s/ep][A

tin/rn18/el2nbest/sl/ipc10 s46:  46%|████▌     | 137/300 [18:29<22:00,  8.10s/ep][A

tin/rn18/el2nbest/sl/ipc10 s46:  46%|████▌     | 138/300 [18:37<21:52,  8.10s/ep][A

tin/rn18/el2nbest/sl/ipc10 s46:  46%|████▋     | 139/300 [18:45<21:44,  8.10s/ep][A

tin/rn18/el2nbest/sl/ipc10 s46:  47%|████▋     | 140/300 [18:53<21:36,  8.10s/ep][A

tin/rn18/el2nbest/sl/ipc10 s46:  47%|████▋     | 141/300 [19:01<21:28,  8.10s/ep][A

tin/rn18/el2nbest/sl/ipc10 s46:  47%|████▋     | 142/300 [19:10<21:20,  8.10s/ep][A

tin/rn18/el2nbest/sl/ipc10 s46:  48%|████▊     | 143/300 [19:18<21:12,  8.11s/ep][A

tin/rn18/el2nbest/sl/ipc10 s46:  48%|████▊     | 144/300 [19:26<21:03,  8.10s/ep][A

tin/rn18/el2nbest/sl/ipc10 s46:  48%|████▊     | 145/300 [19:34<20:55,  8.10s/ep][A

tin/rn18/el2nbest/sl/ipc10 s46:  49%|████▊     | 146/300 [19:42<20:47,  8.10s/ep][A

tin/rn18/el2nbest/sl/ipc10 s46:  49%|████▉     | 147/300 [19:50<20:39,  8.10s/ep][A

tin/rn18/el2nbest/sl/ipc10 s46:  49%|████▉     | 148/300 [19:58<20:31,  8.10s/ep][A

tin/rn18/el2nbest/sl/ipc10 s46:  50%|████▉     | 149/300 [20:06<20:23,  8.10s/ep][A

tin/rn18/el2nbest/sl/ipc10 s46:  50%|█████     | 150/300 [20:14<20:15,  8.10s/ep][A

tin/rn18/el2nbest/sl/ipc10 s46:  50%|█████     | 151/300 [20:23<20:06,  8.10s/ep][A

tin/rn18/el2nbest/sl/ipc10 s46:  51%|█████     | 152/300 [20:31<19:59,  8.11s/ep][A

tin/rn18/el2nbest/sl/ipc10 s46:  51%|█████     | 153/300 [20:39<19:51,  8.11s/ep][A

tin/rn18/el2nbest/sl/ipc10 s46:  51%|█████▏    | 154/300 [20:47<19:43,  8.11s/ep][A

tin/rn18/el2nbest/sl/ipc10 s46:  52%|█████▏    | 155/300 [20:55<19:35,  8.10s/ep][A

tin/rn18/el2nbest/sl/ipc10 s46:  52%|█████▏    | 156/300 [21:03<19:27,  8.10s/ep][A

tin/rn18/el2nbest/sl/ipc10 s46:  52%|█████▏    | 157/300 [21:11<19:18,  8.10s/ep][A

tin/rn18/el2nbest/sl/ipc10 s46:  53%|█████▎    | 158/300 [21:19<19:10,  8.11s/ep][A

tin/rn18/el2nbest/sl/ipc10 s46:  53%|█████▎    | 159/300 [21:27<19:02,  8.10s/ep][A

tin/rn18/el2nbest/sl/ipc10 s46:  53%|█████▎    | 160/300 [21:35<18:54,  8.10s/ep][A

tin/rn18/el2nbest/sl/ipc10 s46:  54%|█████▎    | 161/300 [21:44<18:46,  8.10s/ep][A

tin/rn18/el2nbest/sl/ipc10 s46:  54%|█████▍    | 162/300 [21:52<18:38,  8.11s/ep][A

tin/rn18/el2nbest/sl/ipc10 s46:  54%|█████▍    | 163/300 [22:00<18:30,  8.11s/ep][A

tin/rn18/el2nbest/sl/ipc10 s46:  55%|█████▍    | 164/300 [22:08<18:22,  8.11s/ep][A

tin/rn18/el2nbest/sl/ipc10 s46:  55%|█████▌    | 165/300 [22:16<18:14,  8.11s/ep][A

tin/rn18/el2nbest/sl/ipc10 s46:  55%|█████▌    | 166/300 [22:24<18:06,  8.11s/ep][A

tin/rn18/el2nbest/sl/ipc10 s46:  56%|█████▌    | 167/300 [22:32<17:58,  8.11s/ep][A

tin/rn18/el2nbest/sl/ipc10 s46:  56%|█████▌    | 168/300 [22:40<17:50,  8.11s/ep][A

tin/rn18/el2nbest/sl/ipc10 s46:  56%|█████▋    | 169/300 [22:48<17:41,  8.11s/ep][A

tin/rn18/el2nbest/sl/ipc10 s46:  57%|█████▋    | 170/300 [22:57<17:33,  8.10s/ep][A

tin/rn18/el2nbest/sl/ipc10 s46:  57%|█████▋    | 171/300 [23:05<17:25,  8.10s/ep][A

tin/rn18/el2nbest/sl/ipc10 s46:  57%|█████▋    | 172/300 [23:13<17:17,  8.10s/ep][A

tin/rn18/el2nbest/sl/ipc10 s46:  58%|█████▊    | 173/300 [23:21<17:09,  8.11s/ep][A

tin/rn18/el2nbest/sl/ipc10 s46:  58%|█████▊    | 174/300 [23:29<17:01,  8.10s/ep][A

tin/rn18/el2nbest/sl/ipc10 s46:  58%|█████▊    | 175/300 [23:37<16:52,  8.10s/ep][A

tin/rn18/el2nbest/sl/ipc10 s46:  59%|█████▊    | 176/300 [23:45<16:45,  8.11s/ep][A

tin/rn18/el2nbest/sl/ipc10 s46:  59%|█████▉    | 177/300 [23:53<16:36,  8.10s/ep][A

tin/rn18/el2nbest/sl/ipc10 s46:  59%|█████▉    | 178/300 [24:01<16:28,  8.10s/ep][A

tin/rn18/el2nbest/sl/ipc10 s46:  60%|█████▉    | 179/300 [24:09<16:20,  8.10s/ep][A

tin/rn18/el2nbest/sl/ipc10 s46:  60%|██████    | 180/300 [24:18<16:12,  8.10s/ep][A

tin/rn18/el2nbest/sl/ipc10 s46:  60%|██████    | 181/300 [24:26<16:04,  8.10s/ep][A

tin/rn18/el2nbest/sl/ipc10 s46:  61%|██████    | 182/300 [24:34<15:56,  8.10s/ep][A

tin/rn18/el2nbest/sl/ipc10 s46:  61%|██████    | 183/300 [24:42<15:47,  8.10s/ep][A

tin/rn18/el2nbest/sl/ipc10 s46:  61%|██████▏   | 184/300 [24:50<15:40,  8.10s/ep][A

tin/rn18/el2nbest/sl/ipc10 s46:  62%|██████▏   | 185/300 [24:58<15:32,  8.10s/ep][A

tin/rn18/el2nbest/sl/ipc10 s46:  62%|██████▏   | 186/300 [25:06<15:23,  8.10s/ep][A

tin/rn18/el2nbest/sl/ipc10 s46:  62%|██████▏   | 187/300 [25:14<15:15,  8.10s/ep][A

tin/rn18/el2nbest/sl/ipc10 s46:  63%|██████▎   | 188/300 [25:22<15:07,  8.11s/ep][A

tin/rn18/el2nbest/sl/ipc10 s46:  63%|██████▎   | 189/300 [25:30<14:59,  8.10s/ep][A

tin/rn18/el2nbest/sl/ipc10 s46:  63%|██████▎   | 190/300 [25:39<14:51,  8.10s/ep][A

tin/rn18/el2nbest/sl/ipc10 s46:  64%|██████▎   | 191/300 [25:47<14:43,  8.11s/ep][A

tin/rn18/el2nbest/sl/ipc10 s46:  64%|██████▍   | 192/300 [25:55<14:35,  8.11s/ep][A

tin/rn18/el2nbest/sl/ipc10 s46:  64%|██████▍   | 193/300 [26:03<14:27,  8.11s/ep][A

tin/rn18/el2nbest/sl/ipc10 s46:  65%|██████▍   | 194/300 [26:11<14:18,  8.10s/ep][A

tin/rn18/el2nbest/sl/ipc10 s46:  65%|██████▌   | 195/300 [26:19<14:10,  8.10s/ep][A

tin/rn18/el2nbest/sl/ipc10 s46:  65%|██████▌   | 196/300 [26:27<14:02,  8.10s/ep][A

tin/rn18/el2nbest/sl/ipc10 s46:  66%|██████▌   | 197/300 [26:35<13:54,  8.10s/ep][A

tin/rn18/el2nbest/sl/ipc10 s46:  66%|██████▌   | 198/300 [26:43<13:46,  8.10s/ep][A

tin/rn18/el2nbest/sl/ipc10 s46:  66%|██████▋   | 199/300 [26:52<13:38,  8.10s/ep][A

tin/rn18/el2nbest/sl/ipc10 s46:  67%|██████▋   | 200/300 [27:00<13:30,  8.10s/ep][A

tin/rn18/el2nbest/sl/ipc10 s46:  67%|██████▋   | 201/300 [27:08<13:22,  8.10s/ep][A

tin/rn18/el2nbest/sl/ipc10 s46:  67%|██████▋   | 202/300 [27:16<13:13,  8.10s/ep][A

tin/rn18/el2nbest/sl/ipc10 s46:  68%|██████▊   | 203/300 [27:24<13:06,  8.11s/ep][A

tin/rn18/el2nbest/sl/ipc10 s46:  68%|██████▊   | 204/300 [27:32<12:58,  8.11s/ep][A

tin/rn18/el2nbest/sl/ipc10 s46:  68%|██████▊   | 205/300 [27:40<12:50,  8.11s/ep][A

tin/rn18/el2nbest/sl/ipc10 s46:  69%|██████▊   | 206/300 [27:48<12:41,  8.10s/ep][A

tin/rn18/el2nbest/sl/ipc10 s46:  69%|██████▉   | 207/300 [27:56<12:33,  8.10s/ep][A

tin/rn18/el2nbest/sl/ipc10 s46:  69%|██████▉   | 208/300 [28:04<12:25,  8.10s/ep][A

tin/rn18/el2nbest/sl/ipc10 s46:  70%|██████▉   | 209/300 [28:13<12:17,  8.10s/ep][A

tin/rn18/el2nbest/sl/ipc10 s46:  70%|███████   | 210/300 [28:21<12:09,  8.10s/ep][A

tin/rn18/el2nbest/sl/ipc10 s46:  70%|███████   | 211/300 [28:29<12:01,  8.11s/ep][A

tin/rn18/el2nbest/sl/ipc10 s46:  71%|███████   | 212/300 [28:37<11:53,  8.10s/ep][A

tin/rn18/el2nbest/sl/ipc10 s46:  71%|███████   | 213/300 [28:45<11:44,  8.10s/ep][A

tin/rn18/el2nbest/sl/ipc10 s46:  71%|███████▏  | 214/300 [28:53<11:36,  8.10s/ep][A

tin/rn18/el2nbest/sl/ipc10 s46:  72%|███████▏  | 215/300 [29:01<11:28,  8.10s/ep][A

tin/rn18/el2nbest/sl/ipc10 s46:  72%|███████▏  | 216/300 [29:09<11:20,  8.10s/ep][A

tin/rn18/el2nbest/sl/ipc10 s46:  72%|███████▏  | 217/300 [29:17<11:12,  8.10s/ep][A

tin/rn18/el2nbest/sl/ipc10 s46:  73%|███████▎  | 218/300 [29:25<11:04,  8.10s/ep][A

tin/rn18/el2nbest/sl/ipc10 s46:  73%|███████▎  | 219/300 [29:34<10:56,  8.11s/ep][A

tin/rn18/el2nbest/sl/ipc10 s46:  73%|███████▎  | 220/300 [29:42<10:48,  8.11s/ep][A

tin/rn18/el2nbest/sl/ipc10 s46:  74%|███████▎  | 221/300 [29:50<10:40,  8.10s/ep][A

tin/rn18/el2nbest/sl/ipc10 s46:  74%|███████▍  | 222/300 [29:58<10:32,  8.11s/ep][A

tin/rn18/el2nbest/sl/ipc10 s46:  74%|███████▍  | 223/300 [30:06<10:23,  8.10s/ep][A

tin/rn18/el2nbest/sl/ipc10 s46:  75%|███████▍  | 224/300 [30:14<10:15,  8.10s/ep][A

tin/rn18/el2nbest/sl/ipc10 s46:  75%|███████▌  | 225/300 [30:22<10:07,  8.10s/ep][A

tin/rn18/el2nbest/sl/ipc10 s46:  75%|███████▌  | 226/300 [30:30<09:59,  8.11s/ep][A

tin/rn18/el2nbest/sl/ipc10 s46:  76%|███████▌  | 227/300 [30:38<09:51,  8.10s/ep][A

tin/rn18/el2nbest/sl/ipc10 s46:  76%|███████▌  | 228/300 [30:47<09:43,  8.11s/ep][A

tin/rn18/el2nbest/sl/ipc10 s46:  76%|███████▋  | 229/300 [30:55<09:35,  8.11s/ep][A

tin/rn18/el2nbest/sl/ipc10 s46:  77%|███████▋  | 230/300 [31:03<09:27,  8.11s/ep][A

tin/rn18/el2nbest/sl/ipc10 s46:  77%|███████▋  | 231/300 [31:11<09:19,  8.11s/ep][A

tin/rn18/el2nbest/sl/ipc10 s46:  77%|███████▋  | 232/300 [31:19<09:11,  8.11s/ep][A

tin/rn18/el2nbest/sl/ipc10 s46:  78%|███████▊  | 233/300 [31:27<09:02,  8.10s/ep][A

tin/rn18/el2nbest/sl/ipc10 s46:  78%|███████▊  | 234/300 [31:35<08:54,  8.10s/ep][A

tin/rn18/el2nbest/sl/ipc10 s46:  78%|███████▊  | 235/300 [31:43<08:46,  8.10s/ep][A

tin/rn18/el2nbest/sl/ipc10 s46:  79%|███████▊  | 236/300 [31:51<08:38,  8.10s/ep][A

tin/rn18/el2nbest/sl/ipc10 s46:  79%|███████▉  | 237/300 [31:59<08:30,  8.11s/ep][A

tin/rn18/el2nbest/sl/ipc10 s46:  79%|███████▉  | 238/300 [32:08<08:22,  8.10s/ep][A

tin/rn18/el2nbest/sl/ipc10 s46:  80%|███████▉  | 239/300 [32:16<08:14,  8.11s/ep][A

tin/rn18/el2nbest/sl/ipc10 s46:  80%|████████  | 240/300 [32:24<08:06,  8.11s/ep][A

tin/rn18/el2nbest/sl/ipc10 s46:  80%|████████  | 241/300 [32:32<07:58,  8.10s/ep][A

tin/rn18/el2nbest/sl/ipc10 s46:  81%|████████  | 242/300 [32:40<07:49,  8.10s/ep][A

tin/rn18/el2nbest/sl/ipc10 s46:  81%|████████  | 243/300 [32:48<07:41,  8.10s/ep][A

tin/rn18/el2nbest/sl/ipc10 s46:  81%|████████▏ | 244/300 [32:56<07:33,  8.10s/ep][A

tin/rn18/el2nbest/sl/ipc10 s46:  82%|████████▏ | 245/300 [33:04<07:25,  8.10s/ep][A

tin/rn18/el2nbest/sl/ipc10 s46:  82%|████████▏ | 246/300 [33:12<07:17,  8.10s/ep][A

tin/rn18/el2nbest/sl/ipc10 s46:  82%|████████▏ | 247/300 [33:20<07:09,  8.10s/ep][A

tin/rn18/el2nbest/sl/ipc10 s46:  83%|████████▎ | 248/300 [33:29<07:01,  8.10s/ep][A

tin/rn18/el2nbest/sl/ipc10 s46:  83%|████████▎ | 249/300 [33:37<06:53,  8.10s/ep][A

tin/rn18/el2nbest/sl/ipc10 s46:  83%|████████▎ | 250/300 [33:45<06:45,  8.10s/ep][A

tin/rn18/el2nbest/sl/ipc10 s46:  84%|████████▎ | 251/300 [33:53<06:37,  8.10s/ep][A

tin/rn18/el2nbest/sl/ipc10 s46:  84%|████████▍ | 252/300 [34:01<06:29,  8.11s/ep][A

tin/rn18/el2nbest/sl/ipc10 s46:  84%|████████▍ | 253/300 [34:09<06:20,  8.10s/ep][A

tin/rn18/el2nbest/sl/ipc10 s46:  85%|████████▍ | 254/300 [34:17<06:12,  8.10s/ep][A

tin/rn18/el2nbest/sl/ipc10 s46:  85%|████████▌ | 255/300 [34:25<06:04,  8.11s/ep][A

tin/rn18/el2nbest/sl/ipc10 s46:  85%|████████▌ | 256/300 [34:33<05:56,  8.11s/ep][A

tin/rn18/el2nbest/sl/ipc10 s46:  86%|████████▌ | 257/300 [34:42<05:48,  8.11s/ep][A

tin/rn18/el2nbest/sl/ipc10 s46:  86%|████████▌ | 258/300 [34:50<05:40,  8.10s/ep][A

tin/rn18/el2nbest/sl/ipc10 s46:  86%|████████▋ | 259/300 [34:58<05:32,  8.10s/ep][A

tin/rn18/el2nbest/sl/ipc10 s46:  87%|████████▋ | 260/300 [35:06<05:24,  8.10s/ep][A

tin/rn18/el2nbest/sl/ipc10 s46:  87%|████████▋ | 261/300 [35:14<05:16,  8.10s/ep][A

tin/rn18/el2nbest/sl/ipc10 s46:  87%|████████▋ | 262/300 [35:22<05:07,  8.10s/ep][A

tin/rn18/el2nbest/sl/ipc10 s46:  88%|████████▊ | 263/300 [35:30<04:59,  8.10s/ep][A

tin/rn18/el2nbest/sl/ipc10 s46:  88%|████████▊ | 264/300 [35:38<04:51,  8.10s/ep][A

tin/rn18/el2nbest/sl/ipc10 s46:  88%|████████▊ | 265/300 [35:46<04:43,  8.10s/ep][A

tin/rn18/el2nbest/sl/ipc10 s46:  89%|████████▊ | 266/300 [35:54<04:35,  8.10s/ep][A

tin/rn18/el2nbest/sl/ipc10 s46:  89%|████████▉ | 267/300 [36:03<04:27,  8.10s/ep][A

tin/rn18/el2nbest/sl/ipc10 s46:  89%|████████▉ | 268/300 [36:11<04:19,  8.10s/ep][A

tin/rn18/el2nbest/sl/ipc10 s46:  90%|████████▉ | 269/300 [36:19<04:11,  8.10s/ep][A

tin/rn18/el2nbest/sl/ipc10 s46:  90%|█████████ | 270/300 [36:27<04:03,  8.10s/ep][A

tin/rn18/el2nbest/sl/ipc10 s46:  90%|█████████ | 271/300 [36:35<03:54,  8.10s/ep][A

tin/rn18/el2nbest/sl/ipc10 s46:  91%|█████████ | 272/300 [36:43<03:46,  8.10s/ep][A

tin/rn18/el2nbest/sl/ipc10 s46:  91%|█████████ | 273/300 [36:51<03:38,  8.10s/ep][A

tin/rn18/el2nbest/sl/ipc10 s46:  91%|█████████▏| 274/300 [36:59<03:30,  8.10s/ep][A

tin/rn18/el2nbest/sl/ipc10 s46:  92%|█████████▏| 275/300 [37:07<03:22,  8.10s/ep][A

tin/rn18/el2nbest/sl/ipc10 s46:  92%|█████████▏| 276/300 [37:15<03:14,  8.10s/ep][A

tin/rn18/el2nbest/sl/ipc10 s46:  92%|█████████▏| 277/300 [37:24<03:06,  8.10s/ep][A

tin/rn18/el2nbest/sl/ipc10 s46:  93%|█████████▎| 278/300 [37:32<02:58,  8.10s/ep][A

tin/rn18/el2nbest/sl/ipc10 s46:  93%|█████████▎| 279/300 [37:40<02:50,  8.10s/ep][A

tin/rn18/el2nbest/sl/ipc10 s46:  93%|█████████▎| 280/300 [37:48<02:42,  8.10s/ep][A

tin/rn18/el2nbest/sl/ipc10 s46:  94%|█████████▎| 281/300 [37:56<02:33,  8.10s/ep][A

tin/rn18/el2nbest/sl/ipc10 s46:  94%|█████████▍| 282/300 [38:04<02:25,  8.10s/ep][A

tin/rn18/el2nbest/sl/ipc10 s46:  94%|█████████▍| 283/300 [38:12<02:17,  8.11s/ep][A

tin/rn18/el2nbest/sl/ipc10 s46:  95%|█████████▍| 284/300 [38:20<02:09,  8.11s/ep][A

tin/rn18/el2nbest/sl/ipc10 s46:  95%|█████████▌| 285/300 [38:28<02:01,  8.11s/ep][A

tin/rn18/el2nbest/sl/ipc10 s46:  95%|█████████▌| 286/300 [38:37<01:53,  8.10s/ep][A

tin/rn18/el2nbest/sl/ipc10 s46:  96%|█████████▌| 287/300 [38:45<01:45,  8.10s/ep][A

tin/rn18/el2nbest/sl/ipc10 s46:  96%|█████████▌| 288/300 [38:53<01:37,  8.11s/ep][A

tin/rn18/el2nbest/sl/ipc10 s46:  96%|█████████▋| 289/300 [39:01<01:29,  8.11s/ep][A

tin/rn18/el2nbest/sl/ipc10 s46:  97%|█████████▋| 290/300 [39:09<01:21,  8.11s/ep][A

tin/rn18/el2nbest/sl/ipc10 s46:  97%|█████████▋| 291/300 [39:17<01:12,  8.10s/ep][A

tin/rn18/el2nbest/sl/ipc10 s46:  97%|█████████▋| 292/300 [39:25<01:04,  8.10s/ep][A

tin/rn18/el2nbest/sl/ipc10 s46:  98%|█████████▊| 293/300 [39:33<00:56,  8.10s/ep][A

tin/rn18/el2nbest/sl/ipc10 s46:  98%|█████████▊| 294/300 [39:41<00:48,  8.10s/ep][A

tin/rn18/el2nbest/sl/ipc10 s46:  98%|█████████▊| 295/300 [39:49<00:40,  8.10s/ep][A

tin/rn18/el2nbest/sl/ipc10 s46:  99%|█████████▊| 296/300 [39:58<00:32,  8.10s/ep][A

tin/rn18/el2nbest/sl/ipc10 s46:  99%|█████████▉| 297/300 [40:06<00:24,  8.11s/ep][A

tin/rn18/el2nbest/sl/ipc10 s46:  99%|█████████▉| 298/300 [40:14<00:16,  8.10s/ep][A

tin/rn18/el2nbest/sl/ipc10 s46: 100%|█████████▉| 299/300 [40:22<00:08,  8.10s/ep][A

tin/rn18/el2nbest/sl/ipc10 s46: 100%|██████████| 300/300 [40:30<00:00,  8.10s/ep][A

                                                                                 [A[cell] tin/rn18/el2nbest/sl/ipc10 seed46: 16.14%  (2444s)
[cell] tin/rn18/el2nbest/sl/ipc10: union seeds [42, 43, 44] + [45, 46]

rn18-tin:   7%|▋         | 2/27 [2:43:04<33:58:35, 4892.63s/cell, el2nbest/sl/ipc10]
rn18-tin:   7%|▋         | 2/27 [2:43:04<33:58:35, 4892.63s/cell, cadprune/sl/ipc10][cell] tin/rn18/el2nbest/sl/ipc10: 15.40 +- 0.42 (window 90%)
[cell] partial (bench_tin_rn18_cadprune_sl_ipc10.json): have [42, 43, 44], running [45, 46]


tin/rn18/cadprune/sl/ipc10 s45:   0%|          | 0/300 [00:00<?, ?ep/s][A

tin/rn18/cadprune/sl/ipc10 s45:   0%|          | 1/300 [00:07<37:35,  7.54s/ep][A

tin/rn18/cadprune/sl/ipc10 s45:   1%|          | 2/300 [00:15<39:05,  7.87s/ep][A

tin/rn18/cadprune/sl/ipc10 s45:   1%|          | 3/300 [00:23<39:30,  7.98s/ep][A

tin/rn18/cadprune/sl/ipc10 s45:   1%|▏         | 4/300 [00:31<39:36,  8.03s/ep][A

tin/rn18/cadprune/sl/ipc10 s45:   2%|▏         | 5/300 [00:39<39:37,  8.06s/ep][A

tin/rn18/cadprune/sl/ipc10 s45:   2%|▏         | 6/300 [00:48<39:33,  8.07s/ep][A

tin/rn18/cadprune/sl/ipc10 s45:   2%|▏         | 7/300 [00:56<39:27,  8.08s/ep][A

tin/rn18/cadprune/sl/ipc10 s45:   3%|▎         | 8/300 [01:04<39:22,  8.09s/ep][A

tin/rn18/cadprune/sl/ipc10 s45:   3%|▎         | 9/300 [01:12<39:14,  8.09s/ep][A

tin/rn18/cadprune/sl/ipc10 s45:   3%|▎         | 10/300 [01:20<39:07,  8.10s/ep][A

tin/rn18/cadprune/sl/ipc10 s45:   4%|▎         | 11/300 [01:28<39:00,  8.10s/ep][A

tin/rn18/cadprune/sl/ipc10 s45:   4%|▍         | 12/300 [01:36<38:52,  8.10s/ep][A

tin/rn18/cadprune/sl/ipc10 s45:   4%|▍         | 13/300 [01:44<38:43,  8.10s/ep][A

tin/rn18/cadprune/sl/ipc10 s45:   5%|▍         | 14/300 [01:52<38:36,  8.10s/ep][A

tin/rn18/cadprune/sl/ipc10 s45:   5%|▌         | 15/300 [02:00<38:28,  8.10s/ep][A

tin/rn18/cadprune/sl/ipc10 s45:   5%|▌         | 16/300 [02:09<38:21,  8.10s/ep][A

tin/rn18/cadprune/sl/ipc10 s45:   6%|▌         | 17/300 [02:17<38:12,  8.10s/ep][A

tin/rn18/cadprune/sl/ipc10 s45:   6%|▌         | 18/300 [02:25<38:06,  8.11s/ep][A

tin/rn18/cadprune/sl/ipc10 s45:   6%|▋         | 19/300 [02:33<37:57,  8.10s/ep][A

tin/rn18/cadprune/sl/ipc10 s45:   7%|▋         | 20/300 [02:41<37:49,  8.11s/ep][A

tin/rn18/cadprune/sl/ipc10 s45:   7%|▋         | 21/300 [02:49<37:41,  8.11s/ep][A

tin/rn18/cadprune/sl/ipc10 s45:   7%|▋         | 22/300 [02:57<37:32,  8.10s/ep][A

tin/rn18/cadprune/sl/ipc10 s45:   8%|▊         | 23/300 [03:05<37:24,  8.10s/ep][A

tin/rn18/cadprune/sl/ipc10 s45:   8%|▊         | 24/300 [03:13<37:16,  8.10s/ep][A

tin/rn18/cadprune/sl/ipc10 s45:   8%|▊         | 25/300 [03:22<37:08,  8.11s/ep][A

tin/rn18/cadprune/sl/ipc10 s45:   9%|▊         | 26/300 [03:30<37:00,  8.10s/ep][A

tin/rn18/cadprune/sl/ipc10 s45:   9%|▉         | 27/300 [03:38<36:52,  8.10s/ep][A

tin/rn18/cadprune/sl/ipc10 s45:   9%|▉         | 28/300 [03:46<36:43,  8.10s/ep][A

tin/rn18/cadprune/sl/ipc10 s45:  10%|▉         | 29/300 [03:54<36:35,  8.10s/ep][A

tin/rn18/cadprune/sl/ipc10 s45:  10%|█         | 30/300 [04:02<36:27,  8.10s/ep][A

tin/rn18/cadprune/sl/ipc10 s45:  10%|█         | 31/300 [04:10<36:20,  8.11s/ep][A

tin/rn18/cadprune/sl/ipc10 s45:  11%|█         | 32/300 [04:18<36:12,  8.11s/ep][A

tin/rn18/cadprune/sl/ipc10 s45:  11%|█         | 33/300 [04:26<36:03,  8.10s/ep][A

tin/rn18/cadprune/sl/ipc10 s45:  11%|█▏        | 34/300 [04:34<35:55,  8.10s/ep][A

tin/rn18/cadprune/sl/ipc10 s45:  12%|█▏        | 35/300 [04:43<35:47,  8.10s/ep][A

tin/rn18/cadprune/sl/ipc10 s45:  12%|█▏        | 36/300 [04:51<35:39,  8.10s/ep][A

tin/rn18/cadprune/sl/ipc10 s45:  12%|█▏        | 37/300 [04:59<35:30,  8.10s/ep][A

tin/rn18/cadprune/sl/ipc10 s45:  13%|█▎        | 38/300 [05:07<35:23,  8.10s/ep][A

tin/rn18/cadprune/sl/ipc10 s45:  13%|█▎        | 39/300 [05:15<35:14,  8.10s/ep][A

tin/rn18/cadprune/sl/ipc10 s45:  13%|█▎        | 40/300 [05:23<35:06,  8.10s/ep][A

tin/rn18/cadprune/sl/ipc10 s45:  14%|█▎        | 41/300 [05:31<34:58,  8.10s/ep][A

tin/rn18/cadprune/sl/ipc10 s45:  14%|█▍        | 42/300 [05:39<34:51,  8.11s/ep][A

tin/rn18/cadprune/sl/ipc10 s45:  14%|█▍        | 43/300 [05:47<34:42,  8.10s/ep][A

tin/rn18/cadprune/sl/ipc10 s45:  15%|█▍        | 44/300 [05:55<34:34,  8.10s/ep][A

tin/rn18/cadprune/sl/ipc10 s45:  15%|█▌        | 45/300 [06:04<34:26,  8.10s/ep][A

tin/rn18/cadprune/sl/ipc10 s45:  15%|█▌        | 46/300 [06:12<34:18,  8.10s/ep][A

tin/rn18/cadprune/sl/ipc10 s45:  16%|█▌        | 47/300 [06:20<34:09,  8.10s/ep][A

tin/rn18/cadprune/sl/ipc10 s45:  16%|█▌        | 48/300 [06:28<34:02,  8.10s/ep][A

tin/rn18/cadprune/sl/ipc10 s45:  16%|█▋        | 49/300 [06:36<33:54,  8.10s/ep][A

tin/rn18/cadprune/sl/ipc10 s45:  17%|█▋        | 50/300 [06:44<33:46,  8.11s/ep][A

tin/rn18/cadprune/sl/ipc10 s45:  17%|█▋        | 51/300 [06:52<33:38,  8.11s/ep][A

tin/rn18/cadprune/sl/ipc10 s45:  17%|█▋        | 52/300 [07:00<33:30,  8.11s/ep][A

tin/rn18/cadprune/sl/ipc10 s45:  18%|█▊        | 53/300 [07:08<33:22,  8.11s/ep][A

tin/rn18/cadprune/sl/ipc10 s45:  18%|█▊        | 54/300 [07:17<33:13,  8.10s/ep][A

tin/rn18/cadprune/sl/ipc10 s45:  18%|█▊        | 55/300 [07:25<33:05,  8.10s/ep][A

tin/rn18/cadprune/sl/ipc10 s45:  19%|█▊        | 56/300 [07:33<32:56,  8.10s/ep][A

tin/rn18/cadprune/sl/ipc10 s45:  19%|█▉        | 57/300 [07:41<32:48,  8.10s/ep][A

tin/rn18/cadprune/sl/ipc10 s45:  19%|█▉        | 58/300 [07:49<32:40,  8.10s/ep][A

tin/rn18/cadprune/sl/ipc10 s45:  20%|█▉        | 59/300 [07:57<32:33,  8.10s/ep][A

tin/rn18/cadprune/sl/ipc10 s45:  20%|██        | 60/300 [08:05<32:24,  8.10s/ep][A

tin/rn18/cadprune/sl/ipc10 s45:  20%|██        | 61/300 [08:13<32:16,  8.10s/ep][A

tin/rn18/cadprune/sl/ipc10 s45:  21%|██        | 62/300 [08:21<32:08,  8.10s/ep][A

tin/rn18/cadprune/sl/ipc10 s45:  21%|██        | 63/300 [08:29<32:00,  8.10s/ep][A

tin/rn18/cadprune/sl/ipc10 s45:  21%|██▏       | 64/300 [08:38<31:52,  8.10s/ep][A

tin/rn18/cadprune/sl/ipc10 s45:  22%|██▏       | 65/300 [08:46<31:44,  8.11s/ep][A

tin/rn18/cadprune/sl/ipc10 s45:  22%|██▏       | 66/300 [08:54<31:36,  8.10s/ep][A

tin/rn18/cadprune/sl/ipc10 s45:  22%|██▏       | 67/300 [09:02<31:28,  8.11s/ep][A

tin/rn18/cadprune/sl/ipc10 s45:  23%|██▎       | 68/300 [09:10<31:20,  8.10s/ep][A

tin/rn18/cadprune/sl/ipc10 s45:  23%|██▎       | 69/300 [09:18<31:12,  8.10s/ep][A

tin/rn18/cadprune/sl/ipc10 s45:  23%|██▎       | 70/300 [09:26<31:02,  8.10s/ep][A

tin/rn18/cadprune/sl/ipc10 s45:  24%|██▎       | 71/300 [09:34<30:55,  8.10s/ep][A

tin/rn18/cadprune/sl/ipc10 s45:  24%|██▍       | 72/300 [09:42<30:46,  8.10s/ep][A

tin/rn18/cadprune/sl/ipc10 s45:  24%|██▍       | 73/300 [09:50<30:38,  8.10s/ep][A

tin/rn18/cadprune/sl/ipc10 s45:  25%|██▍       | 74/300 [09:59<30:30,  8.10s/ep][A

tin/rn18/cadprune/sl/ipc10 s45:  25%|██▌       | 75/300 [10:07<30:22,  8.10s/ep][A

tin/rn18/cadprune/sl/ipc10 s45:  25%|██▌       | 76/300 [10:15<30:14,  8.10s/ep][A

tin/rn18/cadprune/sl/ipc10 s45:  26%|██▌       | 77/300 [10:23<30:06,  8.10s/ep][A

tin/rn18/cadprune/sl/ipc10 s45:  26%|██▌       | 78/300 [10:31<29:58,  8.10s/ep][A

tin/rn18/cadprune/sl/ipc10 s45:  26%|██▋       | 79/300 [10:39<29:50,  8.10s/ep][A

tin/rn18/cadprune/sl/ipc10 s45:  27%|██▋       | 80/300 [10:47<29:42,  8.10s/ep][A

tin/rn18/cadprune/sl/ipc10 s45:  27%|██▋       | 81/300 [10:55<29:34,  8.10s/ep][A

tin/rn18/cadprune/sl/ipc10 s45:  27%|██▋       | 82/300 [11:03<29:26,  8.10s/ep][A

tin/rn18/cadprune/sl/ipc10 s45:  28%|██▊       | 83/300 [11:12<29:18,  8.10s/ep][A

tin/rn18/cadprune/sl/ipc10 s45:  28%|██▊       | 84/300 [11:20<29:10,  8.10s/ep][A

tin/rn18/cadprune/sl/ipc10 s45:  28%|██▊       | 85/300 [11:28<29:02,  8.10s/ep][A

tin/rn18/cadprune/sl/ipc10 s45:  29%|██▊       | 86/300 [11:36<28:53,  8.10s/ep][A

tin/rn18/cadprune/sl/ipc10 s45:  29%|██▉       | 87/300 [11:44<28:46,  8.10s/ep][A

tin/rn18/cadprune/sl/ipc10 s45:  29%|██▉       | 88/300 [11:52<28:38,  8.10s/ep][A

tin/rn18/cadprune/sl/ipc10 s45:  30%|██▉       | 89/300 [12:00<28:30,  8.11s/ep][A

tin/rn18/cadprune/sl/ipc10 s45:  30%|███       | 90/300 [12:08<28:21,  8.10s/ep][A

tin/rn18/cadprune/sl/ipc10 s45:  30%|███       | 91/300 [12:16<28:13,  8.10s/ep][A

tin/rn18/cadprune/sl/ipc10 s45:  31%|███       | 92/300 [12:24<28:05,  8.10s/ep][A

tin/rn18/cadprune/sl/ipc10 s45:  31%|███       | 93/300 [12:33<27:57,  8.10s/ep][A

tin/rn18/cadprune/sl/ipc10 s45:  31%|███▏      | 94/300 [12:41<27:49,  8.11s/ep][A

tin/rn18/cadprune/sl/ipc10 s45:  32%|███▏      | 95/300 [12:49<27:41,  8.10s/ep][A

tin/rn18/cadprune/sl/ipc10 s45:  32%|███▏      | 96/300 [12:57<27:33,  8.10s/ep][A

tin/rn18/cadprune/sl/ipc10 s45:  32%|███▏      | 97/300 [13:05<27:25,  8.11s/ep][A

tin/rn18/cadprune/sl/ipc10 s45:  33%|███▎      | 98/300 [13:13<27:17,  8.11s/ep][A

tin/rn18/cadprune/sl/ipc10 s45:  33%|███▎      | 99/300 [13:21<27:08,  8.10s/ep][A

tin/rn18/cadprune/sl/ipc10 s45:  33%|███▎      | 100/300 [13:29<27:00,  8.10s/ep][A

tin/rn18/cadprune/sl/ipc10 s45:  34%|███▎      | 101/300 [13:37<26:52,  8.10s/ep][A

tin/rn18/cadprune/sl/ipc10 s45:  34%|███▍      | 102/300 [13:45<26:43,  8.10s/ep][A

tin/rn18/cadprune/sl/ipc10 s45:  34%|███▍      | 103/300 [13:54<26:35,  8.10s/ep][A

tin/rn18/cadprune/sl/ipc10 s45:  35%|███▍      | 104/300 [14:02<26:27,  8.10s/ep][A

tin/rn18/cadprune/sl/ipc10 s45:  35%|███▌      | 105/300 [14:10<26:19,  8.10s/ep][A

tin/rn18/cadprune/sl/ipc10 s45:  35%|███▌      | 106/300 [14:18<26:11,  8.10s/ep][A

tin/rn18/cadprune/sl/ipc10 s45:  36%|███▌      | 107/300 [14:26<26:03,  8.10s/ep][A

tin/rn18/cadprune/sl/ipc10 s45:  36%|███▌      | 108/300 [14:34<25:55,  8.10s/ep][A

tin/rn18/cadprune/sl/ipc10 s45:  36%|███▋      | 109/300 [14:42<25:47,  8.10s/ep][A

tin/rn18/cadprune/sl/ipc10 s45:  37%|███▋      | 110/300 [14:50<25:39,  8.10s/ep][A

tin/rn18/cadprune/sl/ipc10 s45:  37%|███▋      | 111/300 [14:58<25:31,  8.10s/ep][A

tin/rn18/cadprune/sl/ipc10 s45:  37%|███▋      | 112/300 [15:07<25:23,  8.11s/ep][A

tin/rn18/cadprune/sl/ipc10 s45:  38%|███▊      | 113/300 [15:15<25:15,  8.10s/ep][A

tin/rn18/cadprune/sl/ipc10 s45:  38%|███▊      | 114/300 [15:23<25:06,  8.10s/ep][A

tin/rn18/cadprune/sl/ipc10 s45:  38%|███▊      | 115/300 [15:31<24:58,  8.10s/ep][A

tin/rn18/cadprune/sl/ipc10 s45:  39%|███▊      | 116/300 [15:39<24:51,  8.10s/ep][A

tin/rn18/cadprune/sl/ipc10 s45:  39%|███▉      | 117/300 [15:47<24:42,  8.10s/ep][A

tin/rn18/cadprune/sl/ipc10 s45:  39%|███▉      | 118/300 [15:55<24:35,  8.10s/ep][A

tin/rn18/cadprune/sl/ipc10 s45:  40%|███▉      | 119/300 [16:03<24:27,  8.11s/ep][A

tin/rn18/cadprune/sl/ipc10 s45:  40%|████      | 120/300 [16:11<24:19,  8.11s/ep][A

tin/rn18/cadprune/sl/ipc10 s45:  40%|████      | 121/300 [16:19<24:10,  8.10s/ep][A

tin/rn18/cadprune/sl/ipc10 s45:  41%|████      | 122/300 [16:28<24:02,  8.10s/ep][A

tin/rn18/cadprune/sl/ipc10 s45:  41%|████      | 123/300 [16:36<23:54,  8.10s/ep][A

tin/rn18/cadprune/sl/ipc10 s45:  41%|████▏     | 124/300 [16:44<23:46,  8.10s/ep][A

tin/rn18/cadprune/sl/ipc10 s45:  42%|████▏     | 125/300 [16:52<23:38,  8.10s/ep][A

tin/rn18/cadprune/sl/ipc10 s45:  42%|████▏     | 126/300 [17:00<23:30,  8.10s/ep][A

tin/rn18/cadprune/sl/ipc10 s45:  42%|████▏     | 127/300 [17:08<23:21,  8.10s/ep][A

tin/rn18/cadprune/sl/ipc10 s45:  43%|████▎     | 128/300 [17:16<23:13,  8.10s/ep][A

tin/rn18/cadprune/sl/ipc10 s45:  43%|████▎     | 129/300 [17:24<23:05,  8.10s/ep][A

tin/rn18/cadprune/sl/ipc10 s45:  43%|████▎     | 130/300 [17:32<22:57,  8.10s/ep][A

tin/rn18/cadprune/sl/ipc10 s45:  44%|████▎     | 131/300 [17:40<22:49,  8.10s/ep][A

tin/rn18/cadprune/sl/ipc10 s45:  44%|████▍     | 132/300 [17:49<22:41,  8.11s/ep][A

tin/rn18/cadprune/sl/ipc10 s45:  44%|████▍     | 133/300 [17:57<22:33,  8.10s/ep][A

tin/rn18/cadprune/sl/ipc10 s45:  45%|████▍     | 134/300 [18:05<22:25,  8.10s/ep][A

tin/rn18/cadprune/sl/ipc10 s45:  45%|████▌     | 135/300 [18:13<22:16,  8.10s/ep][A

tin/rn18/cadprune/sl/ipc10 s45:  45%|████▌     | 136/300 [18:21<22:08,  8.10s/ep][A

tin/rn18/cadprune/sl/ipc10 s45:  46%|████▌     | 137/300 [18:29<22:00,  8.10s/ep][A

tin/rn18/cadprune/sl/ipc10 s45:  46%|████▌     | 138/300 [18:37<21:52,  8.10s/ep][A

tin/rn18/cadprune/sl/ipc10 s45:  46%|████▋     | 139/300 [18:45<21:44,  8.10s/ep][A

tin/rn18/cadprune/sl/ipc10 s45:  47%|████▋     | 140/300 [18:53<21:36,  8.10s/ep][A

tin/rn18/cadprune/sl/ipc10 s45:  47%|████▋     | 141/300 [19:01<21:28,  8.10s/ep][A

tin/rn18/cadprune/sl/ipc10 s45:  47%|████▋     | 142/300 [19:10<21:19,  8.10s/ep][A

tin/rn18/cadprune/sl/ipc10 s45:  48%|████▊     | 143/300 [19:18<21:11,  8.10s/ep][A

tin/rn18/cadprune/sl/ipc10 s45:  48%|████▊     | 144/300 [19:26<21:03,  8.10s/ep][A

tin/rn18/cadprune/sl/ipc10 s45:  48%|████▊     | 145/300 [19:34<20:55,  8.10s/ep][A

tin/rn18/cadprune/sl/ipc10 s45:  49%|████▊     | 146/300 [19:42<20:48,  8.11s/ep][A

tin/rn18/cadprune/sl/ipc10 s45:  49%|████▉     | 147/300 [19:50<20:40,  8.11s/ep][A

tin/rn18/cadprune/sl/ipc10 s45:  49%|████▉     | 148/300 [19:58<20:31,  8.10s/ep][A

tin/rn18/cadprune/sl/ipc10 s45:  50%|████▉     | 149/300 [20:06<20:24,  8.11s/ep][A

tin/rn18/cadprune/sl/ipc10 s45:  50%|█████     | 150/300 [20:14<20:15,  8.11s/ep][A

tin/rn18/cadprune/sl/ipc10 s45:  50%|█████     | 151/300 [20:23<20:08,  8.11s/ep][A

tin/rn18/cadprune/sl/ipc10 s45:  51%|█████     | 152/300 [20:31<20:00,  8.11s/ep][A

tin/rn18/cadprune/sl/ipc10 s45:  51%|█████     | 153/300 [20:39<19:51,  8.11s/ep][A

tin/rn18/cadprune/sl/ipc10 s45:  51%|█████▏    | 154/300 [20:47<19:43,  8.11s/ep][A

tin/rn18/cadprune/sl/ipc10 s45:  52%|█████▏    | 155/300 [20:55<19:35,  8.11s/ep][A

tin/rn18/cadprune/sl/ipc10 s45:  52%|█████▏    | 156/300 [21:03<19:27,  8.11s/ep][A

tin/rn18/cadprune/sl/ipc10 s45:  52%|█████▏    | 157/300 [21:11<19:19,  8.10s/ep][A

tin/rn18/cadprune/sl/ipc10 s45:  53%|█████▎    | 158/300 [21:19<19:10,  8.11s/ep][A

tin/rn18/cadprune/sl/ipc10 s45:  53%|█████▎    | 159/300 [21:27<19:02,  8.10s/ep][A

tin/rn18/cadprune/sl/ipc10 s45:  53%|█████▎    | 160/300 [21:35<18:54,  8.11s/ep][A

tin/rn18/cadprune/sl/ipc10 s45:  54%|█████▎    | 161/300 [21:44<18:46,  8.11s/ep][A

tin/rn18/cadprune/sl/ipc10 s45:  54%|█████▍    | 162/300 [21:52<18:38,  8.11s/ep][A

tin/rn18/cadprune/sl/ipc10 s45:  54%|█████▍    | 163/300 [22:00<18:29,  8.10s/ep][A

tin/rn18/cadprune/sl/ipc10 s45:  55%|█████▍    | 164/300 [22:08<18:21,  8.10s/ep][A

tin/rn18/cadprune/sl/ipc10 s45:  55%|█████▌    | 165/300 [22:16<18:14,  8.11s/ep][A

tin/rn18/cadprune/sl/ipc10 s45:  55%|█████▌    | 166/300 [22:24<18:05,  8.10s/ep][A

tin/rn18/cadprune/sl/ipc10 s45:  56%|█████▌    | 167/300 [22:32<17:57,  8.10s/ep][A

tin/rn18/cadprune/sl/ipc10 s45:  56%|█████▌    | 168/300 [22:40<17:50,  8.11s/ep][A

tin/rn18/cadprune/sl/ipc10 s45:  56%|█████▋    | 169/300 [22:48<17:41,  8.10s/ep][A

tin/rn18/cadprune/sl/ipc10 s45:  57%|█████▋    | 170/300 [22:57<17:33,  8.10s/ep][A

tin/rn18/cadprune/sl/ipc10 s45:  57%|█████▋    | 171/300 [23:05<17:25,  8.10s/ep][A

tin/rn18/cadprune/sl/ipc10 s45:  57%|█████▋    | 172/300 [23:13<17:17,  8.10s/ep][A

tin/rn18/cadprune/sl/ipc10 s45:  58%|█████▊    | 173/300 [23:21<17:08,  8.10s/ep][A

tin/rn18/cadprune/sl/ipc10 s45:  58%|█████▊    | 174/300 [23:29<17:01,  8.10s/ep][A

tin/rn18/cadprune/sl/ipc10 s45:  58%|█████▊    | 175/300 [23:37<16:52,  8.10s/ep][A

tin/rn18/cadprune/sl/ipc10 s45:  59%|█████▊    | 176/300 [23:45<16:44,  8.10s/ep][A

tin/rn18/cadprune/sl/ipc10 s45:  59%|█████▉    | 177/300 [23:53<16:36,  8.10s/ep][A

tin/rn18/cadprune/sl/ipc10 s45:  59%|█████▉    | 178/300 [24:01<16:28,  8.10s/ep][A

tin/rn18/cadprune/sl/ipc10 s45:  60%|█████▉    | 179/300 [24:09<16:20,  8.10s/ep][A

tin/rn18/cadprune/sl/ipc10 s45:  60%|██████    | 180/300 [24:18<16:11,  8.10s/ep][A

tin/rn18/cadprune/sl/ipc10 s45:  60%|██████    | 181/300 [24:26<16:03,  8.10s/ep][A

tin/rn18/cadprune/sl/ipc10 s45:  61%|██████    | 182/300 [24:34<15:55,  8.10s/ep][A

tin/rn18/cadprune/sl/ipc10 s45:  61%|██████    | 183/300 [24:42<15:47,  8.10s/ep][A

tin/rn18/cadprune/sl/ipc10 s45:  61%|██████▏   | 184/300 [24:50<15:40,  8.10s/ep][A

tin/rn18/cadprune/sl/ipc10 s45:  62%|██████▏   | 185/300 [24:58<15:31,  8.10s/ep][A

tin/rn18/cadprune/sl/ipc10 s45:  62%|██████▏   | 186/300 [25:06<15:24,  8.11s/ep][A

tin/rn18/cadprune/sl/ipc10 s45:  62%|██████▏   | 187/300 [25:14<15:15,  8.10s/ep][A

tin/rn18/cadprune/sl/ipc10 s45:  63%|██████▎   | 188/300 [25:22<15:07,  8.10s/ep][A

tin/rn18/cadprune/sl/ipc10 s45:  63%|██████▎   | 189/300 [25:30<14:59,  8.10s/ep][A

tin/rn18/cadprune/sl/ipc10 s45:  63%|██████▎   | 190/300 [25:39<14:51,  8.10s/ep][A

tin/rn18/cadprune/sl/ipc10 s45:  64%|██████▎   | 191/300 [25:47<14:42,  8.10s/ep][A

tin/rn18/cadprune/sl/ipc10 s45:  64%|██████▍   | 192/300 [25:55<14:34,  8.10s/ep][A

tin/rn18/cadprune/sl/ipc10 s45:  64%|██████▍   | 193/300 [26:03<14:27,  8.10s/ep][A

tin/rn18/cadprune/sl/ipc10 s45:  65%|██████▍   | 194/300 [26:11<14:19,  8.10s/ep][A

tin/rn18/cadprune/sl/ipc10 s45:  65%|██████▌   | 195/300 [26:19<14:10,  8.10s/ep][A

tin/rn18/cadprune/sl/ipc10 s45:  65%|██████▌   | 196/300 [26:27<14:02,  8.11s/ep][A

tin/rn18/cadprune/sl/ipc10 s45:  66%|██████▌   | 197/300 [26:35<13:54,  8.10s/ep][A

tin/rn18/cadprune/sl/ipc10 s45:  66%|██████▌   | 198/300 [26:43<13:46,  8.11s/ep][A

tin/rn18/cadprune/sl/ipc10 s45:  66%|██████▋   | 199/300 [26:51<13:38,  8.11s/ep][A

tin/rn18/cadprune/sl/ipc10 s45:  67%|██████▋   | 200/300 [27:00<13:30,  8.10s/ep][A

tin/rn18/cadprune/sl/ipc10 s45:  67%|██████▋   | 201/300 [27:08<13:22,  8.10s/ep][A

tin/rn18/cadprune/sl/ipc10 s45:  67%|██████▋   | 202/300 [27:16<13:14,  8.10s/ep][A

tin/rn18/cadprune/sl/ipc10 s45:  68%|██████▊   | 203/300 [27:24<13:06,  8.11s/ep][A

tin/rn18/cadprune/sl/ipc10 s45:  68%|██████▊   | 204/300 [27:32<12:57,  8.10s/ep][A

tin/rn18/cadprune/sl/ipc10 s45:  68%|██████▊   | 205/300 [27:40<12:50,  8.11s/ep][A

tin/rn18/cadprune/sl/ipc10 s45:  69%|██████▊   | 206/300 [27:48<12:41,  8.11s/ep][A

tin/rn18/cadprune/sl/ipc10 s45:  69%|██████▉   | 207/300 [27:56<12:33,  8.11s/ep][A

tin/rn18/cadprune/sl/ipc10 s45:  69%|██████▉   | 208/300 [28:04<12:25,  8.11s/ep][A

tin/rn18/cadprune/sl/ipc10 s45:  70%|██████▉   | 209/300 [28:13<12:17,  8.10s/ep][A

tin/rn18/cadprune/sl/ipc10 s45:  70%|███████   | 210/300 [28:21<12:09,  8.11s/ep][A

tin/rn18/cadprune/sl/ipc10 s45:  70%|███████   | 211/300 [28:29<12:01,  8.10s/ep][A

tin/rn18/cadprune/sl/ipc10 s45:  71%|███████   | 212/300 [28:37<11:53,  8.11s/ep][A

tin/rn18/cadprune/sl/ipc10 s45:  71%|███████   | 213/300 [28:45<11:44,  8.10s/ep][A

tin/rn18/cadprune/sl/ipc10 s45:  71%|███████▏  | 214/300 [28:53<11:36,  8.10s/ep][A

tin/rn18/cadprune/sl/ipc10 s45:  72%|███████▏  | 215/300 [29:01<11:28,  8.11s/ep][A

tin/rn18/cadprune/sl/ipc10 s45:  72%|███████▏  | 216/300 [29:09<11:20,  8.10s/ep][A

tin/rn18/cadprune/sl/ipc10 s45:  72%|███████▏  | 217/300 [29:17<11:13,  8.11s/ep][A

tin/rn18/cadprune/sl/ipc10 s45:  73%|███████▎  | 218/300 [29:26<11:04,  8.11s/ep][A

tin/rn18/cadprune/sl/ipc10 s45:  73%|███████▎  | 219/300 [29:34<10:56,  8.11s/ep][A

tin/rn18/cadprune/sl/ipc10 s45:  73%|███████▎  | 220/300 [29:42<10:48,  8.11s/ep][A

tin/rn18/cadprune/sl/ipc10 s45:  74%|███████▎  | 221/300 [29:50<10:40,  8.11s/ep][A

tin/rn18/cadprune/sl/ipc10 s45:  74%|███████▍  | 222/300 [29:58<10:32,  8.11s/ep][A

tin/rn18/cadprune/sl/ipc10 s45:  74%|███████▍  | 223/300 [30:06<10:24,  8.10s/ep][A

tin/rn18/cadprune/sl/ipc10 s45:  75%|███████▍  | 224/300 [30:14<10:16,  8.11s/ep][A

tin/rn18/cadprune/sl/ipc10 s45:  75%|███████▌  | 225/300 [30:22<10:07,  8.10s/ep][A

tin/rn18/cadprune/sl/ipc10 s45:  75%|███████▌  | 226/300 [30:30<09:59,  8.10s/ep][A

tin/rn18/cadprune/sl/ipc10 s45:  76%|███████▌  | 227/300 [30:38<09:51,  8.10s/ep][A

tin/rn18/cadprune/sl/ipc10 s45:  76%|███████▌  | 228/300 [30:47<09:43,  8.10s/ep][A

tin/rn18/cadprune/sl/ipc10 s45:  76%|███████▋  | 229/300 [30:55<09:35,  8.10s/ep][A

tin/rn18/cadprune/sl/ipc10 s45:  77%|███████▋  | 230/300 [31:03<09:26,  8.10s/ep][A

tin/rn18/cadprune/sl/ipc10 s45:  77%|███████▋  | 231/300 [31:11<09:19,  8.10s/ep][A

tin/rn18/cadprune/sl/ipc10 s45:  77%|███████▋  | 232/300 [31:19<09:11,  8.10s/ep][A

tin/rn18/cadprune/sl/ipc10 s45:  78%|███████▊  | 233/300 [31:27<09:02,  8.10s/ep][A

tin/rn18/cadprune/sl/ipc10 s45:  78%|███████▊  | 234/300 [31:35<08:54,  8.10s/ep][A

tin/rn18/cadprune/sl/ipc10 s45:  78%|███████▊  | 235/300 [31:43<08:46,  8.10s/ep][A

tin/rn18/cadprune/sl/ipc10 s45:  79%|███████▊  | 236/300 [31:51<08:38,  8.10s/ep][A

tin/rn18/cadprune/sl/ipc10 s45:  79%|███████▉  | 237/300 [31:59<08:30,  8.10s/ep][A

tin/rn18/cadprune/sl/ipc10 s45:  79%|███████▉  | 238/300 [32:08<08:22,  8.10s/ep][A

tin/rn18/cadprune/sl/ipc10 s45:  80%|███████▉  | 239/300 [32:16<08:14,  8.10s/ep][A

tin/rn18/cadprune/sl/ipc10 s45:  80%|████████  | 240/300 [32:24<08:06,  8.10s/ep][A

tin/rn18/cadprune/sl/ipc10 s45:  80%|████████  | 241/300 [32:32<07:58,  8.10s/ep][A

tin/rn18/cadprune/sl/ipc10 s45:  81%|████████  | 242/300 [32:40<07:49,  8.10s/ep][A

tin/rn18/cadprune/sl/ipc10 s45:  81%|████████  | 243/300 [32:48<07:41,  8.10s/ep][A

tin/rn18/cadprune/sl/ipc10 s45:  81%|████████▏ | 244/300 [32:56<07:33,  8.10s/ep][A

tin/rn18/cadprune/sl/ipc10 s45:  82%|████████▏ | 245/300 [33:04<07:25,  8.10s/ep][A

tin/rn18/cadprune/sl/ipc10 s45:  82%|████████▏ | 246/300 [33:12<07:17,  8.10s/ep][A

tin/rn18/cadprune/sl/ipc10 s45:  82%|████████▏ | 247/300 [33:21<07:09,  8.10s/ep][A

tin/rn18/cadprune/sl/ipc10 s45:  83%|████████▎ | 248/300 [33:29<07:01,  8.10s/ep][A

tin/rn18/cadprune/sl/ipc10 s45:  83%|████████▎ | 249/300 [33:37<06:53,  8.11s/ep][A

tin/rn18/cadprune/sl/ipc10 s45:  83%|████████▎ | 250/300 [33:45<06:45,  8.11s/ep][A

tin/rn18/cadprune/sl/ipc10 s45:  84%|████████▎ | 251/300 [33:53<06:37,  8.11s/ep][A

tin/rn18/cadprune/sl/ipc10 s45:  84%|████████▍ | 252/300 [34:01<06:29,  8.11s/ep][A

tin/rn18/cadprune/sl/ipc10 s45:  84%|████████▍ | 253/300 [34:09<06:21,  8.11s/ep][A

tin/rn18/cadprune/sl/ipc10 s45:  85%|████████▍ | 254/300 [34:17<06:12,  8.10s/ep][A

tin/rn18/cadprune/sl/ipc10 s45:  85%|████████▌ | 255/300 [34:25<06:04,  8.11s/ep][A

tin/rn18/cadprune/sl/ipc10 s45:  85%|████████▌ | 256/300 [34:33<05:56,  8.10s/ep][A

tin/rn18/cadprune/sl/ipc10 s45:  86%|████████▌ | 257/300 [34:42<05:48,  8.10s/ep][A

tin/rn18/cadprune/sl/ipc10 s45:  86%|████████▌ | 258/300 [34:50<05:40,  8.10s/ep][A

tin/rn18/cadprune/sl/ipc10 s45:  86%|████████▋ | 259/300 [34:58<05:32,  8.10s/ep][A

tin/rn18/cadprune/sl/ipc10 s45:  87%|████████▋ | 260/300 [35:06<05:24,  8.10s/ep][A

tin/rn18/cadprune/sl/ipc10 s45:  87%|████████▋ | 261/300 [35:14<05:15,  8.10s/ep][A

tin/rn18/cadprune/sl/ipc10 s45:  87%|████████▋ | 262/300 [35:22<05:07,  8.10s/ep][A

tin/rn18/cadprune/sl/ipc10 s45:  88%|████████▊ | 263/300 [35:30<04:59,  8.10s/ep][A

tin/rn18/cadprune/sl/ipc10 s45:  88%|████████▊ | 264/300 [35:38<04:51,  8.10s/ep][A

tin/rn18/cadprune/sl/ipc10 s45:  88%|████████▊ | 265/300 [35:46<04:43,  8.10s/ep][A

tin/rn18/cadprune/sl/ipc10 s45:  89%|████████▊ | 266/300 [35:54<04:35,  8.10s/ep][A

tin/rn18/cadprune/sl/ipc10 s45:  89%|████████▉ | 267/300 [36:03<04:27,  8.11s/ep][A

tin/rn18/cadprune/sl/ipc10 s45:  89%|████████▉ | 268/300 [36:11<04:19,  8.11s/ep][A

tin/rn18/cadprune/sl/ipc10 s45:  90%|████████▉ | 269/300 [36:19<04:11,  8.11s/ep][A

tin/rn18/cadprune/sl/ipc10 s45:  90%|█████████ | 270/300 [36:27<04:03,  8.10s/ep][A

tin/rn18/cadprune/sl/ipc10 s45:  90%|█████████ | 271/300 [36:35<03:54,  8.10s/ep][A

tin/rn18/cadprune/sl/ipc10 s45:  91%|█████████ | 272/300 [36:43<03:46,  8.10s/ep][A

tin/rn18/cadprune/sl/ipc10 s45:  91%|█████████ | 273/300 [36:51<03:38,  8.10s/ep][A

tin/rn18/cadprune/sl/ipc10 s45:  91%|█████████▏| 274/300 [36:59<03:30,  8.10s/ep][A

tin/rn18/cadprune/sl/ipc10 s45:  92%|█████████▏| 275/300 [37:07<03:22,  8.10s/ep][A

tin/rn18/cadprune/sl/ipc10 s45:  92%|█████████▏| 276/300 [37:16<03:14,  8.10s/ep][A

tin/rn18/cadprune/sl/ipc10 s45:  92%|█████████▏| 277/300 [37:24<03:06,  8.11s/ep][A

tin/rn18/cadprune/sl/ipc10 s45:  93%|█████████▎| 278/300 [37:32<02:58,  8.11s/ep][A

tin/rn18/cadprune/sl/ipc10 s45:  93%|█████████▎| 279/300 [37:40<02:50,  8.10s/ep][A

tin/rn18/cadprune/sl/ipc10 s45:  93%|█████████▎| 280/300 [37:48<02:42,  8.11s/ep][A

tin/rn18/cadprune/sl/ipc10 s45:  94%|█████████▎| 281/300 [37:56<02:34,  8.11s/ep][A

tin/rn18/cadprune/sl/ipc10 s45:  94%|█████████▍| 282/300 [38:04<02:25,  8.11s/ep][A

tin/rn18/cadprune/sl/ipc10 s45:  94%|█████████▍| 283/300 [38:12<02:17,  8.11s/ep][A

tin/rn18/cadprune/sl/ipc10 s45:  95%|█████████▍| 284/300 [38:20<02:09,  8.10s/ep][A

tin/rn18/cadprune/sl/ipc10 s45:  95%|█████████▌| 285/300 [38:28<02:01,  8.10s/ep][A

tin/rn18/cadprune/sl/ipc10 s45:  95%|█████████▌| 286/300 [38:37<01:53,  8.10s/ep][A

tin/rn18/cadprune/sl/ipc10 s45:  96%|█████████▌| 287/300 [38:45<01:45,  8.10s/ep][A

tin/rn18/cadprune/sl/ipc10 s45:  96%|█████████▌| 288/300 [38:53<01:37,  8.10s/ep][A

tin/rn18/cadprune/sl/ipc10 s45:  96%|█████████▋| 289/300 [39:01<01:29,  8.10s/ep][A

tin/rn18/cadprune/sl/ipc10 s45:  97%|█████████▋| 290/300 [39:09<01:20,  8.10s/ep][A

tin/rn18/cadprune/sl/ipc10 s45:  97%|█████████▋| 291/300 [39:17<01:12,  8.10s/ep][A

tin/rn18/cadprune/sl/ipc10 s45:  97%|█████████▋| 292/300 [39:25<01:04,  8.10s/ep][A

tin/rn18/cadprune/sl/ipc10 s45:  98%|█████████▊| 293/300 [39:33<00:56,  8.10s/ep][A

tin/rn18/cadprune/sl/ipc10 s45:  98%|█████████▊| 294/300 [39:41<00:48,  8.10s/ep][A

tin/rn18/cadprune/sl/ipc10 s45:  98%|█████████▊| 295/300 [39:49<00:40,  8.10s/ep][A

tin/rn18/cadprune/sl/ipc10 s45:  99%|█████████▊| 296/300 [39:58<00:32,  8.10s/ep][A

tin/rn18/cadprune/sl/ipc10 s45:  99%|█████████▉| 297/300 [40:06<00:24,  8.10s/ep][A

tin/rn18/cadprune/sl/ipc10 s45:  99%|█████████▉| 298/300 [40:14<00:16,  8.10s/ep][A

tin/rn18/cadprune/sl/ipc10 s45: 100%|█████████▉| 299/300 [40:22<00:08,  8.10s/ep][A

tin/rn18/cadprune/sl/ipc10 s45: 100%|██████████| 300/300 [40:30<00:00,  8.10s/ep][A

                                                                                 [A[cell] tin/rn18/cadprune/sl/ipc10 seed45: 10.70%  (2444s)


tin/rn18/cadprune/sl/ipc10 s46:   0%|          | 0/300 [00:00<?, ?ep/s][A

tin/rn18/cadprune/sl/ipc10 s46:   0%|          | 1/300 [00:07<37:39,  7.56s/ep][A

tin/rn18/cadprune/sl/ipc10 s46:   1%|          | 2/300 [00:15<39:06,  7.87s/ep][A

tin/rn18/cadprune/sl/ipc10 s46:   1%|          | 3/300 [00:23<39:30,  7.98s/ep][A

tin/rn18/cadprune/sl/ipc10 s46:   1%|▏         | 4/300 [00:31<39:36,  8.03s/ep][A

tin/rn18/cadprune/sl/ipc10 s46:   2%|▏         | 5/300 [00:39<39:36,  8.06s/ep][A

tin/rn18/cadprune/sl/ipc10 s46:   2%|▏         | 6/300 [00:48<39:34,  8.08s/ep][A

tin/rn18/cadprune/sl/ipc10 s46:   2%|▏         | 7/300 [00:56<39:29,  8.09s/ep][A

tin/rn18/cadprune/sl/ipc10 s46:   3%|▎         | 8/300 [01:04<39:22,  8.09s/ep][A

tin/rn18/cadprune/sl/ipc10 s46:   3%|▎         | 9/300 [01:12<39:15,  8.10s/ep][A

tin/rn18/cadprune/sl/ipc10 s46:   3%|▎         | 10/300 [01:20<39:08,  8.10s/ep][A

tin/rn18/cadprune/sl/ipc10 s46:   4%|▎         | 11/300 [01:28<39:01,  8.10s/ep][A

tin/rn18/cadprune/sl/ipc10 s46:   4%|▍         | 12/300 [01:36<38:53,  8.10s/ep][A

tin/rn18/cadprune/sl/ipc10 s46:   4%|▍         | 13/300 [01:44<38:44,  8.10s/ep][A

tin/rn18/cadprune/sl/ipc10 s46:   5%|▍         | 14/300 [01:52<38:36,  8.10s/ep][A

tin/rn18/cadprune/sl/ipc10 s46:   5%|▌         | 15/300 [02:01<38:28,  8.10s/ep][A

tin/rn18/cadprune/sl/ipc10 s46:   5%|▌         | 16/300 [02:09<38:20,  8.10s/ep][A

tin/rn18/cadprune/sl/ipc10 s46:   6%|▌         | 17/300 [02:17<38:12,  8.10s/ep][A

tin/rn18/cadprune/sl/ipc10 s46:   6%|▌         | 18/300 [02:25<38:05,  8.10s/ep][A

tin/rn18/cadprune/sl/ipc10 s46:   6%|▋         | 19/300 [02:33<37:57,  8.10s/ep][A

tin/rn18/cadprune/sl/ipc10 s46:   7%|▋         | 20/300 [02:41<37:49,  8.10s/ep][A

tin/rn18/cadprune/sl/ipc10 s46:   7%|▋         | 21/300 [02:49<37:40,  8.10s/ep][A

tin/rn18/cadprune/sl/ipc10 s46:   7%|▋         | 22/300 [02:57<37:33,  8.11s/ep][A

tin/rn18/cadprune/sl/ipc10 s46:   8%|▊         | 23/300 [03:05<37:25,  8.11s/ep][A

tin/rn18/cadprune/sl/ipc10 s46:   8%|▊         | 24/300 [03:13<37:16,  8.10s/ep][A

tin/rn18/cadprune/sl/ipc10 s46:   8%|▊         | 25/300 [03:22<37:08,  8.10s/ep][A

tin/rn18/cadprune/sl/ipc10 s46:   9%|▊         | 26/300 [03:30<37:01,  8.11s/ep][A

tin/rn18/cadprune/sl/ipc10 s46:   9%|▉         | 27/300 [03:38<36:53,  8.11s/ep][A

tin/rn18/cadprune/sl/ipc10 s46:   9%|▉         | 28/300 [03:46<36:44,  8.10s/ep][A

tin/rn18/cadprune/sl/ipc10 s46:  10%|▉         | 29/300 [03:54<36:35,  8.10s/ep][A

tin/rn18/cadprune/sl/ipc10 s46:  10%|█         | 30/300 [04:02<36:27,  8.10s/ep][A

tin/rn18/cadprune/sl/ipc10 s46:  10%|█         | 31/300 [04:10<36:18,  8.10s/ep][A

tin/rn18/cadprune/sl/ipc10 s46:  11%|█         | 32/300 [04:18<36:10,  8.10s/ep][A

tin/rn18/cadprune/sl/ipc10 s46:  11%|█         | 33/300 [04:26<36:02,  8.10s/ep][A

tin/rn18/cadprune/sl/ipc10 s46:  11%|█▏        | 34/300 [04:34<35:54,  8.10s/ep][A

tin/rn18/cadprune/sl/ipc10 s46:  12%|█▏        | 35/300 [04:43<35:46,  8.10s/ep][A

tin/rn18/cadprune/sl/ipc10 s46:  12%|█▏        | 36/300 [04:51<35:38,  8.10s/ep][A

tin/rn18/cadprune/sl/ipc10 s46:  12%|█▏        | 37/300 [04:59<35:30,  8.10s/ep][A

tin/rn18/cadprune/sl/ipc10 s46:  13%|█▎        | 38/300 [05:07<35:22,  8.10s/ep][A

tin/rn18/cadprune/sl/ipc10 s46:  13%|█▎        | 39/300 [05:15<35:14,  8.10s/ep][A

tin/rn18/cadprune/sl/ipc10 s46:  13%|█▎        | 40/300 [05:23<35:07,  8.10s/ep][A

tin/rn18/cadprune/sl/ipc10 s46:  14%|█▎        | 41/300 [05:31<34:58,  8.10s/ep][A

tin/rn18/cadprune/sl/ipc10 s46:  14%|█▍        | 42/300 [05:39<34:51,  8.10s/ep][A

tin/rn18/cadprune/sl/ipc10 s46:  14%|█▍        | 43/300 [05:47<34:43,  8.11s/ep][A

tin/rn18/cadprune/sl/ipc10 s46:  15%|█▍        | 44/300 [05:56<34:35,  8.11s/ep][A

tin/rn18/cadprune/sl/ipc10 s46:  15%|█▌        | 45/300 [06:04<34:26,  8.11s/ep][A

tin/rn18/cadprune/sl/ipc10 s46:  15%|█▌        | 46/300 [06:12<34:19,  8.11s/ep][A

tin/rn18/cadprune/sl/ipc10 s46:  16%|█▌        | 47/300 [06:20<34:10,  8.10s/ep][A

tin/rn18/cadprune/sl/ipc10 s46:  16%|█▌        | 48/300 [06:28<34:02,  8.11s/ep][A

tin/rn18/cadprune/sl/ipc10 s46:  16%|█▋        | 49/300 [06:36<33:54,  8.10s/ep][A

tin/rn18/cadprune/sl/ipc10 s46:  17%|█▋        | 50/300 [06:44<33:46,  8.10s/ep][A

tin/rn18/cadprune/sl/ipc10 s46:  17%|█▋        | 51/300 [06:52<33:38,  8.10s/ep][A

tin/rn18/cadprune/sl/ipc10 s46:  17%|█▋        | 52/300 [07:00<33:30,  8.11s/ep][A

tin/rn18/cadprune/sl/ipc10 s46:  18%|█▊        | 53/300 [07:08<33:22,  8.11s/ep][A

tin/rn18/cadprune/sl/ipc10 s46:  18%|█▊        | 54/300 [07:17<33:13,  8.11s/ep][A

tin/rn18/cadprune/sl/ipc10 s46:  18%|█▊        | 55/300 [07:25<33:05,  8.10s/ep][A

tin/rn18/cadprune/sl/ipc10 s46:  19%|█▊        | 56/300 [07:33<32:57,  8.10s/ep][A

tin/rn18/cadprune/sl/ipc10 s46:  19%|█▉        | 57/300 [07:41<32:49,  8.11s/ep][A

tin/rn18/cadprune/sl/ipc10 s46:  19%|█▉        | 58/300 [07:49<32:41,  8.11s/ep][A

tin/rn18/cadprune/sl/ipc10 s46:  20%|█▉        | 59/300 [07:57<32:32,  8.10s/ep][A

tin/rn18/cadprune/sl/ipc10 s46:  20%|██        | 60/300 [08:05<32:24,  8.10s/ep][A

tin/rn18/cadprune/sl/ipc10 s46:  20%|██        | 61/300 [08:13<32:16,  8.10s/ep][A

tin/rn18/cadprune/sl/ipc10 s46:  21%|██        | 62/300 [08:21<32:08,  8.10s/ep][A

tin/rn18/cadprune/sl/ipc10 s46:  21%|██        | 63/300 [08:30<32:00,  8.10s/ep][A

tin/rn18/cadprune/sl/ipc10 s46:  21%|██▏       | 64/300 [08:38<31:52,  8.10s/ep][A

tin/rn18/cadprune/sl/ipc10 s46:  22%|██▏       | 65/300 [08:46<31:43,  8.10s/ep][A

tin/rn18/cadprune/sl/ipc10 s46:  22%|██▏       | 66/300 [08:54<31:35,  8.10s/ep][A

tin/rn18/cadprune/sl/ipc10 s46:  22%|██▏       | 67/300 [09:02<31:27,  8.10s/ep][A

tin/rn18/cadprune/sl/ipc10 s46:  23%|██▎       | 68/300 [09:10<31:20,  8.11s/ep][A

tin/rn18/cadprune/sl/ipc10 s46:  23%|██▎       | 69/300 [09:18<31:12,  8.10s/ep][A

tin/rn18/cadprune/sl/ipc10 s46:  23%|██▎       | 70/300 [09:26<31:04,  8.11s/ep][A

tin/rn18/cadprune/sl/ipc10 s46:  24%|██▎       | 71/300 [09:34<30:56,  8.11s/ep][A

tin/rn18/cadprune/sl/ipc10 s46:  24%|██▍       | 72/300 [09:42<30:47,  8.10s/ep][A

tin/rn18/cadprune/sl/ipc10 s46:  24%|██▍       | 73/300 [09:51<30:38,  8.10s/ep][A

tin/rn18/cadprune/sl/ipc10 s46:  25%|██▍       | 74/300 [09:59<30:31,  8.10s/ep][A

tin/rn18/cadprune/sl/ipc10 s46:  25%|██▌       | 75/300 [10:07<30:22,  8.10s/ep][A

tin/rn18/cadprune/sl/ipc10 s46:  25%|██▌       | 76/300 [10:15<30:14,  8.10s/ep][A

tin/rn18/cadprune/sl/ipc10 s46:  26%|██▌       | 77/300 [10:23<30:06,  8.10s/ep][A

tin/rn18/cadprune/sl/ipc10 s46:  26%|██▌       | 78/300 [10:31<29:59,  8.11s/ep][A

tin/rn18/cadprune/sl/ipc10 s46:  26%|██▋       | 79/300 [10:39<29:50,  8.10s/ep][A

tin/rn18/cadprune/sl/ipc10 s46:  27%|██▋       | 80/300 [10:47<29:42,  8.10s/ep][A

tin/rn18/cadprune/sl/ipc10 s46:  27%|██▋       | 81/300 [10:55<29:34,  8.10s/ep][A

tin/rn18/cadprune/sl/ipc10 s46:  27%|██▋       | 82/300 [11:03<29:26,  8.10s/ep][A

tin/rn18/cadprune/sl/ipc10 s46:  28%|██▊       | 83/300 [11:12<29:18,  8.10s/ep][A

tin/rn18/cadprune/sl/ipc10 s46:  28%|██▊       | 84/300 [11:20<29:10,  8.10s/ep][A

tin/rn18/cadprune/sl/ipc10 s46:  28%|██▊       | 85/300 [11:28<29:02,  8.10s/ep][A

tin/rn18/cadprune/sl/ipc10 s46:  29%|██▊       | 86/300 [11:36<28:54,  8.10s/ep][A

tin/rn18/cadprune/sl/ipc10 s46:  29%|██▉       | 87/300 [11:44<28:45,  8.10s/ep][A

tin/rn18/cadprune/sl/ipc10 s46:  29%|██▉       | 88/300 [11:52<28:37,  8.10s/ep][A

tin/rn18/cadprune/sl/ipc10 s46:  30%|██▉       | 89/300 [12:00<28:29,  8.10s/ep][A

tin/rn18/cadprune/sl/ipc10 s46:  30%|███       | 90/300 [12:08<28:21,  8.10s/ep][A

tin/rn18/cadprune/sl/ipc10 s46:  30%|███       | 91/300 [12:16<28:13,  8.10s/ep][A

tin/rn18/cadprune/sl/ipc10 s46:  31%|███       | 92/300 [12:24<28:05,  8.10s/ep][A

tin/rn18/cadprune/sl/ipc10 s46:  31%|███       | 93/300 [12:33<27:56,  8.10s/ep][A

tin/rn18/cadprune/sl/ipc10 s46:  31%|███▏      | 94/300 [12:41<27:48,  8.10s/ep][A

tin/rn18/cadprune/sl/ipc10 s46:  32%|███▏      | 95/300 [12:49<27:40,  8.10s/ep][A

tin/rn18/cadprune/sl/ipc10 s46:  32%|███▏      | 96/300 [12:57<27:31,  8.10s/ep][A

tin/rn18/cadprune/sl/ipc10 s46:  32%|███▏      | 97/300 [13:05<27:24,  8.10s/ep][A

tin/rn18/cadprune/sl/ipc10 s46:  33%|███▎      | 98/300 [13:13<27:16,  8.10s/ep][A

tin/rn18/cadprune/sl/ipc10 s46:  33%|███▎      | 99/300 [13:21<27:08,  8.10s/ep][A

tin/rn18/cadprune/sl/ipc10 s46:  33%|███▎      | 100/300 [13:29<27:01,  8.11s/ep][A

tin/rn18/cadprune/sl/ipc10 s46:  34%|███▎      | 101/300 [13:37<26:52,  8.10s/ep][A

tin/rn18/cadprune/sl/ipc10 s46:  34%|███▍      | 102/300 [13:45<26:44,  8.10s/ep][A

tin/rn18/cadprune/sl/ipc10 s46:  34%|███▍      | 103/300 [13:54<26:36,  8.10s/ep][A

tin/rn18/cadprune/sl/ipc10 s46:  35%|███▍      | 104/300 [14:02<26:28,  8.10s/ep][A

tin/rn18/cadprune/sl/ipc10 s46:  35%|███▌      | 105/300 [14:10<26:19,  8.10s/ep][A

tin/rn18/cadprune/sl/ipc10 s46:  35%|███▌      | 106/300 [14:18<26:11,  8.10s/ep][A

tin/rn18/cadprune/sl/ipc10 s46:  36%|███▌      | 107/300 [14:26<26:04,  8.10s/ep][A

tin/rn18/cadprune/sl/ipc10 s46:  36%|███▌      | 108/300 [14:34<25:55,  8.10s/ep][A

tin/rn18/cadprune/sl/ipc10 s46:  36%|███▋      | 109/300 [14:42<25:47,  8.10s/ep][A

tin/rn18/cadprune/sl/ipc10 s46:  37%|███▋      | 110/300 [14:50<25:39,  8.10s/ep][A

tin/rn18/cadprune/sl/ipc10 s46:  37%|███▋      | 111/300 [14:58<25:30,  8.10s/ep][A

tin/rn18/cadprune/sl/ipc10 s46:  37%|███▋      | 112/300 [15:07<25:23,  8.10s/ep][A

tin/rn18/cadprune/sl/ipc10 s46:  38%|███▊      | 113/300 [15:15<25:15,  8.10s/ep][A

tin/rn18/cadprune/sl/ipc10 s46:  38%|███▊      | 114/300 [15:23<25:07,  8.10s/ep][A

tin/rn18/cadprune/sl/ipc10 s46:  38%|███▊      | 115/300 [15:31<24:58,  8.10s/ep][A

tin/rn18/cadprune/sl/ipc10 s46:  39%|███▊      | 116/300 [15:39<24:50,  8.10s/ep][A

tin/rn18/cadprune/sl/ipc10 s46:  39%|███▉      | 117/300 [15:47<24:42,  8.10s/ep][A

tin/rn18/cadprune/sl/ipc10 s46:  39%|███▉      | 118/300 [15:55<24:35,  8.11s/ep][A

tin/rn18/cadprune/sl/ipc10 s46:  40%|███▉      | 119/300 [16:03<24:27,  8.11s/ep][A

tin/rn18/cadprune/sl/ipc10 s46:  40%|████      | 120/300 [16:11<24:19,  8.11s/ep][A

tin/rn18/cadprune/sl/ipc10 s46:  40%|████      | 121/300 [16:19<24:11,  8.11s/ep][A

tin/rn18/cadprune/sl/ipc10 s46:  41%|████      | 122/300 [16:28<24:03,  8.11s/ep][A

tin/rn18/cadprune/sl/ipc10 s46:  41%|████      | 123/300 [16:36<23:55,  8.11s/ep][A

tin/rn18/cadprune/sl/ipc10 s46:  41%|████▏     | 124/300 [16:44<23:46,  8.11s/ep][A

tin/rn18/cadprune/sl/ipc10 s46:  42%|████▏     | 125/300 [16:52<23:38,  8.10s/ep][A

tin/rn18/cadprune/sl/ipc10 s46:  42%|████▏     | 126/300 [17:00<23:30,  8.10s/ep][A

tin/rn18/cadprune/sl/ipc10 s46:  42%|████▏     | 127/300 [17:08<23:21,  8.10s/ep][A

tin/rn18/cadprune/sl/ipc10 s46:  43%|████▎     | 128/300 [17:16<23:13,  8.10s/ep][A

tin/rn18/cadprune/sl/ipc10 s46:  43%|████▎     | 129/300 [17:24<23:05,  8.10s/ep][A

tin/rn18/cadprune/sl/ipc10 s46:  43%|████▎     | 130/300 [17:32<22:57,  8.10s/ep][A

tin/rn18/cadprune/sl/ipc10 s46:  44%|████▎     | 131/300 [17:41<22:49,  8.10s/ep][A

tin/rn18/cadprune/sl/ipc10 s46:  44%|████▍     | 132/300 [17:49<22:41,  8.10s/ep][A

tin/rn18/cadprune/sl/ipc10 s46:  44%|████▍     | 133/300 [17:57<22:33,  8.10s/ep][A

tin/rn18/cadprune/sl/ipc10 s46:  45%|████▍     | 134/300 [18:05<22:25,  8.10s/ep][A

tin/rn18/cadprune/sl/ipc10 s46:  45%|████▌     | 135/300 [18:13<22:17,  8.11s/ep][A

tin/rn18/cadprune/sl/ipc10 s46:  45%|████▌     | 136/300 [18:21<22:09,  8.11s/ep][A

tin/rn18/cadprune/sl/ipc10 s46:  46%|████▌     | 137/300 [18:29<22:00,  8.10s/ep][A

tin/rn18/cadprune/sl/ipc10 s46:  46%|████▌     | 138/300 [18:37<21:52,  8.10s/ep][A

tin/rn18/cadprune/sl/ipc10 s46:  46%|████▋     | 139/300 [18:45<21:44,  8.10s/ep][A

tin/rn18/cadprune/sl/ipc10 s46:  47%|████▋     | 140/300 [18:53<21:36,  8.10s/ep][A

tin/rn18/cadprune/sl/ipc10 s46:  47%|████▋     | 141/300 [19:02<21:28,  8.10s/ep][A

tin/rn18/cadprune/sl/ipc10 s46:  47%|████▋     | 142/300 [19:10<21:20,  8.10s/ep][A

tin/rn18/cadprune/sl/ipc10 s46:  48%|████▊     | 143/300 [19:18<21:12,  8.11s/ep][A

tin/rn18/cadprune/sl/ipc10 s46:  48%|████▊     | 144/300 [19:26<21:04,  8.10s/ep][A

tin/rn18/cadprune/sl/ipc10 s46:  48%|████▊     | 145/300 [19:34<20:56,  8.11s/ep][A

tin/rn18/cadprune/sl/ipc10 s46:  49%|████▊     | 146/300 [19:42<20:47,  8.10s/ep][A

tin/rn18/cadprune/sl/ipc10 s46:  49%|████▉     | 147/300 [19:50<20:39,  8.10s/ep][A

tin/rn18/cadprune/sl/ipc10 s46:  49%|████▉     | 148/300 [19:58<20:31,  8.10s/ep][A

tin/rn18/cadprune/sl/ipc10 s46:  50%|████▉     | 149/300 [20:06<20:23,  8.10s/ep][A

tin/rn18/cadprune/sl/ipc10 s46:  50%|█████     | 150/300 [20:14<20:15,  8.10s/ep][A

tin/rn18/cadprune/sl/ipc10 s46:  50%|█████     | 151/300 [20:23<20:07,  8.10s/ep][A

tin/rn18/cadprune/sl/ipc10 s46:  51%|█████     | 152/300 [20:31<19:59,  8.10s/ep][A

tin/rn18/cadprune/sl/ipc10 s46:  51%|█████     | 153/300 [20:39<19:51,  8.11s/ep][A

tin/rn18/cadprune/sl/ipc10 s46:  51%|█████▏    | 154/300 [20:47<19:43,  8.11s/ep][A

tin/rn18/cadprune/sl/ipc10 s46:  52%|█████▏    | 155/300 [20:55<19:35,  8.10s/ep][A

tin/rn18/cadprune/sl/ipc10 s46:  52%|█████▏    | 156/300 [21:03<19:26,  8.10s/ep][A

tin/rn18/cadprune/sl/ipc10 s46:  52%|█████▏    | 157/300 [21:11<19:18,  8.10s/ep][A

tin/rn18/cadprune/sl/ipc10 s46:  53%|█████▎    | 158/300 [21:19<19:11,  8.11s/ep][A

tin/rn18/cadprune/sl/ipc10 s46:  53%|█████▎    | 159/300 [21:27<19:02,  8.10s/ep][A

tin/rn18/cadprune/sl/ipc10 s46:  53%|█████▎    | 160/300 [21:36<18:54,  8.10s/ep][A

tin/rn18/cadprune/sl/ipc10 s46:  54%|█████▎    | 161/300 [21:44<18:46,  8.11s/ep][A

tin/rn18/cadprune/sl/ipc10 s46:  54%|█████▍    | 162/300 [21:52<18:38,  8.11s/ep][A

tin/rn18/cadprune/sl/ipc10 s46:  54%|█████▍    | 163/300 [22:00<18:30,  8.10s/ep][A

tin/rn18/cadprune/sl/ipc10 s46:  55%|█████▍    | 164/300 [22:08<18:22,  8.11s/ep][A

tin/rn18/cadprune/sl/ipc10 s46:  55%|█████▌    | 165/300 [22:16<18:14,  8.11s/ep][A

tin/rn18/cadprune/sl/ipc10 s46:  55%|█████▌    | 166/300 [22:24<18:06,  8.11s/ep][A

tin/rn18/cadprune/sl/ipc10 s46:  56%|█████▌    | 167/300 [22:32<17:58,  8.11s/ep][A

tin/rn18/cadprune/sl/ipc10 s46:  56%|█████▌    | 168/300 [22:40<17:50,  8.11s/ep][A

tin/rn18/cadprune/sl/ipc10 s46:  56%|█████▋    | 169/300 [22:48<17:41,  8.10s/ep][A

tin/rn18/cadprune/sl/ipc10 s46:  57%|█████▋    | 170/300 [22:57<17:33,  8.10s/ep][A

tin/rn18/cadprune/sl/ipc10 s46:  57%|█████▋    | 171/300 [23:05<17:25,  8.10s/ep][A

tin/rn18/cadprune/sl/ipc10 s46:  57%|█████▋    | 172/300 [23:13<17:17,  8.10s/ep][A

tin/rn18/cadprune/sl/ipc10 s46:  58%|█████▊    | 173/300 [23:21<17:09,  8.10s/ep][A

tin/rn18/cadprune/sl/ipc10 s46:  58%|█████▊    | 174/300 [23:29<17:01,  8.10s/ep][A

tin/rn18/cadprune/sl/ipc10 s46:  58%|█████▊    | 175/300 [23:37<16:52,  8.10s/ep][A

tin/rn18/cadprune/sl/ipc10 s46:  59%|█████▊    | 176/300 [23:45<16:45,  8.11s/ep][A

tin/rn18/cadprune/sl/ipc10 s46:  59%|█████▉    | 177/300 [23:53<16:36,  8.10s/ep][A

tin/rn18/cadprune/sl/ipc10 s46:  59%|█████▉    | 178/300 [24:01<16:28,  8.10s/ep][A

tin/rn18/cadprune/sl/ipc10 s46:  60%|█████▉    | 179/300 [24:09<16:20,  8.10s/ep][A

tin/rn18/cadprune/sl/ipc10 s46:  60%|██████    | 180/300 [24:18<16:12,  8.10s/ep][A

tin/rn18/cadprune/sl/ipc10 s46:  60%|██████    | 181/300 [24:26<16:04,  8.10s/ep][A

tin/rn18/cadprune/sl/ipc10 s46:  61%|██████    | 182/300 [24:34<15:56,  8.10s/ep][A

tin/rn18/cadprune/sl/ipc10 s46:  61%|██████    | 183/300 [24:42<15:48,  8.10s/ep][A

tin/rn18/cadprune/sl/ipc10 s46:  61%|██████▏   | 184/300 [24:50<15:39,  8.10s/ep][A

tin/rn18/cadprune/sl/ipc10 s46:  62%|██████▏   | 185/300 [24:58<15:31,  8.10s/ep][A

tin/rn18/cadprune/sl/ipc10 s46:  62%|██████▏   | 186/300 [25:06<15:23,  8.10s/ep][A

tin/rn18/cadprune/sl/ipc10 s46:  62%|██████▏   | 187/300 [25:14<15:15,  8.10s/ep][A

tin/rn18/cadprune/sl/ipc10 s46:  63%|██████▎   | 188/300 [25:22<15:07,  8.10s/ep][A

tin/rn18/cadprune/sl/ipc10 s46:  63%|██████▎   | 189/300 [25:31<14:59,  8.10s/ep][A

tin/rn18/cadprune/sl/ipc10 s46:  63%|██████▎   | 190/300 [25:39<14:51,  8.10s/ep][A

tin/rn18/cadprune/sl/ipc10 s46:  64%|██████▎   | 191/300 [25:47<14:43,  8.10s/ep][A

tin/rn18/cadprune/sl/ipc10 s46:  64%|██████▍   | 192/300 [25:55<14:35,  8.11s/ep][A

tin/rn18/cadprune/sl/ipc10 s46:  64%|██████▍   | 193/300 [26:03<14:27,  8.11s/ep][A

tin/rn18/cadprune/sl/ipc10 s46:  65%|██████▍   | 194/300 [26:11<14:18,  8.10s/ep][A

tin/rn18/cadprune/sl/ipc10 s46:  65%|██████▌   | 195/300 [26:19<14:10,  8.10s/ep][A

tin/rn18/cadprune/sl/ipc10 s46:  65%|██████▌   | 196/300 [26:27<14:02,  8.10s/ep][A

tin/rn18/cadprune/sl/ipc10 s46:  66%|██████▌   | 197/300 [26:35<13:54,  8.10s/ep][A

tin/rn18/cadprune/sl/ipc10 s46:  66%|██████▌   | 198/300 [26:43<13:46,  8.10s/ep][A

tin/rn18/cadprune/sl/ipc10 s46:  66%|██████▋   | 199/300 [26:52<13:38,  8.10s/ep][A

tin/rn18/cadprune/sl/ipc10 s46:  67%|██████▋   | 200/300 [27:00<13:30,  8.10s/ep][A

tin/rn18/cadprune/sl/ipc10 s46:  67%|██████▋   | 201/300 [27:08<13:21,  8.10s/ep][A

tin/rn18/cadprune/sl/ipc10 s46:  67%|██████▋   | 202/300 [27:16<13:14,  8.10s/ep][A

tin/rn18/cadprune/sl/ipc10 s46:  68%|██████▊   | 203/300 [27:24<13:06,  8.11s/ep][A

tin/rn18/cadprune/sl/ipc10 s46:  68%|██████▊   | 204/300 [27:32<12:58,  8.11s/ep][A

tin/rn18/cadprune/sl/ipc10 s46:  68%|██████▊   | 205/300 [27:40<12:50,  8.11s/ep][A

tin/rn18/cadprune/sl/ipc10 s46:  69%|██████▊   | 206/300 [27:48<12:41,  8.11s/ep][A

tin/rn18/cadprune/sl/ipc10 s46:  69%|██████▉   | 207/300 [27:56<12:33,  8.11s/ep][A

tin/rn18/cadprune/sl/ipc10 s46:  69%|██████▉   | 208/300 [28:05<12:25,  8.10s/ep][A

tin/rn18/cadprune/sl/ipc10 s46:  70%|██████▉   | 209/300 [28:13<12:17,  8.10s/ep][A

tin/rn18/cadprune/sl/ipc10 s46:  70%|███████   | 210/300 [28:21<12:09,  8.11s/ep][A

tin/rn18/cadprune/sl/ipc10 s46:  70%|███████   | 211/300 [28:29<12:01,  8.11s/ep][A

tin/rn18/cadprune/sl/ipc10 s46:  71%|███████   | 212/300 [28:37<11:53,  8.10s/ep][A

tin/rn18/cadprune/sl/ipc10 s46:  71%|███████   | 213/300 [28:45<11:44,  8.10s/ep][A

tin/rn18/cadprune/sl/ipc10 s46:  71%|███████▏  | 214/300 [28:53<11:36,  8.10s/ep][A

tin/rn18/cadprune/sl/ipc10 s46:  72%|███████▏  | 215/300 [29:01<11:28,  8.10s/ep][A

tin/rn18/cadprune/sl/ipc10 s46:  72%|███████▏  | 216/300 [29:09<11:20,  8.10s/ep][A

tin/rn18/cadprune/sl/ipc10 s46:  72%|███████▏  | 217/300 [29:17<11:12,  8.10s/ep][A

tin/rn18/cadprune/sl/ipc10 s46:  73%|███████▎  | 218/300 [29:26<11:04,  8.10s/ep][A

tin/rn18/cadprune/sl/ipc10 s46:  73%|███████▎  | 219/300 [29:34<10:56,  8.11s/ep][A

tin/rn18/cadprune/sl/ipc10 s46:  73%|███████▎  | 220/300 [29:42<10:48,  8.11s/ep][A

tin/rn18/cadprune/sl/ipc10 s46:  74%|███████▎  | 221/300 [29:50<10:40,  8.10s/ep][A

tin/rn18/cadprune/sl/ipc10 s46:  74%|███████▍  | 222/300 [29:58<10:32,  8.11s/ep][A

tin/rn18/cadprune/sl/ipc10 s46:  74%|███████▍  | 223/300 [30:06<10:23,  8.10s/ep][A

tin/rn18/cadprune/sl/ipc10 s46:  75%|███████▍  | 224/300 [30:14<10:15,  8.10s/ep][A

tin/rn18/cadprune/sl/ipc10 s46:  75%|███████▌  | 225/300 [30:22<10:07,  8.10s/ep][A

tin/rn18/cadprune/sl/ipc10 s46:  75%|███████▌  | 226/300 [30:30<09:59,  8.11s/ep][A

tin/rn18/cadprune/sl/ipc10 s46:  76%|███████▌  | 227/300 [30:38<09:51,  8.10s/ep][A

tin/rn18/cadprune/sl/ipc10 s46:  76%|███████▌  | 228/300 [30:47<09:43,  8.10s/ep][A

tin/rn18/cadprune/sl/ipc10 s46:  76%|███████▋  | 229/300 [30:55<09:35,  8.10s/ep][A

tin/rn18/cadprune/sl/ipc10 s46:  77%|███████▋  | 230/300 [31:03<09:27,  8.11s/ep][A

tin/rn18/cadprune/sl/ipc10 s46:  77%|███████▋  | 231/300 [31:11<09:19,  8.11s/ep][A

tin/rn18/cadprune/sl/ipc10 s46:  77%|███████▋  | 232/300 [31:19<09:11,  8.11s/ep][A

tin/rn18/cadprune/sl/ipc10 s46:  78%|███████▊  | 233/300 [31:27<09:02,  8.10s/ep][A

tin/rn18/cadprune/sl/ipc10 s46:  78%|███████▊  | 234/300 [31:35<08:54,  8.10s/ep][A

tin/rn18/cadprune/sl/ipc10 s46:  78%|███████▊  | 235/300 [31:43<08:46,  8.10s/ep][A

tin/rn18/cadprune/sl/ipc10 s46:  79%|███████▊  | 236/300 [31:51<08:38,  8.10s/ep][A

tin/rn18/cadprune/sl/ipc10 s46:  79%|███████▉  | 237/300 [32:00<08:30,  8.10s/ep][A

tin/rn18/cadprune/sl/ipc10 s46:  79%|███████▉  | 238/300 [32:08<08:22,  8.10s/ep][A

tin/rn18/cadprune/sl/ipc10 s46:  80%|███████▉  | 239/300 [32:16<08:14,  8.11s/ep][A

tin/rn18/cadprune/sl/ipc10 s46:  80%|████████  | 240/300 [32:24<08:06,  8.10s/ep][A

tin/rn18/cadprune/sl/ipc10 s46:  80%|████████  | 241/300 [32:32<07:57,  8.10s/ep][A

tin/rn18/cadprune/sl/ipc10 s46:  81%|████████  | 242/300 [32:40<07:49,  8.10s/ep][A

tin/rn18/cadprune/sl/ipc10 s46:  81%|████████  | 243/300 [32:48<07:41,  8.10s/ep][A

tin/rn18/cadprune/sl/ipc10 s46:  81%|████████▏ | 244/300 [32:56<07:33,  8.10s/ep][A

tin/rn18/cadprune/sl/ipc10 s46:  82%|████████▏ | 245/300 [33:04<07:25,  8.10s/ep][A

tin/rn18/cadprune/sl/ipc10 s46:  82%|████████▏ | 246/300 [33:12<07:17,  8.10s/ep][A

tin/rn18/cadprune/sl/ipc10 s46:  82%|████████▏ | 247/300 [33:21<07:09,  8.10s/ep][A

tin/rn18/cadprune/sl/ipc10 s46:  83%|████████▎ | 248/300 [33:29<07:01,  8.10s/ep][A

tin/rn18/cadprune/sl/ipc10 s46:  83%|████████▎ | 249/300 [33:37<06:53,  8.10s/ep][A

tin/rn18/cadprune/sl/ipc10 s46:  83%|████████▎ | 250/300 [33:45<06:45,  8.10s/ep][A

tin/rn18/cadprune/sl/ipc10 s46:  84%|████████▎ | 251/300 [33:53<06:37,  8.11s/ep][A

tin/rn18/cadprune/sl/ipc10 s46:  84%|████████▍ | 252/300 [34:01<06:29,  8.11s/ep][A

tin/rn18/cadprune/sl/ipc10 s46:  84%|████████▍ | 253/300 [34:09<06:20,  8.10s/ep][A

tin/rn18/cadprune/sl/ipc10 s46:  85%|████████▍ | 254/300 [34:17<06:12,  8.10s/ep][A

tin/rn18/cadprune/sl/ipc10 s46:  85%|████████▌ | 255/300 [34:25<06:04,  8.11s/ep][A

tin/rn18/cadprune/sl/ipc10 s46:  85%|████████▌ | 256/300 [34:34<05:56,  8.11s/ep][A

tin/rn18/cadprune/sl/ipc10 s46:  86%|████████▌ | 257/300 [34:42<05:48,  8.11s/ep][A

tin/rn18/cadprune/sl/ipc10 s46:  86%|████████▌ | 258/300 [34:50<05:40,  8.10s/ep][A

tin/rn18/cadprune/sl/ipc10 s46:  86%|████████▋ | 259/300 [34:58<05:32,  8.10s/ep][A

tin/rn18/cadprune/sl/ipc10 s46:  87%|████████▋ | 260/300 [35:06<05:24,  8.10s/ep][A

tin/rn18/cadprune/sl/ipc10 s46:  87%|████████▋ | 261/300 [35:14<05:16,  8.10s/ep][A

tin/rn18/cadprune/sl/ipc10 s46:  87%|████████▋ | 262/300 [35:22<05:07,  8.10s/ep][A

tin/rn18/cadprune/sl/ipc10 s46:  88%|████████▊ | 263/300 [35:30<04:59,  8.10s/ep][A

tin/rn18/cadprune/sl/ipc10 s46:  88%|████████▊ | 264/300 [35:38<04:51,  8.10s/ep][A

tin/rn18/cadprune/sl/ipc10 s46:  88%|████████▊ | 265/300 [35:46<04:43,  8.10s/ep][A

tin/rn18/cadprune/sl/ipc10 s46:  89%|████████▊ | 266/300 [35:55<04:35,  8.10s/ep][A

tin/rn18/cadprune/sl/ipc10 s46:  89%|████████▉ | 267/300 [36:03<04:27,  8.10s/ep][A

tin/rn18/cadprune/sl/ipc10 s46:  89%|████████▉ | 268/300 [36:11<04:19,  8.10s/ep][A

tin/rn18/cadprune/sl/ipc10 s46:  90%|████████▉ | 269/300 [36:19<04:11,  8.10s/ep][A

tin/rn18/cadprune/sl/ipc10 s46:  90%|█████████ | 270/300 [36:27<04:03,  8.10s/ep][A

tin/rn18/cadprune/sl/ipc10 s46:  90%|█████████ | 271/300 [36:35<03:54,  8.10s/ep][A

tin/rn18/cadprune/sl/ipc10 s46:  91%|█████████ | 272/300 [36:43<03:46,  8.11s/ep][A

tin/rn18/cadprune/sl/ipc10 s46:  91%|█████████ | 273/300 [36:51<03:38,  8.10s/ep][A

tin/rn18/cadprune/sl/ipc10 s46:  91%|█████████▏| 274/300 [36:59<03:30,  8.10s/ep][A

tin/rn18/cadprune/sl/ipc10 s46:  92%|█████████▏| 275/300 [37:07<03:22,  8.10s/ep][A

tin/rn18/cadprune/sl/ipc10 s46:  92%|█████████▏| 276/300 [37:16<03:14,  8.10s/ep][A

tin/rn18/cadprune/sl/ipc10 s46:  92%|█████████▏| 277/300 [37:24<03:06,  8.10s/ep][A

tin/rn18/cadprune/sl/ipc10 s46:  93%|█████████▎| 278/300 [37:32<02:58,  8.10s/ep][A

tin/rn18/cadprune/sl/ipc10 s46:  93%|█████████▎| 279/300 [37:40<02:50,  8.10s/ep][A

tin/rn18/cadprune/sl/ipc10 s46:  93%|█████████▎| 280/300 [37:48<02:42,  8.10s/ep][A

tin/rn18/cadprune/sl/ipc10 s46:  94%|█████████▎| 281/300 [37:56<02:34,  8.11s/ep][A

tin/rn18/cadprune/sl/ipc10 s46:  94%|█████████▍| 282/300 [38:04<02:25,  8.11s/ep][A

tin/rn18/cadprune/sl/ipc10 s46:  94%|█████████▍| 283/300 [38:12<02:17,  8.11s/ep][A

tin/rn18/cadprune/sl/ipc10 s46:  95%|█████████▍| 284/300 [38:20<02:09,  8.11s/ep][A

tin/rn18/cadprune/sl/ipc10 s46:  95%|█████████▌| 285/300 [38:29<02:01,  8.11s/ep][A

tin/rn18/cadprune/sl/ipc10 s46:  95%|█████████▌| 286/300 [38:37<01:53,  8.11s/ep][A

tin/rn18/cadprune/sl/ipc10 s46:  96%|█████████▌| 287/300 [38:45<01:45,  8.11s/ep][A

tin/rn18/cadprune/sl/ipc10 s46:  96%|█████████▌| 288/300 [38:53<01:37,  8.11s/ep][A

tin/rn18/cadprune/sl/ipc10 s46:  96%|█████████▋| 289/300 [39:01<01:29,  8.11s/ep][A

tin/rn18/cadprune/sl/ipc10 s46:  97%|█████████▋| 290/300 [39:09<01:21,  8.11s/ep][A

tin/rn18/cadprune/sl/ipc10 s46:  97%|█████████▋| 291/300 [39:17<01:12,  8.10s/ep][A

tin/rn18/cadprune/sl/ipc10 s46:  97%|█████████▋| 292/300 [39:25<01:04,  8.10s/ep][A

tin/rn18/cadprune/sl/ipc10 s46:  98%|█████████▊| 293/300 [39:33<00:56,  8.10s/ep][A

tin/rn18/cadprune/sl/ipc10 s46:  98%|█████████▊| 294/300 [39:41<00:48,  8.10s/ep][A

tin/rn18/cadprune/sl/ipc10 s46:  98%|█████████▊| 295/300 [39:50<00:40,  8.10s/ep][A

tin/rn18/cadprune/sl/ipc10 s46:  99%|█████████▊| 296/300 [39:58<00:32,  8.10s/ep][A

tin/rn18/cadprune/sl/ipc10 s46:  99%|█████████▉| 297/300 [40:06<00:24,  8.11s/ep][A

tin/rn18/cadprune/sl/ipc10 s46:  99%|█████████▉| 298/300 [40:14<00:16,  8.10s/ep][A

tin/rn18/cadprune/sl/ipc10 s46: 100%|█████████▉| 299/300 [40:22<00:08,  8.10s/ep][A

tin/rn18/cadprune/sl/ipc10 s46: 100%|██████████| 300/300 [40:30<00:00,  8.10s/ep][A

                                                                                 [A[cell] tin/rn18/cadprune/sl/ipc10 seed46: 10.45%  (2444s)
[cell] tin/rn18/cadprune/sl/ipc10: union seeds [42, 43, 44] + [45, 46]

rn18-tin:  11%|█         | 3/27 [4:04:35<32:36:43, 4891.80s/cell, cadprune/sl/ipc10]
rn18-tin:  11%|█         | 3/27 [4:04:35<32:36:43, 4891.80s/cell, sharp/sl/ipc10]   [cell] tin/rn18/cadprune/sl/ipc10: 10.79 +- 0.53 (6589s)
[cell] partial (bench_tin_rn18_sharp_sl_ipc10.json): have [42, 43, 44], running [45, 46]


tin/rn18/sharp/sl/ipc10 s45:   0%|          | 0/300 [00:00<?, ?ep/s][A

tin/rn18/sharp/sl/ipc10 s45:   0%|          | 1/300 [00:07<37:36,  7.55s/ep][A

tin/rn18/sharp/sl/ipc10 s45:   1%|          | 2/300 [00:15<39:06,  7.87s/ep][A

tin/rn18/sharp/sl/ipc10 s45:   1%|          | 3/300 [00:23<39:31,  7.98s/ep][A

tin/rn18/sharp/sl/ipc10 s45:   1%|▏         | 4/300 [00:31<39:36,  8.03s/ep][A

tin/rn18/sharp/sl/ipc10 s45:   2%|▏         | 5/300 [00:39<39:37,  8.06s/ep][A

tin/rn18/sharp/sl/ipc10 s45:   2%|▏         | 6/300 [00:48<39:32,  8.07s/ep][A

tin/rn18/sharp/sl/ipc10 s45:   2%|▏         | 7/300 [00:56<39:27,  8.08s/ep][A

tin/rn18/sharp/sl/ipc10 s45:   3%|▎         | 8/300 [01:04<39:22,  8.09s/ep][A

tin/rn18/sharp/sl/ipc10 s45:   3%|▎         | 9/300 [01:12<39:14,  8.09s/ep][A

tin/rn18/sharp/sl/ipc10 s45:   3%|▎         | 10/300 [01:20<39:08,  8.10s/ep][A

tin/rn18/sharp/sl/ipc10 s45:   4%|▎         | 11/300 [01:28<39:01,  8.10s/ep][A

tin/rn18/sharp/sl/ipc10 s45:   4%|▍         | 12/300 [01:36<38:52,  8.10s/ep][A

tin/rn18/sharp/sl/ipc10 s45:   4%|▍         | 13/300 [01:44<38:44,  8.10s/ep][A

tin/rn18/sharp/sl/ipc10 s45:   5%|▍         | 14/300 [01:52<38:36,  8.10s/ep][A

tin/rn18/sharp/sl/ipc10 s45:   5%|▌         | 15/300 [02:00<38:28,  8.10s/ep][A

tin/rn18/sharp/sl/ipc10 s45:   5%|▌         | 16/300 [02:09<38:21,  8.10s/ep][A

tin/rn18/sharp/sl/ipc10 s45:   6%|▌         | 17/300 [02:17<38:13,  8.10s/ep][A

tin/rn18/sharp/sl/ipc10 s45:   6%|▌         | 18/300 [02:25<38:05,  8.10s/ep][A

tin/rn18/sharp/sl/ipc10 s45:   6%|▋         | 19/300 [02:33<37:56,  8.10s/ep][A

tin/rn18/sharp/sl/ipc10 s45:   7%|▋         | 20/300 [02:41<37:49,  8.11s/ep][A

tin/rn18/sharp/sl/ipc10 s45:   7%|▋         | 21/300 [02:49<37:41,  8.11s/ep][A

tin/rn18/sharp/sl/ipc10 s45:   7%|▋         | 22/300 [02:57<37:32,  8.10s/ep][A

tin/rn18/sharp/sl/ipc10 s45:   8%|▊         | 23/300 [03:05<37:23,  8.10s/ep][A

tin/rn18/sharp/sl/ipc10 s45:   8%|▊         | 24/300 [03:13<37:15,  8.10s/ep][A

tin/rn18/sharp/sl/ipc10 s45:   8%|▊         | 25/300 [03:22<37:08,  8.10s/ep][A

tin/rn18/sharp/sl/ipc10 s45:   9%|▊         | 26/300 [03:30<37:00,  8.11s/ep][A

tin/rn18/sharp/sl/ipc10 s45:   9%|▉         | 27/300 [03:38<36:52,  8.11s/ep][A

tin/rn18/sharp/sl/ipc10 s45:   9%|▉         | 28/300 [03:46<36:44,  8.10s/ep][A

tin/rn18/sharp/sl/ipc10 s45:  10%|▉         | 29/300 [03:54<36:35,  8.10s/ep][A

tin/rn18/sharp/sl/ipc10 s45:  10%|█         | 30/300 [04:02<36:27,  8.10s/ep][A

tin/rn18/sharp/sl/ipc10 s45:  10%|█         | 31/300 [04:10<36:20,  8.11s/ep][A

tin/rn18/sharp/sl/ipc10 s45:  11%|█         | 32/300 [04:18<36:12,  8.11s/ep][A

tin/rn18/sharp/sl/ipc10 s45:  11%|█         | 33/300 [04:26<36:03,  8.10s/ep][A

tin/rn18/sharp/sl/ipc10 s45:  11%|█▏        | 34/300 [04:34<35:55,  8.10s/ep][A

tin/rn18/sharp/sl/ipc10 s45:  12%|█▏        | 35/300 [04:43<35:47,  8.10s/ep][A

tin/rn18/sharp/sl/ipc10 s45:  12%|█▏        | 36/300 [04:51<35:39,  8.10s/ep][A

tin/rn18/sharp/sl/ipc10 s45:  12%|█▏        | 37/300 [04:59<35:30,  8.10s/ep][A

tin/rn18/sharp/sl/ipc10 s45:  13%|█▎        | 38/300 [05:07<35:23,  8.10s/ep][A

tin/rn18/sharp/sl/ipc10 s45:  13%|█▎        | 39/300 [05:15<35:14,  8.10s/ep][A

tin/rn18/sharp/sl/ipc10 s45:  13%|█▎        | 40/300 [05:23<35:06,  8.10s/ep][A

tin/rn18/sharp/sl/ipc10 s45:  14%|█▎        | 41/300 [05:31<34:58,  8.10s/ep][A

tin/rn18/sharp/sl/ipc10 s45:  14%|█▍        | 42/300 [05:39<34:50,  8.10s/ep][A

tin/rn18/sharp/sl/ipc10 s45:  14%|█▍        | 43/300 [05:47<34:42,  8.10s/ep][A

tin/rn18/sharp/sl/ipc10 s45:  15%|█▍        | 44/300 [05:55<34:34,  8.10s/ep][A

tin/rn18/sharp/sl/ipc10 s45:  15%|█▌        | 45/300 [06:04<34:26,  8.10s/ep][A

tin/rn18/sharp/sl/ipc10 s45:  15%|█▌        | 46/300 [06:12<34:18,  8.10s/ep][A

tin/rn18/sharp/sl/ipc10 s45:  16%|█▌        | 47/300 [06:20<34:10,  8.10s/ep][A

tin/rn18/sharp/sl/ipc10 s45:  16%|█▌        | 48/300 [06:28<34:02,  8.10s/ep][A

tin/rn18/sharp/sl/ipc10 s45:  16%|█▋        | 49/300 [06:36<33:54,  8.11s/ep][A

tin/rn18/sharp/sl/ipc10 s45:  17%|█▋        | 50/300 [06:44<33:46,  8.11s/ep][A

tin/rn18/sharp/sl/ipc10 s45:  17%|█▋        | 51/300 [06:52<33:38,  8.11s/ep][A

tin/rn18/sharp/sl/ipc10 s45:  17%|█▋        | 52/300 [07:00<33:30,  8.11s/ep][A

tin/rn18/sharp/sl/ipc10 s45:  18%|█▊        | 53/300 [07:08<33:22,  8.11s/ep][A

tin/rn18/sharp/sl/ipc10 s45:  18%|█▊        | 54/300 [07:17<33:14,  8.11s/ep][A

tin/rn18/sharp/sl/ipc10 s45:  18%|█▊        | 55/300 [07:25<33:05,  8.11s/ep][A

tin/rn18/sharp/sl/ipc10 s45:  19%|█▊        | 56/300 [07:33<32:57,  8.10s/ep][A

tin/rn18/sharp/sl/ipc10 s45:  19%|█▉        | 57/300 [07:41<32:48,  8.10s/ep][A

tin/rn18/sharp/sl/ipc10 s45:  19%|█▉        | 58/300 [07:49<32:41,  8.10s/ep][A

tin/rn18/sharp/sl/ipc10 s45:  20%|█▉        | 59/300 [07:57<32:33,  8.10s/ep][A

tin/rn18/sharp/sl/ipc10 s45:  20%|██        | 60/300 [08:05<32:25,  8.11s/ep][A

tin/rn18/sharp/sl/ipc10 s45:  20%|██        | 61/300 [08:13<32:16,  8.10s/ep][A

tin/rn18/sharp/sl/ipc10 s45:  21%|██        | 62/300 [08:21<32:08,  8.10s/ep][A

tin/rn18/sharp/sl/ipc10 s45:  21%|██        | 63/300 [08:29<32:00,  8.10s/ep][A

tin/rn18/sharp/sl/ipc10 s45:  21%|██▏       | 64/300 [08:38<31:52,  8.10s/ep][A

tin/rn18/sharp/sl/ipc10 s45:  22%|██▏       | 65/300 [08:46<31:44,  8.10s/ep][A

tin/rn18/sharp/sl/ipc10 s45:  22%|██▏       | 66/300 [08:54<31:36,  8.10s/ep][A

tin/rn18/sharp/sl/ipc10 s45:  22%|██▏       | 67/300 [09:02<31:28,  8.10s/ep][A

tin/rn18/sharp/sl/ipc10 s45:  23%|██▎       | 68/300 [09:10<31:20,  8.11s/ep][A

tin/rn18/sharp/sl/ipc10 s45:  23%|██▎       | 69/300 [09:18<31:12,  8.11s/ep][A

tin/rn18/sharp/sl/ipc10 s45:  23%|██▎       | 70/300 [09:26<31:03,  8.10s/ep][A

tin/rn18/sharp/sl/ipc10 s45:  24%|██▎       | 71/300 [09:34<30:55,  8.10s/ep][A

tin/rn18/sharp/sl/ipc10 s45:  24%|██▍       | 72/300 [09:42<30:47,  8.10s/ep][A

tin/rn18/sharp/sl/ipc10 s45:  24%|██▍       | 73/300 [09:50<30:38,  8.10s/ep][A

tin/rn18/sharp/sl/ipc10 s45:  25%|██▍       | 74/300 [09:59<30:30,  8.10s/ep][A

tin/rn18/sharp/sl/ipc10 s45:  25%|██▌       | 75/300 [10:07<30:22,  8.10s/ep][A

tin/rn18/sharp/sl/ipc10 s45:  25%|██▌       | 76/300 [10:15<30:14,  8.10s/ep][A

tin/rn18/sharp/sl/ipc10 s45:  26%|██▌       | 77/300 [10:23<30:06,  8.10s/ep][A

tin/rn18/sharp/sl/ipc10 s45:  26%|██▌       | 78/300 [10:31<29:58,  8.10s/ep][A

tin/rn18/sharp/sl/ipc10 s45:  26%|██▋       | 79/300 [10:39<29:50,  8.10s/ep][A

tin/rn18/sharp/sl/ipc10 s45:  27%|██▋       | 80/300 [10:47<29:42,  8.10s/ep][A

tin/rn18/sharp/sl/ipc10 s45:  27%|██▋       | 81/300 [10:55<29:34,  8.10s/ep][A

tin/rn18/sharp/sl/ipc10 s45:  27%|██▋       | 82/300 [11:03<29:26,  8.10s/ep][A

tin/rn18/sharp/sl/ipc10 s45:  28%|██▊       | 83/300 [11:12<29:18,  8.11s/ep][A

tin/rn18/sharp/sl/ipc10 s45:  28%|██▊       | 84/300 [11:20<29:10,  8.10s/ep][A

tin/rn18/sharp/sl/ipc10 s45:  28%|██▊       | 85/300 [11:28<29:01,  8.10s/ep][A

tin/rn18/sharp/sl/ipc10 s45:  29%|██▊       | 86/300 [11:36<28:53,  8.10s/ep][A

tin/rn18/sharp/sl/ipc10 s45:  29%|██▉       | 87/300 [11:44<28:45,  8.10s/ep][A

tin/rn18/sharp/sl/ipc10 s45:  29%|██▉       | 88/300 [11:52<28:37,  8.10s/ep][A

tin/rn18/sharp/sl/ipc10 s45:  30%|██▉       | 89/300 [12:00<28:30,  8.10s/ep][A

tin/rn18/sharp/sl/ipc10 s45:  30%|███       | 90/300 [12:08<28:21,  8.10s/ep][A

tin/rn18/sharp/sl/ipc10 s45:  30%|███       | 91/300 [12:16<28:13,  8.10s/ep][A

tin/rn18/sharp/sl/ipc10 s45:  31%|███       | 92/300 [12:24<28:05,  8.10s/ep][A

tin/rn18/sharp/sl/ipc10 s45:  31%|███       | 93/300 [12:33<27:57,  8.10s/ep][A

tin/rn18/sharp/sl/ipc10 s45:  31%|███▏      | 94/300 [12:41<27:49,  8.10s/ep][A

tin/rn18/sharp/sl/ipc10 s45:  32%|███▏      | 95/300 [12:49<27:41,  8.11s/ep][A

tin/rn18/sharp/sl/ipc10 s45:  32%|███▏      | 96/300 [12:57<27:33,  8.11s/ep][A

tin/rn18/sharp/sl/ipc10 s45:  32%|███▏      | 97/300 [13:05<27:25,  8.11s/ep][A

tin/rn18/sharp/sl/ipc10 s45:  33%|███▎      | 98/300 [13:13<27:16,  8.10s/ep][A

tin/rn18/sharp/sl/ipc10 s45:  33%|███▎      | 99/300 [13:21<27:08,  8.10s/ep][A

tin/rn18/sharp/sl/ipc10 s45:  33%|███▎      | 100/300 [13:29<27:00,  8.10s/ep][A

tin/rn18/sharp/sl/ipc10 s45:  34%|███▎      | 101/300 [13:37<26:52,  8.10s/ep][A

tin/rn18/sharp/sl/ipc10 s45:  34%|███▍      | 102/300 [13:45<26:43,  8.10s/ep][A

tin/rn18/sharp/sl/ipc10 s45:  34%|███▍      | 103/300 [13:54<26:35,  8.10s/ep][A

tin/rn18/sharp/sl/ipc10 s45:  35%|███▍      | 104/300 [14:02<26:27,  8.10s/ep][A

tin/rn18/sharp/sl/ipc10 s45:  35%|███▌      | 105/300 [14:10<26:19,  8.10s/ep][A

tin/rn18/sharp/sl/ipc10 s45:  35%|███▌      | 106/300 [14:18<26:11,  8.10s/ep][A

tin/rn18/sharp/sl/ipc10 s45:  36%|███▌      | 107/300 [14:26<26:03,  8.10s/ep][A

tin/rn18/sharp/sl/ipc10 s45:  36%|███▌      | 108/300 [14:34<25:55,  8.10s/ep][A

tin/rn18/sharp/sl/ipc10 s45:  36%|███▋      | 109/300 [14:42<25:47,  8.10s/ep][A

tin/rn18/sharp/sl/ipc10 s45:  37%|███▋      | 110/300 [14:50<25:40,  8.11s/ep][A

tin/rn18/sharp/sl/ipc10 s45:  37%|███▋      | 111/300 [14:58<25:31,  8.11s/ep][A

tin/rn18/sharp/sl/ipc10 s45:  37%|███▋      | 112/300 [15:07<25:23,  8.11s/ep][A

tin/rn18/sharp/sl/ipc10 s45:  38%|███▊      | 113/300 [15:15<25:15,  8.10s/ep][A

tin/rn18/sharp/sl/ipc10 s45:  38%|███▊      | 114/300 [15:23<25:06,  8.10s/ep][A

tin/rn18/sharp/sl/ipc10 s45:  38%|███▊      | 115/300 [15:31<24:58,  8.10s/ep][A

tin/rn18/sharp/sl/ipc10 s45:  39%|███▊      | 116/300 [15:39<24:50,  8.10s/ep][A

tin/rn18/sharp/sl/ipc10 s45:  39%|███▉      | 117/300 [15:47<24:42,  8.10s/ep][A

tin/rn18/sharp/sl/ipc10 s45:  39%|███▉      | 118/300 [15:55<24:35,  8.11s/ep][A

tin/rn18/sharp/sl/ipc10 s45:  40%|███▉      | 119/300 [16:03<24:27,  8.11s/ep][A

tin/rn18/sharp/sl/ipc10 s45:  40%|████      | 120/300 [16:11<24:19,  8.11s/ep][A

tin/rn18/sharp/sl/ipc10 s45:  40%|████      | 121/300 [16:19<24:10,  8.10s/ep][A

tin/rn18/sharp/sl/ipc10 s45:  41%|████      | 122/300 [16:28<24:02,  8.10s/ep][A

tin/rn18/sharp/sl/ipc10 s45:  41%|████      | 123/300 [16:36<23:54,  8.10s/ep][A

tin/rn18/sharp/sl/ipc10 s45:  41%|████▏     | 124/300 [16:44<23:46,  8.10s/ep][A

tin/rn18/sharp/sl/ipc10 s45:  42%|████▏     | 125/300 [16:52<23:38,  8.10s/ep][A

tin/rn18/sharp/sl/ipc10 s45:  42%|████▏     | 126/300 [17:00<23:30,  8.10s/ep][A

tin/rn18/sharp/sl/ipc10 s45:  42%|████▏     | 127/300 [17:08<23:21,  8.10s/ep][A

tin/rn18/sharp/sl/ipc10 s45:  43%|████▎     | 128/300 [17:16<23:13,  8.10s/ep][A

tin/rn18/sharp/sl/ipc10 s45:  43%|████▎     | 129/300 [17:24<23:05,  8.11s/ep][A

tin/rn18/sharp/sl/ipc10 s45:  43%|████▎     | 130/300 [17:32<22:57,  8.10s/ep][A

tin/rn18/sharp/sl/ipc10 s45:  44%|████▎     | 131/300 [17:40<22:49,  8.11s/ep][A

tin/rn18/sharp/sl/ipc10 s45:  44%|████▍     | 132/300 [17:49<22:41,  8.10s/ep][A

tin/rn18/sharp/sl/ipc10 s45:  44%|████▍     | 133/300 [17:57<22:33,  8.10s/ep][A

tin/rn18/sharp/sl/ipc10 s45:  45%|████▍     | 134/300 [18:05<22:25,  8.10s/ep][A

tin/rn18/sharp/sl/ipc10 s45:  45%|████▌     | 135/300 [18:13<22:17,  8.10s/ep][A

tin/rn18/sharp/sl/ipc10 s45:  45%|████▌     | 136/300 [18:21<22:08,  8.10s/ep][A

tin/rn18/sharp/sl/ipc10 s45:  46%|████▌     | 137/300 [18:29<22:00,  8.10s/ep][A

tin/rn18/sharp/sl/ipc10 s45:  46%|████▌     | 138/300 [18:37<21:52,  8.10s/ep][A

tin/rn18/sharp/sl/ipc10 s45:  46%|████▋     | 139/300 [18:45<21:44,  8.10s/ep][A

tin/rn18/sharp/sl/ipc10 s45:  47%|████▋     | 140/300 [18:53<21:36,  8.10s/ep][A

tin/rn18/sharp/sl/ipc10 s45:  47%|████▋     | 141/300 [19:01<21:28,  8.10s/ep][A

tin/rn18/sharp/sl/ipc10 s45:  47%|████▋     | 142/300 [19:10<21:19,  8.10s/ep][A

tin/rn18/sharp/sl/ipc10 s45:  48%|████▊     | 143/300 [19:18<21:11,  8.10s/ep][A

tin/rn18/sharp/sl/ipc10 s45:  48%|████▊     | 144/300 [19:26<21:03,  8.10s/ep][A

tin/rn18/sharp/sl/ipc10 s45:  48%|████▊     | 145/300 [19:34<20:56,  8.11s/ep][A

tin/rn18/sharp/sl/ipc10 s45:  49%|████▊     | 146/300 [19:42<20:48,  8.11s/ep][A

tin/rn18/sharp/sl/ipc10 s45:  49%|████▉     | 147/300 [19:50<20:40,  8.11s/ep][A

tin/rn18/sharp/sl/ipc10 s45:  49%|████▉     | 148/300 [19:58<20:32,  8.11s/ep][A

tin/rn18/sharp/sl/ipc10 s45:  50%|████▉     | 149/300 [20:06<20:24,  8.11s/ep][A

tin/rn18/sharp/sl/ipc10 s45:  50%|█████     | 150/300 [20:14<20:15,  8.10s/ep][A

tin/rn18/sharp/sl/ipc10 s45:  50%|█████     | 151/300 [20:23<20:07,  8.11s/ep][A

tin/rn18/sharp/sl/ipc10 s45:  51%|█████     | 152/300 [20:31<19:59,  8.11s/ep][A

tin/rn18/sharp/sl/ipc10 s45:  51%|█████     | 153/300 [20:39<19:51,  8.11s/ep][A

tin/rn18/sharp/sl/ipc10 s45:  51%|█████▏    | 154/300 [20:47<19:43,  8.11s/ep][A

tin/rn18/sharp/sl/ipc10 s45:  52%|█████▏    | 155/300 [20:55<19:35,  8.11s/ep][A

tin/rn18/sharp/sl/ipc10 s45:  52%|█████▏    | 156/300 [21:03<19:27,  8.10s/ep][A

tin/rn18/sharp/sl/ipc10 s45:  52%|█████▏    | 157/300 [21:11<19:19,  8.11s/ep][A

tin/rn18/sharp/sl/ipc10 s45:  53%|█████▎    | 158/300 [21:19<19:11,  8.11s/ep][A

tin/rn18/sharp/sl/ipc10 s45:  53%|█████▎    | 159/300 [21:27<19:02,  8.10s/ep][A

tin/rn18/sharp/sl/ipc10 s45:  53%|█████▎    | 160/300 [21:36<18:54,  8.10s/ep][A

tin/rn18/sharp/sl/ipc10 s45:  54%|█████▎    | 161/300 [21:44<18:46,  8.10s/ep][A

tin/rn18/sharp/sl/ipc10 s45:  54%|█████▍    | 162/300 [21:52<18:38,  8.10s/ep][A

tin/rn18/sharp/sl/ipc10 s45:  54%|█████▍    | 163/300 [22:00<18:29,  8.10s/ep][A

tin/rn18/sharp/sl/ipc10 s45:  55%|█████▍    | 164/300 [22:08<18:22,  8.11s/ep][A

tin/rn18/sharp/sl/ipc10 s45:  55%|█████▌    | 165/300 [22:16<18:14,  8.11s/ep][A

tin/rn18/sharp/sl/ipc10 s45:  55%|█████▌    | 166/300 [22:24<18:05,  8.10s/ep][A

tin/rn18/sharp/sl/ipc10 s45:  56%|█████▌    | 167/300 [22:32<17:57,  8.10s/ep][A

tin/rn18/sharp/sl/ipc10 s45:  56%|█████▌    | 168/300 [22:40<17:50,  8.11s/ep][A

tin/rn18/sharp/sl/ipc10 s45:  56%|█████▋    | 169/300 [22:48<17:41,  8.10s/ep][A

tin/rn18/sharp/sl/ipc10 s45:  57%|█████▋    | 170/300 [22:57<17:33,  8.10s/ep][A

tin/rn18/sharp/sl/ipc10 s45:  57%|█████▋    | 171/300 [23:05<17:25,  8.10s/ep][A

tin/rn18/sharp/sl/ipc10 s45:  57%|█████▋    | 172/300 [23:13<17:17,  8.10s/ep][A

tin/rn18/sharp/sl/ipc10 s45:  58%|█████▊    | 173/300 [23:21<17:09,  8.10s/ep][A

tin/rn18/sharp/sl/ipc10 s45:  58%|█████▊    | 174/300 [23:29<17:01,  8.10s/ep][A

tin/rn18/sharp/sl/ipc10 s45:  58%|█████▊    | 175/300 [23:37<16:52,  8.10s/ep][A

tin/rn18/sharp/sl/ipc10 s45:  59%|█████▊    | 176/300 [23:45<16:44,  8.10s/ep][A

tin/rn18/sharp/sl/ipc10 s45:  59%|█████▉    | 177/300 [23:53<16:36,  8.10s/ep][A

tin/rn18/sharp/sl/ipc10 s45:  59%|█████▉    | 178/300 [24:01<16:28,  8.10s/ep][A

tin/rn18/sharp/sl/ipc10 s45:  60%|█████▉    | 179/300 [24:09<16:19,  8.10s/ep][A

tin/rn18/sharp/sl/ipc10 s45:  60%|██████    | 180/300 [24:18<16:11,  8.10s/ep][A

tin/rn18/sharp/sl/ipc10 s45:  60%|██████    | 181/300 [24:26<16:03,  8.10s/ep][A

tin/rn18/sharp/sl/ipc10 s45:  61%|██████    | 182/300 [24:34<15:55,  8.10s/ep][A

tin/rn18/sharp/sl/ipc10 s45:  61%|██████    | 183/300 [24:42<15:47,  8.10s/ep][A

tin/rn18/sharp/sl/ipc10 s45:  61%|██████▏   | 184/300 [24:50<15:40,  8.11s/ep][A

tin/rn18/sharp/sl/ipc10 s45:  62%|██████▏   | 185/300 [24:58<15:31,  8.10s/ep][A

tin/rn18/sharp/sl/ipc10 s45:  62%|██████▏   | 186/300 [25:06<15:23,  8.11s/ep][A

tin/rn18/sharp/sl/ipc10 s45:  62%|██████▏   | 187/300 [25:14<15:15,  8.10s/ep][A

tin/rn18/sharp/sl/ipc10 s45:  63%|██████▎   | 188/300 [25:22<15:07,  8.10s/ep][A

tin/rn18/sharp/sl/ipc10 s45:  63%|██████▎   | 189/300 [25:30<14:59,  8.10s/ep][A

tin/rn18/sharp/sl/ipc10 s45:  63%|██████▎   | 190/300 [25:39<14:51,  8.10s/ep][A

tin/rn18/sharp/sl/ipc10 s45:  64%|██████▎   | 191/300 [25:47<14:42,  8.10s/ep][A

tin/rn18/sharp/sl/ipc10 s45:  64%|██████▍   | 192/300 [25:55<14:34,  8.10s/ep][A

tin/rn18/sharp/sl/ipc10 s45:  64%|██████▍   | 193/300 [26:03<14:27,  8.10s/ep][A

tin/rn18/sharp/sl/ipc10 s45:  65%|██████▍   | 194/300 [26:11<14:18,  8.10s/ep][A

tin/rn18/sharp/sl/ipc10 s45:  65%|██████▌   | 195/300 [26:19<14:10,  8.10s/ep][A

tin/rn18/sharp/sl/ipc10 s45:  65%|██████▌   | 196/300 [26:27<14:02,  8.10s/ep][A

tin/rn18/sharp/sl/ipc10 s45:  66%|██████▌   | 197/300 [26:35<13:54,  8.10s/ep][A

tin/rn18/sharp/sl/ipc10 s45:  66%|██████▌   | 198/300 [26:43<13:47,  8.11s/ep][A

tin/rn18/sharp/sl/ipc10 s45:  66%|██████▋   | 199/300 [26:52<13:38,  8.11s/ep][A

tin/rn18/sharp/sl/ipc10 s45:  67%|██████▋   | 200/300 [27:00<13:30,  8.10s/ep][A

tin/rn18/sharp/sl/ipc10 s45:  67%|██████▋   | 201/300 [27:08<13:22,  8.10s/ep][A

tin/rn18/sharp/sl/ipc10 s45:  67%|██████▋   | 202/300 [27:16<13:14,  8.11s/ep][A

tin/rn18/sharp/sl/ipc10 s45:  68%|██████▊   | 203/300 [27:24<13:06,  8.11s/ep][A

tin/rn18/sharp/sl/ipc10 s45:  68%|██████▊   | 204/300 [27:32<12:58,  8.11s/ep][A

tin/rn18/sharp/sl/ipc10 s45:  68%|██████▊   | 205/300 [27:40<12:50,  8.11s/ep][A

tin/rn18/sharp/sl/ipc10 s45:  69%|██████▊   | 206/300 [27:48<12:42,  8.11s/ep][A

tin/rn18/sharp/sl/ipc10 s45:  69%|██████▉   | 207/300 [27:56<12:33,  8.11s/ep][A

tin/rn18/sharp/sl/ipc10 s45:  69%|██████▉   | 208/300 [28:04<12:25,  8.11s/ep][A

tin/rn18/sharp/sl/ipc10 s45:  70%|██████▉   | 209/300 [28:13<12:17,  8.10s/ep][A

tin/rn18/sharp/sl/ipc10 s45:  70%|███████   | 210/300 [28:21<12:09,  8.11s/ep][A

tin/rn18/sharp/sl/ipc10 s45:  70%|███████   | 211/300 [28:29<12:01,  8.11s/ep][A

tin/rn18/sharp/sl/ipc10 s45:  71%|███████   | 212/300 [28:37<11:53,  8.11s/ep][A

tin/rn18/sharp/sl/ipc10 s45:  71%|███████   | 213/300 [28:45<11:44,  8.10s/ep][A

tin/rn18/sharp/sl/ipc10 s45:  71%|███████▏  | 214/300 [28:53<11:36,  8.10s/ep][A

tin/rn18/sharp/sl/ipc10 s45:  72%|███████▏  | 215/300 [29:01<11:28,  8.10s/ep][A

tin/rn18/sharp/sl/ipc10 s45:  72%|███████▏  | 216/300 [29:09<11:20,  8.10s/ep][A

tin/rn18/sharp/sl/ipc10 s45:  72%|███████▏  | 217/300 [29:17<11:13,  8.11s/ep][A

tin/rn18/sharp/sl/ipc10 s45:  73%|███████▎  | 218/300 [29:26<11:04,  8.11s/ep][A

tin/rn18/sharp/sl/ipc10 s45:  73%|███████▎  | 219/300 [29:34<10:56,  8.11s/ep][A

tin/rn18/sharp/sl/ipc10 s45:  73%|███████▎  | 220/300 [29:42<10:48,  8.11s/ep][A

tin/rn18/sharp/sl/ipc10 s45:  74%|███████▎  | 221/300 [29:50<10:40,  8.11s/ep][A

tin/rn18/sharp/sl/ipc10 s45:  74%|███████▍  | 222/300 [29:58<10:32,  8.11s/ep][A

tin/rn18/sharp/sl/ipc10 s45:  74%|███████▍  | 223/300 [30:06<10:24,  8.11s/ep][A

tin/rn18/sharp/sl/ipc10 s45:  75%|███████▍  | 224/300 [30:14<10:16,  8.11s/ep][A

tin/rn18/sharp/sl/ipc10 s45:  75%|███████▌  | 225/300 [30:22<10:07,  8.11s/ep][A

tin/rn18/sharp/sl/ipc10 s45:  75%|███████▌  | 226/300 [30:30<09:59,  8.10s/ep][A

tin/rn18/sharp/sl/ipc10 s45:  76%|███████▌  | 227/300 [30:38<09:51,  8.10s/ep][A

tin/rn18/sharp/sl/ipc10 s45:  76%|███████▌  | 228/300 [30:47<09:43,  8.10s/ep][A

tin/rn18/sharp/sl/ipc10 s45:  76%|███████▋  | 229/300 [30:55<09:35,  8.10s/ep][A

tin/rn18/sharp/sl/ipc10 s45:  77%|███████▋  | 230/300 [31:03<09:26,  8.10s/ep][A

tin/rn18/sharp/sl/ipc10 s45:  77%|███████▋  | 231/300 [31:11<09:18,  8.10s/ep][A

tin/rn18/sharp/sl/ipc10 s45:  77%|███████▋  | 232/300 [31:19<09:11,  8.11s/ep][A

tin/rn18/sharp/sl/ipc10 s45:  78%|███████▊  | 233/300 [31:27<09:03,  8.11s/ep][A

tin/rn18/sharp/sl/ipc10 s45:  78%|███████▊  | 234/300 [31:35<08:54,  8.10s/ep][A

tin/rn18/sharp/sl/ipc10 s45:  78%|███████▊  | 235/300 [31:43<08:46,  8.10s/ep][A

tin/rn18/sharp/sl/ipc10 s45:  79%|███████▊  | 236/300 [31:51<08:38,  8.10s/ep][A

tin/rn18/sharp/sl/ipc10 s45:  79%|███████▉  | 237/300 [32:00<08:30,  8.10s/ep][A

tin/rn18/sharp/sl/ipc10 s45:  79%|███████▉  | 238/300 [32:08<08:22,  8.10s/ep][A

tin/rn18/sharp/sl/ipc10 s45:  80%|███████▉  | 239/300 [32:16<08:14,  8.10s/ep][A

tin/rn18/sharp/sl/ipc10 s45:  80%|████████  | 240/300 [32:24<08:06,  8.10s/ep][A

tin/rn18/sharp/sl/ipc10 s45:  80%|████████  | 241/300 [32:32<07:58,  8.11s/ep][A

tin/rn18/sharp/sl/ipc10 s45:  81%|████████  | 242/300 [32:40<07:50,  8.10s/ep][A

tin/rn18/sharp/sl/ipc10 s45:  81%|████████  | 243/300 [32:48<07:41,  8.10s/ep][A

tin/rn18/sharp/sl/ipc10 s45:  81%|████████▏ | 244/300 [32:56<07:33,  8.11s/ep][A

tin/rn18/sharp/sl/ipc10 s45:  82%|████████▏ | 245/300 [33:04<07:25,  8.10s/ep][A

tin/rn18/sharp/sl/ipc10 s45:  82%|████████▏ | 246/300 [33:12<07:17,  8.10s/ep][A

tin/rn18/sharp/sl/ipc10 s45:  82%|████████▏ | 247/300 [33:21<07:09,  8.10s/ep][A

tin/rn18/sharp/sl/ipc10 s45:  83%|████████▎ | 248/300 [33:29<07:01,  8.10s/ep][A

tin/rn18/sharp/sl/ipc10 s45:  83%|████████▎ | 249/300 [33:37<06:53,  8.11s/ep][A

tin/rn18/sharp/sl/ipc10 s45:  83%|████████▎ | 250/300 [33:45<06:45,  8.11s/ep][A

tin/rn18/sharp/sl/ipc10 s45:  84%|████████▎ | 251/300 [33:53<06:37,  8.11s/ep][A

tin/rn18/sharp/sl/ipc10 s45:  84%|████████▍ | 252/300 [34:01<06:29,  8.11s/ep][A

tin/rn18/sharp/sl/ipc10 s45:  84%|████████▍ | 253/300 [34:09<06:21,  8.11s/ep][A

tin/rn18/sharp/sl/ipc10 s45:  85%|████████▍ | 254/300 [34:17<06:12,  8.10s/ep][A

tin/rn18/sharp/sl/ipc10 s45:  85%|████████▌ | 255/300 [34:25<06:04,  8.10s/ep][A

tin/rn18/sharp/sl/ipc10 s45:  85%|████████▌ | 256/300 [34:34<05:56,  8.10s/ep][A

tin/rn18/sharp/sl/ipc10 s45:  86%|████████▌ | 257/300 [34:42<05:48,  8.11s/ep][A

tin/rn18/sharp/sl/ipc10 s45:  86%|████████▌ | 258/300 [34:50<05:40,  8.10s/ep][A

tin/rn18/sharp/sl/ipc10 s45:  86%|████████▋ | 259/300 [34:58<05:32,  8.10s/ep][A

tin/rn18/sharp/sl/ipc10 s45:  87%|████████▋ | 260/300 [35:06<05:24,  8.10s/ep][A

tin/rn18/sharp/sl/ipc10 s45:  87%|████████▋ | 261/300 [35:14<05:15,  8.10s/ep][A

tin/rn18/sharp/sl/ipc10 s45:  87%|████████▋ | 262/300 [35:22<05:07,  8.10s/ep][A

tin/rn18/sharp/sl/ipc10 s45:  88%|████████▊ | 263/300 [35:30<04:59,  8.10s/ep][A

tin/rn18/sharp/sl/ipc10 s45:  88%|████████▊ | 264/300 [35:38<04:51,  8.10s/ep][A

tin/rn18/sharp/sl/ipc10 s45:  88%|████████▊ | 265/300 [35:46<04:43,  8.10s/ep][A

tin/rn18/sharp/sl/ipc10 s45:  89%|████████▊ | 266/300 [35:55<04:35,  8.10s/ep][A

tin/rn18/sharp/sl/ipc10 s45:  89%|████████▉ | 267/300 [36:03<04:27,  8.11s/ep][A

tin/rn18/sharp/sl/ipc10 s45:  89%|████████▉ | 268/300 [36:11<04:19,  8.10s/ep][A

tin/rn18/sharp/sl/ipc10 s45:  90%|████████▉ | 269/300 [36:19<04:11,  8.10s/ep][A

tin/rn18/sharp/sl/ipc10 s45:  90%|█████████ | 270/300 [36:27<04:03,  8.10s/ep][A

tin/rn18/sharp/sl/ipc10 s45:  90%|█████████ | 271/300 [36:35<03:54,  8.10s/ep][A

tin/rn18/sharp/sl/ipc10 s45:  91%|█████████ | 272/300 [36:43<03:46,  8.10s/ep][A

tin/rn18/sharp/sl/ipc10 s45:  91%|█████████ | 273/300 [36:51<03:38,  8.10s/ep][A

tin/rn18/sharp/sl/ipc10 s45:  91%|█████████▏| 274/300 [36:59<03:30,  8.10s/ep][A

tin/rn18/sharp/sl/ipc10 s45:  92%|█████████▏| 275/300 [37:07<03:22,  8.10s/ep][A

tin/rn18/sharp/sl/ipc10 s45:  92%|█████████▏| 276/300 [37:16<03:14,  8.11s/ep][A

tin/rn18/sharp/sl/ipc10 s45:  92%|█████████▏| 277/300 [37:24<03:06,  8.10s/ep][A

tin/rn18/sharp/sl/ipc10 s45:  93%|█████████▎| 278/300 [37:32<02:58,  8.10s/ep][A

tin/rn18/sharp/sl/ipc10 s45:  93%|█████████▎| 279/300 [37:40<02:50,  8.11s/ep][A

tin/rn18/sharp/sl/ipc10 s45:  93%|█████████▎| 280/300 [37:48<02:42,  8.11s/ep][A

tin/rn18/sharp/sl/ipc10 s45:  94%|█████████▎| 281/300 [37:56<02:34,  8.11s/ep][A

tin/rn18/sharp/sl/ipc10 s45:  94%|█████████▍| 282/300 [38:04<02:25,  8.10s/ep][A

tin/rn18/sharp/sl/ipc10 s45:  94%|█████████▍| 283/300 [38:12<02:17,  8.10s/ep][A

tin/rn18/sharp/sl/ipc10 s45:  95%|█████████▍| 284/300 [38:20<02:09,  8.10s/ep][A

tin/rn18/sharp/sl/ipc10 s45:  95%|█████████▌| 285/300 [38:29<02:01,  8.10s/ep][A

tin/rn18/sharp/sl/ipc10 s45:  95%|█████████▌| 286/300 [38:37<01:53,  8.10s/ep][A

tin/rn18/sharp/sl/ipc10 s45:  96%|█████████▌| 287/300 [38:45<01:45,  8.10s/ep][A

tin/rn18/sharp/sl/ipc10 s45:  96%|█████████▌| 288/300 [38:53<01:37,  8.10s/ep][A

tin/rn18/sharp/sl/ipc10 s45:  96%|█████████▋| 289/300 [39:01<01:29,  8.10s/ep][A

tin/rn18/sharp/sl/ipc10 s45:  97%|█████████▋| 290/300 [39:09<01:20,  8.10s/ep][A

tin/rn18/sharp/sl/ipc10 s45:  97%|█████████▋| 291/300 [39:17<01:12,  8.10s/ep][A

tin/rn18/sharp/sl/ipc10 s45:  97%|█████████▋| 292/300 [39:25<01:04,  8.10s/ep][A

tin/rn18/sharp/sl/ipc10 s45:  98%|█████████▊| 293/300 [39:33<00:56,  8.10s/ep][A

tin/rn18/sharp/sl/ipc10 s45:  98%|█████████▊| 294/300 [39:41<00:48,  8.10s/ep][A

tin/rn18/sharp/sl/ipc10 s45:  98%|█████████▊| 295/300 [39:50<00:40,  8.10s/ep][A

tin/rn18/sharp/sl/ipc10 s45:  99%|█████████▊| 296/300 [39:58<00:32,  8.10s/ep][A

tin/rn18/sharp/sl/ipc10 s45:  99%|█████████▉| 297/300 [40:06<00:24,  8.10s/ep][A

tin/rn18/sharp/sl/ipc10 s45:  99%|█████████▉| 298/300 [40:14<00:16,  8.10s/ep][A

tin/rn18/sharp/sl/ipc10 s45: 100%|█████████▉| 299/300 [40:22<00:08,  8.10s/ep][A

tin/rn18/sharp/sl/ipc10 s45: 100%|██████████| 300/300 [40:30<00:00,  8.10s/ep][A

                                                                              [A[cell] tin/rn18/sharp/sl/ipc10 seed45: 11.28%  (2444s)


tin/rn18/sharp/sl/ipc10 s46:   0%|          | 0/300 [00:00<?, ?ep/s][A

tin/rn18/sharp/sl/ipc10 s46:   0%|          | 1/300 [00:07<37:38,  7.55s/ep][A

tin/rn18/sharp/sl/ipc10 s46:   1%|          | 2/300 [00:15<39:06,  7.87s/ep][A

tin/rn18/sharp/sl/ipc10 s46:   1%|          | 3/300 [00:23<39:31,  7.98s/ep][A

tin/rn18/sharp/sl/ipc10 s46:   1%|▏         | 4/300 [00:31<39:36,  8.03s/ep][A

tin/rn18/sharp/sl/ipc10 s46:   2%|▏         | 5/300 [00:39<39:36,  8.06s/ep][A

tin/rn18/sharp/sl/ipc10 s46:   2%|▏         | 6/300 [00:48<39:33,  8.07s/ep][A

tin/rn18/sharp/sl/ipc10 s46:   2%|▏         | 7/300 [00:56<39:29,  8.09s/ep][A

tin/rn18/sharp/sl/ipc10 s46:   3%|▎         | 8/300 [01:04<39:23,  8.09s/ep][A

tin/rn18/sharp/sl/ipc10 s46:   3%|▎         | 9/300 [01:12<39:15,  8.09s/ep][A

tin/rn18/sharp/sl/ipc10 s46:   3%|▎         | 10/300 [01:20<39:08,  8.10s/ep][A

tin/rn18/sharp/sl/ipc10 s46:   4%|▎         | 11/300 [01:28<39:01,  8.10s/ep][A

tin/rn18/sharp/sl/ipc10 s46:   4%|▍         | 12/300 [01:36<38:52,  8.10s/ep][A

tin/rn18/sharp/sl/ipc10 s46:   4%|▍         | 13/300 [01:44<38:44,  8.10s/ep][A

tin/rn18/sharp/sl/ipc10 s46:   5%|▍         | 14/300 [01:52<38:37,  8.10s/ep][A

tin/rn18/sharp/sl/ipc10 s46:   5%|▌         | 15/300 [02:01<38:29,  8.10s/ep][A

tin/rn18/sharp/sl/ipc10 s46:   5%|▌         | 16/300 [02:09<38:20,  8.10s/ep][A

tin/rn18/sharp/sl/ipc10 s46:   6%|▌         | 17/300 [02:17<38:12,  8.10s/ep][A

tin/rn18/sharp/sl/ipc10 s46:   6%|▌         | 18/300 [02:25<38:05,  8.10s/ep][A

tin/rn18/sharp/sl/ipc10 s46:   6%|▋         | 19/300 [02:33<37:57,  8.10s/ep][A

tin/rn18/sharp/sl/ipc10 s46:   7%|▋         | 20/300 [02:41<37:48,  8.10s/ep][A

tin/rn18/sharp/sl/ipc10 s46:   7%|▋         | 21/300 [02:49<37:40,  8.10s/ep][A

tin/rn18/sharp/sl/ipc10 s46:   7%|▋         | 22/300 [02:57<37:32,  8.10s/ep][A

tin/rn18/sharp/sl/ipc10 s46:   8%|▊         | 23/300 [03:05<37:25,  8.11s/ep][A

tin/rn18/sharp/sl/ipc10 s46:   8%|▊         | 24/300 [03:13<37:17,  8.11s/ep][A

tin/rn18/sharp/sl/ipc10 s46:   8%|▊         | 25/300 [03:22<37:08,  8.10s/ep][A

tin/rn18/sharp/sl/ipc10 s46:   9%|▊         | 26/300 [03:30<37:00,  8.10s/ep][A

tin/rn18/sharp/sl/ipc10 s46:   9%|▉         | 27/300 [03:38<36:53,  8.11s/ep][A

tin/rn18/sharp/sl/ipc10 s46:   9%|▉         | 28/300 [03:46<36:44,  8.10s/ep][A

tin/rn18/sharp/sl/ipc10 s46:  10%|▉         | 29/300 [03:54<36:35,  8.10s/ep][A

tin/rn18/sharp/sl/ipc10 s46:  10%|█         | 30/300 [04:02<36:27,  8.10s/ep][A

tin/rn18/sharp/sl/ipc10 s46:  10%|█         | 31/300 [04:10<36:18,  8.10s/ep][A

tin/rn18/sharp/sl/ipc10 s46:  11%|█         | 32/300 [04:18<36:09,  8.10s/ep][A

tin/rn18/sharp/sl/ipc10 s46:  11%|█         | 33/300 [04:26<36:02,  8.10s/ep][A

tin/rn18/sharp/sl/ipc10 s46:  11%|█▏        | 34/300 [04:34<35:54,  8.10s/ep][A

tin/rn18/sharp/sl/ipc10 s46:  12%|█▏        | 35/300 [04:43<35:46,  8.10s/ep][A

tin/rn18/sharp/sl/ipc10 s46:  12%|█▏        | 36/300 [04:51<35:38,  8.10s/ep][A

tin/rn18/sharp/sl/ipc10 s46:  12%|█▏        | 37/300 [04:59<35:30,  8.10s/ep][A

tin/rn18/sharp/sl/ipc10 s46:  13%|█▎        | 38/300 [05:07<35:22,  8.10s/ep][A

tin/rn18/sharp/sl/ipc10 s46:  13%|█▎        | 39/300 [05:15<35:14,  8.10s/ep][A

tin/rn18/sharp/sl/ipc10 s46:  13%|█▎        | 40/300 [05:23<35:06,  8.10s/ep][A

tin/rn18/sharp/sl/ipc10 s46:  14%|█▎        | 41/300 [05:31<34:59,  8.11s/ep][A

tin/rn18/sharp/sl/ipc10 s46:  14%|█▍        | 42/300 [05:39<34:51,  8.11s/ep][A

tin/rn18/sharp/sl/ipc10 s46:  14%|█▍        | 43/300 [05:47<34:43,  8.11s/ep][A

tin/rn18/sharp/sl/ipc10 s46:  15%|█▍        | 44/300 [05:56<34:35,  8.11s/ep][A

tin/rn18/sharp/sl/ipc10 s46:  15%|█▌        | 45/300 [06:04<34:26,  8.11s/ep][A

tin/rn18/sharp/sl/ipc10 s46:  15%|█▌        | 46/300 [06:12<34:19,  8.11s/ep][A

tin/rn18/sharp/sl/ipc10 s46:  16%|█▌        | 47/300 [06:20<34:10,  8.10s/ep][A

tin/rn18/sharp/sl/ipc10 s46:  16%|█▌        | 48/300 [06:28<34:02,  8.11s/ep][A

tin/rn18/sharp/sl/ipc10 s46:  16%|█▋        | 49/300 [06:36<33:54,  8.11s/ep][A

tin/rn18/sharp/sl/ipc10 s46:  17%|█▋        | 50/300 [06:44<33:46,  8.10s/ep][A

tin/rn18/sharp/sl/ipc10 s46:  17%|█▋        | 51/300 [06:52<33:37,  8.10s/ep][A

tin/rn18/sharp/sl/ipc10 s46:  17%|█▋        | 52/300 [07:00<33:30,  8.11s/ep][A

tin/rn18/sharp/sl/ipc10 s46:  18%|█▊        | 53/300 [07:08<33:22,  8.11s/ep][A

tin/rn18/sharp/sl/ipc10 s46:  18%|█▊        | 54/300 [07:17<33:13,  8.10s/ep][A

tin/rn18/sharp/sl/ipc10 s46:  18%|█▊        | 55/300 [07:25<33:05,  8.10s/ep][A

tin/rn18/sharp/sl/ipc10 s46:  19%|█▊        | 56/300 [07:33<32:57,  8.10s/ep][A

tin/rn18/sharp/sl/ipc10 s46:  19%|█▉        | 57/300 [07:41<32:49,  8.11s/ep][A

tin/rn18/sharp/sl/ipc10 s46:  19%|█▉        | 58/300 [07:49<32:41,  8.11s/ep][A

tin/rn18/sharp/sl/ipc10 s46:  20%|█▉        | 59/300 [07:57<32:32,  8.10s/ep][A

tin/rn18/sharp/sl/ipc10 s46:  20%|██        | 60/300 [08:05<32:24,  8.10s/ep][A

tin/rn18/sharp/sl/ipc10 s46:  20%|██        | 61/300 [08:13<32:16,  8.10s/ep][A

tin/rn18/sharp/sl/ipc10 s46:  21%|██        | 62/300 [08:21<32:08,  8.10s/ep][A

tin/rn18/sharp/sl/ipc10 s46:  21%|██        | 63/300 [08:30<32:00,  8.10s/ep][A

tin/rn18/sharp/sl/ipc10 s46:  21%|██▏       | 64/300 [08:38<31:51,  8.10s/ep][A

tin/rn18/sharp/sl/ipc10 s46:  22%|██▏       | 65/300 [08:46<31:43,  8.10s/ep][A

tin/rn18/sharp/sl/ipc10 s46:  22%|██▏       | 66/300 [08:54<31:35,  8.10s/ep][A

tin/rn18/sharp/sl/ipc10 s46:  22%|██▏       | 67/300 [09:02<31:27,  8.10s/ep][A

tin/rn18/sharp/sl/ipc10 s46:  23%|██▎       | 68/300 [09:10<31:20,  8.10s/ep][A

tin/rn18/sharp/sl/ipc10 s46:  23%|██▎       | 69/300 [09:18<31:12,  8.11s/ep][A

tin/rn18/sharp/sl/ipc10 s46:  23%|██▎       | 70/300 [09:26<31:04,  8.11s/ep][A

tin/rn18/sharp/sl/ipc10 s46:  24%|██▎       | 71/300 [09:34<30:55,  8.10s/ep][A

tin/rn18/sharp/sl/ipc10 s46:  24%|██▍       | 72/300 [09:42<30:47,  8.10s/ep][A

tin/rn18/sharp/sl/ipc10 s46:  24%|██▍       | 73/300 [09:51<30:38,  8.10s/ep][A

tin/rn18/sharp/sl/ipc10 s46:  25%|██▍       | 74/300 [09:59<30:31,  8.10s/ep][A

tin/rn18/sharp/sl/ipc10 s46:  25%|██▌       | 75/300 [10:07<30:22,  8.10s/ep][A

tin/rn18/sharp/sl/ipc10 s46:  25%|██▌       | 76/300 [10:15<30:14,  8.10s/ep][A

tin/rn18/sharp/sl/ipc10 s46:  26%|██▌       | 77/300 [10:23<30:06,  8.10s/ep][A

tin/rn18/sharp/sl/ipc10 s46:  26%|██▌       | 78/300 [10:31<29:59,  8.10s/ep][A

tin/rn18/sharp/sl/ipc10 s46:  26%|██▋       | 79/300 [10:39<29:50,  8.10s/ep][A

tin/rn18/sharp/sl/ipc10 s46:  27%|██▋       | 80/300 [10:47<29:42,  8.10s/ep][A

tin/rn18/sharp/sl/ipc10 s46:  27%|██▋       | 81/300 [10:55<29:34,  8.10s/ep][A

tin/rn18/sharp/sl/ipc10 s46:  27%|██▋       | 82/300 [11:03<29:26,  8.10s/ep][A

tin/rn18/sharp/sl/ipc10 s46:  28%|██▊       | 83/300 [11:12<29:18,  8.10s/ep][A

tin/rn18/sharp/sl/ipc10 s46:  28%|██▊       | 84/300 [11:20<29:10,  8.10s/ep][A

tin/rn18/sharp/sl/ipc10 s46:  28%|██▊       | 85/300 [11:28<29:02,  8.10s/ep][A

tin/rn18/sharp/sl/ipc10 s46:  29%|██▊       | 86/300 [11:36<28:53,  8.10s/ep][A

tin/rn18/sharp/sl/ipc10 s46:  29%|██▉       | 87/300 [11:44<28:45,  8.10s/ep][A

tin/rn18/sharp/sl/ipc10 s46:  29%|██▉       | 88/300 [11:52<28:37,  8.10s/ep][A

tin/rn18/sharp/sl/ipc10 s46:  30%|██▉       | 89/300 [12:00<28:29,  8.10s/ep][A

tin/rn18/sharp/sl/ipc10 s46:  30%|███       | 90/300 [12:08<28:22,  8.11s/ep][A

tin/rn18/sharp/sl/ipc10 s46:  30%|███       | 91/300 [12:16<28:13,  8.10s/ep][A

tin/rn18/sharp/sl/ipc10 s46:  31%|███       | 92/300 [12:24<28:05,  8.10s/ep][A

tin/rn18/sharp/sl/ipc10 s46:  31%|███       | 93/300 [12:33<27:57,  8.10s/ep][A

tin/rn18/sharp/sl/ipc10 s46:  31%|███▏      | 94/300 [12:41<27:48,  8.10s/ep][A

tin/rn18/sharp/sl/ipc10 s46:  32%|███▏      | 95/300 [12:49<27:40,  8.10s/ep][A

tin/rn18/sharp/sl/ipc10 s46:  32%|███▏      | 96/300 [12:57<27:31,  8.10s/ep][A

tin/rn18/sharp/sl/ipc10 s46:  32%|███▏      | 97/300 [13:05<27:24,  8.10s/ep][A

tin/rn18/sharp/sl/ipc10 s46:  33%|███▎      | 98/300 [13:13<27:16,  8.10s/ep][A

tin/rn18/sharp/sl/ipc10 s46:  33%|███▎      | 99/300 [13:21<27:08,  8.10s/ep][A

tin/rn18/sharp/sl/ipc10 s46:  33%|███▎      | 100/300 [13:29<27:00,  8.10s/ep][A

tin/rn18/sharp/sl/ipc10 s46:  34%|███▎      | 101/300 [13:37<26:52,  8.10s/ep][A

tin/rn18/sharp/sl/ipc10 s46:  34%|███▍      | 102/300 [13:45<26:44,  8.10s/ep][A

tin/rn18/sharp/sl/ipc10 s46:  34%|███▍      | 103/300 [13:54<26:36,  8.10s/ep][A

tin/rn18/sharp/sl/ipc10 s46:  35%|███▍      | 104/300 [14:02<26:27,  8.10s/ep][A

tin/rn18/sharp/sl/ipc10 s46:  35%|███▌      | 105/300 [14:10<26:19,  8.10s/ep][A

tin/rn18/sharp/sl/ipc10 s46:  35%|███▌      | 106/300 [14:18<26:11,  8.10s/ep][A

tin/rn18/sharp/sl/ipc10 s46:  36%|███▌      | 107/300 [14:26<26:04,  8.11s/ep][A

tin/rn18/sharp/sl/ipc10 s46:  36%|███▌      | 108/300 [14:34<25:55,  8.10s/ep][A

tin/rn18/sharp/sl/ipc10 s46:  36%|███▋      | 109/300 [14:42<25:47,  8.10s/ep][A

tin/rn18/sharp/sl/ipc10 s46:  37%|███▋      | 110/300 [14:50<25:39,  8.10s/ep][A

tin/rn18/sharp/sl/ipc10 s46:  37%|███▋      | 111/300 [14:58<25:31,  8.10s/ep][A

tin/rn18/sharp/sl/ipc10 s46:  37%|███▋      | 112/300 [15:06<25:23,  8.10s/ep][A

tin/rn18/sharp/sl/ipc10 s46:  38%|███▊      | 113/300 [15:15<25:15,  8.10s/ep][A

tin/rn18/sharp/sl/ipc10 s46:  38%|███▊      | 114/300 [15:23<25:06,  8.10s/ep][A

tin/rn18/sharp/sl/ipc10 s46:  38%|███▊      | 115/300 [15:31<24:58,  8.10s/ep][A

tin/rn18/sharp/sl/ipc10 s46:  39%|███▊      | 116/300 [15:39<24:50,  8.10s/ep][A

tin/rn18/sharp/sl/ipc10 s46:  39%|███▉      | 117/300 [15:47<24:42,  8.10s/ep][A

tin/rn18/sharp/sl/ipc10 s46:  39%|███▉      | 118/300 [15:55<24:35,  8.11s/ep][A

tin/rn18/sharp/sl/ipc10 s46:  40%|███▉      | 119/300 [16:03<24:27,  8.11s/ep][A

tin/rn18/sharp/sl/ipc10 s46:  40%|████      | 120/300 [16:11<24:19,  8.11s/ep][A

tin/rn18/sharp/sl/ipc10 s46:  40%|████      | 121/300 [16:19<24:11,  8.11s/ep][A

tin/rn18/sharp/sl/ipc10 s46:  41%|████      | 122/300 [16:28<24:03,  8.11s/ep][A

tin/rn18/sharp/sl/ipc10 s46:  41%|████      | 123/300 [16:36<23:55,  8.11s/ep][A

tin/rn18/sharp/sl/ipc10 s46:  41%|████▏     | 124/300 [16:44<23:46,  8.11s/ep][A

tin/rn18/sharp/sl/ipc10 s46:  42%|████▏     | 125/300 [16:52<23:38,  8.10s/ep][A

tin/rn18/sharp/sl/ipc10 s46:  42%|████▏     | 126/300 [17:00<23:30,  8.10s/ep][A

tin/rn18/sharp/sl/ipc10 s46:  42%|████▏     | 127/300 [17:08<23:22,  8.11s/ep][A

tin/rn18/sharp/sl/ipc10 s46:  43%|████▎     | 128/300 [17:16<23:14,  8.11s/ep][A

tin/rn18/sharp/sl/ipc10 s46:  43%|████▎     | 129/300 [17:24<23:05,  8.10s/ep][A

tin/rn18/sharp/sl/ipc10 s46:  43%|████▎     | 130/300 [17:32<22:57,  8.11s/ep][A

tin/rn18/sharp/sl/ipc10 s46:  44%|████▎     | 131/300 [17:41<22:49,  8.10s/ep][A

tin/rn18/sharp/sl/ipc10 s46:  44%|████▍     | 132/300 [17:49<22:41,  8.10s/ep][A

tin/rn18/sharp/sl/ipc10 s46:  44%|████▍     | 133/300 [17:57<22:33,  8.11s/ep][A

tin/rn18/sharp/sl/ipc10 s46:  45%|████▍     | 134/300 [18:05<22:25,  8.10s/ep][A

tin/rn18/sharp/sl/ipc10 s46:  45%|████▌     | 135/300 [18:13<22:17,  8.11s/ep][A

tin/rn18/sharp/sl/ipc10 s46:  45%|████▌     | 136/300 [18:21<22:09,  8.10s/ep][A

tin/rn18/sharp/sl/ipc10 s46:  46%|████▌     | 137/300 [18:29<22:01,  8.10s/ep][A

tin/rn18/sharp/sl/ipc10 s46:  46%|████▌     | 138/300 [18:37<21:52,  8.10s/ep][A

tin/rn18/sharp/sl/ipc10 s46:  46%|████▋     | 139/300 [18:45<21:44,  8.10s/ep][A

tin/rn18/sharp/sl/ipc10 s46:  47%|████▋     | 140/300 [18:53<21:36,  8.10s/ep][A

tin/rn18/sharp/sl/ipc10 s46:  47%|████▋     | 141/300 [19:02<21:28,  8.10s/ep][A

tin/rn18/sharp/sl/ipc10 s46:  47%|████▋     | 142/300 [19:10<21:20,  8.10s/ep][A

tin/rn18/sharp/sl/ipc10 s46:  48%|████▊     | 143/300 [19:18<21:12,  8.10s/ep][A

tin/rn18/sharp/sl/ipc10 s46:  48%|████▊     | 144/300 [19:26<21:04,  8.10s/ep][A

tin/rn18/sharp/sl/ipc10 s46:  48%|████▊     | 145/300 [19:34<20:56,  8.10s/ep][A

tin/rn18/sharp/sl/ipc10 s46:  49%|████▊     | 146/300 [19:42<20:47,  8.10s/ep][A

tin/rn18/sharp/sl/ipc10 s46:  49%|████▉     | 147/300 [19:50<20:39,  8.10s/ep][A

tin/rn18/sharp/sl/ipc10 s46:  49%|████▉     | 148/300 [19:58<20:31,  8.10s/ep][A

tin/rn18/sharp/sl/ipc10 s46:  50%|████▉     | 149/300 [20:06<20:23,  8.10s/ep][A

tin/rn18/sharp/sl/ipc10 s46:  50%|█████     | 150/300 [20:14<20:15,  8.10s/ep][A

tin/rn18/sharp/sl/ipc10 s46:  50%|█████     | 151/300 [20:23<20:06,  8.10s/ep][A

tin/rn18/sharp/sl/ipc10 s46:  51%|█████     | 152/300 [20:31<19:59,  8.10s/ep][A

tin/rn18/sharp/sl/ipc10 s46:  51%|█████     | 153/300 [20:39<19:51,  8.10s/ep][A

tin/rn18/sharp/sl/ipc10 s46:  51%|█████▏    | 154/300 [20:47<19:43,  8.11s/ep][A

tin/rn18/sharp/sl/ipc10 s46:  52%|█████▏    | 155/300 [20:55<19:35,  8.10s/ep][A

tin/rn18/sharp/sl/ipc10 s46:  52%|█████▏    | 156/300 [21:03<19:27,  8.10s/ep][A

tin/rn18/sharp/sl/ipc10 s46:  52%|█████▏    | 157/300 [21:11<19:18,  8.10s/ep][A

tin/rn18/sharp/sl/ipc10 s46:  53%|█████▎    | 158/300 [21:19<19:10,  8.10s/ep][A

tin/rn18/sharp/sl/ipc10 s46:  53%|█████▎    | 159/300 [21:27<19:02,  8.10s/ep][A

tin/rn18/sharp/sl/ipc10 s46:  53%|█████▎    | 160/300 [21:35<18:54,  8.10s/ep][A

tin/rn18/sharp/sl/ipc10 s46:  54%|█████▎    | 161/300 [21:44<18:46,  8.10s/ep][A

tin/rn18/sharp/sl/ipc10 s46:  54%|█████▍    | 162/300 [21:52<18:38,  8.10s/ep][A

tin/rn18/sharp/sl/ipc10 s46:  54%|█████▍    | 163/300 [22:00<18:30,  8.10s/ep][A

tin/rn18/sharp/sl/ipc10 s46:  55%|█████▍    | 164/300 [22:08<18:22,  8.11s/ep][A

tin/rn18/sharp/sl/ipc10 s46:  55%|█████▌    | 165/300 [22:16<18:14,  8.11s/ep][A

tin/rn18/sharp/sl/ipc10 s46:  55%|█████▌    | 166/300 [22:24<18:06,  8.11s/ep][A

tin/rn18/sharp/sl/ipc10 s46:  56%|█████▌    | 167/300 [22:32<17:57,  8.10s/ep][A

tin/rn18/sharp/sl/ipc10 s46:  56%|█████▌    | 168/300 [22:40<17:49,  8.11s/ep][A

tin/rn18/sharp/sl/ipc10 s46:  56%|█████▋    | 169/300 [22:48<17:41,  8.11s/ep][A

tin/rn18/sharp/sl/ipc10 s46:  57%|█████▋    | 170/300 [22:57<17:33,  8.10s/ep][A

tin/rn18/sharp/sl/ipc10 s46:  57%|█████▋    | 171/300 [23:05<17:25,  8.10s/ep][A

tin/rn18/sharp/sl/ipc10 s46:  57%|█████▋    | 172/300 [23:13<17:17,  8.10s/ep][A

tin/rn18/sharp/sl/ipc10 s46:  58%|█████▊    | 173/300 [23:21<17:09,  8.10s/ep][A

tin/rn18/sharp/sl/ipc10 s46:  58%|█████▊    | 174/300 [23:29<17:01,  8.10s/ep][A

tin/rn18/sharp/sl/ipc10 s46:  58%|█████▊    | 175/300 [23:37<16:52,  8.10s/ep][A

tin/rn18/sharp/sl/ipc10 s46:  59%|█████▊    | 176/300 [23:45<16:45,  8.11s/ep][A

tin/rn18/sharp/sl/ipc10 s46:  59%|█████▉    | 177/300 [23:53<16:36,  8.10s/ep][A

tin/rn18/sharp/sl/ipc10 s46:  59%|█████▉    | 178/300 [24:01<16:28,  8.10s/ep][A

tin/rn18/sharp/sl/ipc10 s46:  60%|█████▉    | 179/300 [24:09<16:20,  8.10s/ep][A

tin/rn18/sharp/sl/ipc10 s46:  60%|██████    | 180/300 [24:18<16:12,  8.10s/ep][A

tin/rn18/sharp/sl/ipc10 s46:  60%|██████    | 181/300 [24:26<16:04,  8.10s/ep][A

tin/rn18/sharp/sl/ipc10 s46:  61%|██████    | 182/300 [24:34<15:56,  8.11s/ep][A

tin/rn18/sharp/sl/ipc10 s46:  61%|██████    | 183/300 [24:42<15:48,  8.10s/ep][A

tin/rn18/sharp/sl/ipc10 s46:  61%|██████▏   | 184/300 [24:50<15:39,  8.10s/ep][A

tin/rn18/sharp/sl/ipc10 s46:  62%|██████▏   | 185/300 [24:58<15:32,  8.11s/ep][A

tin/rn18/sharp/sl/ipc10 s46:  62%|██████▏   | 186/300 [25:06<15:23,  8.10s/ep][A

tin/rn18/sharp/sl/ipc10 s46:  62%|██████▏   | 187/300 [25:14<15:15,  8.10s/ep][A

tin/rn18/sharp/sl/ipc10 s46:  63%|██████▎   | 188/300 [25:22<15:07,  8.11s/ep][A

tin/rn18/sharp/sl/ipc10 s46:  63%|██████▎   | 189/300 [25:31<14:59,  8.11s/ep][A

tin/rn18/sharp/sl/ipc10 s46:  63%|██████▎   | 190/300 [25:39<14:51,  8.10s/ep][A

tin/rn18/sharp/sl/ipc10 s46:  64%|██████▎   | 191/300 [25:47<14:43,  8.10s/ep][A

tin/rn18/sharp/sl/ipc10 s46:  64%|██████▍   | 192/300 [25:55<14:35,  8.11s/ep][A

tin/rn18/sharp/sl/ipc10 s46:  64%|██████▍   | 193/300 [26:03<14:27,  8.10s/ep][A

tin/rn18/sharp/sl/ipc10 s46:  65%|██████▍   | 194/300 [26:11<14:19,  8.10s/ep][A

tin/rn18/sharp/sl/ipc10 s46:  65%|██████▌   | 195/300 [26:19<14:10,  8.10s/ep][A

tin/rn18/sharp/sl/ipc10 s46:  65%|██████▌   | 196/300 [26:27<14:02,  8.10s/ep][A

tin/rn18/sharp/sl/ipc10 s46:  66%|██████▌   | 197/300 [26:35<13:54,  8.10s/ep][A

tin/rn18/sharp/sl/ipc10 s46:  66%|██████▌   | 198/300 [26:43<13:46,  8.10s/ep][A

tin/rn18/sharp/sl/ipc10 s46:  66%|██████▋   | 199/300 [26:52<13:38,  8.10s/ep][A

tin/rn18/sharp/sl/ipc10 s46:  67%|██████▋   | 200/300 [27:00<13:30,  8.10s/ep][A

tin/rn18/sharp/sl/ipc10 s46:  67%|██████▋   | 201/300 [27:08<13:22,  8.10s/ep][A

tin/rn18/sharp/sl/ipc10 s46:  67%|██████▋   | 202/300 [27:16<13:14,  8.10s/ep][A

tin/rn18/sharp/sl/ipc10 s46:  68%|██████▊   | 203/300 [27:24<13:06,  8.11s/ep][A

tin/rn18/sharp/sl/ipc10 s46:  68%|██████▊   | 204/300 [27:32<12:58,  8.11s/ep][A

tin/rn18/sharp/sl/ipc10 s46:  68%|██████▊   | 205/300 [27:40<12:50,  8.11s/ep][A

tin/rn18/sharp/sl/ipc10 s46:  69%|██████▊   | 206/300 [27:48<12:41,  8.10s/ep][A

tin/rn18/sharp/sl/ipc10 s46:  69%|██████▉   | 207/300 [27:56<12:33,  8.10s/ep][A

tin/rn18/sharp/sl/ipc10 s46:  69%|██████▉   | 208/300 [28:04<12:25,  8.10s/ep][A

tin/rn18/sharp/sl/ipc10 s46:  70%|██████▉   | 209/300 [28:13<12:17,  8.10s/ep][A

tin/rn18/sharp/sl/ipc10 s46:  70%|███████   | 210/300 [28:21<12:09,  8.11s/ep][A

tin/rn18/sharp/sl/ipc10 s46:  70%|███████   | 211/300 [28:29<12:01,  8.10s/ep][A

tin/rn18/sharp/sl/ipc10 s46:  71%|███████   | 212/300 [28:37<11:53,  8.10s/ep][A

tin/rn18/sharp/sl/ipc10 s46:  71%|███████   | 213/300 [28:45<11:44,  8.10s/ep][A

tin/rn18/sharp/sl/ipc10 s46:  71%|███████▏  | 214/300 [28:53<11:36,  8.10s/ep][A

tin/rn18/sharp/sl/ipc10 s46:  72%|███████▏  | 215/300 [29:01<11:28,  8.10s/ep][A

tin/rn18/sharp/sl/ipc10 s46:  72%|███████▏  | 216/300 [29:09<11:20,  8.10s/ep][A

tin/rn18/sharp/sl/ipc10 s46:  72%|███████▏  | 217/300 [29:17<11:12,  8.10s/ep][A

tin/rn18/sharp/sl/ipc10 s46:  73%|███████▎  | 218/300 [29:26<11:04,  8.10s/ep][A

tin/rn18/sharp/sl/ipc10 s46:  73%|███████▎  | 219/300 [29:34<10:56,  8.10s/ep][A

tin/rn18/sharp/sl/ipc10 s46:  73%|███████▎  | 220/300 [29:42<10:48,  8.11s/ep][A

tin/rn18/sharp/sl/ipc10 s46:  74%|███████▎  | 221/300 [29:50<10:40,  8.10s/ep][A

tin/rn18/sharp/sl/ipc10 s46:  74%|███████▍  | 222/300 [29:58<10:32,  8.10s/ep][A

tin/rn18/sharp/sl/ipc10 s46:  74%|███████▍  | 223/300 [30:06<10:23,  8.10s/ep][A

tin/rn18/sharp/sl/ipc10 s46:  75%|███████▍  | 224/300 [30:14<10:15,  8.10s/ep][A

tin/rn18/sharp/sl/ipc10 s46:  75%|███████▌  | 225/300 [30:22<10:07,  8.10s/ep][A

tin/rn18/sharp/sl/ipc10 s46:  75%|███████▌  | 226/300 [30:30<09:59,  8.10s/ep][A

tin/rn18/sharp/sl/ipc10 s46:  76%|███████▌  | 227/300 [30:38<09:51,  8.10s/ep][A

tin/rn18/sharp/sl/ipc10 s46:  76%|███████▌  | 228/300 [30:47<09:43,  8.10s/ep][A

tin/rn18/sharp/sl/ipc10 s46:  76%|███████▋  | 229/300 [30:55<09:35,  8.10s/ep][A

tin/rn18/sharp/sl/ipc10 s46:  77%|███████▋  | 230/300 [31:03<09:27,  8.11s/ep][A

tin/rn18/sharp/sl/ipc10 s46:  77%|███████▋  | 231/300 [31:11<09:19,  8.11s/ep][A

tin/rn18/sharp/sl/ipc10 s46:  77%|███████▋  | 232/300 [31:19<09:11,  8.11s/ep][A

tin/rn18/sharp/sl/ipc10 s46:  78%|███████▊  | 233/300 [31:27<09:02,  8.10s/ep][A

tin/rn18/sharp/sl/ipc10 s46:  78%|███████▊  | 234/300 [31:35<08:54,  8.10s/ep][A

tin/rn18/sharp/sl/ipc10 s46:  78%|███████▊  | 235/300 [31:43<08:46,  8.10s/ep][A

tin/rn18/sharp/sl/ipc10 s46:  79%|███████▊  | 236/300 [31:51<08:38,  8.10s/ep][A

tin/rn18/sharp/sl/ipc10 s46:  79%|███████▉  | 237/300 [31:59<08:30,  8.10s/ep][A

tin/rn18/sharp/sl/ipc10 s46:  79%|███████▉  | 238/300 [32:08<08:22,  8.10s/ep][A

tin/rn18/sharp/sl/ipc10 s46:  80%|███████▉  | 239/300 [32:16<08:14,  8.11s/ep][A

tin/rn18/sharp/sl/ipc10 s46:  80%|████████  | 240/300 [32:24<08:06,  8.10s/ep][A

tin/rn18/sharp/sl/ipc10 s46:  80%|████████  | 241/300 [32:32<07:58,  8.10s/ep][A

tin/rn18/sharp/sl/ipc10 s46:  81%|████████  | 242/300 [32:40<07:49,  8.10s/ep][A

tin/rn18/sharp/sl/ipc10 s46:  81%|████████  | 243/300 [32:48<07:41,  8.10s/ep][A

tin/rn18/sharp/sl/ipc10 s46:  81%|████████▏ | 244/300 [32:56<07:33,  8.10s/ep][A

tin/rn18/sharp/sl/ipc10 s46:  82%|████████▏ | 245/300 [33:04<07:25,  8.10s/ep][A

tin/rn18/sharp/sl/ipc10 s46:  82%|████████▏ | 246/300 [33:12<07:17,  8.10s/ep][A

tin/rn18/sharp/sl/ipc10 s46:  82%|████████▏ | 247/300 [33:20<07:09,  8.10s/ep][A

tin/rn18/sharp/sl/ipc10 s46:  83%|████████▎ | 248/300 [33:29<07:01,  8.10s/ep][A

tin/rn18/sharp/sl/ipc10 s46:  83%|████████▎ | 249/300 [33:37<06:53,  8.10s/ep][A

tin/rn18/sharp/sl/ipc10 s46:  83%|████████▎ | 250/300 [33:45<06:45,  8.10s/ep][A

tin/rn18/sharp/sl/ipc10 s46:  84%|████████▎ | 251/300 [33:53<06:37,  8.11s/ep][A

tin/rn18/sharp/sl/ipc10 s46:  84%|████████▍ | 252/300 [34:01<06:29,  8.11s/ep][A

tin/rn18/sharp/sl/ipc10 s46:  84%|████████▍ | 253/300 [34:09<06:20,  8.11s/ep][A

tin/rn18/sharp/sl/ipc10 s46:  85%|████████▍ | 254/300 [34:17<06:12,  8.11s/ep][A

tin/rn18/sharp/sl/ipc10 s46:  85%|████████▌ | 255/300 [34:25<06:04,  8.11s/ep][A

tin/rn18/sharp/sl/ipc10 s46:  85%|████████▌ | 256/300 [34:33<05:56,  8.11s/ep][A

tin/rn18/sharp/sl/ipc10 s46:  86%|████████▌ | 257/300 [34:42<05:48,  8.11s/ep][A

tin/rn18/sharp/sl/ipc10 s46:  86%|████████▌ | 258/300 [34:50<05:40,  8.10s/ep][A

tin/rn18/sharp/sl/ipc10 s46:  86%|████████▋ | 259/300 [34:58<05:32,  8.10s/ep][A

tin/rn18/sharp/sl/ipc10 s46:  87%|████████▋ | 260/300 [35:06<05:24,  8.10s/ep][A

tin/rn18/sharp/sl/ipc10 s46:  87%|████████▋ | 261/300 [35:14<05:16,  8.10s/ep][A

tin/rn18/sharp/sl/ipc10 s46:  87%|████████▋ | 262/300 [35:22<05:07,  8.10s/ep][A

tin/rn18/sharp/sl/ipc10 s46:  88%|████████▊ | 263/300 [35:30<04:59,  8.10s/ep][A

tin/rn18/sharp/sl/ipc10 s46:  88%|████████▊ | 264/300 [35:38<04:51,  8.10s/ep][A

tin/rn18/sharp/sl/ipc10 s46:  88%|████████▊ | 265/300 [35:46<04:43,  8.10s/ep][A

tin/rn18/sharp/sl/ipc10 s46:  89%|████████▊ | 266/300 [35:54<04:35,  8.10s/ep][A

tin/rn18/sharp/sl/ipc10 s46:  89%|████████▉ | 267/300 [36:03<04:27,  8.10s/ep][A

tin/rn18/sharp/sl/ipc10 s46:  89%|████████▉ | 268/300 [36:11<04:19,  8.10s/ep][A

tin/rn18/sharp/sl/ipc10 s46:  90%|████████▉ | 269/300 [36:19<04:11,  8.10s/ep][A

tin/rn18/sharp/sl/ipc10 s46:  90%|█████████ | 270/300 [36:27<04:03,  8.10s/ep][A

tin/rn18/sharp/sl/ipc10 s46:  90%|█████████ | 271/300 [36:35<03:54,  8.10s/ep][A

tin/rn18/sharp/sl/ipc10 s46:  91%|█████████ | 272/300 [36:43<03:46,  8.10s/ep][A

tin/rn18/sharp/sl/ipc10 s46:  91%|█████████ | 273/300 [36:51<03:38,  8.10s/ep][A

tin/rn18/sharp/sl/ipc10 s46:  91%|█████████▏| 274/300 [36:59<03:30,  8.10s/ep][A

tin/rn18/sharp/sl/ipc10 s46:  92%|█████████▏| 275/300 [37:07<03:22,  8.10s/ep][A

tin/rn18/sharp/sl/ipc10 s46:  92%|█████████▏| 276/300 [37:16<03:14,  8.10s/ep][A

tin/rn18/sharp/sl/ipc10 s46:  92%|█████████▏| 277/300 [37:24<03:06,  8.10s/ep][A

tin/rn18/sharp/sl/ipc10 s46:  93%|█████████▎| 278/300 [37:32<02:58,  8.10s/ep][A

tin/rn18/sharp/sl/ipc10 s46:  93%|█████████▎| 279/300 [37:40<02:50,  8.10s/ep][A

tin/rn18/sharp/sl/ipc10 s46:  93%|█████████▎| 280/300 [37:48<02:42,  8.10s/ep][A

tin/rn18/sharp/sl/ipc10 s46:  94%|█████████▎| 281/300 [37:56<02:33,  8.10s/ep][A

tin/rn18/sharp/sl/ipc10 s46:  94%|█████████▍| 282/300 [38:04<02:25,  8.10s/ep][A

tin/rn18/sharp/sl/ipc10 s46:  94%|█████████▍| 283/300 [38:12<02:17,  8.10s/ep][A

tin/rn18/sharp/sl/ipc10 s46:  95%|█████████▍| 284/300 [38:20<02:09,  8.11s/ep][A

tin/rn18/sharp/sl/ipc10 s46:  95%|█████████▌| 285/300 [38:28<02:01,  8.11s/ep][A

tin/rn18/sharp/sl/ipc10 s46:  95%|█████████▌| 286/300 [38:37<01:53,  8.11s/ep][A

tin/rn18/sharp/sl/ipc10 s46:  96%|█████████▌| 287/300 [38:45<01:45,  8.11s/ep][A

tin/rn18/sharp/sl/ipc10 s46:  96%|█████████▌| 288/300 [38:53<01:37,  8.11s/ep][A

tin/rn18/sharp/sl/ipc10 s46:  96%|█████████▋| 289/300 [39:01<01:29,  8.11s/ep][A

tin/rn18/sharp/sl/ipc10 s46:  97%|█████████▋| 290/300 [39:09<01:21,  8.11s/ep][A

tin/rn18/sharp/sl/ipc10 s46:  97%|█████████▋| 291/300 [39:17<01:12,  8.10s/ep][A

tin/rn18/sharp/sl/ipc10 s46:  97%|█████████▋| 292/300 [39:25<01:04,  8.10s/ep][A

tin/rn18/sharp/sl/ipc10 s46:  98%|█████████▊| 293/300 [39:33<00:56,  8.10s/ep][A

tin/rn18/sharp/sl/ipc10 s46:  98%|█████████▊| 294/300 [39:41<00:48,  8.10s/ep][A

tin/rn18/sharp/sl/ipc10 s46:  98%|█████████▊| 295/300 [39:49<00:40,  8.10s/ep][A

tin/rn18/sharp/sl/ipc10 s46:  99%|█████████▊| 296/300 [39:58<00:32,  8.10s/ep][A

tin/rn18/sharp/sl/ipc10 s46:  99%|█████████▉| 297/300 [40:06<00:24,  8.11s/ep][A

tin/rn18/sharp/sl/ipc10 s46:  99%|█████████▉| 298/300 [40:14<00:16,  8.10s/ep][A

tin/rn18/sharp/sl/ipc10 s46: 100%|█████████▉| 299/300 [40:22<00:08,  8.10s/ep][A

tin/rn18/sharp/sl/ipc10 s46: 100%|██████████| 300/300 [40:30<00:00,  8.10s/ep][A

                                                                              [A[cell] tin/rn18/sharp/sl/ipc10 seed46: 12.71%  (2444s)
[cell] tin/rn18/sharp/sl/ipc10: union seeds [42, 43, 44] + [45, 46]

rn18-tin:  15%|█▍        | 4/27 [5:26:06<31:15:02, 4891.40s/cell, sharp/sl/ipc10]
rn18-tin:  15%|█▍        | 4/27 [5:26:06<31:15:02, 4891.40s/cell, rcad/sl/ipc10] [cell] tin/rn18/sharp/sl/ipc10: 11.86 +- 0.94 (6581s)
[cell] partial (bench_tin_rn18_rcad_sl_ipc10.json): have [42, 43, 44], running [45, 46]


tin/rn18/rcad/sl/ipc10 s45:   0%|          | 0/300 [00:00<?, ?ep/s][A

tin/rn18/rcad/sl/ipc10 s45:   0%|          | 1/300 [00:07<37:36,  7.55s/ep][A

tin/rn18/rcad/sl/ipc10 s45:   1%|          | 2/300 [00:15<39:05,  7.87s/ep][A

tin/rn18/rcad/sl/ipc10 s45:   1%|          | 3/300 [00:23<39:30,  7.98s/ep][A

tin/rn18/rcad/sl/ipc10 s45:   1%|▏         | 4/300 [00:31<39:37,  8.03s/ep][A

tin/rn18/rcad/sl/ipc10 s45:   2%|▏         | 5/300 [00:39<39:37,  8.06s/ep][A

tin/rn18/rcad/sl/ipc10 s45:   2%|▏         | 6/300 [00:48<39:33,  8.07s/ep][A

tin/rn18/rcad/sl/ipc10 s45:   2%|▏         | 7/300 [00:56<39:27,  8.08s/ep][A

tin/rn18/rcad/sl/ipc10 s45:   3%|▎         | 8/300 [01:04<39:22,  8.09s/ep][A

tin/rn18/rcad/sl/ipc10 s45:   3%|▎         | 9/300 [01:12<39:14,  8.09s/ep][A

tin/rn18/rcad/sl/ipc10 s45:   3%|▎         | 10/300 [01:20<39:07,  8.10s/ep][A

tin/rn18/rcad/sl/ipc10 s45:   4%|▎         | 11/300 [01:28<39:00,  8.10s/ep][A

tin/rn18/rcad/sl/ipc10 s45:   4%|▍         | 12/300 [01:36<38:51,  8.10s/ep][A

tin/rn18/rcad/sl/ipc10 s45:   4%|▍         | 13/300 [01:44<38:44,  8.10s/ep][A

tin/rn18/rcad/sl/ipc10 s45:   5%|▍         | 14/300 [01:52<38:36,  8.10s/ep][A

tin/rn18/rcad/sl/ipc10 s45:   5%|▌         | 15/300 [02:00<38:28,  8.10s/ep][A

tin/rn18/rcad/sl/ipc10 s45:   5%|▌         | 16/300 [02:09<38:21,  8.10s/ep][A

tin/rn18/rcad/sl/ipc10 s45:   6%|▌         | 17/300 [02:17<38:13,  8.10s/ep][A

tin/rn18/rcad/sl/ipc10 s45:   6%|▌         | 18/300 [02:25<38:05,  8.10s/ep][A

tin/rn18/rcad/sl/ipc10 s45:   6%|▋         | 19/300 [02:33<37:57,  8.10s/ep][A

tin/rn18/rcad/sl/ipc10 s45:   7%|▋         | 20/300 [02:41<37:49,  8.11s/ep][A

tin/rn18/rcad/sl/ipc10 s45:   7%|▋         | 21/300 [02:49<37:41,  8.11s/ep][A

tin/rn18/rcad/sl/ipc10 s45:   7%|▋         | 22/300 [02:57<37:32,  8.10s/ep][A

tin/rn18/rcad/sl/ipc10 s45:   8%|▊         | 23/300 [03:05<37:24,  8.10s/ep][A

tin/rn18/rcad/sl/ipc10 s45:   8%|▊         | 24/300 [03:13<37:15,  8.10s/ep][A

tin/rn18/rcad/sl/ipc10 s45:   8%|▊         | 25/300 [03:22<37:08,  8.10s/ep][A

tin/rn18/rcad/sl/ipc10 s45:   9%|▊         | 26/300 [03:30<37:00,  8.10s/ep][A

tin/rn18/rcad/sl/ipc10 s45:   9%|▉         | 27/300 [03:38<36:52,  8.10s/ep][A

tin/rn18/rcad/sl/ipc10 s45:   9%|▉         | 28/300 [03:46<36:44,  8.10s/ep][A

tin/rn18/rcad/sl/ipc10 s45:  10%|▉         | 29/300 [03:54<36:35,  8.10s/ep][A

tin/rn18/rcad/sl/ipc10 s45:  10%|█         | 30/300 [04:02<36:27,  8.10s/ep][A

tin/rn18/rcad/sl/ipc10 s45:  10%|█         | 31/300 [04:10<36:20,  8.11s/ep][A

tin/rn18/rcad/sl/ipc10 s45:  11%|█         | 32/300 [04:18<36:12,  8.11s/ep][A

tin/rn18/rcad/sl/ipc10 s45:  11%|█         | 33/300 [04:26<36:03,  8.10s/ep][A

tin/rn18/rcad/sl/ipc10 s45:  11%|█▏        | 34/300 [04:34<35:55,  8.10s/ep][A

tin/rn18/rcad/sl/ipc10 s45:  12%|█▏        | 35/300 [04:43<35:47,  8.10s/ep][A

tin/rn18/rcad/sl/ipc10 s45:  12%|█▏        | 36/300 [04:51<35:39,  8.10s/ep][A

tin/rn18/rcad/sl/ipc10 s45:  12%|█▏        | 37/300 [04:59<35:31,  8.10s/ep][A

tin/rn18/rcad/sl/ipc10 s45:  13%|█▎        | 38/300 [05:07<35:22,  8.10s/ep][A

tin/rn18/rcad/sl/ipc10 s45:  13%|█▎        | 39/300 [05:15<35:14,  8.10s/ep][A

tin/rn18/rcad/sl/ipc10 s45:  13%|█▎        | 40/300 [05:23<35:06,  8.10s/ep][A

tin/rn18/rcad/sl/ipc10 s45:  14%|█▎        | 41/300 [05:31<34:58,  8.10s/ep][A

tin/rn18/rcad/sl/ipc10 s45:  14%|█▍        | 42/300 [05:39<34:51,  8.11s/ep][A

tin/rn18/rcad/sl/ipc10 s45:  14%|█▍        | 43/300 [05:47<34:42,  8.10s/ep][A

tin/rn18/rcad/sl/ipc10 s45:  15%|█▍        | 44/300 [05:55<34:33,  8.10s/ep][A

tin/rn18/rcad/sl/ipc10 s45:  15%|█▌        | 45/300 [06:04<34:26,  8.10s/ep][A

tin/rn18/rcad/sl/ipc10 s45:  15%|█▌        | 46/300 [06:12<34:17,  8.10s/ep][A

tin/rn18/rcad/sl/ipc10 s45:  16%|█▌        | 47/300 [06:20<34:09,  8.10s/ep][A

tin/rn18/rcad/sl/ipc10 s45:  16%|█▌        | 48/300 [06:28<34:01,  8.10s/ep][A

tin/rn18/rcad/sl/ipc10 s45:  16%|█▋        | 49/300 [06:36<33:54,  8.10s/ep][A

tin/rn18/rcad/sl/ipc10 s45:  17%|█▋        | 50/300 [06:44<33:46,  8.10s/ep][A

tin/rn18/rcad/sl/ipc10 s45:  17%|█▋        | 51/300 [06:52<33:38,  8.11s/ep][A

tin/rn18/rcad/sl/ipc10 s45:  17%|█▋        | 52/300 [07:00<33:30,  8.11s/ep][A

tin/rn18/rcad/sl/ipc10 s45:  18%|█▊        | 53/300 [07:08<33:22,  8.11s/ep][A

tin/rn18/rcad/sl/ipc10 s45:  18%|█▊        | 54/300 [07:17<33:13,  8.10s/ep][A

tin/rn18/rcad/sl/ipc10 s45:  18%|█▊        | 55/300 [07:25<33:05,  8.10s/ep][A

tin/rn18/rcad/sl/ipc10 s45:  19%|█▊        | 56/300 [07:33<32:57,  8.10s/ep][A

tin/rn18/rcad/sl/ipc10 s45:  19%|█▉        | 57/300 [07:41<32:49,  8.10s/ep][A

tin/rn18/rcad/sl/ipc10 s45:  19%|█▉        | 58/300 [07:49<32:41,  8.11s/ep][A

tin/rn18/rcad/sl/ipc10 s45:  20%|█▉        | 59/300 [07:57<32:33,  8.11s/ep][A

tin/rn18/rcad/sl/ipc10 s45:  20%|██        | 60/300 [08:05<32:26,  8.11s/ep][A

tin/rn18/rcad/sl/ipc10 s45:  20%|██        | 61/300 [08:13<32:17,  8.11s/ep][A

tin/rn18/rcad/sl/ipc10 s45:  21%|██        | 62/300 [08:21<32:08,  8.10s/ep][A

tin/rn18/rcad/sl/ipc10 s45:  21%|██        | 63/300 [08:29<32:01,  8.11s/ep][A

tin/rn18/rcad/sl/ipc10 s45:  21%|██▏       | 64/300 [08:38<31:52,  8.10s/ep][A

tin/rn18/rcad/sl/ipc10 s45:  22%|██▏       | 65/300 [08:46<31:44,  8.10s/ep][A

tin/rn18/rcad/sl/ipc10 s45:  22%|██▏       | 66/300 [08:54<31:36,  8.10s/ep][A

tin/rn18/rcad/sl/ipc10 s45:  22%|██▏       | 67/300 [09:02<31:27,  8.10s/ep][A

tin/rn18/rcad/sl/ipc10 s45:  23%|██▎       | 68/300 [09:10<31:19,  8.10s/ep][A

tin/rn18/rcad/sl/ipc10 s45:  23%|██▎       | 69/300 [09:18<31:12,  8.11s/ep][A

tin/rn18/rcad/sl/ipc10 s45:  23%|██▎       | 70/300 [09:26<31:03,  8.10s/ep][A

tin/rn18/rcad/sl/ipc10 s45:  24%|██▎       | 71/300 [09:34<30:55,  8.10s/ep][A

tin/rn18/rcad/sl/ipc10 s45:  24%|██▍       | 72/300 [09:42<30:47,  8.10s/ep][A

tin/rn18/rcad/sl/ipc10 s45:  24%|██▍       | 73/300 [09:51<30:38,  8.10s/ep][A

tin/rn18/rcad/sl/ipc10 s45:  25%|██▍       | 74/300 [09:59<30:31,  8.10s/ep][A

tin/rn18/rcad/sl/ipc10 s45:  25%|██▌       | 75/300 [10:07<30:22,  8.10s/ep][A

tin/rn18/rcad/sl/ipc10 s45:  25%|██▌       | 76/300 [10:15<30:14,  8.10s/ep][A

tin/rn18/rcad/sl/ipc10 s45:  26%|██▌       | 77/300 [10:23<30:06,  8.10s/ep][A

tin/rn18/rcad/sl/ipc10 s45:  26%|██▌       | 78/300 [10:31<29:58,  8.10s/ep][A

tin/rn18/rcad/sl/ipc10 s45:  26%|██▋       | 79/300 [10:39<29:50,  8.10s/ep][A

tin/rn18/rcad/sl/ipc10 s45:  27%|██▋       | 80/300 [10:47<29:42,  8.10s/ep][A

tin/rn18/rcad/sl/ipc10 s45:  27%|██▋       | 81/300 [10:55<29:34,  8.10s/ep][A

tin/rn18/rcad/sl/ipc10 s45:  27%|██▋       | 82/300 [11:03<29:26,  8.10s/ep][A

tin/rn18/rcad/sl/ipc10 s45:  28%|██▊       | 83/300 [11:12<29:18,  8.11s/ep][A

tin/rn18/rcad/sl/ipc10 s45:  28%|██▊       | 84/300 [11:20<29:10,  8.10s/ep][A

tin/rn18/rcad/sl/ipc10 s45:  28%|██▊       | 85/300 [11:28<29:02,  8.10s/ep][A

tin/rn18/rcad/sl/ipc10 s45:  29%|██▊       | 86/300 [11:36<28:53,  8.10s/ep][A

tin/rn18/rcad/sl/ipc10 s45:  29%|██▉       | 87/300 [11:44<28:45,  8.10s/ep][A

tin/rn18/rcad/sl/ipc10 s45:  29%|██▉       | 88/300 [11:52<28:38,  8.10s/ep][A

tin/rn18/rcad/sl/ipc10 s45:  30%|██▉       | 89/300 [12:00<28:29,  8.10s/ep][A

tin/rn18/rcad/sl/ipc10 s45:  30%|███       | 90/300 [12:08<28:21,  8.10s/ep][A

tin/rn18/rcad/sl/ipc10 s45:  30%|███       | 91/300 [12:16<28:13,  8.10s/ep][A

tin/rn18/rcad/sl/ipc10 s45:  31%|███       | 92/300 [12:24<28:05,  8.10s/ep][A

tin/rn18/rcad/sl/ipc10 s45:  31%|███       | 93/300 [12:33<27:57,  8.10s/ep][A

tin/rn18/rcad/sl/ipc10 s45:  31%|███▏      | 94/300 [12:41<27:49,  8.11s/ep][A

tin/rn18/rcad/sl/ipc10 s45:  32%|███▏      | 95/300 [12:49<27:41,  8.11s/ep][A

tin/rn18/rcad/sl/ipc10 s45:  32%|███▏      | 96/300 [12:57<27:33,  8.10s/ep][A

tin/rn18/rcad/sl/ipc10 s45:  32%|███▏      | 97/300 [13:05<27:25,  8.11s/ep][A

tin/rn18/rcad/sl/ipc10 s45:  33%|███▎      | 98/300 [13:13<27:16,  8.10s/ep][A

tin/rn18/rcad/sl/ipc10 s45:  33%|███▎      | 99/300 [13:21<27:08,  8.10s/ep][A

tin/rn18/rcad/sl/ipc10 s45:  33%|███▎      | 100/300 [13:29<27:00,  8.10s/ep][A

tin/rn18/rcad/sl/ipc10 s45:  34%|███▎      | 101/300 [13:37<26:52,  8.10s/ep][A

tin/rn18/rcad/sl/ipc10 s45:  34%|███▍      | 102/300 [13:45<26:43,  8.10s/ep][A

tin/rn18/rcad/sl/ipc10 s45:  34%|███▍      | 103/300 [13:54<26:35,  8.10s/ep][A

tin/rn18/rcad/sl/ipc10 s45:  35%|███▍      | 104/300 [14:02<26:28,  8.10s/ep][A

tin/rn18/rcad/sl/ipc10 s45:  35%|███▌      | 105/300 [14:10<26:19,  8.10s/ep][A

tin/rn18/rcad/sl/ipc10 s45:  35%|███▌      | 106/300 [14:18<26:11,  8.10s/ep][A

tin/rn18/rcad/sl/ipc10 s45:  36%|███▌      | 107/300 [14:26<26:03,  8.10s/ep][A

tin/rn18/rcad/sl/ipc10 s45:  36%|███▌      | 108/300 [14:34<25:55,  8.10s/ep][A

tin/rn18/rcad/sl/ipc10 s45:  36%|███▋      | 109/300 [14:42<25:48,  8.11s/ep][A

tin/rn18/rcad/sl/ipc10 s45:  37%|███▋      | 110/300 [14:50<25:40,  8.11s/ep][A

tin/rn18/rcad/sl/ipc10 s45:  37%|███▋      | 111/300 [14:58<25:32,  8.11s/ep][A

tin/rn18/rcad/sl/ipc10 s45:  37%|███▋      | 112/300 [15:07<25:24,  8.11s/ep][A

tin/rn18/rcad/sl/ipc10 s45:  38%|███▊      | 113/300 [15:15<25:15,  8.10s/ep][A

tin/rn18/rcad/sl/ipc10 s45:  38%|███▊      | 114/300 [15:23<25:07,  8.10s/ep][A

tin/rn18/rcad/sl/ipc10 s45:  38%|███▊      | 115/300 [15:31<24:58,  8.10s/ep][A

tin/rn18/rcad/sl/ipc10 s45:  39%|███▊      | 116/300 [15:39<24:50,  8.10s/ep][A

tin/rn18/rcad/sl/ipc10 s45:  39%|███▉      | 117/300 [15:47<24:42,  8.10s/ep][A

tin/rn18/rcad/sl/ipc10 s45:  39%|███▉      | 118/300 [15:55<24:34,  8.10s/ep][A

tin/rn18/rcad/sl/ipc10 s45:  40%|███▉      | 119/300 [16:03<24:26,  8.10s/ep][A

tin/rn18/rcad/sl/ipc10 s45:  40%|████      | 120/300 [16:11<24:19,  8.11s/ep][A

tin/rn18/rcad/sl/ipc10 s45:  40%|████      | 121/300 [16:19<24:10,  8.10s/ep][A

tin/rn18/rcad/sl/ipc10 s45:  41%|████      | 122/300 [16:28<24:02,  8.10s/ep][A

tin/rn18/rcad/sl/ipc10 s45:  41%|████      | 123/300 [16:36<23:54,  8.10s/ep][A

tin/rn18/rcad/sl/ipc10 s45:  41%|████▏     | 124/300 [16:44<23:46,  8.10s/ep][A

tin/rn18/rcad/sl/ipc10 s45:  42%|████▏     | 125/300 [16:52<23:38,  8.10s/ep][A

tin/rn18/rcad/sl/ipc10 s45:  42%|████▏     | 126/300 [17:00<23:29,  8.10s/ep][A

tin/rn18/rcad/sl/ipc10 s45:  42%|████▏     | 127/300 [17:08<23:21,  8.10s/ep][A

tin/rn18/rcad/sl/ipc10 s45:  43%|████▎     | 128/300 [17:16<23:13,  8.10s/ep][A

tin/rn18/rcad/sl/ipc10 s45:  43%|████▎     | 129/300 [17:24<23:05,  8.10s/ep][A

tin/rn18/rcad/sl/ipc10 s45:  43%|████▎     | 130/300 [17:32<22:57,  8.10s/ep][A

tin/rn18/rcad/sl/ipc10 s45:  44%|████▎     | 131/300 [17:41<22:49,  8.11s/ep][A

tin/rn18/rcad/sl/ipc10 s45:  44%|████▍     | 132/300 [17:49<22:41,  8.10s/ep][A

tin/rn18/rcad/sl/ipc10 s45:  44%|████▍     | 133/300 [17:57<22:33,  8.11s/ep][A

tin/rn18/rcad/sl/ipc10 s45:  45%|████▍     | 134/300 [18:05<22:25,  8.10s/ep][A

tin/rn18/rcad/sl/ipc10 s45:  45%|████▌     | 135/300 [18:13<22:17,  8.10s/ep][A

tin/rn18/rcad/sl/ipc10 s45:  45%|████▌     | 136/300 [18:21<22:08,  8.10s/ep][A

tin/rn18/rcad/sl/ipc10 s45:  46%|████▌     | 137/300 [18:29<22:00,  8.10s/ep][A

tin/rn18/rcad/sl/ipc10 s45:  46%|████▌     | 138/300 [18:37<21:52,  8.10s/ep][A

tin/rn18/rcad/sl/ipc10 s45:  46%|████▋     | 139/300 [18:45<21:44,  8.10s/ep][A

tin/rn18/rcad/sl/ipc10 s45:  47%|████▋     | 140/300 [18:53<21:36,  8.10s/ep][A

tin/rn18/rcad/sl/ipc10 s45:  47%|████▋     | 141/300 [19:02<21:27,  8.10s/ep][A

tin/rn18/rcad/sl/ipc10 s45:  47%|████▋     | 142/300 [19:10<21:19,  8.10s/ep][A

tin/rn18/rcad/sl/ipc10 s45:  48%|████▊     | 143/300 [19:18<21:11,  8.10s/ep][A

tin/rn18/rcad/sl/ipc10 s45:  48%|████▊     | 144/300 [19:26<21:03,  8.10s/ep][A

tin/rn18/rcad/sl/ipc10 s45:  48%|████▊     | 145/300 [19:34<20:55,  8.10s/ep][A

tin/rn18/rcad/sl/ipc10 s45:  49%|████▊     | 146/300 [19:42<20:48,  8.11s/ep][A

tin/rn18/rcad/sl/ipc10 s45:  49%|████▉     | 147/300 [19:50<20:40,  8.11s/ep][A

tin/rn18/rcad/sl/ipc10 s45:  49%|████▉     | 148/300 [19:58<20:32,  8.11s/ep][A

tin/rn18/rcad/sl/ipc10 s45:  50%|████▉     | 149/300 [20:06<20:24,  8.11s/ep][A

tin/rn18/rcad/sl/ipc10 s45:  50%|█████     | 150/300 [20:14<20:15,  8.10s/ep][A

tin/rn18/rcad/sl/ipc10 s45:  50%|█████     | 151/300 [20:23<20:07,  8.11s/ep][A

tin/rn18/rcad/sl/ipc10 s45:  51%|█████     | 152/300 [20:31<19:59,  8.11s/ep][A

tin/rn18/rcad/sl/ipc10 s45:  51%|█████     | 153/300 [20:39<19:51,  8.11s/ep][A

tin/rn18/rcad/sl/ipc10 s45:  51%|█████▏    | 154/300 [20:47<19:43,  8.11s/ep][A

tin/rn18/rcad/sl/ipc10 s45:  52%|█████▏    | 155/300 [20:55<19:35,  8.11s/ep][A

tin/rn18/rcad/sl/ipc10 s45:  52%|█████▏    | 156/300 [21:03<19:27,  8.11s/ep][A

tin/rn18/rcad/sl/ipc10 s45:  52%|█████▏    | 157/300 [21:11<19:19,  8.11s/ep][A

tin/rn18/rcad/sl/ipc10 s45:  53%|█████▎    | 158/300 [21:19<19:11,  8.11s/ep][A

tin/rn18/rcad/sl/ipc10 s45:  53%|█████▎    | 159/300 [21:27<19:02,  8.10s/ep][A

tin/rn18/rcad/sl/ipc10 s45:  53%|█████▎    | 160/300 [21:36<18:54,  8.10s/ep][A

tin/rn18/rcad/sl/ipc10 s45:  54%|█████▎    | 161/300 [21:44<18:46,  8.10s/ep][A

tin/rn18/rcad/sl/ipc10 s45:  54%|█████▍    | 162/300 [21:52<18:38,  8.10s/ep][A

tin/rn18/rcad/sl/ipc10 s45:  54%|█████▍    | 163/300 [22:00<18:30,  8.10s/ep][A

tin/rn18/rcad/sl/ipc10 s45:  55%|█████▍    | 164/300 [22:08<18:22,  8.10s/ep][A

tin/rn18/rcad/sl/ipc10 s45:  55%|█████▌    | 165/300 [22:16<18:14,  8.11s/ep][A

tin/rn18/rcad/sl/ipc10 s45:  55%|█████▌    | 166/300 [22:24<18:05,  8.10s/ep][A

tin/rn18/rcad/sl/ipc10 s45:  56%|█████▌    | 167/300 [22:32<17:58,  8.11s/ep][A

tin/rn18/rcad/sl/ipc10 s45:  56%|█████▌    | 168/300 [22:40<17:49,  8.11s/ep][A

tin/rn18/rcad/sl/ipc10 s45:  56%|█████▋    | 169/300 [22:48<17:41,  8.10s/ep][A

tin/rn18/rcad/sl/ipc10 s45:  57%|█████▋    | 170/300 [22:57<17:33,  8.10s/ep][A

tin/rn18/rcad/sl/ipc10 s45:  57%|█████▋    | 171/300 [23:05<17:25,  8.10s/ep][A

tin/rn18/rcad/sl/ipc10 s45:  57%|█████▋    | 172/300 [23:13<17:17,  8.10s/ep][A

tin/rn18/rcad/sl/ipc10 s45:  58%|█████▊    | 173/300 [23:21<17:08,  8.10s/ep][A

tin/rn18/rcad/sl/ipc10 s45:  58%|█████▊    | 174/300 [23:29<17:00,  8.10s/ep][A

tin/rn18/rcad/sl/ipc10 s45:  58%|█████▊    | 175/300 [23:37<16:52,  8.10s/ep][A

tin/rn18/rcad/sl/ipc10 s45:  59%|█████▊    | 176/300 [23:45<16:44,  8.10s/ep][A

tin/rn18/rcad/sl/ipc10 s45:  59%|█████▉    | 177/300 [23:53<16:36,  8.10s/ep][A

tin/rn18/rcad/sl/ipc10 s45:  59%|█████▉    | 178/300 [24:01<16:28,  8.10s/ep][A

tin/rn18/rcad/sl/ipc10 s45:  60%|█████▉    | 179/300 [24:09<16:20,  8.10s/ep][A

tin/rn18/rcad/sl/ipc10 s45:  60%|██████    | 180/300 [24:18<16:11,  8.10s/ep][A

tin/rn18/rcad/sl/ipc10 s45:  60%|██████    | 181/300 [24:26<16:03,  8.10s/ep][A

tin/rn18/rcad/sl/ipc10 s45:  61%|██████    | 182/300 [24:34<15:55,  8.10s/ep][A

tin/rn18/rcad/sl/ipc10 s45:  61%|██████    | 183/300 [24:42<15:47,  8.10s/ep][A

tin/rn18/rcad/sl/ipc10 s45:  61%|██████▏   | 184/300 [24:50<15:39,  8.10s/ep][A

tin/rn18/rcad/sl/ipc10 s45:  62%|██████▏   | 185/300 [24:58<15:31,  8.10s/ep][A

tin/rn18/rcad/sl/ipc10 s45:  62%|██████▏   | 186/300 [25:06<15:23,  8.11s/ep][A

tin/rn18/rcad/sl/ipc10 s45:  62%|██████▏   | 187/300 [25:14<15:15,  8.10s/ep][A

tin/rn18/rcad/sl/ipc10 s45:  63%|██████▎   | 188/300 [25:22<15:07,  8.11s/ep][A

tin/rn18/rcad/sl/ipc10 s45:  63%|██████▎   | 189/300 [25:30<14:59,  8.10s/ep][A

tin/rn18/rcad/sl/ipc10 s45:  63%|██████▎   | 190/300 [25:39<14:51,  8.10s/ep][A

tin/rn18/rcad/sl/ipc10 s45:  64%|██████▎   | 191/300 [25:47<14:42,  8.10s/ep][A

tin/rn18/rcad/sl/ipc10 s45:  64%|██████▍   | 192/300 [25:55<14:34,  8.10s/ep][A

tin/rn18/rcad/sl/ipc10 s45:  64%|██████▍   | 193/300 [26:03<14:27,  8.10s/ep][A

tin/rn18/rcad/sl/ipc10 s45:  65%|██████▍   | 194/300 [26:11<14:18,  8.10s/ep][A

tin/rn18/rcad/sl/ipc10 s45:  65%|██████▌   | 195/300 [26:19<14:10,  8.10s/ep][A

tin/rn18/rcad/sl/ipc10 s45:  65%|██████▌   | 196/300 [26:27<14:02,  8.10s/ep][A

tin/rn18/rcad/sl/ipc10 s45:  66%|██████▌   | 197/300 [26:35<13:54,  8.10s/ep][A

tin/rn18/rcad/sl/ipc10 s45:  66%|██████▌   | 198/300 [26:43<13:46,  8.11s/ep][A

tin/rn18/rcad/sl/ipc10 s45:  66%|██████▋   | 199/300 [26:52<13:38,  8.11s/ep][A

tin/rn18/rcad/sl/ipc10 s45:  67%|██████▋   | 200/300 [27:00<13:30,  8.10s/ep][A

tin/rn18/rcad/sl/ipc10 s45:  67%|██████▋   | 201/300 [27:08<13:22,  8.10s/ep][A

tin/rn18/rcad/sl/ipc10 s45:  67%|██████▋   | 202/300 [27:16<13:14,  8.10s/ep][A

tin/rn18/rcad/sl/ipc10 s45:  68%|██████▊   | 203/300 [27:24<13:06,  8.11s/ep][A

tin/rn18/rcad/sl/ipc10 s45:  68%|██████▊   | 204/300 [27:32<12:57,  8.10s/ep][A

tin/rn18/rcad/sl/ipc10 s45:  68%|██████▊   | 205/300 [27:40<12:49,  8.10s/ep][A

tin/rn18/rcad/sl/ipc10 s45:  69%|██████▊   | 206/300 [27:48<12:42,  8.11s/ep][A

tin/rn18/rcad/sl/ipc10 s45:  69%|██████▉   | 207/300 [27:56<12:33,  8.10s/ep][A

tin/rn18/rcad/sl/ipc10 s45:  69%|██████▉   | 208/300 [28:04<12:25,  8.10s/ep][A

tin/rn18/rcad/sl/ipc10 s45:  70%|██████▉   | 209/300 [28:13<12:17,  8.10s/ep][A

tin/rn18/rcad/sl/ipc10 s45:  70%|███████   | 210/300 [28:21<12:09,  8.11s/ep][A

tin/rn18/rcad/sl/ipc10 s45:  70%|███████   | 211/300 [28:29<12:01,  8.11s/ep][A

tin/rn18/rcad/sl/ipc10 s45:  71%|███████   | 212/300 [28:37<11:53,  8.11s/ep][A

tin/rn18/rcad/sl/ipc10 s45:  71%|███████   | 213/300 [28:45<11:44,  8.10s/ep][A

tin/rn18/rcad/sl/ipc10 s45:  71%|███████▏  | 214/300 [28:53<11:36,  8.10s/ep][A

tin/rn18/rcad/sl/ipc10 s45:  72%|███████▏  | 215/300 [29:01<11:28,  8.10s/ep][A

tin/rn18/rcad/sl/ipc10 s45:  72%|███████▏  | 216/300 [29:09<11:20,  8.10s/ep][A

tin/rn18/rcad/sl/ipc10 s45:  72%|███████▏  | 217/300 [29:17<11:12,  8.11s/ep][A

tin/rn18/rcad/sl/ipc10 s45:  73%|███████▎  | 218/300 [29:26<11:05,  8.11s/ep][A

tin/rn18/rcad/sl/ipc10 s45:  73%|███████▎  | 219/300 [29:34<10:57,  8.11s/ep][A

tin/rn18/rcad/sl/ipc10 s45:  73%|███████▎  | 220/300 [29:42<10:49,  8.11s/ep][A

tin/rn18/rcad/sl/ipc10 s45:  74%|███████▎  | 221/300 [29:50<10:40,  8.11s/ep][A

tin/rn18/rcad/sl/ipc10 s45:  74%|███████▍  | 222/300 [29:58<10:32,  8.11s/ep][A

tin/rn18/rcad/sl/ipc10 s45:  74%|███████▍  | 223/300 [30:06<10:24,  8.11s/ep][A

tin/rn18/rcad/sl/ipc10 s45:  75%|███████▍  | 224/300 [30:14<10:16,  8.11s/ep][A

tin/rn18/rcad/sl/ipc10 s45:  75%|███████▌  | 225/300 [30:22<10:08,  8.11s/ep][A

tin/rn18/rcad/sl/ipc10 s45:  75%|███████▌  | 226/300 [30:30<09:59,  8.10s/ep][A

tin/rn18/rcad/sl/ipc10 s45:  76%|███████▌  | 227/300 [30:38<09:51,  8.10s/ep][A

tin/rn18/rcad/sl/ipc10 s45:  76%|███████▌  | 228/300 [30:47<09:43,  8.10s/ep][A

tin/rn18/rcad/sl/ipc10 s45:  76%|███████▋  | 229/300 [30:55<09:35,  8.10s/ep][A

tin/rn18/rcad/sl/ipc10 s45:  77%|███████▋  | 230/300 [31:03<09:27,  8.10s/ep][A

tin/rn18/rcad/sl/ipc10 s45:  77%|███████▋  | 231/300 [31:11<09:19,  8.10s/ep][A

tin/rn18/rcad/sl/ipc10 s45:  77%|███████▋  | 232/300 [31:19<09:11,  8.11s/ep][A

tin/rn18/rcad/sl/ipc10 s45:  78%|███████▊  | 233/300 [31:27<09:03,  8.11s/ep][A

tin/rn18/rcad/sl/ipc10 s45:  78%|███████▊  | 234/300 [31:35<08:54,  8.10s/ep][A

tin/rn18/rcad/sl/ipc10 s45:  78%|███████▊  | 235/300 [31:43<08:46,  8.10s/ep][A

tin/rn18/rcad/sl/ipc10 s45:  79%|███████▊  | 236/300 [31:51<08:38,  8.10s/ep][A

tin/rn18/rcad/sl/ipc10 s45:  79%|███████▉  | 237/300 [32:00<08:30,  8.10s/ep][A

tin/rn18/rcad/sl/ipc10 s45:  79%|███████▉  | 238/300 [32:08<08:22,  8.10s/ep][A

tin/rn18/rcad/sl/ipc10 s45:  80%|███████▉  | 239/300 [32:16<08:14,  8.10s/ep][A

tin/rn18/rcad/sl/ipc10 s45:  80%|████████  | 240/300 [32:24<08:06,  8.10s/ep][A

tin/rn18/rcad/sl/ipc10 s45:  80%|████████  | 241/300 [32:32<07:58,  8.10s/ep][A

tin/rn18/rcad/sl/ipc10 s45:  81%|████████  | 242/300 [32:40<07:49,  8.10s/ep][A

tin/rn18/rcad/sl/ipc10 s45:  81%|████████  | 243/300 [32:48<07:41,  8.10s/ep][A

tin/rn18/rcad/sl/ipc10 s45:  81%|████████▏ | 244/300 [32:56<07:33,  8.10s/ep][A

tin/rn18/rcad/sl/ipc10 s45:  82%|████████▏ | 245/300 [33:04<07:25,  8.10s/ep][A

tin/rn18/rcad/sl/ipc10 s45:  82%|████████▏ | 246/300 [33:12<07:17,  8.10s/ep][A

tin/rn18/rcad/sl/ipc10 s45:  82%|████████▏ | 247/300 [33:21<07:09,  8.10s/ep][A

tin/rn18/rcad/sl/ipc10 s45:  83%|████████▎ | 248/300 [33:29<07:01,  8.10s/ep][A

tin/rn18/rcad/sl/ipc10 s45:  83%|████████▎ | 249/300 [33:37<06:53,  8.11s/ep][A

tin/rn18/rcad/sl/ipc10 s45:  83%|████████▎ | 250/300 [33:45<06:45,  8.11s/ep][A

tin/rn18/rcad/sl/ipc10 s45:  84%|████████▎ | 251/300 [33:53<06:37,  8.11s/ep][A

tin/rn18/rcad/sl/ipc10 s45:  84%|████████▍ | 252/300 [34:01<06:29,  8.11s/ep][A

tin/rn18/rcad/sl/ipc10 s45:  84%|████████▍ | 253/300 [34:09<06:20,  8.11s/ep][A

tin/rn18/rcad/sl/ipc10 s45:  85%|████████▍ | 254/300 [34:17<06:12,  8.11s/ep][A

tin/rn18/rcad/sl/ipc10 s45:  85%|████████▌ | 255/300 [34:25<06:04,  8.11s/ep][A

tin/rn18/rcad/sl/ipc10 s45:  85%|████████▌ | 256/300 [34:33<05:56,  8.10s/ep][A

tin/rn18/rcad/sl/ipc10 s45:  86%|████████▌ | 257/300 [34:42<05:48,  8.11s/ep][A

tin/rn18/rcad/sl/ipc10 s45:  86%|████████▌ | 258/300 [34:50<05:40,  8.10s/ep][A

tin/rn18/rcad/sl/ipc10 s45:  86%|████████▋ | 259/300 [34:58<05:32,  8.10s/ep][A

tin/rn18/rcad/sl/ipc10 s45:  87%|████████▋ | 260/300 [35:06<05:24,  8.10s/ep][A

tin/rn18/rcad/sl/ipc10 s45:  87%|████████▋ | 261/300 [35:14<05:15,  8.10s/ep][A

tin/rn18/rcad/sl/ipc10 s45:  87%|████████▋ | 262/300 [35:22<05:07,  8.10s/ep][A

tin/rn18/rcad/sl/ipc10 s45:  88%|████████▊ | 263/300 [35:30<04:59,  8.10s/ep][A

tin/rn18/rcad/sl/ipc10 s45:  88%|████████▊ | 264/300 [35:38<04:51,  8.10s/ep][A

tin/rn18/rcad/sl/ipc10 s45:  88%|████████▊ | 265/300 [35:46<04:43,  8.10s/ep][A

tin/rn18/rcad/sl/ipc10 s45:  89%|████████▊ | 266/300 [35:55<04:35,  8.11s/ep][A

tin/rn18/rcad/sl/ipc10 s45:  89%|████████▉ | 267/300 [36:03<04:27,  8.11s/ep][A

tin/rn18/rcad/sl/ipc10 s45:  89%|████████▉ | 268/300 [36:11<04:19,  8.10s/ep][A

tin/rn18/rcad/sl/ipc10 s45:  90%|████████▉ | 269/300 [36:19<04:11,  8.10s/ep][A

tin/rn18/rcad/sl/ipc10 s45:  90%|█████████ | 270/300 [36:27<04:03,  8.10s/ep][A

tin/rn18/rcad/sl/ipc10 s45:  90%|█████████ | 271/300 [36:35<03:54,  8.10s/ep][A

tin/rn18/rcad/sl/ipc10 s45:  91%|█████████ | 272/300 [36:43<03:46,  8.10s/ep][A

tin/rn18/rcad/sl/ipc10 s45:  91%|█████████ | 273/300 [36:51<03:38,  8.10s/ep][A

tin/rn18/rcad/sl/ipc10 s45:  91%|█████████▏| 274/300 [36:59<03:30,  8.10s/ep][A

tin/rn18/rcad/sl/ipc10 s45:  92%|█████████▏| 275/300 [37:07<03:22,  8.11s/ep][A

tin/rn18/rcad/sl/ipc10 s45:  92%|█████████▏| 276/300 [37:16<03:14,  8.11s/ep][A

tin/rn18/rcad/sl/ipc10 s45:  92%|█████████▏| 277/300 [37:24<03:06,  8.10s/ep][A

tin/rn18/rcad/sl/ipc10 s45:  93%|█████████▎| 278/300 [37:32<02:58,  8.11s/ep][A

tin/rn18/rcad/sl/ipc10 s45:  93%|█████████▎| 279/300 [37:40<02:50,  8.11s/ep][A

tin/rn18/rcad/sl/ipc10 s45:  93%|█████████▎| 280/300 [37:48<02:42,  8.11s/ep][A

tin/rn18/rcad/sl/ipc10 s45:  94%|█████████▎| 281/300 [37:56<02:34,  8.11s/ep][A

tin/rn18/rcad/sl/ipc10 s45:  94%|█████████▍| 282/300 [38:04<02:25,  8.11s/ep][A

tin/rn18/rcad/sl/ipc10 s45:  94%|█████████▍| 283/300 [38:12<02:17,  8.11s/ep][A

tin/rn18/rcad/sl/ipc10 s45:  95%|█████████▍| 284/300 [38:20<02:09,  8.11s/ep][A

tin/rn18/rcad/sl/ipc10 s45:  95%|█████████▌| 285/300 [38:29<02:01,  8.11s/ep][A

tin/rn18/rcad/sl/ipc10 s45:  95%|█████████▌| 286/300 [38:37<01:53,  8.10s/ep][A

tin/rn18/rcad/sl/ipc10 s45:  96%|█████████▌| 287/300 [38:45<01:45,  8.10s/ep][A

tin/rn18/rcad/sl/ipc10 s45:  96%|█████████▌| 288/300 [38:53<01:37,  8.10s/ep][A

tin/rn18/rcad/sl/ipc10 s45:  96%|█████████▋| 289/300 [39:01<01:29,  8.10s/ep][A

tin/rn18/rcad/sl/ipc10 s45:  97%|█████████▋| 290/300 [39:09<01:20,  8.10s/ep][A

tin/rn18/rcad/sl/ipc10 s45:  97%|█████████▋| 291/300 [39:17<01:12,  8.10s/ep][A

tin/rn18/rcad/sl/ipc10 s45:  97%|█████████▋| 292/300 [39:25<01:04,  8.10s/ep][A

tin/rn18/rcad/sl/ipc10 s45:  98%|█████████▊| 293/300 [39:33<00:56,  8.10s/ep][A

tin/rn18/rcad/sl/ipc10 s45:  98%|█████████▊| 294/300 [39:41<00:48,  8.10s/ep][A

tin/rn18/rcad/sl/ipc10 s45:  98%|█████████▊| 295/300 [39:50<00:40,  8.10s/ep][A

tin/rn18/rcad/sl/ipc10 s45:  99%|█████████▊| 296/300 [39:58<00:32,  8.10s/ep][A

tin/rn18/rcad/sl/ipc10 s45:  99%|█████████▉| 297/300 [40:06<00:24,  8.10s/ep][A

tin/rn18/rcad/sl/ipc10 s45:  99%|█████████▉| 298/300 [40:14<00:16,  8.10s/ep][A

tin/rn18/rcad/sl/ipc10 s45: 100%|█████████▉| 299/300 [40:22<00:08,  8.10s/ep][A

tin/rn18/rcad/sl/ipc10 s45: 100%|██████████| 300/300 [40:30<00:00,  8.10s/ep][A

                                                                             [A[cell] tin/rn18/rcad/sl/ipc10 seed45: 11.90%  (2444s)


tin/rn18/rcad/sl/ipc10 s46:   0%|          | 0/300 [00:00<?, ?ep/s][A

tin/rn18/rcad/sl/ipc10 s46:   0%|          | 1/300 [00:07<37:38,  7.55s/ep][A

tin/rn18/rcad/sl/ipc10 s46:   1%|          | 2/300 [00:15<39:06,  7.87s/ep][A

tin/rn18/rcad/sl/ipc10 s46:   1%|          | 3/300 [00:23<39:31,  7.98s/ep][A

tin/rn18/rcad/sl/ipc10 s46:   1%|▏         | 4/300 [00:31<39:36,  8.03s/ep][A

tin/rn18/rcad/sl/ipc10 s46:   2%|▏         | 5/300 [00:39<39:36,  8.06s/ep][A

tin/rn18/rcad/sl/ipc10 s46:   2%|▏         | 6/300 [00:48<39:33,  8.07s/ep][A

tin/rn18/rcad/sl/ipc10 s46:   2%|▏         | 7/300 [00:56<39:29,  8.09s/ep][A

tin/rn18/rcad/sl/ipc10 s46:   3%|▎         | 8/300 [01:04<39:22,  8.09s/ep][A

tin/rn18/rcad/sl/ipc10 s46:   3%|▎         | 9/300 [01:12<39:15,  8.09s/ep][A

tin/rn18/rcad/sl/ipc10 s46:   3%|▎         | 10/300 [01:20<39:08,  8.10s/ep][A

tin/rn18/rcad/sl/ipc10 s46:   4%|▎         | 11/300 [01:28<39:00,  8.10s/ep][A

tin/rn18/rcad/sl/ipc10 s46:   4%|▍         | 12/300 [01:36<38:53,  8.10s/ep][A

tin/rn18/rcad/sl/ipc10 s46:   4%|▍         | 13/300 [01:44<38:44,  8.10s/ep][A

tin/rn18/rcad/sl/ipc10 s46:   5%|▍         | 14/300 [01:52<38:36,  8.10s/ep][A

tin/rn18/rcad/sl/ipc10 s46:   5%|▌         | 15/300 [02:01<38:28,  8.10s/ep][A

tin/rn18/rcad/sl/ipc10 s46:   5%|▌         | 16/300 [02:09<38:20,  8.10s/ep][A

tin/rn18/rcad/sl/ipc10 s46:   6%|▌         | 17/300 [02:17<38:12,  8.10s/ep][A

tin/rn18/rcad/sl/ipc10 s46:   6%|▌         | 18/300 [02:25<38:05,  8.10s/ep][A

tin/rn18/rcad/sl/ipc10 s46:   6%|▋         | 19/300 [02:33<37:57,  8.10s/ep][A

tin/rn18/rcad/sl/ipc10 s46:   7%|▋         | 20/300 [02:41<37:48,  8.10s/ep][A

tin/rn18/rcad/sl/ipc10 s46:   7%|▋         | 21/300 [02:49<37:40,  8.10s/ep][A

tin/rn18/rcad/sl/ipc10 s46:   7%|▋         | 22/300 [02:57<37:32,  8.10s/ep][A

tin/rn18/rcad/sl/ipc10 s46:   8%|▊         | 23/300 [03:05<37:24,  8.10s/ep][A

tin/rn18/rcad/sl/ipc10 s46:   8%|▊         | 24/300 [03:13<37:17,  8.11s/ep][A

tin/rn18/rcad/sl/ipc10 s46:   8%|▊         | 25/300 [03:22<37:08,  8.10s/ep][A

tin/rn18/rcad/sl/ipc10 s46:   9%|▊         | 26/300 [03:30<37:00,  8.10s/ep][A

tin/rn18/rcad/sl/ipc10 s46:   9%|▉         | 27/300 [03:38<36:52,  8.11s/ep][A

tin/rn18/rcad/sl/ipc10 s46:   9%|▉         | 28/300 [03:46<36:44,  8.10s/ep][A

tin/rn18/rcad/sl/ipc10 s46:  10%|▉         | 29/300 [03:54<36:34,  8.10s/ep][A

tin/rn18/rcad/sl/ipc10 s46:  10%|█         | 30/300 [04:02<36:27,  8.10s/ep][A

tin/rn18/rcad/sl/ipc10 s46:  10%|█         | 31/300 [04:10<36:18,  8.10s/ep][A

tin/rn18/rcad/sl/ipc10 s46:  11%|█         | 32/300 [04:18<36:10,  8.10s/ep][A

tin/rn18/rcad/sl/ipc10 s46:  11%|█         | 33/300 [04:26<36:02,  8.10s/ep][A

tin/rn18/rcad/sl/ipc10 s46:  11%|█▏        | 34/300 [04:34<35:54,  8.10s/ep][A

tin/rn18/rcad/sl/ipc10 s46:  12%|█▏        | 35/300 [04:43<35:47,  8.10s/ep][A

tin/rn18/rcad/sl/ipc10 s46:  12%|█▏        | 36/300 [04:51<35:38,  8.10s/ep][A

tin/rn18/rcad/sl/ipc10 s46:  12%|█▏        | 37/300 [04:59<35:30,  8.10s/ep][A

tin/rn18/rcad/sl/ipc10 s46:  13%|█▎        | 38/300 [05:07<35:22,  8.10s/ep][A

tin/rn18/rcad/sl/ipc10 s46:  13%|█▎        | 39/300 [05:15<35:14,  8.10s/ep][A

tin/rn18/rcad/sl/ipc10 s46:  13%|█▎        | 40/300 [05:23<35:06,  8.10s/ep][A

tin/rn18/rcad/sl/ipc10 s46:  14%|█▎        | 41/300 [05:31<34:59,  8.11s/ep][A

tin/rn18/rcad/sl/ipc10 s46:  14%|█▍        | 42/300 [05:39<34:51,  8.11s/ep][A

tin/rn18/rcad/sl/ipc10 s46:  14%|█▍        | 43/300 [05:47<34:44,  8.11s/ep][A

tin/rn18/rcad/sl/ipc10 s46:  15%|█▍        | 44/300 [05:56<34:35,  8.11s/ep][A

tin/rn18/rcad/sl/ipc10 s46:  15%|█▌        | 45/300 [06:04<34:26,  8.10s/ep][A

tin/rn18/rcad/sl/ipc10 s46:  15%|█▌        | 46/300 [06:12<34:18,  8.10s/ep][A

tin/rn18/rcad/sl/ipc10 s46:  16%|█▌        | 47/300 [06:20<34:09,  8.10s/ep][A

tin/rn18/rcad/sl/ipc10 s46:  16%|█▌        | 48/300 [06:28<34:02,  8.10s/ep][A

tin/rn18/rcad/sl/ipc10 s46:  16%|█▋        | 49/300 [06:36<33:54,  8.11s/ep][A

tin/rn18/rcad/sl/ipc10 s46:  17%|█▋        | 50/300 [06:44<33:45,  8.10s/ep][A

tin/rn18/rcad/sl/ipc10 s46:  17%|█▋        | 51/300 [06:52<33:37,  8.10s/ep][A

tin/rn18/rcad/sl/ipc10 s46:  17%|█▋        | 52/300 [07:00<33:30,  8.11s/ep][A

tin/rn18/rcad/sl/ipc10 s46:  18%|█▊        | 53/300 [07:08<33:22,  8.11s/ep][A

tin/rn18/rcad/sl/ipc10 s46:  18%|█▊        | 54/300 [07:17<33:14,  8.11s/ep][A

tin/rn18/rcad/sl/ipc10 s46:  18%|█▊        | 55/300 [07:25<33:05,  8.10s/ep][A

tin/rn18/rcad/sl/ipc10 s46:  19%|█▊        | 56/300 [07:33<32:57,  8.10s/ep][A

tin/rn18/rcad/sl/ipc10 s46:  19%|█▉        | 57/300 [07:41<32:49,  8.11s/ep][A

tin/rn18/rcad/sl/ipc10 s46:  19%|█▉        | 58/300 [07:49<32:41,  8.10s/ep][A

tin/rn18/rcad/sl/ipc10 s46:  20%|█▉        | 59/300 [07:57<32:32,  8.10s/ep][A

tin/rn18/rcad/sl/ipc10 s46:  20%|██        | 60/300 [08:05<32:24,  8.10s/ep][A

tin/rn18/rcad/sl/ipc10 s46:  20%|██        | 61/300 [08:13<32:16,  8.10s/ep][A

tin/rn18/rcad/sl/ipc10 s46:  21%|██        | 62/300 [08:21<32:08,  8.10s/ep][A

tin/rn18/rcad/sl/ipc10 s46:  21%|██        | 63/300 [08:29<32:00,  8.10s/ep][A

tin/rn18/rcad/sl/ipc10 s46:  21%|██▏       | 64/300 [08:38<31:51,  8.10s/ep][A

tin/rn18/rcad/sl/ipc10 s46:  22%|██▏       | 65/300 [08:46<31:43,  8.10s/ep][A

tin/rn18/rcad/sl/ipc10 s46:  22%|██▏       | 66/300 [08:54<31:35,  8.10s/ep][A

tin/rn18/rcad/sl/ipc10 s46:  22%|██▏       | 67/300 [09:02<31:27,  8.10s/ep][A

tin/rn18/rcad/sl/ipc10 s46:  23%|██▎       | 68/300 [09:10<31:20,  8.10s/ep][A

tin/rn18/rcad/sl/ipc10 s46:  23%|██▎       | 69/300 [09:18<31:12,  8.11s/ep][A

tin/rn18/rcad/sl/ipc10 s46:  23%|██▎       | 70/300 [09:26<31:04,  8.11s/ep][A

tin/rn18/rcad/sl/ipc10 s46:  24%|██▎       | 71/300 [09:34<30:56,  8.11s/ep][A

tin/rn18/rcad/sl/ipc10 s46:  24%|██▍       | 72/300 [09:42<30:47,  8.10s/ep][A

tin/rn18/rcad/sl/ipc10 s46:  24%|██▍       | 73/300 [09:50<30:38,  8.10s/ep][A

tin/rn18/rcad/sl/ipc10 s46:  25%|██▍       | 74/300 [09:59<30:31,  8.10s/ep][A

tin/rn18/rcad/sl/ipc10 s46:  25%|██▌       | 75/300 [10:07<30:22,  8.10s/ep][A

tin/rn18/rcad/sl/ipc10 s46:  25%|██▌       | 76/300 [10:15<30:14,  8.10s/ep][A

tin/rn18/rcad/sl/ipc10 s46:  26%|██▌       | 77/300 [10:23<30:06,  8.10s/ep][A

tin/rn18/rcad/sl/ipc10 s46:  26%|██▌       | 78/300 [10:31<29:58,  8.10s/ep][A

tin/rn18/rcad/sl/ipc10 s46:  26%|██▋       | 79/300 [10:39<29:50,  8.10s/ep][A

tin/rn18/rcad/sl/ipc10 s46:  27%|██▋       | 80/300 [10:47<29:42,  8.10s/ep][A

tin/rn18/rcad/sl/ipc10 s46:  27%|██▋       | 81/300 [10:55<29:34,  8.10s/ep][A

tin/rn18/rcad/sl/ipc10 s46:  27%|██▋       | 82/300 [11:03<29:25,  8.10s/ep][A

tin/rn18/rcad/sl/ipc10 s46:  28%|██▊       | 83/300 [11:12<29:18,  8.10s/ep][A

tin/rn18/rcad/sl/ipc10 s46:  28%|██▊       | 84/300 [11:20<29:09,  8.10s/ep][A

tin/rn18/rcad/sl/ipc10 s46:  28%|██▊       | 85/300 [11:28<29:02,  8.10s/ep][A

tin/rn18/rcad/sl/ipc10 s46:  29%|██▊       | 86/300 [11:36<28:53,  8.10s/ep][A

tin/rn18/rcad/sl/ipc10 s46:  29%|██▉       | 87/300 [11:44<28:45,  8.10s/ep][A

tin/rn18/rcad/sl/ipc10 s46:  29%|██▉       | 88/300 [11:52<28:37,  8.10s/ep][A

tin/rn18/rcad/sl/ipc10 s46:  30%|██▉       | 89/300 [12:00<28:29,  8.10s/ep][A

tin/rn18/rcad/sl/ipc10 s46:  30%|███       | 90/300 [12:08<28:21,  8.10s/ep][A

tin/rn18/rcad/sl/ipc10 s46:  30%|███       | 91/300 [12:16<28:13,  8.10s/ep][A

tin/rn18/rcad/sl/ipc10 s46:  31%|███       | 92/300 [12:24<28:05,  8.10s/ep][A

tin/rn18/rcad/sl/ipc10 s46:  31%|███       | 93/300 [12:33<27:57,  8.10s/ep][A

tin/rn18/rcad/sl/ipc10 s46:  31%|███▏      | 94/300 [12:41<27:48,  8.10s/ep][A

tin/rn18/rcad/sl/ipc10 s46:  32%|███▏      | 95/300 [12:49<27:40,  8.10s/ep][A

tin/rn18/rcad/sl/ipc10 s46:  32%|███▏      | 96/300 [12:57<27:31,  8.10s/ep][A

tin/rn18/rcad/sl/ipc10 s46:  32%|███▏      | 97/300 [13:05<27:24,  8.10s/ep][A

tin/rn18/rcad/sl/ipc10 s46:  33%|███▎      | 98/300 [13:13<27:16,  8.10s/ep][A

tin/rn18/rcad/sl/ipc10 s46:  33%|███▎      | 99/300 [13:21<27:08,  8.10s/ep][A

tin/rn18/rcad/sl/ipc10 s46:  33%|███▎      | 100/300 [13:29<27:00,  8.10s/ep][A

tin/rn18/rcad/sl/ipc10 s46:  34%|███▎      | 101/300 [13:37<26:52,  8.10s/ep][A

tin/rn18/rcad/sl/ipc10 s46:  34%|███▍      | 102/300 [13:45<26:44,  8.10s/ep][A

tin/rn18/rcad/sl/ipc10 s46:  34%|███▍      | 103/300 [13:54<26:36,  8.10s/ep][A

tin/rn18/rcad/sl/ipc10 s46:  35%|███▍      | 104/300 [14:02<26:28,  8.10s/ep][A

tin/rn18/rcad/sl/ipc10 s46:  35%|███▌      | 105/300 [14:10<26:19,  8.10s/ep][A

tin/rn18/rcad/sl/ipc10 s46:  35%|███▌      | 106/300 [14:18<26:11,  8.10s/ep][A

tin/rn18/rcad/sl/ipc10 s46:  36%|███▌      | 107/300 [14:26<26:04,  8.10s/ep][A

tin/rn18/rcad/sl/ipc10 s46:  36%|███▌      | 108/300 [14:34<25:55,  8.10s/ep][A

tin/rn18/rcad/sl/ipc10 s46:  36%|███▋      | 109/300 [14:42<25:47,  8.10s/ep][A

tin/rn18/rcad/sl/ipc10 s46:  37%|███▋      | 110/300 [14:50<25:39,  8.10s/ep][A

tin/rn18/rcad/sl/ipc10 s46:  37%|███▋      | 111/300 [14:58<25:31,  8.10s/ep][A

tin/rn18/rcad/sl/ipc10 s46:  37%|███▋      | 112/300 [15:06<25:23,  8.10s/ep][A

tin/rn18/rcad/sl/ipc10 s46:  38%|███▊      | 113/300 [15:15<25:15,  8.10s/ep][A

tin/rn18/rcad/sl/ipc10 s46:  38%|███▊      | 114/300 [15:23<25:07,  8.10s/ep][A

tin/rn18/rcad/sl/ipc10 s46:  38%|███▊      | 115/300 [15:31<24:58,  8.10s/ep][A

tin/rn18/rcad/sl/ipc10 s46:  39%|███▊      | 116/300 [15:39<24:51,  8.11s/ep][A

tin/rn18/rcad/sl/ipc10 s46:  39%|███▉      | 117/300 [15:47<24:42,  8.10s/ep][A

tin/rn18/rcad/sl/ipc10 s46:  39%|███▉      | 118/300 [15:55<24:35,  8.11s/ep][A

tin/rn18/rcad/sl/ipc10 s46:  40%|███▉      | 119/300 [16:03<24:27,  8.11s/ep][A

tin/rn18/rcad/sl/ipc10 s46:  40%|████      | 120/300 [16:11<24:19,  8.11s/ep][A

tin/rn18/rcad/sl/ipc10 s46:  40%|████      | 121/300 [16:19<24:12,  8.11s/ep][A

tin/rn18/rcad/sl/ipc10 s46:  41%|████      | 122/300 [16:28<24:03,  8.11s/ep][A

tin/rn18/rcad/sl/ipc10 s46:  41%|████      | 123/300 [16:36<23:54,  8.11s/ep][A

tin/rn18/rcad/sl/ipc10 s46:  41%|████▏     | 124/300 [16:44<23:46,  8.11s/ep][A

tin/rn18/rcad/sl/ipc10 s46:  42%|████▏     | 125/300 [16:52<23:38,  8.10s/ep][A

tin/rn18/rcad/sl/ipc10 s46:  42%|████▏     | 126/300 [17:00<23:29,  8.10s/ep][A

tin/rn18/rcad/sl/ipc10 s46:  42%|████▏     | 127/300 [17:08<23:22,  8.11s/ep][A

tin/rn18/rcad/sl/ipc10 s46:  43%|████▎     | 128/300 [17:16<23:13,  8.10s/ep][A

tin/rn18/rcad/sl/ipc10 s46:  43%|████▎     | 129/300 [17:24<23:05,  8.10s/ep][A

tin/rn18/rcad/sl/ipc10 s46:  43%|████▎     | 130/300 [17:32<22:57,  8.10s/ep][A

tin/rn18/rcad/sl/ipc10 s46:  44%|████▎     | 131/300 [17:40<22:49,  8.10s/ep][A

tin/rn18/rcad/sl/ipc10 s46:  44%|████▍     | 132/300 [17:49<22:41,  8.10s/ep][A

tin/rn18/rcad/sl/ipc10 s46:  44%|████▍     | 133/300 [17:57<22:33,  8.10s/ep][A

tin/rn18/rcad/sl/ipc10 s46:  45%|████▍     | 134/300 [18:05<22:25,  8.10s/ep][A

tin/rn18/rcad/sl/ipc10 s46:  45%|████▌     | 135/300 [18:13<22:17,  8.11s/ep][A

tin/rn18/rcad/sl/ipc10 s46:  45%|████▌     | 136/300 [18:21<22:09,  8.10s/ep][A

tin/rn18/rcad/sl/ipc10 s46:  46%|████▌     | 137/300 [18:29<22:00,  8.10s/ep][A

tin/rn18/rcad/sl/ipc10 s46:  46%|████▌     | 138/300 [18:37<21:52,  8.10s/ep][A

tin/rn18/rcad/sl/ipc10 s46:  46%|████▋     | 139/300 [18:45<21:44,  8.10s/ep][A

tin/rn18/rcad/sl/ipc10 s46:  47%|████▋     | 140/300 [18:53<21:36,  8.10s/ep][A

tin/rn18/rcad/sl/ipc10 s46:  47%|████▋     | 141/300 [19:01<21:28,  8.10s/ep][A

tin/rn18/rcad/sl/ipc10 s46:  47%|████▋     | 142/300 [19:10<21:20,  8.10s/ep][A

tin/rn18/rcad/sl/ipc10 s46:  48%|████▊     | 143/300 [19:18<21:12,  8.11s/ep][A

tin/rn18/rcad/sl/ipc10 s46:  48%|████▊     | 144/300 [19:26<21:04,  8.10s/ep][A

tin/rn18/rcad/sl/ipc10 s46:  48%|████▊     | 145/300 [19:34<20:56,  8.10s/ep][A

tin/rn18/rcad/sl/ipc10 s46:  49%|████▊     | 146/300 [19:42<20:47,  8.10s/ep][A

tin/rn18/rcad/sl/ipc10 s46:  49%|████▉     | 147/300 [19:50<20:39,  8.10s/ep][A

tin/rn18/rcad/sl/ipc10 s46:  49%|████▉     | 148/300 [19:58<20:31,  8.10s/ep][A

tin/rn18/rcad/sl/ipc10 s46:  50%|████▉     | 149/300 [20:06<20:23,  8.10s/ep][A

tin/rn18/rcad/sl/ipc10 s46:  50%|█████     | 150/300 [20:14<20:15,  8.10s/ep][A

tin/rn18/rcad/sl/ipc10 s46:  50%|█████     | 151/300 [20:23<20:06,  8.10s/ep][A

tin/rn18/rcad/sl/ipc10 s46:  51%|█████     | 152/300 [20:31<19:59,  8.10s/ep][A

tin/rn18/rcad/sl/ipc10 s46:  51%|█████     | 153/300 [20:39<19:51,  8.11s/ep][A

tin/rn18/rcad/sl/ipc10 s46:  51%|█████▏    | 154/300 [20:47<19:43,  8.11s/ep][A

tin/rn18/rcad/sl/ipc10 s46:  52%|█████▏    | 155/300 [20:55<19:35,  8.11s/ep][A

tin/rn18/rcad/sl/ipc10 s46:  52%|█████▏    | 156/300 [21:03<19:26,  8.10s/ep][A

tin/rn18/rcad/sl/ipc10 s46:  52%|█████▏    | 157/300 [21:11<19:18,  8.10s/ep][A

tin/rn18/rcad/sl/ipc10 s46:  53%|█████▎    | 158/300 [21:19<19:10,  8.10s/ep][A

tin/rn18/rcad/sl/ipc10 s46:  53%|█████▎    | 159/300 [21:27<19:02,  8.10s/ep][A

tin/rn18/rcad/sl/ipc10 s46:  53%|█████▎    | 160/300 [21:35<18:54,  8.11s/ep][A

tin/rn18/rcad/sl/ipc10 s46:  54%|█████▎    | 161/300 [21:44<18:46,  8.10s/ep][A

tin/rn18/rcad/sl/ipc10 s46:  54%|█████▍    | 162/300 [21:52<18:38,  8.10s/ep][A

tin/rn18/rcad/sl/ipc10 s46:  54%|█████▍    | 163/300 [22:00<18:30,  8.11s/ep][A

tin/rn18/rcad/sl/ipc10 s46:  55%|█████▍    | 164/300 [22:08<18:22,  8.11s/ep][A

tin/rn18/rcad/sl/ipc10 s46:  55%|█████▌    | 165/300 [22:16<18:14,  8.11s/ep][A

tin/rn18/rcad/sl/ipc10 s46:  55%|█████▌    | 166/300 [22:24<18:06,  8.11s/ep][A

tin/rn18/rcad/sl/ipc10 s46:  56%|█████▌    | 167/300 [22:32<17:57,  8.10s/ep][A

tin/rn18/rcad/sl/ipc10 s46:  56%|█████▌    | 168/300 [22:40<17:50,  8.11s/ep][A

tin/rn18/rcad/sl/ipc10 s46:  56%|█████▋    | 169/300 [22:48<17:41,  8.11s/ep][A

tin/rn18/rcad/sl/ipc10 s46:  57%|█████▋    | 170/300 [22:57<17:33,  8.10s/ep][A

tin/rn18/rcad/sl/ipc10 s46:  57%|█████▋    | 171/300 [23:05<17:25,  8.10s/ep][A

tin/rn18/rcad/sl/ipc10 s46:  57%|█████▋    | 172/300 [23:13<17:17,  8.10s/ep][A

tin/rn18/rcad/sl/ipc10 s46:  58%|█████▊    | 173/300 [23:21<17:09,  8.10s/ep][A

tin/rn18/rcad/sl/ipc10 s46:  58%|█████▊    | 174/300 [23:29<17:01,  8.11s/ep][A

tin/rn18/rcad/sl/ipc10 s46:  58%|█████▊    | 175/300 [23:37<16:52,  8.10s/ep][A

tin/rn18/rcad/sl/ipc10 s46:  59%|█████▊    | 176/300 [23:45<16:44,  8.10s/ep][A

tin/rn18/rcad/sl/ipc10 s46:  59%|█████▉    | 177/300 [23:53<16:36,  8.10s/ep][A

tin/rn18/rcad/sl/ipc10 s46:  59%|█████▉    | 178/300 [24:01<16:28,  8.10s/ep][A

tin/rn18/rcad/sl/ipc10 s46:  60%|█████▉    | 179/300 [24:09<16:20,  8.10s/ep][A

tin/rn18/rcad/sl/ipc10 s46:  60%|██████    | 180/300 [24:18<16:12,  8.10s/ep][A

tin/rn18/rcad/sl/ipc10 s46:  60%|██████    | 181/300 [24:26<16:04,  8.10s/ep][A

tin/rn18/rcad/sl/ipc10 s46:  61%|██████    | 182/300 [24:34<15:56,  8.10s/ep][A

tin/rn18/rcad/sl/ipc10 s46:  61%|██████    | 183/300 [24:42<15:47,  8.10s/ep][A

tin/rn18/rcad/sl/ipc10 s46:  61%|██████▏   | 184/300 [24:50<15:39,  8.10s/ep][A

tin/rn18/rcad/sl/ipc10 s46:  62%|██████▏   | 185/300 [24:58<15:31,  8.10s/ep][A

tin/rn18/rcad/sl/ipc10 s46:  62%|██████▏   | 186/300 [25:06<15:23,  8.10s/ep][A

tin/rn18/rcad/sl/ipc10 s46:  62%|██████▏   | 187/300 [25:14<15:15,  8.10s/ep][A

tin/rn18/rcad/sl/ipc10 s46:  63%|██████▎   | 188/300 [25:22<15:07,  8.10s/ep][A

tin/rn18/rcad/sl/ipc10 s46:  63%|██████▎   | 189/300 [25:30<14:59,  8.10s/ep][A

tin/rn18/rcad/sl/ipc10 s46:  63%|██████▎   | 190/300 [25:39<14:51,  8.10s/ep][A

tin/rn18/rcad/sl/ipc10 s46:  64%|██████▎   | 191/300 [25:47<14:43,  8.10s/ep][A

tin/rn18/rcad/sl/ipc10 s46:  64%|██████▍   | 192/300 [25:55<14:35,  8.11s/ep][A

tin/rn18/rcad/sl/ipc10 s46:  64%|██████▍   | 193/300 [26:03<14:27,  8.10s/ep][A

tin/rn18/rcad/sl/ipc10 s46:  65%|██████▍   | 194/300 [26:11<14:18,  8.10s/ep][A

tin/rn18/rcad/sl/ipc10 s46:  65%|██████▌   | 195/300 [26:19<14:10,  8.10s/ep][A

tin/rn18/rcad/sl/ipc10 s46:  65%|██████▌   | 196/300 [26:27<14:02,  8.10s/ep][A

tin/rn18/rcad/sl/ipc10 s46:  66%|██████▌   | 197/300 [26:35<13:54,  8.10s/ep][A

tin/rn18/rcad/sl/ipc10 s46:  66%|██████▌   | 198/300 [26:43<13:46,  8.10s/ep][A

tin/rn18/rcad/sl/ipc10 s46:  66%|██████▋   | 199/300 [26:52<13:38,  8.10s/ep][A

tin/rn18/rcad/sl/ipc10 s46:  67%|██████▋   | 200/300 [27:00<13:30,  8.10s/ep][A

tin/rn18/rcad/sl/ipc10 s46:  67%|██████▋   | 201/300 [27:08<13:22,  8.10s/ep][A

tin/rn18/rcad/sl/ipc10 s46:  67%|██████▋   | 202/300 [27:16<13:13,  8.10s/ep][A

tin/rn18/rcad/sl/ipc10 s46:  68%|██████▊   | 203/300 [27:24<13:06,  8.11s/ep][A

tin/rn18/rcad/sl/ipc10 s46:  68%|██████▊   | 204/300 [27:32<12:58,  8.11s/ep][A

tin/rn18/rcad/sl/ipc10 s46:  68%|██████▊   | 205/300 [27:40<12:50,  8.11s/ep][A

tin/rn18/rcad/sl/ipc10 s46:  69%|██████▊   | 206/300 [27:48<12:41,  8.10s/ep][A

tin/rn18/rcad/sl/ipc10 s46:  69%|██████▉   | 207/300 [27:56<12:33,  8.11s/ep][A

tin/rn18/rcad/sl/ipc10 s46:  69%|██████▉   | 208/300 [28:04<12:25,  8.10s/ep][A

tin/rn18/rcad/sl/ipc10 s46:  70%|██████▉   | 209/300 [28:13<12:17,  8.10s/ep][A

tin/rn18/rcad/sl/ipc10 s46:  70%|███████   | 210/300 [28:21<12:09,  8.10s/ep][A

tin/rn18/rcad/sl/ipc10 s46:  70%|███████   | 211/300 [28:29<12:01,  8.11s/ep][A

tin/rn18/rcad/sl/ipc10 s46:  71%|███████   | 212/300 [28:37<11:53,  8.10s/ep][A

tin/rn18/rcad/sl/ipc10 s46:  71%|███████   | 213/300 [28:45<11:44,  8.10s/ep][A

tin/rn18/rcad/sl/ipc10 s46:  71%|███████▏  | 214/300 [28:53<11:36,  8.10s/ep][A

tin/rn18/rcad/sl/ipc10 s46:  72%|███████▏  | 215/300 [29:01<11:28,  8.10s/ep][A

tin/rn18/rcad/sl/ipc10 s46:  72%|███████▏  | 216/300 [29:09<11:20,  8.10s/ep][A

tin/rn18/rcad/sl/ipc10 s46:  72%|███████▏  | 217/300 [29:17<11:12,  8.10s/ep][A

tin/rn18/rcad/sl/ipc10 s46:  73%|███████▎  | 218/300 [29:25<11:04,  8.10s/ep][A

tin/rn18/rcad/sl/ipc10 s46:  73%|███████▎  | 219/300 [29:34<10:56,  8.10s/ep][A

tin/rn18/rcad/sl/ipc10 s46:  73%|███████▎  | 220/300 [29:42<10:48,  8.11s/ep][A

tin/rn18/rcad/sl/ipc10 s46:  74%|███████▎  | 221/300 [29:50<10:40,  8.10s/ep][A

tin/rn18/rcad/sl/ipc10 s46:  74%|███████▍  | 222/300 [29:58<10:32,  8.11s/ep][A

tin/rn18/rcad/sl/ipc10 s46:  74%|███████▍  | 223/300 [30:06<10:23,  8.10s/ep][A

tin/rn18/rcad/sl/ipc10 s46:  75%|███████▍  | 224/300 [30:14<10:15,  8.10s/ep][A

tin/rn18/rcad/sl/ipc10 s46:  75%|███████▌  | 225/300 [30:22<10:07,  8.10s/ep][A

tin/rn18/rcad/sl/ipc10 s46:  75%|███████▌  | 226/300 [30:30<09:59,  8.11s/ep][A

tin/rn18/rcad/sl/ipc10 s46:  76%|███████▌  | 227/300 [30:38<09:51,  8.10s/ep][A

tin/rn18/rcad/sl/ipc10 s46:  76%|███████▌  | 228/300 [30:47<09:43,  8.10s/ep][A

tin/rn18/rcad/sl/ipc10 s46:  76%|███████▋  | 229/300 [30:55<09:35,  8.10s/ep][A

tin/rn18/rcad/sl/ipc10 s46:  77%|███████▋  | 230/300 [31:03<09:27,  8.11s/ep][A

tin/rn18/rcad/sl/ipc10 s46:  77%|███████▋  | 231/300 [31:11<09:19,  8.11s/ep][A

tin/rn18/rcad/sl/ipc10 s46:  77%|███████▋  | 232/300 [31:19<09:11,  8.10s/ep][A

tin/rn18/rcad/sl/ipc10 s46:  78%|███████▊  | 233/300 [31:27<09:02,  8.10s/ep][A

tin/rn18/rcad/sl/ipc10 s46:  78%|███████▊  | 234/300 [31:35<08:54,  8.10s/ep][A

tin/rn18/rcad/sl/ipc10 s46:  78%|███████▊  | 235/300 [31:43<08:46,  8.10s/ep][A

tin/rn18/rcad/sl/ipc10 s46:  79%|███████▊  | 236/300 [31:51<08:39,  8.12s/ep][A

tin/rn18/rcad/sl/ipc10 s46:  79%|███████▉  | 237/300 [32:00<08:31,  8.12s/ep][A

tin/rn18/rcad/sl/ipc10 s46:  79%|███████▉  | 238/300 [32:08<08:23,  8.11s/ep][A

tin/rn18/rcad/sl/ipc10 s46:  80%|███████▉  | 239/300 [32:16<08:14,  8.11s/ep][A

tin/rn18/rcad/sl/ipc10 s46:  80%|████████  | 240/300 [32:24<08:06,  8.11s/ep][A

tin/rn18/rcad/sl/ipc10 s46:  80%|████████  | 241/300 [32:32<07:58,  8.11s/ep][A

tin/rn18/rcad/sl/ipc10 s46:  81%|████████  | 242/300 [32:40<07:50,  8.10s/ep][A

tin/rn18/rcad/sl/ipc10 s46:  81%|████████  | 243/300 [32:48<07:41,  8.10s/ep][A

tin/rn18/rcad/sl/ipc10 s46:  81%|████████▏ | 244/300 [32:56<07:33,  8.10s/ep][A

tin/rn18/rcad/sl/ipc10 s46:  82%|████████▏ | 245/300 [33:04<07:25,  8.10s/ep][A

tin/rn18/rcad/sl/ipc10 s46:  82%|████████▏ | 246/300 [33:12<07:17,  8.10s/ep][A

tin/rn18/rcad/sl/ipc10 s46:  82%|████████▏ | 247/300 [33:21<07:09,  8.10s/ep][A

tin/rn18/rcad/sl/ipc10 s46:  83%|████████▎ | 248/300 [33:29<07:01,  8.10s/ep][A

tin/rn18/rcad/sl/ipc10 s46:  83%|████████▎ | 249/300 [33:37<06:53,  8.10s/ep][A

tin/rn18/rcad/sl/ipc10 s46:  83%|████████▎ | 250/300 [33:45<06:45,  8.10s/ep][A

tin/rn18/rcad/sl/ipc10 s46:  84%|████████▎ | 251/300 [33:53<06:37,  8.10s/ep][A

tin/rn18/rcad/sl/ipc10 s46:  84%|████████▍ | 252/300 [34:01<06:29,  8.10s/ep][A

tin/rn18/rcad/sl/ipc10 s46:  84%|████████▍ | 253/300 [34:09<06:20,  8.10s/ep][A

tin/rn18/rcad/sl/ipc10 s46:  85%|████████▍ | 254/300 [34:17<06:12,  8.11s/ep][A

tin/rn18/rcad/sl/ipc10 s46:  85%|████████▌ | 255/300 [34:25<06:04,  8.11s/ep][A

tin/rn18/rcad/sl/ipc10 s46:  85%|████████▌ | 256/300 [34:33<05:56,  8.11s/ep][A

tin/rn18/rcad/sl/ipc10 s46:  86%|████████▌ | 257/300 [34:42<05:48,  8.11s/ep][A

tin/rn18/rcad/sl/ipc10 s46:  86%|████████▌ | 258/300 [34:50<05:40,  8.10s/ep][A

tin/rn18/rcad/sl/ipc10 s46:  86%|████████▋ | 259/300 [34:58<05:32,  8.10s/ep][A

tin/rn18/rcad/sl/ipc10 s46:  87%|████████▋ | 260/300 [35:06<05:24,  8.10s/ep][A

tin/rn18/rcad/sl/ipc10 s46:  87%|████████▋ | 261/300 [35:14<05:16,  8.10s/ep][A

tin/rn18/rcad/sl/ipc10 s46:  87%|████████▋ | 262/300 [35:22<05:07,  8.10s/ep][A

tin/rn18/rcad/sl/ipc10 s46:  88%|████████▊ | 263/300 [35:30<04:59,  8.10s/ep][A

tin/rn18/rcad/sl/ipc10 s46:  88%|████████▊ | 264/300 [35:38<04:51,  8.10s/ep][A

tin/rn18/rcad/sl/ipc10 s46:  88%|████████▊ | 265/300 [35:46<04:43,  8.10s/ep][A

tin/rn18/rcad/sl/ipc10 s46:  89%|████████▊ | 266/300 [35:54<04:35,  8.10s/ep][A

tin/rn18/rcad/sl/ipc10 s46:  89%|████████▉ | 267/300 [36:03<04:27,  8.10s/ep][A

tin/rn18/rcad/sl/ipc10 s46:  89%|████████▉ | 268/300 [36:11<04:19,  8.10s/ep][A

tin/rn18/rcad/sl/ipc10 s46:  90%|████████▉ | 269/300 [36:19<04:11,  8.10s/ep][A

tin/rn18/rcad/sl/ipc10 s46:  90%|█████████ | 270/300 [36:27<04:03,  8.10s/ep][A

tin/rn18/rcad/sl/ipc10 s46:  90%|█████████ | 271/300 [36:35<03:54,  8.10s/ep][A

tin/rn18/rcad/sl/ipc10 s46:  91%|█████████ | 272/300 [36:43<03:46,  8.10s/ep][A

tin/rn18/rcad/sl/ipc10 s46:  91%|█████████ | 273/300 [36:51<03:38,  8.10s/ep][A

tin/rn18/rcad/sl/ipc10 s46:  91%|█████████▏| 274/300 [36:59<03:30,  8.10s/ep][A

tin/rn18/rcad/sl/ipc10 s46:  92%|█████████▏| 275/300 [37:07<03:22,  8.10s/ep][A

tin/rn18/rcad/sl/ipc10 s46:  92%|█████████▏| 276/300 [37:16<03:14,  8.10s/ep][A

tin/rn18/rcad/sl/ipc10 s46:  92%|█████████▏| 277/300 [37:24<03:06,  8.10s/ep][A

tin/rn18/rcad/sl/ipc10 s46:  93%|█████████▎| 278/300 [37:32<02:58,  8.10s/ep][A

tin/rn18/rcad/sl/ipc10 s46:  93%|█████████▎| 279/300 [37:40<02:50,  8.10s/ep][A

tin/rn18/rcad/sl/ipc10 s46:  93%|█████████▎| 280/300 [37:48<02:42,  8.10s/ep][A

tin/rn18/rcad/sl/ipc10 s46:  94%|█████████▎| 281/300 [37:56<02:33,  8.10s/ep][A

tin/rn18/rcad/sl/ipc10 s46:  94%|█████████▍| 282/300 [38:04<02:25,  8.10s/ep][A

tin/rn18/rcad/sl/ipc10 s46:  94%|█████████▍| 283/300 [38:12<02:17,  8.11s/ep][A

tin/rn18/rcad/sl/ipc10 s46:  95%|█████████▍| 284/300 [38:20<02:09,  8.10s/ep][A

tin/rn18/rcad/sl/ipc10 s46:  95%|█████████▌| 285/300 [38:28<02:01,  8.11s/ep][A

tin/rn18/rcad/sl/ipc10 s46:  95%|█████████▌| 286/300 [38:37<01:53,  8.10s/ep][A

tin/rn18/rcad/sl/ipc10 s46:  96%|█████████▌| 287/300 [38:45<01:45,  8.11s/ep][A

tin/rn18/rcad/sl/ipc10 s46:  96%|█████████▌| 288/300 [38:53<01:37,  8.11s/ep][A

tin/rn18/rcad/sl/ipc10 s46:  96%|█████████▋| 289/300 [39:01<01:29,  8.11s/ep][A

tin/rn18/rcad/sl/ipc10 s46:  97%|█████████▋| 290/300 [39:09<01:21,  8.11s/ep][A

tin/rn18/rcad/sl/ipc10 s46:  97%|█████████▋| 291/300 [39:17<01:12,  8.10s/ep][A

tin/rn18/rcad/sl/ipc10 s46:  97%|█████████▋| 292/300 [39:25<01:04,  8.10s/ep][A

tin/rn18/rcad/sl/ipc10 s46:  98%|█████████▊| 293/300 [39:33<00:56,  8.10s/ep][A

tin/rn18/rcad/sl/ipc10 s46:  98%|█████████▊| 294/300 [39:41<00:48,  8.10s/ep][A

tin/rn18/rcad/sl/ipc10 s46:  98%|█████████▊| 295/300 [39:49<00:40,  8.10s/ep][A

tin/rn18/rcad/sl/ipc10 s46:  99%|█████████▊| 296/300 [39:58<00:32,  8.10s/ep][A

tin/rn18/rcad/sl/ipc10 s46:  99%|█████████▉| 297/300 [40:06<00:24,  8.10s/ep][A

tin/rn18/rcad/sl/ipc10 s46:  99%|█████████▉| 298/300 [40:14<00:16,  8.10s/ep][A

tin/rn18/rcad/sl/ipc10 s46: 100%|█████████▉| 299/300 [40:22<00:08,  8.10s/ep][A

tin/rn18/rcad/sl/ipc10 s46: 100%|██████████| 300/300 [40:30<00:00,  8.11s/ep][A

                                                                             [A[cell] tin/rn18/rcad/sl/ipc10 seed46: 12.73%  (2444s)
[cell] tin/rn18/rcad/sl/ipc10: union seeds [42, 43, 44] + [45, 46]

rn18-tin:  19%|█▊        | 5/27 [6:47:37<29:53:26, 4891.20s/cell, rcad/sl/ipc10]
rn18-tin:  19%|█▊        | 5/27 [6:47:37<29:53:26, 4891.20s/cell, rded/sl/ipc10][cell] tin/rn18/rcad/sl/ipc10: 12.61 +- 0.72 (6582s)
[cell] partial (bench_tin_rn18_rded_sl_ipc10.json): have [42, 43, 44], running [45, 46]


tin/rn18/rded/sl/ipc10 s45:   0%|          | 0/300 [00:00<?, ?ep/s][A

tin/rn18/rded/sl/ipc10 s45:   0%|          | 1/300 [00:07<37:37,  7.55s/ep][A

tin/rn18/rded/sl/ipc10 s45:   1%|          | 2/300 [00:15<39:06,  7.87s/ep][A

tin/rn18/rded/sl/ipc10 s45:   1%|          | 3/300 [00:23<39:30,  7.98s/ep][A

tin/rn18/rded/sl/ipc10 s45:   1%|▏         | 4/300 [00:31<39:37,  8.03s/ep][A

tin/rn18/rded/sl/ipc10 s45:   2%|▏         | 5/300 [00:39<39:37,  8.06s/ep][A

tin/rn18/rded/sl/ipc10 s45:   2%|▏         | 6/300 [00:48<39:33,  8.07s/ep][A

tin/rn18/rded/sl/ipc10 s45:   2%|▏         | 7/300 [00:56<39:27,  8.08s/ep][A

tin/rn18/rded/sl/ipc10 s45:   3%|▎         | 8/300 [01:04<39:22,  8.09s/ep][A

tin/rn18/rded/sl/ipc10 s45:   3%|▎         | 9/300 [01:12<39:14,  8.09s/ep][A

tin/rn18/rded/sl/ipc10 s45:   3%|▎         | 10/300 [01:20<39:08,  8.10s/ep][A

tin/rn18/rded/sl/ipc10 s45:   4%|▎         | 11/300 [01:28<39:00,  8.10s/ep][A

tin/rn18/rded/sl/ipc10 s45:   4%|▍         | 12/300 [01:36<38:51,  8.10s/ep][A

tin/rn18/rded/sl/ipc10 s45:   4%|▍         | 13/300 [01:44<38:43,  8.10s/ep][A

tin/rn18/rded/sl/ipc10 s45:   5%|▍         | 14/300 [01:52<38:35,  8.10s/ep][A

tin/rn18/rded/sl/ipc10 s45:   5%|▌         | 15/300 [02:00<38:28,  8.10s/ep][A

tin/rn18/rded/sl/ipc10 s45:   5%|▌         | 16/300 [02:09<38:21,  8.10s/ep][A

tin/rn18/rded/sl/ipc10 s45:   6%|▌         | 17/300 [02:17<38:12,  8.10s/ep][A

tin/rn18/rded/sl/ipc10 s45:   6%|▌         | 18/300 [02:25<38:05,  8.11s/ep][A

tin/rn18/rded/sl/ipc10 s45:   6%|▋         | 19/300 [02:33<37:57,  8.10s/ep][A

tin/rn18/rded/sl/ipc10 s45:   7%|▋         | 20/300 [02:41<37:49,  8.11s/ep][A

tin/rn18/rded/sl/ipc10 s45:   7%|▋         | 21/300 [02:49<37:41,  8.10s/ep][A

tin/rn18/rded/sl/ipc10 s45:   7%|▋         | 22/300 [02:57<37:31,  8.10s/ep][A

tin/rn18/rded/sl/ipc10 s45:   8%|▊         | 23/300 [03:05<37:23,  8.10s/ep][A

tin/rn18/rded/sl/ipc10 s45:   8%|▊         | 24/300 [03:13<37:15,  8.10s/ep][A

tin/rn18/rded/sl/ipc10 s45:   8%|▊         | 25/300 [03:22<37:08,  8.10s/ep][A

tin/rn18/rded/sl/ipc10 s45:   9%|▊         | 26/300 [03:30<37:00,  8.10s/ep][A

tin/rn18/rded/sl/ipc10 s45:   9%|▉         | 27/300 [03:38<36:52,  8.10s/ep][A

tin/rn18/rded/sl/ipc10 s45:   9%|▉         | 28/300 [03:46<36:43,  8.10s/ep][A

tin/rn18/rded/sl/ipc10 s45:  10%|▉         | 29/300 [03:54<36:35,  8.10s/ep][A

tin/rn18/rded/sl/ipc10 s45:  10%|█         | 30/300 [04:02<36:27,  8.10s/ep][A

tin/rn18/rded/sl/ipc10 s45:  10%|█         | 31/300 [04:10<36:20,  8.11s/ep][A

tin/rn18/rded/sl/ipc10 s45:  11%|█         | 32/300 [04:18<36:12,  8.11s/ep][A

tin/rn18/rded/sl/ipc10 s45:  11%|█         | 33/300 [04:26<36:03,  8.10s/ep][A

tin/rn18/rded/sl/ipc10 s45:  11%|█▏        | 34/300 [04:34<35:55,  8.10s/ep][A

tin/rn18/rded/sl/ipc10 s45:  12%|█▏        | 35/300 [04:43<35:47,  8.11s/ep][A

tin/rn18/rded/sl/ipc10 s45:  12%|█▏        | 36/300 [04:51<35:40,  8.11s/ep][A

tin/rn18/rded/sl/ipc10 s45:  12%|█▏        | 37/300 [04:59<35:31,  8.11s/ep][A

tin/rn18/rded/sl/ipc10 s45:  13%|█▎        | 38/300 [05:07<35:23,  8.10s/ep][A

tin/rn18/rded/sl/ipc10 s45:  13%|█▎        | 39/300 [05:15<35:14,  8.10s/ep][A

tin/rn18/rded/sl/ipc10 s45:  13%|█▎        | 40/300 [05:23<35:06,  8.10s/ep][A

tin/rn18/rded/sl/ipc10 s45:  14%|█▎        | 41/300 [05:31<34:58,  8.10s/ep][A

tin/rn18/rded/sl/ipc10 s45:  14%|█▍        | 42/300 [05:39<34:51,  8.11s/ep][A

tin/rn18/rded/sl/ipc10 s45:  14%|█▍        | 43/300 [05:47<34:42,  8.10s/ep][A

tin/rn18/rded/sl/ipc10 s45:  15%|█▍        | 44/300 [05:55<34:34,  8.10s/ep][A

tin/rn18/rded/sl/ipc10 s45:  15%|█▌        | 45/300 [06:04<34:26,  8.10s/ep][A

tin/rn18/rded/sl/ipc10 s45:  15%|█▌        | 46/300 [06:12<34:17,  8.10s/ep][A

tin/rn18/rded/sl/ipc10 s45:  16%|█▌        | 47/300 [06:20<34:10,  8.10s/ep][A

tin/rn18/rded/sl/ipc10 s45:  16%|█▌        | 48/300 [06:28<34:02,  8.10s/ep][A

tin/rn18/rded/sl/ipc10 s45:  16%|█▋        | 49/300 [06:36<33:54,  8.10s/ep][A

tin/rn18/rded/sl/ipc10 s45:  17%|█▋        | 50/300 [06:44<33:46,  8.11s/ep][A

tin/rn18/rded/sl/ipc10 s45:  17%|█▋        | 51/300 [06:52<33:38,  8.11s/ep][A

tin/rn18/rded/sl/ipc10 s45:  17%|█▋        | 52/300 [07:00<33:30,  8.11s/ep][A

tin/rn18/rded/sl/ipc10 s45:  18%|█▊        | 53/300 [07:08<33:22,  8.11s/ep][A

tin/rn18/rded/sl/ipc10 s45:  18%|█▊        | 54/300 [07:17<33:14,  8.11s/ep][A

tin/rn18/rded/sl/ipc10 s45:  18%|█▊        | 55/300 [07:25<33:05,  8.10s/ep][A

tin/rn18/rded/sl/ipc10 s45:  19%|█▊        | 56/300 [07:33<32:57,  8.10s/ep][A

tin/rn18/rded/sl/ipc10 s45:  19%|█▉        | 57/300 [07:41<32:49,  8.10s/ep][A

tin/rn18/rded/sl/ipc10 s45:  19%|█▉        | 58/300 [07:49<32:41,  8.10s/ep][A

tin/rn18/rded/sl/ipc10 s45:  20%|█▉        | 59/300 [07:57<32:33,  8.10s/ep][A

tin/rn18/rded/sl/ipc10 s45:  20%|██        | 60/300 [08:05<32:24,  8.10s/ep][A

tin/rn18/rded/sl/ipc10 s45:  20%|██        | 61/300 [08:13<32:16,  8.10s/ep][A

tin/rn18/rded/sl/ipc10 s45:  21%|██        | 62/300 [08:21<32:08,  8.10s/ep][A

tin/rn18/rded/sl/ipc10 s45:  21%|██        | 63/300 [08:29<32:00,  8.10s/ep][A

tin/rn18/rded/sl/ipc10 s45:  21%|██▏       | 64/300 [08:38<31:52,  8.10s/ep][A

tin/rn18/rded/sl/ipc10 s45:  22%|██▏       | 65/300 [08:46<31:44,  8.10s/ep][A

tin/rn18/rded/sl/ipc10 s45:  22%|██▏       | 66/300 [08:54<31:35,  8.10s/ep][A

tin/rn18/rded/sl/ipc10 s45:  22%|██▏       | 67/300 [09:02<31:27,  8.10s/ep][A

tin/rn18/rded/sl/ipc10 s45:  23%|██▎       | 68/300 [09:10<31:20,  8.10s/ep][A

tin/rn18/rded/sl/ipc10 s45:  23%|██▎       | 69/300 [09:18<31:12,  8.10s/ep][A

tin/rn18/rded/sl/ipc10 s45:  23%|██▎       | 70/300 [09:26<31:03,  8.10s/ep][A

tin/rn18/rded/sl/ipc10 s45:  24%|██▎       | 71/300 [09:34<30:55,  8.10s/ep][A

tin/rn18/rded/sl/ipc10 s45:  24%|██▍       | 72/300 [09:42<30:47,  8.10s/ep][A

tin/rn18/rded/sl/ipc10 s45:  24%|██▍       | 73/300 [09:50<30:38,  8.10s/ep][A

tin/rn18/rded/sl/ipc10 s45:  25%|██▍       | 74/300 [09:59<30:30,  8.10s/ep][A

tin/rn18/rded/sl/ipc10 s45:  25%|██▌       | 75/300 [10:07<30:22,  8.10s/ep][A

tin/rn18/rded/sl/ipc10 s45:  25%|██▌       | 76/300 [10:15<30:14,  8.10s/ep][A

tin/rn18/rded/sl/ipc10 s45:  26%|██▌       | 77/300 [10:23<30:05,  8.10s/ep][A

tin/rn18/rded/sl/ipc10 s45:  26%|██▌       | 78/300 [10:31<29:57,  8.10s/ep][A

tin/rn18/rded/sl/ipc10 s45:  26%|██▋       | 79/300 [10:39<29:50,  8.10s/ep][A

tin/rn18/rded/sl/ipc10 s45:  27%|██▋       | 80/300 [10:47<29:42,  8.10s/ep][A

tin/rn18/rded/sl/ipc10 s45:  27%|██▋       | 81/300 [10:55<29:34,  8.10s/ep][A

tin/rn18/rded/sl/ipc10 s45:  27%|██▋       | 82/300 [11:03<29:26,  8.10s/ep][A

tin/rn18/rded/sl/ipc10 s45:  28%|██▊       | 83/300 [11:12<29:18,  8.11s/ep][A

tin/rn18/rded/sl/ipc10 s45:  28%|██▊       | 84/300 [11:20<29:10,  8.10s/ep][A

tin/rn18/rded/sl/ipc10 s45:  28%|██▊       | 85/300 [11:28<29:02,  8.10s/ep][A

tin/rn18/rded/sl/ipc10 s45:  29%|██▊       | 86/300 [11:36<28:53,  8.10s/ep][A

tin/rn18/rded/sl/ipc10 s45:  29%|██▉       | 87/300 [11:44<28:46,  8.10s/ep][A

tin/rn18/rded/sl/ipc10 s45:  29%|██▉       | 88/300 [11:52<28:38,  8.10s/ep][A

tin/rn18/rded/sl/ipc10 s45:  30%|██▉       | 89/300 [12:00<28:29,  8.10s/ep][A

tin/rn18/rded/sl/ipc10 s45:  30%|███       | 90/300 [12:08<28:21,  8.10s/ep][A

tin/rn18/rded/sl/ipc10 s45:  30%|███       | 91/300 [12:16<28:13,  8.10s/ep][A

tin/rn18/rded/sl/ipc10 s45:  31%|███       | 92/300 [12:24<28:05,  8.10s/ep][A

tin/rn18/rded/sl/ipc10 s45:  31%|███       | 93/300 [12:33<27:57,  8.11s/ep][A

tin/rn18/rded/sl/ipc10 s45:  31%|███▏      | 94/300 [12:41<27:49,  8.10s/ep][A

tin/rn18/rded/sl/ipc10 s45:  32%|███▏      | 95/300 [12:49<27:41,  8.10s/ep][A

tin/rn18/rded/sl/ipc10 s45:  32%|███▏      | 96/300 [12:57<27:33,  8.11s/ep][A

tin/rn18/rded/sl/ipc10 s45:  32%|███▏      | 97/300 [13:05<27:25,  8.11s/ep][A

tin/rn18/rded/sl/ipc10 s45:  33%|███▎      | 98/300 [13:13<27:17,  8.10s/ep][A

tin/rn18/rded/sl/ipc10 s45:  33%|███▎      | 99/300 [13:21<27:08,  8.10s/ep][A

tin/rn18/rded/sl/ipc10 s45:  33%|███▎      | 100/300 [13:29<27:00,  8.10s/ep][A

tin/rn18/rded/sl/ipc10 s45:  34%|███▎      | 101/300 [13:37<26:52,  8.10s/ep][A

tin/rn18/rded/sl/ipc10 s45:  34%|███▍      | 102/300 [13:45<26:43,  8.10s/ep][A

tin/rn18/rded/sl/ipc10 s45:  34%|███▍      | 103/300 [13:54<26:36,  8.10s/ep][A

tin/rn18/rded/sl/ipc10 s45:  35%|███▍      | 104/300 [14:02<26:27,  8.10s/ep][A

tin/rn18/rded/sl/ipc10 s45:  35%|███▌      | 105/300 [14:10<26:19,  8.10s/ep][A

tin/rn18/rded/sl/ipc10 s45:  35%|███▌      | 106/300 [14:18<26:11,  8.10s/ep][A

tin/rn18/rded/sl/ipc10 s45:  36%|███▌      | 107/300 [14:26<26:03,  8.10s/ep][A

tin/rn18/rded/sl/ipc10 s45:  36%|███▌      | 108/300 [14:34<25:55,  8.10s/ep][A

tin/rn18/rded/sl/ipc10 s45:  36%|███▋      | 109/300 [14:42<25:47,  8.10s/ep][A

tin/rn18/rded/sl/ipc10 s45:  37%|███▋      | 110/300 [14:50<25:40,  8.11s/ep][A

tin/rn18/rded/sl/ipc10 s45:  37%|███▋      | 111/300 [14:58<25:32,  8.11s/ep][A

tin/rn18/rded/sl/ipc10 s45:  37%|███▋      | 112/300 [15:07<25:24,  8.11s/ep][A

tin/rn18/rded/sl/ipc10 s45:  38%|███▊      | 113/300 [15:15<25:15,  8.10s/ep][A

tin/rn18/rded/sl/ipc10 s45:  38%|███▊      | 114/300 [15:23<25:07,  8.10s/ep][A

tin/rn18/rded/sl/ipc10 s45:  38%|███▊      | 115/300 [15:31<24:58,  8.10s/ep][A

tin/rn18/rded/sl/ipc10 s45:  39%|███▊      | 116/300 [15:39<24:51,  8.10s/ep][A

tin/rn18/rded/sl/ipc10 s45:  39%|███▉      | 117/300 [15:47<24:42,  8.10s/ep][A

tin/rn18/rded/sl/ipc10 s45:  39%|███▉      | 118/300 [15:55<24:34,  8.10s/ep][A

tin/rn18/rded/sl/ipc10 s45:  40%|███▉      | 119/300 [16:03<24:27,  8.11s/ep][A

tin/rn18/rded/sl/ipc10 s45:  40%|████      | 120/300 [16:11<24:19,  8.11s/ep][A

tin/rn18/rded/sl/ipc10 s45:  40%|████      | 121/300 [16:19<24:10,  8.11s/ep][A

tin/rn18/rded/sl/ipc10 s45:  41%|████      | 122/300 [16:28<24:02,  8.10s/ep][A

tin/rn18/rded/sl/ipc10 s45:  41%|████      | 123/300 [16:36<23:54,  8.10s/ep][A

tin/rn18/rded/sl/ipc10 s45:  41%|████▏     | 124/300 [16:44<23:46,  8.11s/ep][A

tin/rn18/rded/sl/ipc10 s45:  42%|████▏     | 125/300 [16:52<23:38,  8.10s/ep][A

tin/rn18/rded/sl/ipc10 s45:  42%|████▏     | 126/300 [17:00<23:30,  8.11s/ep][A

tin/rn18/rded/sl/ipc10 s45:  42%|████▏     | 127/300 [17:08<23:21,  8.10s/ep][A

tin/rn18/rded/sl/ipc10 s45:  43%|████▎     | 128/300 [17:16<23:13,  8.10s/ep][A

tin/rn18/rded/sl/ipc10 s45:  43%|████▎     | 129/300 [17:24<23:05,  8.10s/ep][A

tin/rn18/rded/sl/ipc10 s45:  43%|████▎     | 130/300 [17:32<22:57,  8.10s/ep][A

tin/rn18/rded/sl/ipc10 s45:  44%|████▎     | 131/300 [17:40<22:49,  8.10s/ep][A

tin/rn18/rded/sl/ipc10 s45:  44%|████▍     | 132/300 [17:49<22:41,  8.11s/ep][A

tin/rn18/rded/sl/ipc10 s45:  44%|████▍     | 133/300 [17:57<22:33,  8.11s/ep][A

tin/rn18/rded/sl/ipc10 s45:  45%|████▍     | 134/300 [18:05<22:25,  8.10s/ep][A

tin/rn18/rded/sl/ipc10 s45:  45%|████▌     | 135/300 [18:13<22:17,  8.10s/ep][A

tin/rn18/rded/sl/ipc10 s45:  45%|████▌     | 136/300 [18:21<22:08,  8.10s/ep][A

tin/rn18/rded/sl/ipc10 s45:  46%|████▌     | 137/300 [18:29<22:00,  8.10s/ep][A

tin/rn18/rded/sl/ipc10 s45:  46%|████▌     | 138/300 [18:37<21:52,  8.10s/ep][A

tin/rn18/rded/sl/ipc10 s45:  46%|████▋     | 139/300 [18:45<21:44,  8.10s/ep][A

tin/rn18/rded/sl/ipc10 s45:  47%|████▋     | 140/300 [18:53<21:36,  8.10s/ep][A

tin/rn18/rded/sl/ipc10 s45:  47%|████▋     | 141/300 [19:02<21:27,  8.10s/ep][A

tin/rn18/rded/sl/ipc10 s45:  47%|████▋     | 142/300 [19:10<21:19,  8.10s/ep][A

tin/rn18/rded/sl/ipc10 s45:  48%|████▊     | 143/300 [19:18<21:11,  8.10s/ep][A

tin/rn18/rded/sl/ipc10 s45:  48%|████▊     | 144/300 [19:26<21:03,  8.10s/ep][A

tin/rn18/rded/sl/ipc10 s45:  48%|████▊     | 145/300 [19:34<20:55,  8.10s/ep][A

tin/rn18/rded/sl/ipc10 s45:  49%|████▊     | 146/300 [19:42<20:48,  8.10s/ep][A

tin/rn18/rded/sl/ipc10 s45:  49%|████▉     | 147/300 [19:50<20:40,  8.11s/ep][A

tin/rn18/rded/sl/ipc10 s45:  49%|████▉     | 148/300 [19:58<20:31,  8.11s/ep][A

tin/rn18/rded/sl/ipc10 s45:  50%|████▉     | 149/300 [20:06<20:24,  8.11s/ep][A

tin/rn18/rded/sl/ipc10 s45:  50%|█████     | 150/300 [20:14<20:15,  8.10s/ep][A

tin/rn18/rded/sl/ipc10 s45:  50%|█████     | 151/300 [20:23<20:07,  8.10s/ep][A

tin/rn18/rded/sl/ipc10 s45:  51%|█████     | 152/300 [20:31<19:59,  8.11s/ep][A

tin/rn18/rded/sl/ipc10 s45:  51%|█████     | 153/300 [20:39<19:51,  8.11s/ep][A

tin/rn18/rded/sl/ipc10 s45:  51%|█████▏    | 154/300 [20:47<19:43,  8.11s/ep][A

tin/rn18/rded/sl/ipc10 s45:  52%|█████▏    | 155/300 [20:55<19:35,  8.11s/ep][A

tin/rn18/rded/sl/ipc10 s45:  52%|█████▏    | 156/300 [21:03<19:27,  8.11s/ep][A

tin/rn18/rded/sl/ipc10 s45:  52%|█████▏    | 157/300 [21:11<19:18,  8.10s/ep][A

tin/rn18/rded/sl/ipc10 s45:  53%|█████▎    | 158/300 [21:19<19:11,  8.11s/ep][A

tin/rn18/rded/sl/ipc10 s45:  53%|█████▎    | 159/300 [21:27<19:02,  8.10s/ep][A

tin/rn18/rded/sl/ipc10 s45:  53%|█████▎    | 160/300 [21:36<18:54,  8.10s/ep][A

tin/rn18/rded/sl/ipc10 s45:  54%|█████▎    | 161/300 [21:44<18:46,  8.11s/ep][A

tin/rn18/rded/sl/ipc10 s45:  54%|█████▍    | 162/300 [21:52<18:38,  8.10s/ep][A

tin/rn18/rded/sl/ipc10 s45:  54%|█████▍    | 163/300 [22:00<18:30,  8.10s/ep][A

tin/rn18/rded/sl/ipc10 s45:  55%|█████▍    | 164/300 [22:08<18:22,  8.10s/ep][A

tin/rn18/rded/sl/ipc10 s45:  55%|█████▌    | 165/300 [22:16<18:14,  8.11s/ep][A

tin/rn18/rded/sl/ipc10 s45:  55%|█████▌    | 166/300 [22:24<18:06,  8.11s/ep][A

tin/rn18/rded/sl/ipc10 s45:  56%|█████▌    | 167/300 [22:32<17:57,  8.10s/ep][A

tin/rn18/rded/sl/ipc10 s45:  56%|█████▌    | 168/300 [22:40<17:50,  8.11s/ep][A

tin/rn18/rded/sl/ipc10 s45:  56%|█████▋    | 169/300 [22:48<17:41,  8.10s/ep][A

tin/rn18/rded/sl/ipc10 s45:  57%|█████▋    | 170/300 [22:57<17:33,  8.10s/ep][A

tin/rn18/rded/sl/ipc10 s45:  57%|█████▋    | 171/300 [23:05<17:25,  8.10s/ep][A

tin/rn18/rded/sl/ipc10 s45:  57%|█████▋    | 172/300 [23:13<17:17,  8.10s/ep][A

tin/rn18/rded/sl/ipc10 s45:  58%|█████▊    | 173/300 [23:21<17:08,  8.10s/ep][A

tin/rn18/rded/sl/ipc10 s45:  58%|█████▊    | 174/300 [23:29<17:00,  8.10s/ep][A

tin/rn18/rded/sl/ipc10 s45:  58%|█████▊    | 175/300 [23:37<16:52,  8.10s/ep][A

tin/rn18/rded/sl/ipc10 s45:  59%|█████▊    | 176/300 [23:45<16:44,  8.10s/ep][A

tin/rn18/rded/sl/ipc10 s45:  59%|█████▉    | 177/300 [23:53<16:36,  8.10s/ep][A

tin/rn18/rded/sl/ipc10 s45:  59%|█████▉    | 178/300 [24:01<16:28,  8.10s/ep][A

tin/rn18/rded/sl/ipc10 s45:  60%|█████▉    | 179/300 [24:09<16:19,  8.10s/ep][A

tin/rn18/rded/sl/ipc10 s45:  60%|██████    | 180/300 [24:18<16:11,  8.10s/ep][A

tin/rn18/rded/sl/ipc10 s45:  60%|██████    | 181/300 [24:26<16:03,  8.10s/ep][A

tin/rn18/rded/sl/ipc10 s45:  61%|██████    | 182/300 [24:34<15:55,  8.10s/ep][A

tin/rn18/rded/sl/ipc10 s45:  61%|██████    | 183/300 [24:42<15:47,  8.10s/ep][A

tin/rn18/rded/sl/ipc10 s45:  61%|██████▏   | 184/300 [24:50<15:39,  8.10s/ep][A

tin/rn18/rded/sl/ipc10 s45:  62%|██████▏   | 185/300 [24:58<15:31,  8.10s/ep][A

tin/rn18/rded/sl/ipc10 s45:  62%|██████▏   | 186/300 [25:06<15:23,  8.10s/ep][A

tin/rn18/rded/sl/ipc10 s45:  62%|██████▏   | 187/300 [25:14<15:15,  8.10s/ep][A

tin/rn18/rded/sl/ipc10 s45:  63%|██████▎   | 188/300 [25:22<15:07,  8.10s/ep][A

tin/rn18/rded/sl/ipc10 s45:  63%|██████▎   | 189/300 [25:30<14:59,  8.10s/ep][A

tin/rn18/rded/sl/ipc10 s45:  63%|██████▎   | 190/300 [25:39<14:51,  8.10s/ep][A

tin/rn18/rded/sl/ipc10 s45:  64%|██████▎   | 191/300 [25:47<14:42,  8.10s/ep][A

tin/rn18/rded/sl/ipc10 s45:  64%|██████▍   | 192/300 [25:55<14:34,  8.10s/ep][A

tin/rn18/rded/sl/ipc10 s45:  64%|██████▍   | 193/300 [26:03<14:27,  8.10s/ep][A

tin/rn18/rded/sl/ipc10 s45:  65%|██████▍   | 194/300 [26:11<14:18,  8.10s/ep][A

tin/rn18/rded/sl/ipc10 s45:  65%|██████▌   | 195/300 [26:19<14:10,  8.10s/ep][A

tin/rn18/rded/sl/ipc10 s45:  65%|██████▌   | 196/300 [26:27<14:02,  8.11s/ep][A

tin/rn18/rded/sl/ipc10 s45:  66%|██████▌   | 197/300 [26:35<13:54,  8.11s/ep][A

tin/rn18/rded/sl/ipc10 s45:  66%|██████▌   | 198/300 [26:43<13:46,  8.11s/ep][A

tin/rn18/rded/sl/ipc10 s45:  66%|██████▋   | 199/300 [26:52<13:38,  8.11s/ep][A

tin/rn18/rded/sl/ipc10 s45:  67%|██████▋   | 200/300 [27:00<13:30,  8.10s/ep][A

tin/rn18/rded/sl/ipc10 s45:  67%|██████▋   | 201/300 [27:08<13:22,  8.10s/ep][A

tin/rn18/rded/sl/ipc10 s45:  67%|██████▋   | 202/300 [27:16<13:14,  8.11s/ep][A

tin/rn18/rded/sl/ipc10 s45:  68%|██████▊   | 203/300 [27:24<13:06,  8.11s/ep][A

tin/rn18/rded/sl/ipc10 s45:  68%|██████▊   | 204/300 [27:32<12:58,  8.10s/ep][A

tin/rn18/rded/sl/ipc10 s45:  68%|██████▊   | 205/300 [27:40<12:49,  8.11s/ep][A

tin/rn18/rded/sl/ipc10 s45:  69%|██████▊   | 206/300 [27:48<12:42,  8.11s/ep][A

tin/rn18/rded/sl/ipc10 s45:  69%|██████▉   | 207/300 [27:56<12:33,  8.11s/ep][A

tin/rn18/rded/sl/ipc10 s45:  69%|██████▉   | 208/300 [28:04<12:25,  8.11s/ep][A

tin/rn18/rded/sl/ipc10 s45:  70%|██████▉   | 209/300 [28:13<12:17,  8.10s/ep][A

tin/rn18/rded/sl/ipc10 s45:  70%|███████   | 210/300 [28:21<12:09,  8.11s/ep][A

tin/rn18/rded/sl/ipc10 s45:  70%|███████   | 211/300 [28:29<12:01,  8.11s/ep][A

tin/rn18/rded/sl/ipc10 s45:  71%|███████   | 212/300 [28:37<11:53,  8.10s/ep][A

tin/rn18/rded/sl/ipc10 s45:  71%|███████   | 213/300 [28:45<11:44,  8.10s/ep][A

tin/rn18/rded/sl/ipc10 s45:  71%|███████▏  | 214/300 [28:53<11:37,  8.11s/ep][A

tin/rn18/rded/sl/ipc10 s45:  72%|███████▏  | 215/300 [29:01<11:29,  8.11s/ep][A

tin/rn18/rded/sl/ipc10 s45:  72%|███████▏  | 216/300 [29:09<11:20,  8.11s/ep][A

tin/rn18/rded/sl/ipc10 s45:  72%|███████▏  | 217/300 [29:17<11:12,  8.11s/ep][A

tin/rn18/rded/sl/ipc10 s45:  73%|███████▎  | 218/300 [29:26<11:04,  8.11s/ep][A

tin/rn18/rded/sl/ipc10 s45:  73%|███████▎  | 219/300 [29:34<10:56,  8.11s/ep][A

tin/rn18/rded/sl/ipc10 s45:  73%|███████▎  | 220/300 [29:42<10:48,  8.11s/ep][A

tin/rn18/rded/sl/ipc10 s45:  74%|███████▎  | 221/300 [29:50<10:40,  8.11s/ep][A

tin/rn18/rded/sl/ipc10 s45:  74%|███████▍  | 222/300 [29:58<10:32,  8.11s/ep][A

tin/rn18/rded/sl/ipc10 s45:  74%|███████▍  | 223/300 [30:06<10:24,  8.11s/ep][A

tin/rn18/rded/sl/ipc10 s45:  75%|███████▍  | 224/300 [30:14<10:15,  8.11s/ep][A

tin/rn18/rded/sl/ipc10 s45:  75%|███████▌  | 225/300 [30:22<10:07,  8.10s/ep][A

tin/rn18/rded/sl/ipc10 s45:  75%|███████▌  | 226/300 [30:30<09:59,  8.10s/ep][A

tin/rn18/rded/sl/ipc10 s45:  76%|███████▌  | 227/300 [30:38<09:51,  8.10s/ep][A

tin/rn18/rded/sl/ipc10 s45:  76%|███████▌  | 228/300 [30:47<09:43,  8.10s/ep][A

tin/rn18/rded/sl/ipc10 s45:  76%|███████▋  | 229/300 [30:55<09:35,  8.10s/ep][A

tin/rn18/rded/sl/ipc10 s45:  77%|███████▋  | 230/300 [31:03<09:26,  8.10s/ep][A

tin/rn18/rded/sl/ipc10 s45:  77%|███████▋  | 231/300 [31:11<09:18,  8.10s/ep][A

tin/rn18/rded/sl/ipc10 s45:  77%|███████▋  | 232/300 [31:19<09:11,  8.11s/ep][A

tin/rn18/rded/sl/ipc10 s45:  78%|███████▊  | 233/300 [31:27<09:03,  8.10s/ep][A

tin/rn18/rded/sl/ipc10 s45:  78%|███████▊  | 234/300 [31:35<08:54,  8.10s/ep][A

tin/rn18/rded/sl/ipc10 s45:  78%|███████▊  | 235/300 [31:43<08:46,  8.10s/ep][A

tin/rn18/rded/sl/ipc10 s45:  79%|███████▊  | 236/300 [31:51<08:38,  8.10s/ep][A

tin/rn18/rded/sl/ipc10 s45:  79%|███████▉  | 237/300 [31:59<08:30,  8.10s/ep][A

tin/rn18/rded/sl/ipc10 s45:  79%|███████▉  | 238/300 [32:08<08:22,  8.10s/ep][A

tin/rn18/rded/sl/ipc10 s45:  80%|███████▉  | 239/300 [32:16<08:14,  8.11s/ep][A

tin/rn18/rded/sl/ipc10 s45:  80%|████████  | 240/300 [32:24<08:06,  8.10s/ep][A

tin/rn18/rded/sl/ipc10 s45:  80%|████████  | 241/300 [32:32<07:58,  8.10s/ep][A

tin/rn18/rded/sl/ipc10 s45:  81%|████████  | 242/300 [32:40<07:49,  8.10s/ep][A

tin/rn18/rded/sl/ipc10 s45:  81%|████████  | 243/300 [32:48<07:41,  8.10s/ep][A

tin/rn18/rded/sl/ipc10 s45:  81%|████████▏ | 244/300 [32:56<07:33,  8.11s/ep][A

tin/rn18/rded/sl/ipc10 s45:  82%|████████▏ | 245/300 [33:04<07:25,  8.11s/ep][A

tin/rn18/rded/sl/ipc10 s45:  82%|████████▏ | 246/300 [33:12<07:17,  8.10s/ep][A

tin/rn18/rded/sl/ipc10 s45:  82%|████████▏ | 247/300 [33:21<07:09,  8.10s/ep][A

tin/rn18/rded/sl/ipc10 s45:  83%|████████▎ | 248/300 [33:29<07:01,  8.10s/ep][A

tin/rn18/rded/sl/ipc10 s45:  83%|████████▎ | 249/300 [33:37<06:53,  8.11s/ep][A

tin/rn18/rded/sl/ipc10 s45:  83%|████████▎ | 250/300 [33:45<06:45,  8.11s/ep][A

tin/rn18/rded/sl/ipc10 s45:  84%|████████▎ | 251/300 [33:53<06:37,  8.11s/ep][A

tin/rn18/rded/sl/ipc10 s45:  84%|████████▍ | 252/300 [34:01<06:29,  8.11s/ep][A

tin/rn18/rded/sl/ipc10 s45:  84%|████████▍ | 253/300 [34:09<06:21,  8.11s/ep][A

tin/rn18/rded/sl/ipc10 s45:  85%|████████▍ | 254/300 [34:17<06:12,  8.10s/ep][A

tin/rn18/rded/sl/ipc10 s45:  85%|████████▌ | 255/300 [34:25<06:04,  8.10s/ep][A

tin/rn18/rded/sl/ipc10 s45:  85%|████████▌ | 256/300 [34:33<05:56,  8.10s/ep][A

tin/rn18/rded/sl/ipc10 s45:  86%|████████▌ | 257/300 [34:42<05:48,  8.10s/ep][A

tin/rn18/rded/sl/ipc10 s45:  86%|████████▌ | 258/300 [34:50<05:40,  8.10s/ep][A

tin/rn18/rded/sl/ipc10 s45:  86%|████████▋ | 259/300 [34:58<05:32,  8.10s/ep][A

tin/rn18/rded/sl/ipc10 s45:  87%|████████▋ | 260/300 [35:06<05:24,  8.10s/ep][A

tin/rn18/rded/sl/ipc10 s45:  87%|████████▋ | 261/300 [35:14<05:15,  8.10s/ep][A

tin/rn18/rded/sl/ipc10 s45:  87%|████████▋ | 262/300 [35:22<05:07,  8.10s/ep][A

tin/rn18/rded/sl/ipc10 s45:  88%|████████▊ | 263/300 [35:30<04:59,  8.10s/ep][A

tin/rn18/rded/sl/ipc10 s45:  88%|████████▊ | 264/300 [35:38<04:51,  8.10s/ep][A

tin/rn18/rded/sl/ipc10 s45:  88%|████████▊ | 265/300 [35:46<04:43,  8.11s/ep][A

tin/rn18/rded/sl/ipc10 s45:  89%|████████▊ | 266/300 [35:55<04:35,  8.11s/ep][A

tin/rn18/rded/sl/ipc10 s45:  89%|████████▉ | 267/300 [36:03<04:27,  8.11s/ep][A

tin/rn18/rded/sl/ipc10 s45:  89%|████████▉ | 268/300 [36:11<04:19,  8.11s/ep][A

tin/rn18/rded/sl/ipc10 s45:  90%|████████▉ | 269/300 [36:19<04:11,  8.11s/ep][A

tin/rn18/rded/sl/ipc10 s45:  90%|█████████ | 270/300 [36:27<04:03,  8.10s/ep][A

tin/rn18/rded/sl/ipc10 s45:  90%|█████████ | 271/300 [36:35<03:54,  8.10s/ep][A

tin/rn18/rded/sl/ipc10 s45:  91%|█████████ | 272/300 [36:43<03:46,  8.10s/ep][A

tin/rn18/rded/sl/ipc10 s45:  91%|█████████ | 273/300 [36:51<03:38,  8.10s/ep][A

tin/rn18/rded/sl/ipc10 s45:  91%|█████████▏| 274/300 [36:59<03:30,  8.10s/ep][A

tin/rn18/rded/sl/ipc10 s45:  92%|█████████▏| 275/300 [37:07<03:22,  8.11s/ep][A

tin/rn18/rded/sl/ipc10 s45:  92%|█████████▏| 276/300 [37:16<03:14,  8.11s/ep][A

tin/rn18/rded/sl/ipc10 s45:  92%|█████████▏| 277/300 [37:24<03:06,  8.11s/ep][A

tin/rn18/rded/sl/ipc10 s45:  93%|█████████▎| 278/300 [37:32<02:58,  8.10s/ep][A

tin/rn18/rded/sl/ipc10 s45:  93%|█████████▎| 279/300 [37:40<02:50,  8.11s/ep][A

tin/rn18/rded/sl/ipc10 s45:  93%|█████████▎| 280/300 [37:48<02:42,  8.11s/ep][A

tin/rn18/rded/sl/ipc10 s45:  94%|█████████▎| 281/300 [37:56<02:33,  8.10s/ep][A

tin/rn18/rded/sl/ipc10 s45:  94%|█████████▍| 282/300 [38:04<02:25,  8.10s/ep][A

tin/rn18/rded/sl/ipc10 s45:  94%|█████████▍| 283/300 [38:12<02:17,  8.10s/ep][A

tin/rn18/rded/sl/ipc10 s45:  95%|█████████▍| 284/300 [38:20<02:09,  8.11s/ep][A

tin/rn18/rded/sl/ipc10 s45:  95%|█████████▌| 285/300 [38:28<02:01,  8.10s/ep][A

tin/rn18/rded/sl/ipc10 s45:  95%|█████████▌| 286/300 [38:37<01:53,  8.10s/ep][A

tin/rn18/rded/sl/ipc10 s45:  96%|█████████▌| 287/300 [38:45<01:45,  8.10s/ep][A

tin/rn18/rded/sl/ipc10 s45:  96%|█████████▌| 288/300 [38:53<01:37,  8.10s/ep][A

tin/rn18/rded/sl/ipc10 s45:  96%|█████████▋| 289/300 [39:01<01:29,  8.10s/ep][A

tin/rn18/rded/sl/ipc10 s45:  97%|█████████▋| 290/300 [39:09<01:20,  8.10s/ep][A

tin/rn18/rded/sl/ipc10 s45:  97%|█████████▋| 291/300 [39:17<01:12,  8.10s/ep][A

tin/rn18/rded/sl/ipc10 s45:  97%|█████████▋| 292/300 [39:25<01:04,  8.10s/ep][A

tin/rn18/rded/sl/ipc10 s45:  98%|█████████▊| 293/300 [39:33<00:56,  8.10s/ep][A

tin/rn18/rded/sl/ipc10 s45:  98%|█████████▊| 294/300 [39:41<00:48,  8.10s/ep][A

tin/rn18/rded/sl/ipc10 s45:  98%|█████████▊| 295/300 [39:50<00:40,  8.10s/ep][A

tin/rn18/rded/sl/ipc10 s45:  99%|█████████▊| 296/300 [39:58<00:32,  8.10s/ep][A

tin/rn18/rded/sl/ipc10 s45:  99%|█████████▉| 297/300 [40:06<00:24,  8.10s/ep][A

tin/rn18/rded/sl/ipc10 s45:  99%|█████████▉| 298/300 [40:14<00:16,  8.10s/ep][A

tin/rn18/rded/sl/ipc10 s45: 100%|█████████▉| 299/300 [40:22<00:08,  8.10s/ep][A

tin/rn18/rded/sl/ipc10 s45: 100%|██████████| 300/300 [40:30<00:00,  8.10s/ep][A

                                                                             [A[cell] tin/rn18/rded/sl/ipc10 seed45: 12.71%  (2444s)


tin/rn18/rded/sl/ipc10 s46:   0%|          | 0/300 [00:00<?, ?ep/s][A

tin/rn18/rded/sl/ipc10 s46:   0%|          | 1/300 [00:07<37:39,  7.56s/ep][A

tin/rn18/rded/sl/ipc10 s46:   1%|          | 2/300 [00:15<39:06,  7.88s/ep][A

tin/rn18/rded/sl/ipc10 s46:   1%|          | 3/300 [00:23<39:30,  7.98s/ep][A

tin/rn18/rded/sl/ipc10 s46:   1%|▏         | 4/300 [00:31<39:36,  8.03s/ep][A

tin/rn18/rded/sl/ipc10 s46:   2%|▏         | 5/300 [00:39<39:36,  8.06s/ep][A

tin/rn18/rded/sl/ipc10 s46:   2%|▏         | 6/300 [00:48<39:33,  8.07s/ep][A

tin/rn18/rded/sl/ipc10 s46:   2%|▏         | 7/300 [00:56<39:29,  8.09s/ep][A

tin/rn18/rded/sl/ipc10 s46:   3%|▎         | 8/300 [01:04<39:23,  8.09s/ep][A

tin/rn18/rded/sl/ipc10 s46:   3%|▎         | 9/300 [01:12<39:15,  8.09s/ep][A

tin/rn18/rded/sl/ipc10 s46:   3%|▎         | 10/300 [01:20<39:08,  8.10s/ep][A

tin/rn18/rded/sl/ipc10 s46:   4%|▎         | 11/300 [01:28<39:00,  8.10s/ep][A

tin/rn18/rded/sl/ipc10 s46:   4%|▍         | 12/300 [01:36<38:52,  8.10s/ep][A

tin/rn18/rded/sl/ipc10 s46:   4%|▍         | 13/300 [01:44<38:44,  8.10s/ep][A

tin/rn18/rded/sl/ipc10 s46:   5%|▍         | 14/300 [01:52<38:36,  8.10s/ep][A

tin/rn18/rded/sl/ipc10 s46:   5%|▌         | 15/300 [02:01<38:29,  8.10s/ep][A

tin/rn18/rded/sl/ipc10 s46:   5%|▌         | 16/300 [02:09<38:21,  8.10s/ep][A

tin/rn18/rded/sl/ipc10 s46:   6%|▌         | 17/300 [02:17<38:12,  8.10s/ep][A

tin/rn18/rded/sl/ipc10 s46:   6%|▌         | 18/300 [02:25<38:05,  8.10s/ep][A

tin/rn18/rded/sl/ipc10 s46:   6%|▋         | 19/300 [02:33<37:57,  8.10s/ep][A

tin/rn18/rded/sl/ipc10 s46:   7%|▋         | 20/300 [02:41<37:48,  8.10s/ep][A

tin/rn18/rded/sl/ipc10 s46:   7%|▋         | 21/300 [02:49<37:40,  8.10s/ep][A

tin/rn18/rded/sl/ipc10 s46:   7%|▋         | 22/300 [02:57<37:32,  8.10s/ep][A

tin/rn18/rded/sl/ipc10 s46:   8%|▊         | 23/300 [03:05<37:25,  8.11s/ep][A

tin/rn18/rded/sl/ipc10 s46:   8%|▊         | 24/300 [03:13<37:17,  8.11s/ep][A

tin/rn18/rded/sl/ipc10 s46:   8%|▊         | 25/300 [03:22<37:08,  8.10s/ep][A

tin/rn18/rded/sl/ipc10 s46:   9%|▊         | 26/300 [03:30<37:00,  8.10s/ep][A

tin/rn18/rded/sl/ipc10 s46:   9%|▉         | 27/300 [03:38<36:52,  8.10s/ep][A

tin/rn18/rded/sl/ipc10 s46:   9%|▉         | 28/300 [03:46<36:43,  8.10s/ep][A

tin/rn18/rded/sl/ipc10 s46:  10%|▉         | 29/300 [03:54<36:34,  8.10s/ep][A

tin/rn18/rded/sl/ipc10 s46:  10%|█         | 30/300 [04:02<36:26,  8.10s/ep][A

tin/rn18/rded/sl/ipc10 s46:  10%|█         | 31/300 [04:10<36:18,  8.10s/ep][A

tin/rn18/rded/sl/ipc10 s46:  11%|█         | 32/300 [04:18<36:10,  8.10s/ep][A

tin/rn18/rded/sl/ipc10 s46:  11%|█         | 33/300 [04:26<36:02,  8.10s/ep][A

tin/rn18/rded/sl/ipc10 s46:  11%|█▏        | 34/300 [04:34<35:54,  8.10s/ep][A

tin/rn18/rded/sl/ipc10 s46:  12%|█▏        | 35/300 [04:43<35:46,  8.10s/ep][A

tin/rn18/rded/sl/ipc10 s46:  12%|█▏        | 36/300 [04:51<35:38,  8.10s/ep][A

tin/rn18/rded/sl/ipc10 s46:  12%|█▏        | 37/300 [04:59<35:31,  8.10s/ep][A

tin/rn18/rded/sl/ipc10 s46:  13%|█▎        | 38/300 [05:07<35:22,  8.10s/ep][A

tin/rn18/rded/sl/ipc10 s46:  13%|█▎        | 39/300 [05:15<35:15,  8.10s/ep][A

tin/rn18/rded/sl/ipc10 s46:  13%|█▎        | 40/300 [05:23<35:07,  8.10s/ep][A

tin/rn18/rded/sl/ipc10 s46:  14%|█▎        | 41/300 [05:31<34:59,  8.11s/ep][A

tin/rn18/rded/sl/ipc10 s46:  14%|█▍        | 42/300 [05:39<34:51,  8.11s/ep][A

tin/rn18/rded/sl/ipc10 s46:  14%|█▍        | 43/300 [05:47<34:43,  8.11s/ep][A

tin/rn18/rded/sl/ipc10 s46:  15%|█▍        | 44/300 [05:56<34:35,  8.11s/ep][A

tin/rn18/rded/sl/ipc10 s46:  15%|█▌        | 45/300 [06:04<34:26,  8.10s/ep][A

tin/rn18/rded/sl/ipc10 s46:  15%|█▌        | 46/300 [06:12<34:18,  8.10s/ep][A

tin/rn18/rded/sl/ipc10 s46:  16%|█▌        | 47/300 [06:20<34:10,  8.10s/ep][A

tin/rn18/rded/sl/ipc10 s46:  16%|█▌        | 48/300 [06:28<34:02,  8.10s/ep][A

tin/rn18/rded/sl/ipc10 s46:  16%|█▋        | 49/300 [06:36<33:54,  8.11s/ep][A

tin/rn18/rded/sl/ipc10 s46:  17%|█▋        | 50/300 [06:44<33:46,  8.11s/ep][A

tin/rn18/rded/sl/ipc10 s46:  17%|█▋        | 51/300 [06:52<33:38,  8.11s/ep][A

tin/rn18/rded/sl/ipc10 s46:  17%|█▋        | 52/300 [07:00<33:30,  8.11s/ep][A

tin/rn18/rded/sl/ipc10 s46:  18%|█▊        | 53/300 [07:08<33:22,  8.11s/ep][A

tin/rn18/rded/sl/ipc10 s46:  18%|█▊        | 54/300 [07:17<33:13,  8.11s/ep][A

tin/rn18/rded/sl/ipc10 s46:  18%|█▊        | 55/300 [07:25<33:05,  8.10s/ep][A

tin/rn18/rded/sl/ipc10 s46:  19%|█▊        | 56/300 [07:33<32:57,  8.11s/ep][A

tin/rn18/rded/sl/ipc10 s46:  19%|█▉        | 57/300 [07:41<32:49,  8.11s/ep][A

tin/rn18/rded/sl/ipc10 s46:  19%|█▉        | 58/300 [07:49<32:41,  8.10s/ep][A

tin/rn18/rded/sl/ipc10 s46:  20%|█▉        | 59/300 [07:57<32:32,  8.10s/ep][A

tin/rn18/rded/sl/ipc10 s46:  20%|██        | 60/300 [08:05<32:24,  8.10s/ep][A

tin/rn18/rded/sl/ipc10 s46:  20%|██        | 61/300 [08:13<32:16,  8.10s/ep][A

tin/rn18/rded/sl/ipc10 s46:  21%|██        | 62/300 [08:21<32:07,  8.10s/ep][A

tin/rn18/rded/sl/ipc10 s46:  21%|██        | 63/300 [08:29<32:00,  8.10s/ep][A

tin/rn18/rded/sl/ipc10 s46:  21%|██▏       | 64/300 [08:38<31:51,  8.10s/ep][A

tin/rn18/rded/sl/ipc10 s46:  22%|██▏       | 65/300 [08:46<31:42,  8.10s/ep][A

tin/rn18/rded/sl/ipc10 s46:  22%|██▏       | 66/300 [08:54<31:35,  8.10s/ep][A

tin/rn18/rded/sl/ipc10 s46:  22%|██▏       | 67/300 [09:02<31:27,  8.10s/ep][A

tin/rn18/rded/sl/ipc10 s46:  23%|██▎       | 68/300 [09:10<31:20,  8.11s/ep][A

tin/rn18/rded/sl/ipc10 s46:  23%|██▎       | 69/300 [09:18<31:12,  8.10s/ep][A

tin/rn18/rded/sl/ipc10 s46:  23%|██▎       | 70/300 [09:26<31:04,  8.11s/ep][A

tin/rn18/rded/sl/ipc10 s46:  24%|██▎       | 71/300 [09:34<30:56,  8.10s/ep][A

tin/rn18/rded/sl/ipc10 s46:  24%|██▍       | 72/300 [09:42<30:47,  8.10s/ep][A

tin/rn18/rded/sl/ipc10 s46:  24%|██▍       | 73/300 [09:50<30:39,  8.10s/ep][A

tin/rn18/rded/sl/ipc10 s46:  25%|██▍       | 74/300 [09:59<30:30,  8.10s/ep][A

tin/rn18/rded/sl/ipc10 s46:  25%|██▌       | 75/300 [10:07<30:22,  8.10s/ep][A

tin/rn18/rded/sl/ipc10 s46:  25%|██▌       | 76/300 [10:15<30:14,  8.10s/ep][A

tin/rn18/rded/sl/ipc10 s46:  26%|██▌       | 77/300 [10:23<30:06,  8.10s/ep][A

tin/rn18/rded/sl/ipc10 s46:  26%|██▌       | 78/300 [10:31<29:58,  8.10s/ep][A

tin/rn18/rded/sl/ipc10 s46:  26%|██▋       | 79/300 [10:39<29:50,  8.10s/ep][A

tin/rn18/rded/sl/ipc10 s46:  27%|██▋       | 80/300 [10:47<29:42,  8.10s/ep][A

tin/rn18/rded/sl/ipc10 s46:  27%|██▋       | 81/300 [10:55<29:34,  8.10s/ep][A

tin/rn18/rded/sl/ipc10 s46:  27%|██▋       | 82/300 [11:03<29:26,  8.10s/ep][A

tin/rn18/rded/sl/ipc10 s46:  28%|██▊       | 83/300 [11:12<29:18,  8.10s/ep][A

tin/rn18/rded/sl/ipc10 s46:  28%|██▊       | 84/300 [11:20<29:10,  8.10s/ep][A

tin/rn18/rded/sl/ipc10 s46:  28%|██▊       | 85/300 [11:28<29:02,  8.10s/ep][A

tin/rn18/rded/sl/ipc10 s46:  29%|██▊       | 86/300 [11:36<28:53,  8.10s/ep][A

tin/rn18/rded/sl/ipc10 s46:  29%|██▉       | 87/300 [11:44<28:45,  8.10s/ep][A

tin/rn18/rded/sl/ipc10 s46:  29%|██▉       | 88/300 [11:52<28:37,  8.10s/ep][A

tin/rn18/rded/sl/ipc10 s46:  30%|██▉       | 89/300 [12:00<28:29,  8.10s/ep][A

tin/rn18/rded/sl/ipc10 s46:  30%|███       | 90/300 [12:08<28:21,  8.10s/ep][A

tin/rn18/rded/sl/ipc10 s46:  30%|███       | 91/300 [12:16<28:13,  8.10s/ep][A

tin/rn18/rded/sl/ipc10 s46:  31%|███       | 92/300 [12:24<28:05,  8.10s/ep][A

tin/rn18/rded/sl/ipc10 s46:  31%|███       | 93/300 [12:33<27:57,  8.10s/ep][A

tin/rn18/rded/sl/ipc10 s46:  31%|███▏      | 94/300 [12:41<27:48,  8.10s/ep][A

tin/rn18/rded/sl/ipc10 s46:  32%|███▏      | 95/300 [12:49<27:40,  8.10s/ep][A

tin/rn18/rded/sl/ipc10 s46:  32%|███▏      | 96/300 [12:57<27:31,  8.10s/ep][A

tin/rn18/rded/sl/ipc10 s46:  32%|███▏      | 97/300 [13:05<27:24,  8.10s/ep][A

tin/rn18/rded/sl/ipc10 s46:  33%|███▎      | 98/300 [13:13<27:16,  8.10s/ep][A

tin/rn18/rded/sl/ipc10 s46:  33%|███▎      | 99/300 [13:21<27:08,  8.10s/ep][A

tin/rn18/rded/sl/ipc10 s46:  33%|███▎      | 100/300 [13:29<27:00,  8.10s/ep][A

tin/rn18/rded/sl/ipc10 s46:  34%|███▎      | 101/300 [13:37<26:52,  8.10s/ep][A

tin/rn18/rded/sl/ipc10 s46:  34%|███▍      | 102/300 [13:45<26:44,  8.10s/ep][A

tin/rn18/rded/sl/ipc10 s46:  34%|███▍      | 103/300 [13:54<26:36,  8.10s/ep][A

tin/rn18/rded/sl/ipc10 s46:  35%|███▍      | 104/300 [14:02<26:27,  8.10s/ep][A

tin/rn18/rded/sl/ipc10 s46:  35%|███▌      | 105/300 [14:10<26:20,  8.10s/ep][A

tin/rn18/rded/sl/ipc10 s46:  35%|███▌      | 106/300 [14:18<26:11,  8.10s/ep][A

tin/rn18/rded/sl/ipc10 s46:  36%|███▌      | 107/300 [14:26<26:04,  8.10s/ep][A

tin/rn18/rded/sl/ipc10 s46:  36%|███▌      | 108/300 [14:34<25:55,  8.10s/ep][A

tin/rn18/rded/sl/ipc10 s46:  36%|███▋      | 109/300 [14:42<25:47,  8.10s/ep][A

tin/rn18/rded/sl/ipc10 s46:  37%|███▋      | 110/300 [14:50<25:39,  8.10s/ep][A

tin/rn18/rded/sl/ipc10 s46:  37%|███▋      | 111/300 [14:58<25:30,  8.10s/ep][A

tin/rn18/rded/sl/ipc10 s46:  37%|███▋      | 112/300 [15:06<25:23,  8.10s/ep][A

tin/rn18/rded/sl/ipc10 s46:  38%|███▊      | 113/300 [15:15<25:15,  8.10s/ep][A

tin/rn18/rded/sl/ipc10 s46:  38%|███▊      | 114/300 [15:23<25:07,  8.10s/ep][A

tin/rn18/rded/sl/ipc10 s46:  38%|███▊      | 115/300 [15:31<24:58,  8.10s/ep][A

tin/rn18/rded/sl/ipc10 s46:  39%|███▊      | 116/300 [15:39<24:50,  8.10s/ep][A

tin/rn18/rded/sl/ipc10 s46:  39%|███▉      | 117/300 [15:47<24:42,  8.10s/ep][A

tin/rn18/rded/sl/ipc10 s46:  39%|███▉      | 118/300 [15:55<24:35,  8.10s/ep][A

tin/rn18/rded/sl/ipc10 s46:  40%|███▉      | 119/300 [16:03<24:27,  8.11s/ep][A

tin/rn18/rded/sl/ipc10 s46:  40%|████      | 120/300 [16:11<24:19,  8.11s/ep][A

tin/rn18/rded/sl/ipc10 s46:  40%|████      | 121/300 [16:19<24:11,  8.11s/ep][A

tin/rn18/rded/sl/ipc10 s46:  41%|████      | 122/300 [16:28<24:03,  8.11s/ep][A

tin/rn18/rded/sl/ipc10 s46:  41%|████      | 123/300 [16:36<23:54,  8.11s/ep][A

tin/rn18/rded/sl/ipc10 s46:  41%|████▏     | 124/300 [16:44<23:46,  8.10s/ep][A

tin/rn18/rded/sl/ipc10 s46:  42%|████▏     | 125/300 [16:52<23:38,  8.10s/ep][A

tin/rn18/rded/sl/ipc10 s46:  42%|████▏     | 126/300 [17:00<23:30,  8.10s/ep][A

tin/rn18/rded/sl/ipc10 s46:  42%|████▏     | 127/300 [17:08<23:21,  8.10s/ep][A

tin/rn18/rded/sl/ipc10 s46:  43%|████▎     | 128/300 [17:16<23:13,  8.10s/ep][A

tin/rn18/rded/sl/ipc10 s46:  43%|████▎     | 129/300 [17:24<23:05,  8.10s/ep][A

tin/rn18/rded/sl/ipc10 s46:  43%|████▎     | 130/300 [17:32<22:57,  8.10s/ep][A

tin/rn18/rded/sl/ipc10 s46:  44%|████▎     | 131/300 [17:40<22:49,  8.10s/ep][A

tin/rn18/rded/sl/ipc10 s46:  44%|████▍     | 132/300 [17:49<22:40,  8.10s/ep][A

tin/rn18/rded/sl/ipc10 s46:  44%|████▍     | 133/300 [17:57<22:33,  8.10s/ep][A

tin/rn18/rded/sl/ipc10 s46:  45%|████▍     | 134/300 [18:05<22:25,  8.10s/ep][A

tin/rn18/rded/sl/ipc10 s46:  45%|████▌     | 135/300 [18:13<22:17,  8.11s/ep][A

tin/rn18/rded/sl/ipc10 s46:  45%|████▌     | 136/300 [18:21<22:09,  8.10s/ep][A

tin/rn18/rded/sl/ipc10 s46:  46%|████▌     | 137/300 [18:29<22:00,  8.10s/ep][A

tin/rn18/rded/sl/ipc10 s46:  46%|████▌     | 138/300 [18:37<21:52,  8.10s/ep][A

tin/rn18/rded/sl/ipc10 s46:  46%|████▋     | 139/300 [18:45<21:44,  8.10s/ep][A

tin/rn18/rded/sl/ipc10 s46:  47%|████▋     | 140/300 [18:53<21:36,  8.10s/ep][A

tin/rn18/rded/sl/ipc10 s46:  47%|████▋     | 141/300 [19:02<21:28,  8.10s/ep][A

tin/rn18/rded/sl/ipc10 s46:  47%|████▋     | 142/300 [19:10<21:20,  8.11s/ep][A

tin/rn18/rded/sl/ipc10 s46:  48%|████▊     | 143/300 [19:18<21:12,  8.11s/ep][A

tin/rn18/rded/sl/ipc10 s46:  48%|████▊     | 144/300 [19:26<21:04,  8.10s/ep][A

tin/rn18/rded/sl/ipc10 s46:  48%|████▊     | 145/300 [19:34<20:55,  8.10s/ep][A

tin/rn18/rded/sl/ipc10 s46:  49%|████▊     | 146/300 [19:42<20:47,  8.10s/ep][A

tin/rn18/rded/sl/ipc10 s46:  49%|████▉     | 147/300 [19:50<20:39,  8.10s/ep][A

tin/rn18/rded/sl/ipc10 s46:  49%|████▉     | 148/300 [19:58<20:31,  8.10s/ep][A

tin/rn18/rded/sl/ipc10 s46:  50%|████▉     | 149/300 [20:06<20:23,  8.10s/ep][A

tin/rn18/rded/sl/ipc10 s46:  50%|█████     | 150/300 [20:14<20:15,  8.10s/ep][A

tin/rn18/rded/sl/ipc10 s46:  50%|█████     | 151/300 [20:23<20:07,  8.10s/ep][A

tin/rn18/rded/sl/ipc10 s46:  51%|█████     | 152/300 [20:31<19:59,  8.11s/ep][A

tin/rn18/rded/sl/ipc10 s46:  51%|█████     | 153/300 [20:39<19:51,  8.11s/ep][A

tin/rn18/rded/sl/ipc10 s46:  51%|█████▏    | 154/300 [20:47<19:43,  8.11s/ep][A

tin/rn18/rded/sl/ipc10 s46:  52%|█████▏    | 155/300 [20:55<19:34,  8.10s/ep][A

tin/rn18/rded/sl/ipc10 s46:  52%|█████▏    | 156/300 [21:03<19:26,  8.10s/ep][A

tin/rn18/rded/sl/ipc10 s46:  52%|█████▏    | 157/300 [21:11<19:18,  8.10s/ep][A

tin/rn18/rded/sl/ipc10 s46:  53%|█████▎    | 158/300 [21:19<19:10,  8.10s/ep][A

tin/rn18/rded/sl/ipc10 s46:  53%|█████▎    | 159/300 [21:27<19:02,  8.10s/ep][A

tin/rn18/rded/sl/ipc10 s46:  53%|█████▎    | 160/300 [21:35<18:54,  8.10s/ep][A

tin/rn18/rded/sl/ipc10 s46:  54%|█████▎    | 161/300 [21:44<18:46,  8.10s/ep][A

tin/rn18/rded/sl/ipc10 s46:  54%|█████▍    | 162/300 [21:52<18:38,  8.11s/ep][A

tin/rn18/rded/sl/ipc10 s46:  54%|█████▍    | 163/300 [22:00<18:30,  8.10s/ep][A

tin/rn18/rded/sl/ipc10 s46:  55%|█████▍    | 164/300 [22:08<18:22,  8.11s/ep][A

tin/rn18/rded/sl/ipc10 s46:  55%|█████▌    | 165/300 [22:16<18:14,  8.11s/ep][A

tin/rn18/rded/sl/ipc10 s46:  55%|█████▌    | 166/300 [22:24<18:06,  8.11s/ep][A

tin/rn18/rded/sl/ipc10 s46:  56%|█████▌    | 167/300 [22:32<17:57,  8.10s/ep][A

tin/rn18/rded/sl/ipc10 s46:  56%|█████▌    | 168/300 [22:40<17:50,  8.11s/ep][A

tin/rn18/rded/sl/ipc10 s46:  56%|█████▋    | 169/300 [22:48<17:41,  8.10s/ep][A

tin/rn18/rded/sl/ipc10 s46:  57%|█████▋    | 170/300 [22:57<17:33,  8.10s/ep][A

tin/rn18/rded/sl/ipc10 s46:  57%|█████▋    | 171/300 [23:05<17:25,  8.10s/ep][A

tin/rn18/rded/sl/ipc10 s46:  57%|█████▋    | 172/300 [23:13<17:17,  8.11s/ep][A

tin/rn18/rded/sl/ipc10 s46:  58%|█████▊    | 173/300 [23:21<17:09,  8.10s/ep][A

tin/rn18/rded/sl/ipc10 s46:  58%|█████▊    | 174/300 [23:29<17:00,  8.10s/ep][A

tin/rn18/rded/sl/ipc10 s46:  58%|█████▊    | 175/300 [23:37<16:52,  8.10s/ep][A

tin/rn18/rded/sl/ipc10 s46:  59%|█████▊    | 176/300 [23:45<16:44,  8.10s/ep][A

tin/rn18/rded/sl/ipc10 s46:  59%|█████▉    | 177/300 [23:53<16:36,  8.10s/ep][A

tin/rn18/rded/sl/ipc10 s46:  59%|█████▉    | 178/300 [24:01<16:28,  8.10s/ep][A

tin/rn18/rded/sl/ipc10 s46:  60%|█████▉    | 179/300 [24:09<16:19,  8.10s/ep][A

tin/rn18/rded/sl/ipc10 s46:  60%|██████    | 180/300 [24:18<16:12,  8.10s/ep][A

tin/rn18/rded/sl/ipc10 s46:  60%|██████    | 181/300 [24:26<16:04,  8.10s/ep][A

tin/rn18/rded/sl/ipc10 s46:  61%|██████    | 182/300 [24:34<15:56,  8.10s/ep][A

tin/rn18/rded/sl/ipc10 s46:  61%|██████    | 183/300 [24:42<15:47,  8.10s/ep][A

tin/rn18/rded/sl/ipc10 s46:  61%|██████▏   | 184/300 [24:50<15:39,  8.10s/ep][A

tin/rn18/rded/sl/ipc10 s46:  62%|██████▏   | 185/300 [24:58<15:31,  8.10s/ep][A

tin/rn18/rded/sl/ipc10 s46:  62%|██████▏   | 186/300 [25:06<15:23,  8.10s/ep][A

tin/rn18/rded/sl/ipc10 s46:  62%|██████▏   | 187/300 [25:14<15:15,  8.11s/ep][A

tin/rn18/rded/sl/ipc10 s46:  63%|██████▎   | 188/300 [25:22<15:07,  8.10s/ep][A

tin/rn18/rded/sl/ipc10 s46:  63%|██████▎   | 189/300 [25:30<14:59,  8.10s/ep][A

tin/rn18/rded/sl/ipc10 s46:  63%|██████▎   | 190/300 [25:39<14:51,  8.10s/ep][A

tin/rn18/rded/sl/ipc10 s46:  64%|██████▎   | 191/300 [25:47<14:43,  8.11s/ep][A

tin/rn18/rded/sl/ipc10 s46:  64%|██████▍   | 192/300 [25:55<14:35,  8.11s/ep][A

tin/rn18/rded/sl/ipc10 s46:  64%|██████▍   | 193/300 [26:03<14:27,  8.10s/ep][A

tin/rn18/rded/sl/ipc10 s46:  65%|██████▍   | 194/300 [26:11<14:18,  8.10s/ep][A

tin/rn18/rded/sl/ipc10 s46:  65%|██████▌   | 195/300 [26:19<14:10,  8.10s/ep][A

tin/rn18/rded/sl/ipc10 s46:  65%|██████▌   | 196/300 [26:27<14:02,  8.10s/ep][A

tin/rn18/rded/sl/ipc10 s46:  66%|██████▌   | 197/300 [26:35<13:54,  8.10s/ep][A

tin/rn18/rded/sl/ipc10 s46:  66%|██████▌   | 198/300 [26:43<13:46,  8.10s/ep][A

tin/rn18/rded/sl/ipc10 s46:  66%|██████▋   | 199/300 [26:52<13:38,  8.10s/ep][A

tin/rn18/rded/sl/ipc10 s46:  67%|██████▋   | 200/300 [27:00<13:30,  8.10s/ep][A

tin/rn18/rded/sl/ipc10 s46:  67%|██████▋   | 201/300 [27:08<13:22,  8.10s/ep][A

tin/rn18/rded/sl/ipc10 s46:  67%|██████▋   | 202/300 [27:16<13:13,  8.10s/ep][A

tin/rn18/rded/sl/ipc10 s46:  68%|██████▊   | 203/300 [27:24<13:06,  8.11s/ep][A

tin/rn18/rded/sl/ipc10 s46:  68%|██████▊   | 204/300 [27:32<12:58,  8.11s/ep][A

tin/rn18/rded/sl/ipc10 s46:  68%|██████▊   | 205/300 [27:40<12:50,  8.11s/ep][A

tin/rn18/rded/sl/ipc10 s46:  69%|██████▊   | 206/300 [27:48<12:41,  8.10s/ep][A

tin/rn18/rded/sl/ipc10 s46:  69%|██████▉   | 207/300 [27:56<12:34,  8.11s/ep][A

tin/rn18/rded/sl/ipc10 s46:  69%|██████▉   | 208/300 [28:04<12:25,  8.10s/ep][A

tin/rn18/rded/sl/ipc10 s46:  70%|██████▉   | 209/300 [28:13<12:17,  8.10s/ep][A

tin/rn18/rded/sl/ipc10 s46:  70%|███████   | 210/300 [28:21<12:09,  8.10s/ep][A

tin/rn18/rded/sl/ipc10 s46:  70%|███████   | 211/300 [28:29<12:01,  8.11s/ep][A

tin/rn18/rded/sl/ipc10 s46:  71%|███████   | 212/300 [28:37<11:53,  8.10s/ep][A

tin/rn18/rded/sl/ipc10 s46:  71%|███████   | 213/300 [28:45<11:44,  8.10s/ep][A

tin/rn18/rded/sl/ipc10 s46:  71%|███████▏  | 214/300 [28:53<11:36,  8.10s/ep][A

tin/rn18/rded/sl/ipc10 s46:  72%|███████▏  | 215/300 [29:01<11:28,  8.10s/ep][A

tin/rn18/rded/sl/ipc10 s46:  72%|███████▏  | 216/300 [29:09<11:20,  8.11s/ep][A

tin/rn18/rded/sl/ipc10 s46:  72%|███████▏  | 217/300 [29:17<11:12,  8.11s/ep][A

tin/rn18/rded/sl/ipc10 s46:  73%|███████▎  | 218/300 [29:25<11:04,  8.11s/ep][A

tin/rn18/rded/sl/ipc10 s46:  73%|███████▎  | 219/300 [29:34<10:56,  8.11s/ep][A

tin/rn18/rded/sl/ipc10 s46:  73%|███████▎  | 220/300 [29:42<10:48,  8.11s/ep][A

tin/rn18/rded/sl/ipc10 s46:  74%|███████▎  | 221/300 [29:50<10:40,  8.10s/ep][A

tin/rn18/rded/sl/ipc10 s46:  74%|███████▍  | 222/300 [29:58<10:32,  8.11s/ep][A

tin/rn18/rded/sl/ipc10 s46:  74%|███████▍  | 223/300 [30:06<10:23,  8.10s/ep][A

tin/rn18/rded/sl/ipc10 s46:  75%|███████▍  | 224/300 [30:14<10:15,  8.10s/ep][A

tin/rn18/rded/sl/ipc10 s46:  75%|███████▌  | 225/300 [30:22<10:07,  8.10s/ep][A

tin/rn18/rded/sl/ipc10 s46:  75%|███████▌  | 226/300 [30:30<09:59,  8.10s/ep][A

tin/rn18/rded/sl/ipc10 s46:  76%|███████▌  | 227/300 [30:38<09:51,  8.10s/ep][A

tin/rn18/rded/sl/ipc10 s46:  76%|███████▌  | 228/300 [30:47<09:43,  8.10s/ep][A

tin/rn18/rded/sl/ipc10 s46:  76%|███████▋  | 229/300 [30:55<09:35,  8.10s/ep][A

tin/rn18/rded/sl/ipc10 s46:  77%|███████▋  | 230/300 [31:03<09:27,  8.11s/ep][A

tin/rn18/rded/sl/ipc10 s46:  77%|███████▋  | 231/300 [31:11<09:19,  8.11s/ep][A

tin/rn18/rded/sl/ipc10 s46:  77%|███████▋  | 232/300 [31:19<09:11,  8.11s/ep][A

tin/rn18/rded/sl/ipc10 s46:  78%|███████▊  | 233/300 [31:27<09:02,  8.10s/ep][A

tin/rn18/rded/sl/ipc10 s46:  78%|███████▊  | 234/300 [31:35<08:54,  8.10s/ep][A

tin/rn18/rded/sl/ipc10 s46:  78%|███████▊  | 235/300 [31:43<08:46,  8.10s/ep][A

tin/rn18/rded/sl/ipc10 s46:  79%|███████▊  | 236/300 [31:51<08:38,  8.11s/ep][A

tin/rn18/rded/sl/ipc10 s46:  79%|███████▉  | 237/300 [31:59<08:30,  8.11s/ep][A

tin/rn18/rded/sl/ipc10 s46:  79%|███████▉  | 238/300 [32:08<08:22,  8.11s/ep][A

tin/rn18/rded/sl/ipc10 s46:  80%|███████▉  | 239/300 [32:16<08:14,  8.11s/ep][A

tin/rn18/rded/sl/ipc10 s46:  80%|████████  | 240/300 [32:24<08:06,  8.10s/ep][A

tin/rn18/rded/sl/ipc10 s46:  80%|████████  | 241/300 [32:32<07:58,  8.10s/ep][A

tin/rn18/rded/sl/ipc10 s46:  81%|████████  | 242/300 [32:40<07:49,  8.10s/ep][A

tin/rn18/rded/sl/ipc10 s46:  81%|████████  | 243/300 [32:48<07:41,  8.10s/ep][A

tin/rn18/rded/sl/ipc10 s46:  81%|████████▏ | 244/300 [32:56<07:33,  8.10s/ep][A

tin/rn18/rded/sl/ipc10 s46:  82%|████████▏ | 245/300 [33:04<07:25,  8.10s/ep][A

tin/rn18/rded/sl/ipc10 s46:  82%|████████▏ | 246/300 [33:12<07:17,  8.10s/ep][A

tin/rn18/rded/sl/ipc10 s46:  82%|████████▏ | 247/300 [33:20<07:09,  8.10s/ep][A

tin/rn18/rded/sl/ipc10 s46:  83%|████████▎ | 248/300 [33:29<07:01,  8.10s/ep][A

tin/rn18/rded/sl/ipc10 s46:  83%|████████▎ | 249/300 [33:37<06:53,  8.10s/ep][A

tin/rn18/rded/sl/ipc10 s46:  83%|████████▎ | 250/300 [33:45<06:45,  8.10s/ep][A

tin/rn18/rded/sl/ipc10 s46:  84%|████████▎ | 251/300 [33:53<06:37,  8.11s/ep][A

tin/rn18/rded/sl/ipc10 s46:  84%|████████▍ | 252/300 [34:01<06:29,  8.11s/ep][A

tin/rn18/rded/sl/ipc10 s46:  84%|████████▍ | 253/300 [34:09<06:20,  8.10s/ep][A

tin/rn18/rded/sl/ipc10 s46:  85%|████████▍ | 254/300 [34:17<06:12,  8.11s/ep][A

tin/rn18/rded/sl/ipc10 s46:  85%|████████▌ | 255/300 [34:25<06:04,  8.11s/ep][A

tin/rn18/rded/sl/ipc10 s46:  85%|████████▌ | 256/300 [34:33<05:56,  8.11s/ep][A

tin/rn18/rded/sl/ipc10 s46:  86%|████████▌ | 257/300 [34:42<05:48,  8.11s/ep][A

tin/rn18/rded/sl/ipc10 s46:  86%|████████▌ | 258/300 [34:50<05:40,  8.10s/ep][A

tin/rn18/rded/sl/ipc10 s46:  86%|████████▋ | 259/300 [34:58<05:32,  8.10s/ep][A

tin/rn18/rded/sl/ipc10 s46:  87%|████████▋ | 260/300 [35:06<05:24,  8.10s/ep][A

tin/rn18/rded/sl/ipc10 s46:  87%|████████▋ | 261/300 [35:14<05:16,  8.11s/ep][A

tin/rn18/rded/sl/ipc10 s46:  87%|████████▋ | 262/300 [35:22<05:07,  8.10s/ep][A

tin/rn18/rded/sl/ipc10 s46:  88%|████████▊ | 263/300 [35:30<04:59,  8.10s/ep][A

tin/rn18/rded/sl/ipc10 s46:  88%|████████▊ | 264/300 [35:38<04:51,  8.11s/ep][A

tin/rn18/rded/sl/ipc10 s46:  88%|████████▊ | 265/300 [35:46<04:43,  8.10s/ep][A

tin/rn18/rded/sl/ipc10 s46:  89%|████████▊ | 266/300 [35:54<04:35,  8.10s/ep][A

tin/rn18/rded/sl/ipc10 s46:  89%|████████▉ | 267/300 [36:03<04:27,  8.10s/ep][A

tin/rn18/rded/sl/ipc10 s46:  89%|████████▉ | 268/300 [36:11<04:19,  8.10s/ep][A

tin/rn18/rded/sl/ipc10 s46:  90%|████████▉ | 269/300 [36:19<04:11,  8.10s/ep][A

tin/rn18/rded/sl/ipc10 s46:  90%|█████████ | 270/300 [36:27<04:03,  8.10s/ep][A

tin/rn18/rded/sl/ipc10 s46:  90%|█████████ | 271/300 [36:35<03:55,  8.11s/ep][A

tin/rn18/rded/sl/ipc10 s46:  91%|█████████ | 272/300 [36:43<03:46,  8.10s/ep][A

tin/rn18/rded/sl/ipc10 s46:  91%|█████████ | 273/300 [36:51<03:38,  8.10s/ep][A

tin/rn18/rded/sl/ipc10 s46:  91%|█████████▏| 274/300 [36:59<03:30,  8.10s/ep][A

tin/rn18/rded/sl/ipc10 s46:  92%|█████████▏| 275/300 [37:07<03:22,  8.10s/ep][A

tin/rn18/rded/sl/ipc10 s46:  92%|█████████▏| 276/300 [37:16<03:14,  8.10s/ep][A

tin/rn18/rded/sl/ipc10 s46:  92%|█████████▏| 277/300 [37:24<03:06,  8.10s/ep][A

tin/rn18/rded/sl/ipc10 s46:  93%|█████████▎| 278/300 [37:32<02:58,  8.10s/ep][A

tin/rn18/rded/sl/ipc10 s46:  93%|█████████▎| 279/300 [37:40<02:50,  8.10s/ep][A

tin/rn18/rded/sl/ipc10 s46:  93%|█████████▎| 280/300 [37:48<02:42,  8.10s/ep][A

tin/rn18/rded/sl/ipc10 s46:  94%|█████████▎| 281/300 [37:56<02:33,  8.10s/ep][A

tin/rn18/rded/sl/ipc10 s46:  94%|█████████▍| 282/300 [38:04<02:25,  8.11s/ep][A

tin/rn18/rded/sl/ipc10 s46:  94%|█████████▍| 283/300 [38:12<02:17,  8.11s/ep][A

tin/rn18/rded/sl/ipc10 s46:  95%|█████████▍| 284/300 [38:20<02:09,  8.11s/ep][A

tin/rn18/rded/sl/ipc10 s46:  95%|█████████▌| 285/300 [38:28<02:01,  8.11s/ep][A

tin/rn18/rded/sl/ipc10 s46:  95%|█████████▌| 286/300 [38:37<01:53,  8.11s/ep][A

tin/rn18/rded/sl/ipc10 s46:  96%|█████████▌| 287/300 [38:45<01:45,  8.11s/ep][A

tin/rn18/rded/sl/ipc10 s46:  96%|█████████▌| 288/300 [38:53<01:37,  8.11s/ep][A

tin/rn18/rded/sl/ipc10 s46:  96%|█████████▋| 289/300 [39:01<01:29,  8.11s/ep][A

tin/rn18/rded/sl/ipc10 s46:  97%|█████████▋| 290/300 [39:09<01:21,  8.11s/ep][A

tin/rn18/rded/sl/ipc10 s46:  97%|█████████▋| 291/300 [39:17<01:12,  8.10s/ep][A

tin/rn18/rded/sl/ipc10 s46:  97%|█████████▋| 292/300 [39:25<01:04,  8.10s/ep][A

tin/rn18/rded/sl/ipc10 s46:  98%|█████████▊| 293/300 [39:33<00:56,  8.10s/ep][A

tin/rn18/rded/sl/ipc10 s46:  98%|█████████▊| 294/300 [39:41<00:48,  8.10s/ep][A

tin/rn18/rded/sl/ipc10 s46:  98%|█████████▊| 295/300 [39:49<00:40,  8.10s/ep][A

tin/rn18/rded/sl/ipc10 s46:  99%|█████████▊| 296/300 [39:58<00:32,  8.10s/ep][A

tin/rn18/rded/sl/ipc10 s46:  99%|█████████▉| 297/300 [40:06<00:24,  8.10s/ep][A

tin/rn18/rded/sl/ipc10 s46:  99%|█████████▉| 298/300 [40:14<00:16,  8.10s/ep][A

tin/rn18/rded/sl/ipc10 s46: 100%|█████████▉| 299/300 [40:22<00:08,  8.10s/ep][A

tin/rn18/rded/sl/ipc10 s46: 100%|██████████| 300/300 [40:30<00:00,  8.10s/ep][A

                                                                             [A[cell] tin/rn18/rded/sl/ipc10 seed46: 13.92%  (2444s)
[cell] tin/rn18/rded/sl/ipc10: union seeds [42, 43, 44] + [45, 46]

rn18-tin:  22%|██▏       | 6/27 [8:09:08<28:31:54, 4891.17s/cell, rded/sl/ipc10]
rn18-tin:  22%|██▏       | 6/27 [8:09:08<28:31:54, 4891.17s/cell, ca2d/sl/ipc10][cell] tin/rn18/rded/sl/ipc10: 13.36 +- 0.65 (6551s)
[cell] partial (bench_tin_rn18_ca2d_sl_ipc10.json): have [42, 43, 44], running [45, 46]


tin/rn18/ca2d/sl/ipc10 s45:   0%|          | 0/300 [00:00<?, ?ep/s][A

tin/rn18/ca2d/sl/ipc10 s45:   0%|          | 1/300 [00:07<37:36,  7.55s/ep][A

tin/rn18/ca2d/sl/ipc10 s45:   1%|          | 2/300 [00:15<39:06,  7.87s/ep][A

tin/rn18/ca2d/sl/ipc10 s45:   1%|          | 3/300 [00:23<39:31,  7.98s/ep][A

tin/rn18/ca2d/sl/ipc10 s45:   1%|▏         | 4/300 [00:31<39:37,  8.03s/ep][A

tin/rn18/ca2d/sl/ipc10 s45:   2%|▏         | 5/300 [00:39<39:38,  8.06s/ep][A

tin/rn18/ca2d/sl/ipc10 s45:   2%|▏         | 6/300 [00:48<39:33,  8.07s/ep][A

tin/rn18/ca2d/sl/ipc10 s45:   2%|▏         | 7/300 [00:56<39:28,  8.08s/ep][A

tin/rn18/ca2d/sl/ipc10 s45:   3%|▎         | 8/300 [01:04<39:22,  8.09s/ep][A

tin/rn18/ca2d/sl/ipc10 s45:   3%|▎         | 9/300 [01:12<39:15,  8.09s/ep][A

tin/rn18/ca2d/sl/ipc10 s45:   3%|▎         | 10/300 [01:20<39:07,  8.10s/ep][A

tin/rn18/ca2d/sl/ipc10 s45:   4%|▎         | 11/300 [01:28<39:00,  8.10s/ep][A

tin/rn18/ca2d/sl/ipc10 s45:   4%|▍         | 12/300 [01:36<38:52,  8.10s/ep][A

tin/rn18/ca2d/sl/ipc10 s45:   4%|▍         | 13/300 [01:44<38:43,  8.10s/ep][A

tin/rn18/ca2d/sl/ipc10 s45:   5%|▍         | 14/300 [01:52<38:36,  8.10s/ep][A

tin/rn18/ca2d/sl/ipc10 s45:   5%|▌         | 15/300 [02:00<38:28,  8.10s/ep][A

tin/rn18/ca2d/sl/ipc10 s45:   5%|▌         | 16/300 [02:09<38:21,  8.11s/ep][A

tin/rn18/ca2d/sl/ipc10 s45:   6%|▌         | 17/300 [02:17<38:13,  8.10s/ep][A

tin/rn18/ca2d/sl/ipc10 s45:   6%|▌         | 18/300 [02:25<38:05,  8.10s/ep][A

tin/rn18/ca2d/sl/ipc10 s45:   6%|▋         | 19/300 [02:33<37:56,  8.10s/ep][A

tin/rn18/ca2d/sl/ipc10 s45:   7%|▋         | 20/300 [02:41<37:49,  8.11s/ep][A

tin/rn18/ca2d/sl/ipc10 s45:   7%|▋         | 21/300 [02:49<37:41,  8.10s/ep][A

tin/rn18/ca2d/sl/ipc10 s45:   7%|▋         | 22/300 [02:57<37:32,  8.10s/ep][A

tin/rn18/ca2d/sl/ipc10 s45:   8%|▊         | 23/300 [03:05<37:23,  8.10s/ep][A

tin/rn18/ca2d/sl/ipc10 s45:   8%|▊         | 24/300 [03:13<37:15,  8.10s/ep][A

tin/rn18/ca2d/sl/ipc10 s45:   8%|▊         | 25/300 [03:22<37:08,  8.10s/ep][A

tin/rn18/ca2d/sl/ipc10 s45:   9%|▊         | 26/300 [03:30<37:00,  8.10s/ep][A

tin/rn18/ca2d/sl/ipc10 s45:   9%|▉         | 27/300 [03:38<36:52,  8.10s/ep][A

tin/rn18/ca2d/sl/ipc10 s45:   9%|▉         | 28/300 [03:46<36:43,  8.10s/ep][A

tin/rn18/ca2d/sl/ipc10 s45:  10%|▉         | 29/300 [03:54<36:35,  8.10s/ep][A

tin/rn18/ca2d/sl/ipc10 s45:  10%|█         | 30/300 [04:02<36:27,  8.10s/ep][A

tin/rn18/ca2d/sl/ipc10 s45:  10%|█         | 31/300 [04:10<36:20,  8.11s/ep][A

tin/rn18/ca2d/sl/ipc10 s45:  11%|█         | 32/300 [04:18<36:12,  8.11s/ep][A

tin/rn18/ca2d/sl/ipc10 s45:  11%|█         | 33/300 [04:26<36:03,  8.10s/ep][A

tin/rn18/ca2d/sl/ipc10 s45:  11%|█▏        | 34/300 [04:34<35:55,  8.10s/ep][A

tin/rn18/ca2d/sl/ipc10 s45:  12%|█▏        | 35/300 [04:43<35:47,  8.10s/ep][A

tin/rn18/ca2d/sl/ipc10 s45:  12%|█▏        | 36/300 [04:51<35:39,  8.10s/ep][A

tin/rn18/ca2d/sl/ipc10 s45:  12%|█▏        | 37/300 [04:59<35:31,  8.10s/ep][A

tin/rn18/ca2d/sl/ipc10 s45:  13%|█▎        | 38/300 [05:07<35:23,  8.10s/ep][A

tin/rn18/ca2d/sl/ipc10 s45:  13%|█▎        | 39/300 [05:15<35:14,  8.10s/ep][A

tin/rn18/ca2d/sl/ipc10 s45:  13%|█▎        | 40/300 [05:23<35:06,  8.10s/ep][A

tin/rn18/ca2d/sl/ipc10 s45:  14%|█▎        | 41/300 [05:31<34:58,  8.10s/ep][A

tin/rn18/ca2d/sl/ipc10 s45:  14%|█▍        | 42/300 [05:39<34:51,  8.11s/ep][A

tin/rn18/ca2d/sl/ipc10 s45:  14%|█▍        | 43/300 [05:47<34:42,  8.10s/ep][A

tin/rn18/ca2d/sl/ipc10 s45:  15%|█▍        | 44/300 [05:55<34:34,  8.10s/ep][A

tin/rn18/ca2d/sl/ipc10 s45:  15%|█▌        | 45/300 [06:04<34:26,  8.10s/ep][A

tin/rn18/ca2d/sl/ipc10 s45:  15%|█▌        | 46/300 [06:12<34:18,  8.10s/ep][A

tin/rn18/ca2d/sl/ipc10 s45:  16%|█▌        | 47/300 [06:20<34:09,  8.10s/ep][A

tin/rn18/ca2d/sl/ipc10 s45:  16%|█▌        | 48/300 [06:28<34:02,  8.10s/ep][A

tin/rn18/ca2d/sl/ipc10 s45:  16%|█▋        | 49/300 [06:36<33:54,  8.10s/ep][A

tin/rn18/ca2d/sl/ipc10 s45:  17%|█▋        | 50/300 [06:44<33:46,  8.10s/ep][A

tin/rn18/ca2d/sl/ipc10 s45:  17%|█▋        | 51/300 [06:52<33:38,  8.11s/ep][A

tin/rn18/ca2d/sl/ipc10 s45:  17%|█▋        | 52/300 [07:00<33:30,  8.11s/ep][A

tin/rn18/ca2d/sl/ipc10 s45:  18%|█▊        | 53/300 [07:08<33:22,  8.11s/ep][A

tin/rn18/ca2d/sl/ipc10 s45:  18%|█▊        | 54/300 [07:17<33:14,  8.11s/ep][A

tin/rn18/ca2d/sl/ipc10 s45:  18%|█▊        | 55/300 [07:25<33:05,  8.11s/ep][A

tin/rn18/ca2d/sl/ipc10 s45:  19%|█▊        | 56/300 [07:33<32:57,  8.10s/ep][A

tin/rn18/ca2d/sl/ipc10 s45:  19%|█▉        | 57/300 [07:41<32:48,  8.10s/ep][A

tin/rn18/ca2d/sl/ipc10 s45:  19%|█▉        | 58/300 [07:49<32:40,  8.10s/ep][A

tin/rn18/ca2d/sl/ipc10 s45:  20%|█▉        | 59/300 [07:57<32:33,  8.10s/ep][A

tin/rn18/ca2d/sl/ipc10 s45:  20%|██        | 60/300 [08:05<32:25,  8.11s/ep][A

tin/rn18/ca2d/sl/ipc10 s45:  20%|██        | 61/300 [08:13<32:16,  8.10s/ep][A

tin/rn18/ca2d/sl/ipc10 s45:  21%|██        | 62/300 [08:21<32:08,  8.10s/ep][A

tin/rn18/ca2d/sl/ipc10 s45:  21%|██        | 63/300 [08:29<32:00,  8.10s/ep][A

tin/rn18/ca2d/sl/ipc10 s45:  21%|██▏       | 64/300 [08:38<31:52,  8.11s/ep][A

tin/rn18/ca2d/sl/ipc10 s45:  22%|██▏       | 65/300 [08:46<31:44,  8.10s/ep][A

tin/rn18/ca2d/sl/ipc10 s45:  22%|██▏       | 66/300 [08:54<31:35,  8.10s/ep][A

tin/rn18/ca2d/sl/ipc10 s45:  22%|██▏       | 67/300 [09:02<31:28,  8.10s/ep][A

tin/rn18/ca2d/sl/ipc10 s45:  23%|██▎       | 68/300 [09:10<31:20,  8.10s/ep][A

tin/rn18/ca2d/sl/ipc10 s45:  23%|██▎       | 69/300 [09:18<31:12,  8.10s/ep][A

tin/rn18/ca2d/sl/ipc10 s45:  23%|██▎       | 70/300 [09:26<31:03,  8.10s/ep][A

tin/rn18/ca2d/sl/ipc10 s45:  24%|██▎       | 71/300 [09:34<30:55,  8.10s/ep][A

tin/rn18/ca2d/sl/ipc10 s45:  24%|██▍       | 72/300 [09:42<30:46,  8.10s/ep][A

tin/rn18/ca2d/sl/ipc10 s45:  24%|██▍       | 73/300 [09:50<30:38,  8.10s/ep][A

tin/rn18/ca2d/sl/ipc10 s45:  25%|██▍       | 74/300 [09:59<30:30,  8.10s/ep][A

tin/rn18/ca2d/sl/ipc10 s45:  25%|██▌       | 75/300 [10:07<30:22,  8.10s/ep][A

tin/rn18/ca2d/sl/ipc10 s45:  25%|██▌       | 76/300 [10:15<30:14,  8.10s/ep][A

tin/rn18/ca2d/sl/ipc10 s45:  26%|██▌       | 77/300 [10:23<30:06,  8.10s/ep][A

tin/rn18/ca2d/sl/ipc10 s45:  26%|██▌       | 78/300 [10:31<29:58,  8.10s/ep][A

tin/rn18/ca2d/sl/ipc10 s45:  26%|██▋       | 79/300 [10:39<29:50,  8.10s/ep][A

tin/rn18/ca2d/sl/ipc10 s45:  27%|██▋       | 80/300 [10:47<29:42,  8.10s/ep][A

tin/rn18/ca2d/sl/ipc10 s45:  27%|██▋       | 81/300 [10:55<29:34,  8.10s/ep][A

tin/rn18/ca2d/sl/ipc10 s45:  27%|██▋       | 82/300 [11:03<29:26,  8.10s/ep][A

tin/rn18/ca2d/sl/ipc10 s45:  28%|██▊       | 83/300 [11:12<29:18,  8.10s/ep][A

tin/rn18/ca2d/sl/ipc10 s45:  28%|██▊       | 84/300 [11:20<29:10,  8.10s/ep][A

tin/rn18/ca2d/sl/ipc10 s45:  28%|██▊       | 85/300 [11:28<29:01,  8.10s/ep][A

tin/rn18/ca2d/sl/ipc10 s45:  29%|██▊       | 86/300 [11:36<28:53,  8.10s/ep][A

tin/rn18/ca2d/sl/ipc10 s45:  29%|██▉       | 87/300 [11:44<28:45,  8.10s/ep][A

tin/rn18/ca2d/sl/ipc10 s45:  29%|██▉       | 88/300 [11:52<28:37,  8.10s/ep][A

tin/rn18/ca2d/sl/ipc10 s45:  30%|██▉       | 89/300 [12:00<28:29,  8.10s/ep][A

tin/rn18/ca2d/sl/ipc10 s45:  30%|███       | 90/300 [12:08<28:21,  8.10s/ep][A

tin/rn18/ca2d/sl/ipc10 s45:  30%|███       | 91/300 [12:16<28:13,  8.10s/ep][A

tin/rn18/ca2d/sl/ipc10 s45:  31%|███       | 92/300 [12:24<28:05,  8.11s/ep][A

tin/rn18/ca2d/sl/ipc10 s45:  31%|███       | 93/300 [12:33<27:57,  8.10s/ep][A

tin/rn18/ca2d/sl/ipc10 s45:  31%|███▏      | 94/300 [12:41<27:49,  8.11s/ep][A

tin/rn18/ca2d/sl/ipc10 s45:  32%|███▏      | 95/300 [12:49<27:41,  8.10s/ep][A

tin/rn18/ca2d/sl/ipc10 s45:  32%|███▏      | 96/300 [12:57<27:33,  8.10s/ep][A

tin/rn18/ca2d/sl/ipc10 s45:  32%|███▏      | 97/300 [13:05<27:25,  8.11s/ep][A

tin/rn18/ca2d/sl/ipc10 s45:  33%|███▎      | 98/300 [13:13<27:16,  8.10s/ep][A

tin/rn18/ca2d/sl/ipc10 s45:  33%|███▎      | 99/300 [13:21<27:08,  8.10s/ep][A

tin/rn18/ca2d/sl/ipc10 s45:  33%|███▎      | 100/300 [13:29<27:00,  8.10s/ep][A

tin/rn18/ca2d/sl/ipc10 s45:  34%|███▎      | 101/300 [13:37<26:52,  8.10s/ep][A

tin/rn18/ca2d/sl/ipc10 s45:  34%|███▍      | 102/300 [13:45<26:43,  8.10s/ep][A

tin/rn18/ca2d/sl/ipc10 s45:  34%|███▍      | 103/300 [13:54<26:36,  8.10s/ep][A

tin/rn18/ca2d/sl/ipc10 s45:  35%|███▍      | 104/300 [14:02<26:28,  8.10s/ep][A

tin/rn18/ca2d/sl/ipc10 s45:  35%|███▌      | 105/300 [14:10<26:19,  8.10s/ep][A

tin/rn18/ca2d/sl/ipc10 s45:  35%|███▌      | 106/300 [14:18<26:11,  8.10s/ep][A

tin/rn18/ca2d/sl/ipc10 s45:  36%|███▌      | 107/300 [14:26<26:03,  8.10s/ep][A

tin/rn18/ca2d/sl/ipc10 s45:  36%|███▌      | 108/300 [14:34<25:55,  8.10s/ep][A

tin/rn18/ca2d/sl/ipc10 s45:  36%|███▋      | 109/300 [14:42<25:47,  8.10s/ep][A

tin/rn18/ca2d/sl/ipc10 s45:  37%|███▋      | 110/300 [14:50<25:40,  8.11s/ep][A

tin/rn18/ca2d/sl/ipc10 s45:  37%|███▋      | 111/300 [14:58<25:31,  8.11s/ep][A

tin/rn18/ca2d/sl/ipc10 s45:  37%|███▋      | 112/300 [15:07<25:24,  8.11s/ep][A

tin/rn18/ca2d/sl/ipc10 s45:  38%|███▊      | 113/300 [15:15<25:15,  8.10s/ep][A

tin/rn18/ca2d/sl/ipc10 s45:  38%|███▊      | 114/300 [15:23<25:06,  8.10s/ep][A

tin/rn18/ca2d/sl/ipc10 s45:  38%|███▊      | 115/300 [15:31<24:58,  8.10s/ep][A

tin/rn18/ca2d/sl/ipc10 s45:  39%|███▊      | 116/300 [15:39<24:50,  8.10s/ep][A

tin/rn18/ca2d/sl/ipc10 s45:  39%|███▉      | 117/300 [15:47<24:42,  8.10s/ep][A

tin/rn18/ca2d/sl/ipc10 s45:  39%|███▉      | 118/300 [15:55<24:34,  8.10s/ep][A

tin/rn18/ca2d/sl/ipc10 s45:  40%|███▉      | 119/300 [16:03<24:26,  8.10s/ep][A

tin/rn18/ca2d/sl/ipc10 s45:  40%|████      | 120/300 [16:11<24:18,  8.10s/ep][A

tin/rn18/ca2d/sl/ipc10 s45:  40%|████      | 121/300 [16:19<24:10,  8.10s/ep][A

tin/rn18/ca2d/sl/ipc10 s45:  41%|████      | 122/300 [16:28<24:02,  8.10s/ep][A

tin/rn18/ca2d/sl/ipc10 s45:  41%|████      | 123/300 [16:36<23:54,  8.10s/ep][A

tin/rn18/ca2d/sl/ipc10 s45:  41%|████▏     | 124/300 [16:44<23:46,  8.10s/ep][A

tin/rn18/ca2d/sl/ipc10 s45:  42%|████▏     | 125/300 [16:52<23:37,  8.10s/ep][A

tin/rn18/ca2d/sl/ipc10 s45:  42%|████▏     | 126/300 [17:00<23:29,  8.10s/ep][A

tin/rn18/ca2d/sl/ipc10 s45:  42%|████▏     | 127/300 [17:08<23:21,  8.10s/ep][A

tin/rn18/ca2d/sl/ipc10 s45:  43%|████▎     | 128/300 [17:16<23:13,  8.10s/ep][A

tin/rn18/ca2d/sl/ipc10 s45:  43%|████▎     | 129/300 [17:24<23:05,  8.10s/ep][A

tin/rn18/ca2d/sl/ipc10 s45:  43%|████▎     | 130/300 [17:32<22:57,  8.10s/ep][A

tin/rn18/ca2d/sl/ipc10 s45:  44%|████▎     | 131/300 [17:40<22:49,  8.11s/ep][A

tin/rn18/ca2d/sl/ipc10 s45:  44%|████▍     | 132/300 [17:49<22:41,  8.10s/ep][A

tin/rn18/ca2d/sl/ipc10 s45:  44%|████▍     | 133/300 [17:57<22:33,  8.10s/ep][A

tin/rn18/ca2d/sl/ipc10 s45:  45%|████▍     | 134/300 [18:05<22:25,  8.10s/ep][A

tin/rn18/ca2d/sl/ipc10 s45:  45%|████▌     | 135/300 [18:13<22:17,  8.10s/ep][A

tin/rn18/ca2d/sl/ipc10 s45:  45%|████▌     | 136/300 [18:21<22:08,  8.10s/ep][A

tin/rn18/ca2d/sl/ipc10 s45:  46%|████▌     | 137/300 [18:29<22:01,  8.11s/ep][A

tin/rn18/ca2d/sl/ipc10 s45:  46%|████▌     | 138/300 [18:37<21:52,  8.10s/ep][A

tin/rn18/ca2d/sl/ipc10 s45:  46%|████▋     | 139/300 [18:45<21:44,  8.10s/ep][A

tin/rn18/ca2d/sl/ipc10 s45:  47%|████▋     | 140/300 [18:53<21:36,  8.10s/ep][A

tin/rn18/ca2d/sl/ipc10 s45:  47%|████▋     | 141/300 [19:01<21:28,  8.10s/ep][A

tin/rn18/ca2d/sl/ipc10 s45:  47%|████▋     | 142/300 [19:10<21:19,  8.10s/ep][A

tin/rn18/ca2d/sl/ipc10 s45:  48%|████▊     | 143/300 [19:18<21:11,  8.10s/ep][A

tin/rn18/ca2d/sl/ipc10 s45:  48%|████▊     | 144/300 [19:26<21:03,  8.10s/ep][A

tin/rn18/ca2d/sl/ipc10 s45:  48%|████▊     | 145/300 [19:34<20:55,  8.10s/ep][A

tin/rn18/ca2d/sl/ipc10 s45:  49%|████▊     | 146/300 [19:42<20:48,  8.11s/ep][A

tin/rn18/ca2d/sl/ipc10 s45:  49%|████▉     | 147/300 [19:50<20:40,  8.11s/ep][A

tin/rn18/ca2d/sl/ipc10 s45:  49%|████▉     | 148/300 [19:58<20:32,  8.11s/ep][A

tin/rn18/ca2d/sl/ipc10 s45:  50%|████▉     | 149/300 [20:06<20:24,  8.11s/ep][A

tin/rn18/ca2d/sl/ipc10 s45:  50%|█████     | 150/300 [20:14<20:15,  8.11s/ep][A

tin/rn18/ca2d/sl/ipc10 s45:  50%|█████     | 151/300 [20:23<20:07,  8.10s/ep][A

tin/rn18/ca2d/sl/ipc10 s45:  51%|█████     | 152/300 [20:31<19:59,  8.11s/ep][A

tin/rn18/ca2d/sl/ipc10 s45:  51%|█████     | 153/300 [20:39<19:51,  8.11s/ep][A

tin/rn18/ca2d/sl/ipc10 s45:  51%|█████▏    | 154/300 [20:47<19:43,  8.11s/ep][A

tin/rn18/ca2d/sl/ipc10 s45:  52%|█████▏    | 155/300 [20:55<19:35,  8.11s/ep][A

tin/rn18/ca2d/sl/ipc10 s45:  52%|█████▏    | 156/300 [21:03<19:27,  8.11s/ep][A

tin/rn18/ca2d/sl/ipc10 s45:  52%|█████▏    | 157/300 [21:11<19:19,  8.11s/ep][A

tin/rn18/ca2d/sl/ipc10 s45:  53%|█████▎    | 158/300 [21:19<19:10,  8.10s/ep][A

tin/rn18/ca2d/sl/ipc10 s45:  53%|█████▎    | 159/300 [21:27<19:02,  8.10s/ep][A

tin/rn18/ca2d/sl/ipc10 s45:  53%|█████▎    | 160/300 [21:35<18:54,  8.10s/ep][A

tin/rn18/ca2d/sl/ipc10 s45:  54%|█████▎    | 161/300 [21:44<18:46,  8.11s/ep][A

tin/rn18/ca2d/sl/ipc10 s45:  54%|█████▍    | 162/300 [21:52<18:38,  8.10s/ep][A

tin/rn18/ca2d/sl/ipc10 s45:  54%|█████▍    | 163/300 [22:00<18:29,  8.10s/ep][A

tin/rn18/ca2d/sl/ipc10 s45:  55%|█████▍    | 164/300 [22:08<18:22,  8.10s/ep][A

tin/rn18/ca2d/sl/ipc10 s45:  55%|█████▌    | 165/300 [22:16<18:14,  8.11s/ep][A

tin/rn18/ca2d/sl/ipc10 s45:  55%|█████▌    | 166/300 [22:24<18:05,  8.10s/ep][A

tin/rn18/ca2d/sl/ipc10 s45:  56%|█████▌    | 167/300 [22:32<17:58,  8.11s/ep][A

tin/rn18/ca2d/sl/ipc10 s45:  56%|█████▌    | 168/300 [22:40<17:50,  8.11s/ep][A

tin/rn18/ca2d/sl/ipc10 s45:  56%|█████▋    | 169/300 [22:48<17:41,  8.11s/ep][A

tin/rn18/ca2d/sl/ipc10 s45:  57%|█████▋    | 170/300 [22:57<17:33,  8.11s/ep][A

tin/rn18/ca2d/sl/ipc10 s45:  57%|█████▋    | 171/300 [23:05<17:25,  8.10s/ep][A

tin/rn18/ca2d/sl/ipc10 s45:  57%|█████▋    | 172/300 [23:13<17:17,  8.10s/ep][A

tin/rn18/ca2d/sl/ipc10 s45:  58%|█████▊    | 173/300 [23:21<17:08,  8.10s/ep][A

tin/rn18/ca2d/sl/ipc10 s45:  58%|█████▊    | 174/300 [23:29<17:01,  8.10s/ep][A

tin/rn18/ca2d/sl/ipc10 s45:  58%|█████▊    | 175/300 [23:37<16:52,  8.10s/ep][A

tin/rn18/ca2d/sl/ipc10 s45:  59%|█████▊    | 176/300 [23:45<16:44,  8.10s/ep][A

tin/rn18/ca2d/sl/ipc10 s45:  59%|█████▉    | 177/300 [23:53<16:36,  8.10s/ep][A

tin/rn18/ca2d/sl/ipc10 s45:  59%|█████▉    | 178/300 [24:01<16:28,  8.10s/ep][A

tin/rn18/ca2d/sl/ipc10 s45:  60%|█████▉    | 179/300 [24:09<16:19,  8.10s/ep][A

tin/rn18/ca2d/sl/ipc10 s45:  60%|██████    | 180/300 [24:18<16:11,  8.10s/ep][A

tin/rn18/ca2d/sl/ipc10 s45:  60%|██████    | 181/300 [24:26<16:03,  8.10s/ep][A

tin/rn18/ca2d/sl/ipc10 s45:  61%|██████    | 182/300 [24:34<15:55,  8.10s/ep][A

tin/rn18/ca2d/sl/ipc10 s45:  61%|██████    | 183/300 [24:42<15:47,  8.10s/ep][A

tin/rn18/ca2d/sl/ipc10 s45:  61%|██████▏   | 184/300 [24:50<15:40,  8.10s/ep][A

tin/rn18/ca2d/sl/ipc10 s45:  62%|██████▏   | 185/300 [24:58<15:31,  8.10s/ep][A

tin/rn18/ca2d/sl/ipc10 s45:  62%|██████▏   | 186/300 [25:06<15:23,  8.11s/ep][A

tin/rn18/ca2d/sl/ipc10 s45:  62%|██████▏   | 187/300 [25:14<15:15,  8.10s/ep][A

tin/rn18/ca2d/sl/ipc10 s45:  63%|██████▎   | 188/300 [25:22<15:07,  8.10s/ep][A

tin/rn18/ca2d/sl/ipc10 s45:  63%|██████▎   | 189/300 [25:30<14:59,  8.10s/ep][A

tin/rn18/ca2d/sl/ipc10 s45:  63%|██████▎   | 190/300 [25:39<14:51,  8.10s/ep][A

tin/rn18/ca2d/sl/ipc10 s45:  64%|██████▎   | 191/300 [25:47<14:42,  8.10s/ep][A

tin/rn18/ca2d/sl/ipc10 s45:  64%|██████▍   | 192/300 [25:55<14:34,  8.10s/ep][A

tin/rn18/ca2d/sl/ipc10 s45:  64%|██████▍   | 193/300 [26:03<14:27,  8.11s/ep][A

tin/rn18/ca2d/sl/ipc10 s45:  65%|██████▍   | 194/300 [26:11<14:18,  8.10s/ep][A

tin/rn18/ca2d/sl/ipc10 s45:  65%|██████▌   | 195/300 [26:19<14:10,  8.10s/ep][A

tin/rn18/ca2d/sl/ipc10 s45:  65%|██████▌   | 196/300 [26:27<14:03,  8.11s/ep][A

tin/rn18/ca2d/sl/ipc10 s45:  66%|██████▌   | 197/300 [26:35<13:54,  8.10s/ep][A

tin/rn18/ca2d/sl/ipc10 s45:  66%|██████▌   | 198/300 [26:43<13:46,  8.11s/ep][A

tin/rn18/ca2d/sl/ipc10 s45:  66%|██████▋   | 199/300 [26:52<13:38,  8.11s/ep][A

tin/rn18/ca2d/sl/ipc10 s45:  67%|██████▋   | 200/300 [27:00<13:30,  8.10s/ep][A

tin/rn18/ca2d/sl/ipc10 s45:  67%|██████▋   | 201/300 [27:08<13:22,  8.10s/ep][A

tin/rn18/ca2d/sl/ipc10 s45:  67%|██████▋   | 202/300 [27:16<13:14,  8.11s/ep][A

tin/rn18/ca2d/sl/ipc10 s45:  68%|██████▊   | 203/300 [27:24<13:06,  8.11s/ep][A

tin/rn18/ca2d/sl/ipc10 s45:  68%|██████▊   | 204/300 [27:32<12:57,  8.10s/ep][A

tin/rn18/ca2d/sl/ipc10 s45:  68%|██████▊   | 205/300 [27:40<12:50,  8.11s/ep][A

tin/rn18/ca2d/sl/ipc10 s45:  69%|██████▊   | 206/300 [27:48<12:41,  8.11s/ep][A

tin/rn18/ca2d/sl/ipc10 s45:  69%|██████▉   | 207/300 [27:56<12:33,  8.11s/ep][A

tin/rn18/ca2d/sl/ipc10 s45:  69%|██████▉   | 208/300 [28:04<12:25,  8.11s/ep][A

tin/rn18/ca2d/sl/ipc10 s45:  70%|██████▉   | 209/300 [28:13<12:17,  8.10s/ep][A

tin/rn18/ca2d/sl/ipc10 s45:  70%|███████   | 210/300 [28:21<12:09,  8.11s/ep][A

tin/rn18/ca2d/sl/ipc10 s45:  70%|███████   | 211/300 [28:29<12:01,  8.11s/ep][A

tin/rn18/ca2d/sl/ipc10 s45:  71%|███████   | 212/300 [28:37<11:53,  8.10s/ep][A

tin/rn18/ca2d/sl/ipc10 s45:  71%|███████   | 213/300 [28:45<11:44,  8.10s/ep][A

tin/rn18/ca2d/sl/ipc10 s45:  71%|███████▏  | 214/300 [28:53<11:37,  8.10s/ep][A

tin/rn18/ca2d/sl/ipc10 s45:  72%|███████▏  | 215/300 [29:01<11:28,  8.10s/ep][A

tin/rn18/ca2d/sl/ipc10 s45:  72%|███████▏  | 216/300 [29:09<11:20,  8.10s/ep][A

tin/rn18/ca2d/sl/ipc10 s45:  72%|███████▏  | 217/300 [29:17<11:13,  8.11s/ep][A

tin/rn18/ca2d/sl/ipc10 s45:  73%|███████▎  | 218/300 [29:26<11:04,  8.11s/ep][A

tin/rn18/ca2d/sl/ipc10 s45:  73%|███████▎  | 219/300 [29:34<10:56,  8.11s/ep][A

tin/rn18/ca2d/sl/ipc10 s45:  73%|███████▎  | 220/300 [29:42<10:48,  8.11s/ep][A

tin/rn18/ca2d/sl/ipc10 s45:  74%|███████▎  | 221/300 [29:50<10:40,  8.11s/ep][A

tin/rn18/ca2d/sl/ipc10 s45:  74%|███████▍  | 222/300 [29:58<10:32,  8.11s/ep][A

tin/rn18/ca2d/sl/ipc10 s45:  74%|███████▍  | 223/300 [30:06<10:24,  8.10s/ep][A

tin/rn18/ca2d/sl/ipc10 s45:  75%|███████▍  | 224/300 [30:14<10:16,  8.11s/ep][A

tin/rn18/ca2d/sl/ipc10 s45:  75%|███████▌  | 225/300 [30:22<10:07,  8.11s/ep][A

tin/rn18/ca2d/sl/ipc10 s45:  75%|███████▌  | 226/300 [30:30<09:59,  8.10s/ep][A

tin/rn18/ca2d/sl/ipc10 s45:  76%|███████▌  | 227/300 [30:38<09:51,  8.10s/ep][A

tin/rn18/ca2d/sl/ipc10 s45:  76%|███████▌  | 228/300 [30:47<09:43,  8.10s/ep][A

tin/rn18/ca2d/sl/ipc10 s45:  76%|███████▋  | 229/300 [30:55<09:35,  8.10s/ep][A

tin/rn18/ca2d/sl/ipc10 s45:  77%|███████▋  | 230/300 [31:03<09:26,  8.10s/ep][A

tin/rn18/ca2d/sl/ipc10 s45:  77%|███████▋  | 231/300 [31:11<09:18,  8.10s/ep][A

tin/rn18/ca2d/sl/ipc10 s45:  77%|███████▋  | 232/300 [31:19<09:11,  8.10s/ep][A

tin/rn18/ca2d/sl/ipc10 s45:  78%|███████▊  | 233/300 [31:27<09:03,  8.10s/ep][A

tin/rn18/ca2d/sl/ipc10 s45:  78%|███████▊  | 234/300 [31:35<08:54,  8.10s/ep][A

tin/rn18/ca2d/sl/ipc10 s45:  78%|███████▊  | 235/300 [31:43<08:46,  8.10s/ep][A

tin/rn18/ca2d/sl/ipc10 s45:  79%|███████▊  | 236/300 [31:51<08:38,  8.10s/ep][A

tin/rn18/ca2d/sl/ipc10 s45:  79%|███████▉  | 237/300 [31:59<08:30,  8.10s/ep][A

tin/rn18/ca2d/sl/ipc10 s45:  79%|███████▉  | 238/300 [32:08<08:22,  8.10s/ep][A

tin/rn18/ca2d/sl/ipc10 s45:  80%|███████▉  | 239/300 [32:16<08:14,  8.10s/ep][A

tin/rn18/ca2d/sl/ipc10 s45:  80%|████████  | 240/300 [32:24<08:06,  8.11s/ep][A

tin/rn18/ca2d/sl/ipc10 s45:  80%|████████  | 241/300 [32:32<07:58,  8.11s/ep][A

tin/rn18/ca2d/sl/ipc10 s45:  81%|████████  | 242/300 [32:40<07:49,  8.10s/ep][A

tin/rn18/ca2d/sl/ipc10 s45:  81%|████████  | 243/300 [32:48<07:41,  8.10s/ep][A

tin/rn18/ca2d/sl/ipc10 s45:  81%|████████▏ | 244/300 [32:56<07:33,  8.10s/ep][A

tin/rn18/ca2d/sl/ipc10 s45:  82%|████████▏ | 245/300 [33:04<07:25,  8.11s/ep][A

tin/rn18/ca2d/sl/ipc10 s45:  82%|████████▏ | 246/300 [33:12<07:17,  8.10s/ep][A

tin/rn18/ca2d/sl/ipc10 s45:  82%|████████▏ | 247/300 [33:21<07:09,  8.10s/ep][A

tin/rn18/ca2d/sl/ipc10 s45:  83%|████████▎ | 248/300 [33:29<07:01,  8.10s/ep][A

tin/rn18/ca2d/sl/ipc10 s45:  83%|████████▎ | 249/300 [33:37<06:53,  8.11s/ep][A

tin/rn18/ca2d/sl/ipc10 s45:  83%|████████▎ | 250/300 [33:45<06:45,  8.11s/ep][A

tin/rn18/ca2d/sl/ipc10 s45:  84%|████████▎ | 251/300 [33:53<06:37,  8.11s/ep][A

tin/rn18/ca2d/sl/ipc10 s45:  84%|████████▍ | 252/300 [34:01<06:29,  8.11s/ep][A

tin/rn18/ca2d/sl/ipc10 s45:  84%|████████▍ | 253/300 [34:09<06:21,  8.11s/ep][A

tin/rn18/ca2d/sl/ipc10 s45:  85%|████████▍ | 254/300 [34:17<06:12,  8.10s/ep][A

tin/rn18/ca2d/sl/ipc10 s45:  85%|████████▌ | 255/300 [34:25<06:04,  8.11s/ep][A

tin/rn18/ca2d/sl/ipc10 s45:  85%|████████▌ | 256/300 [34:33<05:56,  8.10s/ep][A

tin/rn18/ca2d/sl/ipc10 s45:  86%|████████▌ | 257/300 [34:42<05:48,  8.11s/ep][A

tin/rn18/ca2d/sl/ipc10 s45:  86%|████████▌ | 258/300 [34:50<05:40,  8.10s/ep][A

tin/rn18/ca2d/sl/ipc10 s45:  86%|████████▋ | 259/300 [34:58<05:32,  8.10s/ep][A

tin/rn18/ca2d/sl/ipc10 s45:  87%|████████▋ | 260/300 [35:06<05:24,  8.10s/ep][A

tin/rn18/ca2d/sl/ipc10 s45:  87%|████████▋ | 261/300 [35:14<05:15,  8.10s/ep][A

tin/rn18/ca2d/sl/ipc10 s45:  87%|████████▋ | 262/300 [35:22<05:07,  8.10s/ep][A

tin/rn18/ca2d/sl/ipc10 s45:  88%|████████▊ | 263/300 [35:30<04:59,  8.10s/ep][A

tin/rn18/ca2d/sl/ipc10 s45:  88%|████████▊ | 264/300 [35:38<04:51,  8.10s/ep][A

tin/rn18/ca2d/sl/ipc10 s45:  88%|████████▊ | 265/300 [35:46<04:43,  8.10s/ep][A

tin/rn18/ca2d/sl/ipc10 s45:  89%|████████▊ | 266/300 [35:55<04:35,  8.11s/ep][A

tin/rn18/ca2d/sl/ipc10 s45:  89%|████████▉ | 267/300 [36:03<04:27,  8.11s/ep][A

tin/rn18/ca2d/sl/ipc10 s45:  89%|████████▉ | 268/300 [36:11<04:19,  8.11s/ep][A

tin/rn18/ca2d/sl/ipc10 s45:  90%|████████▉ | 269/300 [36:19<04:11,  8.10s/ep][A

tin/rn18/ca2d/sl/ipc10 s45:  90%|█████████ | 270/300 [36:27<04:03,  8.10s/ep][A

tin/rn18/ca2d/sl/ipc10 s45:  90%|█████████ | 271/300 [36:35<03:54,  8.10s/ep][A

tin/rn18/ca2d/sl/ipc10 s45:  91%|█████████ | 272/300 [36:43<03:46,  8.10s/ep][A

tin/rn18/ca2d/sl/ipc10 s45:  91%|█████████ | 273/300 [36:51<03:38,  8.10s/ep][A

tin/rn18/ca2d/sl/ipc10 s45:  91%|█████████▏| 274/300 [36:59<03:30,  8.10s/ep][A

tin/rn18/ca2d/sl/ipc10 s45:  92%|█████████▏| 275/300 [37:07<03:22,  8.11s/ep][A

tin/rn18/ca2d/sl/ipc10 s45:  92%|█████████▏| 276/300 [37:16<03:14,  8.11s/ep][A

tin/rn18/ca2d/sl/ipc10 s45:  92%|█████████▏| 277/300 [37:24<03:06,  8.11s/ep][A

tin/rn18/ca2d/sl/ipc10 s45:  93%|█████████▎| 278/300 [37:32<02:58,  8.10s/ep][A

tin/rn18/ca2d/sl/ipc10 s45:  93%|█████████▎| 279/300 [37:40<02:50,  8.11s/ep][A

tin/rn18/ca2d/sl/ipc10 s45:  93%|█████████▎| 280/300 [37:48<02:42,  8.11s/ep][A

tin/rn18/ca2d/sl/ipc10 s45:  94%|█████████▎| 281/300 [37:56<02:34,  8.11s/ep][A

tin/rn18/ca2d/sl/ipc10 s45:  94%|█████████▍| 282/300 [38:04<02:25,  8.10s/ep][A

tin/rn18/ca2d/sl/ipc10 s45:  94%|█████████▍| 283/300 [38:12<02:17,  8.10s/ep][A

tin/rn18/ca2d/sl/ipc10 s45:  95%|█████████▍| 284/300 [38:20<02:09,  8.10s/ep][A

tin/rn18/ca2d/sl/ipc10 s45:  95%|█████████▌| 285/300 [38:28<02:01,  8.10s/ep][A

tin/rn18/ca2d/sl/ipc10 s45:  95%|█████████▌| 286/300 [38:37<01:53,  8.10s/ep][A

tin/rn18/ca2d/sl/ipc10 s45:  96%|█████████▌| 287/300 [38:45<01:45,  8.10s/ep][A

tin/rn18/ca2d/sl/ipc10 s45:  96%|█████████▌| 288/300 [38:53<01:37,  8.10s/ep][A

tin/rn18/ca2d/sl/ipc10 s45:  96%|█████████▋| 289/300 [39:01<01:29,  8.10s/ep][A

tin/rn18/ca2d/sl/ipc10 s45:  97%|█████████▋| 290/300 [39:09<01:20,  8.10s/ep][A

tin/rn18/ca2d/sl/ipc10 s45:  97%|█████████▋| 291/300 [39:17<01:12,  8.10s/ep][A

tin/rn18/ca2d/sl/ipc10 s45:  97%|█████████▋| 292/300 [39:25<01:04,  8.10s/ep][A

tin/rn18/ca2d/sl/ipc10 s45:  98%|█████████▊| 293/300 [39:33<00:56,  8.10s/ep][A

tin/rn18/ca2d/sl/ipc10 s45:  98%|█████████▊| 294/300 [39:41<00:48,  8.10s/ep][A

tin/rn18/ca2d/sl/ipc10 s45:  98%|█████████▊| 295/300 [39:50<00:40,  8.10s/ep][A

tin/rn18/ca2d/sl/ipc10 s45:  99%|█████████▊| 296/300 [39:58<00:32,  8.11s/ep][A

tin/rn18/ca2d/sl/ipc10 s45:  99%|█████████▉| 297/300 [40:06<00:24,  8.10s/ep][A

tin/rn18/ca2d/sl/ipc10 s45:  99%|█████████▉| 298/300 [40:14<00:16,  8.10s/ep][A

tin/rn18/ca2d/sl/ipc10 s45: 100%|█████████▉| 299/300 [40:22<00:08,  8.10s/ep][A

tin/rn18/ca2d/sl/ipc10 s45: 100%|██████████| 300/300 [40:30<00:00,  8.10s/ep][A

                                                                             [A[cell] tin/rn18/ca2d/sl/ipc10 seed45: 13.60%  (2444s)


tin/rn18/ca2d/sl/ipc10 s46:   0%|          | 0/300 [00:00<?, ?ep/s][A

tin/rn18/ca2d/sl/ipc10 s46:   0%|          | 1/300 [00:07<37:39,  7.56s/ep][A

tin/rn18/ca2d/sl/ipc10 s46:   1%|          | 2/300 [00:15<39:07,  7.88s/ep][A

tin/rn18/ca2d/sl/ipc10 s46:   1%|          | 3/300 [00:23<39:30,  7.98s/ep][A

tin/rn18/ca2d/sl/ipc10 s46:   1%|▏         | 4/300 [00:31<39:36,  8.03s/ep][A

tin/rn18/ca2d/sl/ipc10 s46:   2%|▏         | 5/300 [00:39<39:36,  8.06s/ep][A

tin/rn18/ca2d/sl/ipc10 s46:   2%|▏         | 6/300 [00:48<39:33,  8.07s/ep][A

tin/rn18/ca2d/sl/ipc10 s46:   2%|▏         | 7/300 [00:56<39:28,  8.09s/ep][A

tin/rn18/ca2d/sl/ipc10 s46:   3%|▎         | 8/300 [01:04<39:22,  8.09s/ep][A

tin/rn18/ca2d/sl/ipc10 s46:   3%|▎         | 9/300 [01:12<39:15,  8.09s/ep][A

tin/rn18/ca2d/sl/ipc10 s46:   3%|▎         | 10/300 [01:20<39:08,  8.10s/ep][A

tin/rn18/ca2d/sl/ipc10 s46:   4%|▎         | 11/300 [01:28<39:00,  8.10s/ep][A

tin/rn18/ca2d/sl/ipc10 s46:   4%|▍         | 12/300 [01:36<38:52,  8.10s/ep][A

tin/rn18/ca2d/sl/ipc10 s46:   4%|▍         | 13/300 [01:44<38:44,  8.10s/ep][A

tin/rn18/ca2d/sl/ipc10 s46:   5%|▍         | 14/300 [01:52<38:37,  8.10s/ep][A

tin/rn18/ca2d/sl/ipc10 s46:   5%|▌         | 15/300 [02:01<38:29,  8.10s/ep][A

tin/rn18/ca2d/sl/ipc10 s46:   5%|▌         | 16/300 [02:09<38:20,  8.10s/ep][A

tin/rn18/ca2d/sl/ipc10 s46:   6%|▌         | 17/300 [02:17<38:12,  8.10s/ep][A

tin/rn18/ca2d/sl/ipc10 s46:   6%|▌         | 18/300 [02:25<38:04,  8.10s/ep][A

tin/rn18/ca2d/sl/ipc10 s46:   6%|▋         | 19/300 [02:33<37:57,  8.10s/ep][A

tin/rn18/ca2d/sl/ipc10 s46:   7%|▋         | 20/300 [02:41<37:48,  8.10s/ep][A

tin/rn18/ca2d/sl/ipc10 s46:   7%|▋         | 21/300 [02:49<37:40,  8.10s/ep][A

tin/rn18/ca2d/sl/ipc10 s46:   7%|▋         | 22/300 [02:57<37:32,  8.10s/ep][A

tin/rn18/ca2d/sl/ipc10 s46:   8%|▊         | 23/300 [03:05<37:25,  8.11s/ep][A

tin/rn18/ca2d/sl/ipc10 s46:   8%|▊         | 24/300 [03:13<37:16,  8.11s/ep][A

tin/rn18/ca2d/sl/ipc10 s46:   8%|▊         | 25/300 [03:22<37:08,  8.10s/ep][A

tin/rn18/ca2d/sl/ipc10 s46:   9%|▊         | 26/300 [03:30<37:00,  8.10s/ep][A

tin/rn18/ca2d/sl/ipc10 s46:   9%|▉         | 27/300 [03:38<36:52,  8.11s/ep][A

tin/rn18/ca2d/sl/ipc10 s46:   9%|▉         | 28/300 [03:46<36:43,  8.10s/ep][A

tin/rn18/ca2d/sl/ipc10 s46:  10%|▉         | 29/300 [03:54<36:35,  8.10s/ep][A

tin/rn18/ca2d/sl/ipc10 s46:  10%|█         | 30/300 [04:02<36:27,  8.10s/ep][A

tin/rn18/ca2d/sl/ipc10 s46:  10%|█         | 31/300 [04:10<36:19,  8.10s/ep][A

tin/rn18/ca2d/sl/ipc10 s46:  11%|█         | 32/300 [04:18<36:10,  8.10s/ep][A

tin/rn18/ca2d/sl/ipc10 s46:  11%|█         | 33/300 [04:26<36:02,  8.10s/ep][A

tin/rn18/ca2d/sl/ipc10 s46:  11%|█▏        | 34/300 [04:34<35:54,  8.10s/ep][A

tin/rn18/ca2d/sl/ipc10 s46:  12%|█▏        | 35/300 [04:43<35:46,  8.10s/ep][A

tin/rn18/ca2d/sl/ipc10 s46:  12%|█▏        | 36/300 [04:51<35:39,  8.10s/ep][A

tin/rn18/ca2d/sl/ipc10 s46:  12%|█▏        | 37/300 [04:59<35:31,  8.10s/ep][A

tin/rn18/ca2d/sl/ipc10 s46:  13%|█▎        | 38/300 [05:07<35:22,  8.10s/ep][A

tin/rn18/ca2d/sl/ipc10 s46:  13%|█▎        | 39/300 [05:15<35:15,  8.10s/ep][A

tin/rn18/ca2d/sl/ipc10 s46:  13%|█▎        | 40/300 [05:23<35:07,  8.11s/ep][A

tin/rn18/ca2d/sl/ipc10 s46:  14%|█▎        | 41/300 [05:31<34:59,  8.11s/ep][A

tin/rn18/ca2d/sl/ipc10 s46:  14%|█▍        | 42/300 [05:39<34:51,  8.11s/ep][A

tin/rn18/ca2d/sl/ipc10 s46:  14%|█▍        | 43/300 [05:47<34:43,  8.11s/ep][A

tin/rn18/ca2d/sl/ipc10 s46:  15%|█▍        | 44/300 [05:56<34:35,  8.11s/ep][A

tin/rn18/ca2d/sl/ipc10 s46:  15%|█▌        | 45/300 [06:04<34:26,  8.10s/ep][A

tin/rn18/ca2d/sl/ipc10 s46:  15%|█▌        | 46/300 [06:12<34:18,  8.10s/ep][A

tin/rn18/ca2d/sl/ipc10 s46:  16%|█▌        | 47/300 [06:20<34:09,  8.10s/ep][A

tin/rn18/ca2d/sl/ipc10 s46:  16%|█▌        | 48/300 [06:28<34:02,  8.10s/ep][A

tin/rn18/ca2d/sl/ipc10 s46:  16%|█▋        | 49/300 [06:36<33:54,  8.11s/ep][A

tin/rn18/ca2d/sl/ipc10 s46:  17%|█▋        | 50/300 [06:44<33:46,  8.10s/ep][A

tin/rn18/ca2d/sl/ipc10 s46:  17%|█▋        | 51/300 [06:52<33:37,  8.10s/ep][A

tin/rn18/ca2d/sl/ipc10 s46:  17%|█▋        | 52/300 [07:00<33:30,  8.11s/ep][A

tin/rn18/ca2d/sl/ipc10 s46:  18%|█▊        | 53/300 [07:08<33:21,  8.10s/ep][A

tin/rn18/ca2d/sl/ipc10 s46:  18%|█▊        | 54/300 [07:17<33:13,  8.11s/ep][A

tin/rn18/ca2d/sl/ipc10 s46:  18%|█▊        | 55/300 [07:25<33:05,  8.10s/ep][A

tin/rn18/ca2d/sl/ipc10 s46:  19%|█▊        | 56/300 [07:33<32:57,  8.10s/ep][A

tin/rn18/ca2d/sl/ipc10 s46:  19%|█▉        | 57/300 [07:41<32:49,  8.11s/ep][A

tin/rn18/ca2d/sl/ipc10 s46:  19%|█▉        | 58/300 [07:49<32:41,  8.11s/ep][A

tin/rn18/ca2d/sl/ipc10 s46:  20%|█▉        | 59/300 [07:57<32:33,  8.10s/ep][A

tin/rn18/ca2d/sl/ipc10 s46:  20%|██        | 60/300 [08:05<32:25,  8.11s/ep][A

tin/rn18/ca2d/sl/ipc10 s46:  20%|██        | 61/300 [08:13<32:16,  8.10s/ep][A

tin/rn18/ca2d/sl/ipc10 s46:  21%|██        | 62/300 [08:21<32:08,  8.10s/ep][A

tin/rn18/ca2d/sl/ipc10 s46:  21%|██        | 63/300 [08:29<32:01,  8.11s/ep][A

tin/rn18/ca2d/sl/ipc10 s46:  21%|██▏       | 64/300 [08:38<31:51,  8.10s/ep][A

tin/rn18/ca2d/sl/ipc10 s46:  22%|██▏       | 65/300 [08:46<31:43,  8.10s/ep][A

tin/rn18/ca2d/sl/ipc10 s46:  22%|██▏       | 66/300 [08:54<31:35,  8.10s/ep][A

tin/rn18/ca2d/sl/ipc10 s46:  22%|██▏       | 67/300 [09:02<31:27,  8.10s/ep][A

tin/rn18/ca2d/sl/ipc10 s46:  23%|██▎       | 68/300 [09:10<31:20,  8.10s/ep][A

tin/rn18/ca2d/sl/ipc10 s46:  23%|██▎       | 69/300 [09:18<31:12,  8.11s/ep][A

tin/rn18/ca2d/sl/ipc10 s46:  23%|██▎       | 70/300 [09:26<31:04,  8.11s/ep][A

tin/rn18/ca2d/sl/ipc10 s46:  24%|██▎       | 71/300 [09:34<30:56,  8.11s/ep][A

tin/rn18/ca2d/sl/ipc10 s46:  24%|██▍       | 72/300 [09:42<30:47,  8.10s/ep][A

tin/rn18/ca2d/sl/ipc10 s46:  24%|██▍       | 73/300 [09:51<30:38,  8.10s/ep][A

tin/rn18/ca2d/sl/ipc10 s46:  25%|██▍       | 74/300 [09:59<30:30,  8.10s/ep][A

tin/rn18/ca2d/sl/ipc10 s46:  25%|██▌       | 75/300 [10:07<30:22,  8.10s/ep][A

tin/rn18/ca2d/sl/ipc10 s46:  25%|██▌       | 76/300 [10:15<30:14,  8.10s/ep][A

tin/rn18/ca2d/sl/ipc10 s46:  26%|██▌       | 77/300 [10:23<30:06,  8.10s/ep][A

tin/rn18/ca2d/sl/ipc10 s46:  26%|██▌       | 78/300 [10:31<29:58,  8.10s/ep][A

tin/rn18/ca2d/sl/ipc10 s46:  26%|██▋       | 79/300 [10:39<29:50,  8.10s/ep][A

tin/rn18/ca2d/sl/ipc10 s46:  27%|██▋       | 80/300 [10:47<29:42,  8.10s/ep][A

tin/rn18/ca2d/sl/ipc10 s46:  27%|██▋       | 81/300 [10:55<29:33,  8.10s/ep][A

tin/rn18/ca2d/sl/ipc10 s46:  27%|██▋       | 82/300 [11:03<29:26,  8.10s/ep][A

tin/rn18/ca2d/sl/ipc10 s46:  28%|██▊       | 83/300 [11:12<29:18,  8.10s/ep][A

tin/rn18/ca2d/sl/ipc10 s46:  28%|██▊       | 84/300 [11:20<29:10,  8.10s/ep][A

tin/rn18/ca2d/sl/ipc10 s46:  28%|██▊       | 85/300 [11:28<29:02,  8.10s/ep][A

tin/rn18/ca2d/sl/ipc10 s46:  29%|██▊       | 86/300 [11:36<28:54,  8.10s/ep][A

tin/rn18/ca2d/sl/ipc10 s46:  29%|██▉       | 87/300 [11:44<28:46,  8.10s/ep][A

tin/rn18/ca2d/sl/ipc10 s46:  29%|██▉       | 88/300 [11:52<28:37,  8.10s/ep][A

tin/rn18/ca2d/sl/ipc10 s46:  30%|██▉       | 89/300 [12:00<28:29,  8.10s/ep][A

tin/rn18/ca2d/sl/ipc10 s46:  30%|███       | 90/300 [12:08<28:22,  8.11s/ep][A

tin/rn18/ca2d/sl/ipc10 s46:  30%|███       | 91/300 [12:16<28:13,  8.10s/ep][A

tin/rn18/ca2d/sl/ipc10 s46:  31%|███       | 92/300 [12:24<28:05,  8.10s/ep][A

tin/rn18/ca2d/sl/ipc10 s46:  31%|███       | 93/300 [12:33<27:56,  8.10s/ep][A

tin/rn18/ca2d/sl/ipc10 s46:  31%|███▏      | 94/300 [12:41<27:48,  8.10s/ep][A

tin/rn18/ca2d/sl/ipc10 s46:  32%|███▏      | 95/300 [12:49<27:39,  8.10s/ep][A

tin/rn18/ca2d/sl/ipc10 s46:  32%|███▏      | 96/300 [12:57<27:31,  8.10s/ep][A

tin/rn18/ca2d/sl/ipc10 s46:  32%|███▏      | 97/300 [13:05<27:24,  8.10s/ep][A

tin/rn18/ca2d/sl/ipc10 s46:  33%|███▎      | 98/300 [13:13<27:15,  8.10s/ep][A

tin/rn18/ca2d/sl/ipc10 s46:  33%|███▎      | 99/300 [13:21<27:08,  8.10s/ep][A

tin/rn18/ca2d/sl/ipc10 s46:  33%|███▎      | 100/300 [13:29<27:00,  8.10s/ep][A

tin/rn18/ca2d/sl/ipc10 s46:  34%|███▎      | 101/300 [13:37<26:52,  8.10s/ep][A

tin/rn18/ca2d/sl/ipc10 s46:  34%|███▍      | 102/300 [13:45<26:44,  8.10s/ep][A

tin/rn18/ca2d/sl/ipc10 s46:  34%|███▍      | 103/300 [13:54<26:36,  8.10s/ep][A

tin/rn18/ca2d/sl/ipc10 s46:  35%|███▍      | 104/300 [14:02<26:28,  8.10s/ep][A

tin/rn18/ca2d/sl/ipc10 s46:  35%|███▌      | 105/300 [14:10<26:19,  8.10s/ep][A

tin/rn18/ca2d/sl/ipc10 s46:  35%|███▌      | 106/300 [14:18<26:11,  8.10s/ep][A

tin/rn18/ca2d/sl/ipc10 s46:  36%|███▌      | 107/300 [14:26<26:04,  8.10s/ep][A

tin/rn18/ca2d/sl/ipc10 s46:  36%|███▌      | 108/300 [14:34<25:55,  8.10s/ep][A

tin/rn18/ca2d/sl/ipc10 s46:  36%|███▋      | 109/300 [14:42<25:47,  8.10s/ep][A

tin/rn18/ca2d/sl/ipc10 s46:  37%|███▋      | 110/300 [14:50<25:39,  8.10s/ep][A

tin/rn18/ca2d/sl/ipc10 s46:  37%|███▋      | 111/300 [14:58<25:30,  8.10s/ep][A

tin/rn18/ca2d/sl/ipc10 s46:  37%|███▋      | 112/300 [15:06<25:23,  8.10s/ep][A

tin/rn18/ca2d/sl/ipc10 s46:  38%|███▊      | 113/300 [15:15<25:15,  8.10s/ep][A

tin/rn18/ca2d/sl/ipc10 s46:  38%|███▊      | 114/300 [15:23<25:07,  8.10s/ep][A

tin/rn18/ca2d/sl/ipc10 s46:  38%|███▊      | 115/300 [15:31<24:58,  8.10s/ep][A

tin/rn18/ca2d/sl/ipc10 s46:  39%|███▊      | 116/300 [15:39<24:50,  8.10s/ep][A

tin/rn18/ca2d/sl/ipc10 s46:  39%|███▉      | 117/300 [15:47<24:43,  8.10s/ep][A

tin/rn18/ca2d/sl/ipc10 s46:  39%|███▉      | 118/300 [15:55<24:35,  8.11s/ep][A

tin/rn18/ca2d/sl/ipc10 s46:  40%|███▉      | 119/300 [16:03<24:27,  8.11s/ep][A

tin/rn18/ca2d/sl/ipc10 s46:  40%|████      | 120/300 [16:11<24:19,  8.11s/ep][A

tin/rn18/ca2d/sl/ipc10 s46:  40%|████      | 121/300 [16:19<24:11,  8.11s/ep][A

tin/rn18/ca2d/sl/ipc10 s46:  41%|████      | 122/300 [16:28<24:03,  8.11s/ep][A

tin/rn18/ca2d/sl/ipc10 s46:  41%|████      | 123/300 [16:36<23:55,  8.11s/ep][A

tin/rn18/ca2d/sl/ipc10 s46:  41%|████▏     | 124/300 [16:44<23:46,  8.11s/ep][A

tin/rn18/ca2d/sl/ipc10 s46:  42%|████▏     | 125/300 [16:52<23:38,  8.11s/ep][A

tin/rn18/ca2d/sl/ipc10 s46:  42%|████▏     | 126/300 [17:00<23:30,  8.10s/ep][A

tin/rn18/ca2d/sl/ipc10 s46:  42%|████▏     | 127/300 [17:08<23:22,  8.10s/ep][A

tin/rn18/ca2d/sl/ipc10 s46:  43%|████▎     | 128/300 [17:16<23:13,  8.10s/ep][A

tin/rn18/ca2d/sl/ipc10 s46:  43%|████▎     | 129/300 [17:24<23:05,  8.10s/ep][A

tin/rn18/ca2d/sl/ipc10 s46:  43%|████▎     | 130/300 [17:32<22:57,  8.10s/ep][A

tin/rn18/ca2d/sl/ipc10 s46:  44%|████▎     | 131/300 [17:40<22:49,  8.10s/ep][A

tin/rn18/ca2d/sl/ipc10 s46:  44%|████▍     | 132/300 [17:49<22:40,  8.10s/ep][A

tin/rn18/ca2d/sl/ipc10 s46:  44%|████▍     | 133/300 [17:57<22:33,  8.10s/ep][A

tin/rn18/ca2d/sl/ipc10 s46:  45%|████▍     | 134/300 [18:05<22:25,  8.10s/ep][A

tin/rn18/ca2d/sl/ipc10 s46:  45%|████▌     | 135/300 [18:13<22:17,  8.11s/ep][A

tin/rn18/ca2d/sl/ipc10 s46:  45%|████▌     | 136/300 [18:21<22:09,  8.10s/ep][A

tin/rn18/ca2d/sl/ipc10 s46:  46%|████▌     | 137/300 [18:29<22:00,  8.10s/ep][A

tin/rn18/ca2d/sl/ipc10 s46:  46%|████▌     | 138/300 [18:37<21:52,  8.10s/ep][A

tin/rn18/ca2d/sl/ipc10 s46:  46%|████▋     | 139/300 [18:45<21:44,  8.10s/ep][A

tin/rn18/ca2d/sl/ipc10 s46:  47%|████▋     | 140/300 [18:53<21:36,  8.10s/ep][A

tin/rn18/ca2d/sl/ipc10 s46:  47%|████▋     | 141/300 [19:02<21:28,  8.10s/ep][A

tin/rn18/ca2d/sl/ipc10 s46:  47%|████▋     | 142/300 [19:10<21:20,  8.11s/ep][A

tin/rn18/ca2d/sl/ipc10 s46:  48%|████▊     | 143/300 [19:18<21:12,  8.10s/ep][A

tin/rn18/ca2d/sl/ipc10 s46:  48%|████▊     | 144/300 [19:26<21:04,  8.11s/ep][A

tin/rn18/ca2d/sl/ipc10 s46:  48%|████▊     | 145/300 [19:34<20:56,  8.10s/ep][A

tin/rn18/ca2d/sl/ipc10 s46:  49%|████▊     | 146/300 [19:42<20:47,  8.10s/ep][A

tin/rn18/ca2d/sl/ipc10 s46:  49%|████▉     | 147/300 [19:50<20:39,  8.10s/ep][A

tin/rn18/ca2d/sl/ipc10 s46:  49%|████▉     | 148/300 [19:58<20:31,  8.10s/ep][A

tin/rn18/ca2d/sl/ipc10 s46:  50%|████▉     | 149/300 [20:06<20:23,  8.10s/ep][A

tin/rn18/ca2d/sl/ipc10 s46:  50%|█████     | 150/300 [20:14<20:15,  8.10s/ep][A

tin/rn18/ca2d/sl/ipc10 s46:  50%|█████     | 151/300 [20:23<20:07,  8.10s/ep][A

tin/rn18/ca2d/sl/ipc10 s46:  51%|█████     | 152/300 [20:31<19:59,  8.10s/ep][A

tin/rn18/ca2d/sl/ipc10 s46:  51%|█████     | 153/300 [20:39<19:51,  8.10s/ep][A

tin/rn18/ca2d/sl/ipc10 s46:  51%|█████▏    | 154/300 [20:47<19:43,  8.11s/ep][A

tin/rn18/ca2d/sl/ipc10 s46:  52%|█████▏    | 155/300 [20:55<19:34,  8.10s/ep][A

tin/rn18/ca2d/sl/ipc10 s46:  52%|█████▏    | 156/300 [21:03<19:26,  8.10s/ep][A

tin/rn18/ca2d/sl/ipc10 s46:  52%|█████▏    | 157/300 [21:11<19:18,  8.10s/ep][A

tin/rn18/ca2d/sl/ipc10 s46:  53%|█████▎    | 158/300 [21:19<19:10,  8.10s/ep][A

tin/rn18/ca2d/sl/ipc10 s46:  53%|█████▎    | 159/300 [21:27<19:02,  8.10s/ep][A

tin/rn18/ca2d/sl/ipc10 s46:  53%|█████▎    | 160/300 [21:35<18:54,  8.10s/ep][A

tin/rn18/ca2d/sl/ipc10 s46:  54%|█████▎    | 161/300 [21:44<18:46,  8.10s/ep][A

tin/rn18/ca2d/sl/ipc10 s46:  54%|█████▍    | 162/300 [21:52<18:38,  8.10s/ep][A

tin/rn18/ca2d/sl/ipc10 s46:  54%|█████▍    | 163/300 [22:00<18:30,  8.11s/ep][A

tin/rn18/ca2d/sl/ipc10 s46:  55%|█████▍    | 164/300 [22:08<18:22,  8.11s/ep][A

tin/rn18/ca2d/sl/ipc10 s46:  55%|█████▌    | 165/300 [22:16<18:14,  8.11s/ep][A

tin/rn18/ca2d/sl/ipc10 s46:  55%|█████▌    | 166/300 [22:24<18:06,  8.11s/ep][A

tin/rn18/ca2d/sl/ipc10 s46:  56%|█████▌    | 167/300 [22:32<17:58,  8.11s/ep][A

tin/rn18/ca2d/sl/ipc10 s46:  56%|█████▌    | 168/300 [22:40<17:50,  8.11s/ep][A

tin/rn18/ca2d/sl/ipc10 s46:  56%|█████▋    | 169/300 [22:48<17:41,  8.11s/ep][A

tin/rn18/ca2d/sl/ipc10 s46:  57%|█████▋    | 170/300 [22:57<17:33,  8.10s/ep][A

tin/rn18/ca2d/sl/ipc10 s46:  57%|█████▋    | 171/300 [23:05<17:25,  8.11s/ep][A

tin/rn18/ca2d/sl/ipc10 s46:  57%|█████▋    | 172/300 [23:13<17:17,  8.11s/ep][A

tin/rn18/ca2d/sl/ipc10 s46:  58%|█████▊    | 173/300 [23:21<17:09,  8.10s/ep][A

tin/rn18/ca2d/sl/ipc10 s46:  58%|█████▊    | 174/300 [23:29<17:01,  8.11s/ep][A

tin/rn18/ca2d/sl/ipc10 s46:  58%|█████▊    | 175/300 [23:37<16:52,  8.10s/ep][A

tin/rn18/ca2d/sl/ipc10 s46:  59%|█████▊    | 176/300 [23:45<16:45,  8.11s/ep][A

tin/rn18/ca2d/sl/ipc10 s46:  59%|█████▉    | 177/300 [23:53<16:36,  8.10s/ep][A

tin/rn18/ca2d/sl/ipc10 s46:  59%|█████▉    | 178/300 [24:01<16:28,  8.10s/ep][A

tin/rn18/ca2d/sl/ipc10 s46:  60%|█████▉    | 179/300 [24:09<16:20,  8.10s/ep][A

tin/rn18/ca2d/sl/ipc10 s46:  60%|██████    | 180/300 [24:18<16:12,  8.10s/ep][A

tin/rn18/ca2d/sl/ipc10 s46:  60%|██████    | 181/300 [24:26<16:04,  8.10s/ep][A

tin/rn18/ca2d/sl/ipc10 s46:  61%|██████    | 182/300 [24:34<15:56,  8.10s/ep][A

tin/rn18/ca2d/sl/ipc10 s46:  61%|██████    | 183/300 [24:42<15:47,  8.10s/ep][A

tin/rn18/ca2d/sl/ipc10 s46:  61%|██████▏   | 184/300 [24:50<15:39,  8.10s/ep][A

tin/rn18/ca2d/sl/ipc10 s46:  62%|██████▏   | 185/300 [24:58<15:32,  8.10s/ep][A

tin/rn18/ca2d/sl/ipc10 s46:  62%|██████▏   | 186/300 [25:06<15:23,  8.10s/ep][A

tin/rn18/ca2d/sl/ipc10 s46:  62%|██████▏   | 187/300 [25:14<15:15,  8.10s/ep][A

tin/rn18/ca2d/sl/ipc10 s46:  63%|██████▎   | 188/300 [25:22<15:07,  8.10s/ep][A

tin/rn18/ca2d/sl/ipc10 s46:  63%|██████▎   | 189/300 [25:31<14:59,  8.10s/ep][A

tin/rn18/ca2d/sl/ipc10 s46:  63%|██████▎   | 190/300 [25:39<14:51,  8.10s/ep][A

tin/rn18/ca2d/sl/ipc10 s46:  64%|██████▎   | 191/300 [25:47<14:43,  8.10s/ep][A

tin/rn18/ca2d/sl/ipc10 s46:  64%|██████▍   | 192/300 [25:55<14:35,  8.11s/ep][A

tin/rn18/ca2d/sl/ipc10 s46:  64%|██████▍   | 193/300 [26:03<14:27,  8.11s/ep][A

tin/rn18/ca2d/sl/ipc10 s46:  65%|██████▍   | 194/300 [26:11<14:19,  8.10s/ep][A

tin/rn18/ca2d/sl/ipc10 s46:  65%|██████▌   | 195/300 [26:19<14:10,  8.10s/ep][A

tin/rn18/ca2d/sl/ipc10 s46:  65%|██████▌   | 196/300 [26:27<14:02,  8.10s/ep][A

tin/rn18/ca2d/sl/ipc10 s46:  66%|██████▌   | 197/300 [26:35<13:54,  8.10s/ep][A

tin/rn18/ca2d/sl/ipc10 s46:  66%|██████▌   | 198/300 [26:43<13:46,  8.10s/ep][A

tin/rn18/ca2d/sl/ipc10 s46:  66%|██████▋   | 199/300 [26:52<13:38,  8.10s/ep][A

tin/rn18/ca2d/sl/ipc10 s46:  67%|██████▋   | 200/300 [27:00<13:30,  8.10s/ep][A

tin/rn18/ca2d/sl/ipc10 s46:  67%|██████▋   | 201/300 [27:08<13:21,  8.10s/ep][A

tin/rn18/ca2d/sl/ipc10 s46:  67%|██████▋   | 202/300 [27:16<13:13,  8.10s/ep][A

tin/rn18/ca2d/sl/ipc10 s46:  68%|██████▊   | 203/300 [27:24<13:06,  8.11s/ep][A

tin/rn18/ca2d/sl/ipc10 s46:  68%|██████▊   | 204/300 [27:32<12:58,  8.11s/ep][A

tin/rn18/ca2d/sl/ipc10 s46:  68%|██████▊   | 205/300 [27:40<12:50,  8.11s/ep][A

tin/rn18/ca2d/sl/ipc10 s46:  69%|██████▊   | 206/300 [27:48<12:41,  8.10s/ep][A

tin/rn18/ca2d/sl/ipc10 s46:  69%|██████▉   | 207/300 [27:56<12:33,  8.10s/ep][A

tin/rn18/ca2d/sl/ipc10 s46:  69%|██████▉   | 208/300 [28:04<12:25,  8.10s/ep][A

tin/rn18/ca2d/sl/ipc10 s46:  70%|██████▉   | 209/300 [28:13<12:17,  8.10s/ep][A

tin/rn18/ca2d/sl/ipc10 s46:  70%|███████   | 210/300 [28:21<12:09,  8.11s/ep][A

tin/rn18/ca2d/sl/ipc10 s46:  70%|███████   | 211/300 [28:29<12:01,  8.11s/ep][A

tin/rn18/ca2d/sl/ipc10 s46:  71%|███████   | 212/300 [28:37<11:53,  8.10s/ep][A

tin/rn18/ca2d/sl/ipc10 s46:  71%|███████   | 213/300 [28:45<11:44,  8.10s/ep][A

tin/rn18/ca2d/sl/ipc10 s46:  71%|███████▏  | 214/300 [28:53<11:36,  8.10s/ep][A

tin/rn18/ca2d/sl/ipc10 s46:  72%|███████▏  | 215/300 [29:01<11:28,  8.10s/ep][A

tin/rn18/ca2d/sl/ipc10 s46:  72%|███████▏  | 216/300 [29:09<11:20,  8.10s/ep][A

tin/rn18/ca2d/sl/ipc10 s46:  72%|███████▏  | 217/300 [29:17<11:12,  8.10s/ep][A

tin/rn18/ca2d/sl/ipc10 s46:  73%|███████▎  | 218/300 [29:26<11:04,  8.10s/ep][A

tin/rn18/ca2d/sl/ipc10 s46:  73%|███████▎  | 219/300 [29:34<10:56,  8.11s/ep][A

tin/rn18/ca2d/sl/ipc10 s46:  73%|███████▎  | 220/300 [29:42<10:48,  8.11s/ep][A

tin/rn18/ca2d/sl/ipc10 s46:  74%|███████▎  | 221/300 [29:50<10:40,  8.10s/ep][A

tin/rn18/ca2d/sl/ipc10 s46:  74%|███████▍  | 222/300 [29:58<10:32,  8.11s/ep][A

tin/rn18/ca2d/sl/ipc10 s46:  74%|███████▍  | 223/300 [30:06<10:23,  8.10s/ep][A

tin/rn18/ca2d/sl/ipc10 s46:  75%|███████▍  | 224/300 [30:14<10:15,  8.10s/ep][A

tin/rn18/ca2d/sl/ipc10 s46:  75%|███████▌  | 225/300 [30:22<10:07,  8.10s/ep][A

tin/rn18/ca2d/sl/ipc10 s46:  75%|███████▌  | 226/300 [30:30<09:59,  8.10s/ep][A

tin/rn18/ca2d/sl/ipc10 s46:  76%|███████▌  | 227/300 [30:38<09:51,  8.10s/ep][A

tin/rn18/ca2d/sl/ipc10 s46:  76%|███████▌  | 228/300 [30:47<09:43,  8.10s/ep][A

tin/rn18/ca2d/sl/ipc10 s46:  76%|███████▋  | 229/300 [30:55<09:35,  8.10s/ep][A

tin/rn18/ca2d/sl/ipc10 s46:  77%|███████▋  | 230/300 [31:03<09:27,  8.11s/ep][A

tin/rn18/ca2d/sl/ipc10 s46:  77%|███████▋  | 231/300 [31:11<09:19,  8.11s/ep][A

tin/rn18/ca2d/sl/ipc10 s46:  77%|███████▋  | 232/300 [31:19<09:11,  8.10s/ep][A

tin/rn18/ca2d/sl/ipc10 s46:  78%|███████▊  | 233/300 [31:27<09:02,  8.10s/ep][A

tin/rn18/ca2d/sl/ipc10 s46:  78%|███████▊  | 234/300 [31:35<08:54,  8.10s/ep][A

tin/rn18/ca2d/sl/ipc10 s46:  78%|███████▊  | 235/300 [31:43<08:46,  8.10s/ep][A

tin/rn18/ca2d/sl/ipc10 s46:  79%|███████▊  | 236/300 [31:51<08:38,  8.10s/ep][A

tin/rn18/ca2d/sl/ipc10 s46:  79%|███████▉  | 237/300 [32:00<08:30,  8.11s/ep][A

tin/rn18/ca2d/sl/ipc10 s46:  79%|███████▉  | 238/300 [32:08<08:22,  8.10s/ep][A

tin/rn18/ca2d/sl/ipc10 s46:  80%|███████▉  | 239/300 [32:16<08:14,  8.11s/ep][A

tin/rn18/ca2d/sl/ipc10 s46:  80%|████████  | 240/300 [32:24<08:06,  8.10s/ep][A

tin/rn18/ca2d/sl/ipc10 s46:  80%|████████  | 241/300 [32:32<07:58,  8.10s/ep][A

tin/rn18/ca2d/sl/ipc10 s46:  81%|████████  | 242/300 [32:40<07:49,  8.10s/ep][A

tin/rn18/ca2d/sl/ipc10 s46:  81%|████████  | 243/300 [32:48<07:41,  8.10s/ep][A

tin/rn18/ca2d/sl/ipc10 s46:  81%|████████▏ | 244/300 [32:56<07:33,  8.10s/ep][A

tin/rn18/ca2d/sl/ipc10 s46:  82%|████████▏ | 245/300 [33:04<07:25,  8.10s/ep][A

tin/rn18/ca2d/sl/ipc10 s46:  82%|████████▏ | 246/300 [33:12<07:17,  8.10s/ep][A

tin/rn18/ca2d/sl/ipc10 s46:  82%|████████▏ | 247/300 [33:21<07:09,  8.10s/ep][A

tin/rn18/ca2d/sl/ipc10 s46:  83%|████████▎ | 248/300 [33:29<07:01,  8.10s/ep][A

tin/rn18/ca2d/sl/ipc10 s46:  83%|████████▎ | 249/300 [33:37<06:53,  8.10s/ep][A

tin/rn18/ca2d/sl/ipc10 s46:  83%|████████▎ | 250/300 [33:45<06:45,  8.11s/ep][A

tin/rn18/ca2d/sl/ipc10 s46:  84%|████████▎ | 251/300 [33:53<06:37,  8.11s/ep][A

tin/rn18/ca2d/sl/ipc10 s46:  84%|████████▍ | 252/300 [34:01<06:29,  8.11s/ep][A

tin/rn18/ca2d/sl/ipc10 s46:  84%|████████▍ | 253/300 [34:09<06:20,  8.11s/ep][A

tin/rn18/ca2d/sl/ipc10 s46:  85%|████████▍ | 254/300 [34:17<06:12,  8.11s/ep][A

tin/rn18/ca2d/sl/ipc10 s46:  85%|████████▌ | 255/300 [34:25<06:04,  8.11s/ep][A

tin/rn18/ca2d/sl/ipc10 s46:  85%|████████▌ | 256/300 [34:33<05:56,  8.11s/ep][A

tin/rn18/ca2d/sl/ipc10 s46:  86%|████████▌ | 257/300 [34:42<05:48,  8.11s/ep][A

tin/rn18/ca2d/sl/ipc10 s46:  86%|████████▌ | 258/300 [34:50<05:40,  8.10s/ep][A

tin/rn18/ca2d/sl/ipc10 s46:  86%|████████▋ | 259/300 [34:58<05:32,  8.10s/ep][A

tin/rn18/ca2d/sl/ipc10 s46:  87%|████████▋ | 260/300 [35:06<05:24,  8.10s/ep][A

tin/rn18/ca2d/sl/ipc10 s46:  87%|████████▋ | 261/300 [35:14<05:16,  8.10s/ep][A

tin/rn18/ca2d/sl/ipc10 s46:  87%|████████▋ | 262/300 [35:22<05:07,  8.10s/ep][A

tin/rn18/ca2d/sl/ipc10 s46:  88%|████████▊ | 263/300 [35:30<04:59,  8.10s/ep][A

tin/rn18/ca2d/sl/ipc10 s46:  88%|████████▊ | 264/300 [35:38<04:51,  8.10s/ep][A

tin/rn18/ca2d/sl/ipc10 s46:  88%|████████▊ | 265/300 [35:46<04:43,  8.10s/ep][A

tin/rn18/ca2d/sl/ipc10 s46:  89%|████████▊ | 266/300 [35:54<04:35,  8.10s/ep][A

tin/rn18/ca2d/sl/ipc10 s46:  89%|████████▉ | 267/300 [36:03<04:27,  8.10s/ep][A

tin/rn18/ca2d/sl/ipc10 s46:  89%|████████▉ | 268/300 [36:11<04:19,  8.10s/ep][A

tin/rn18/ca2d/sl/ipc10 s46:  90%|████████▉ | 269/300 [36:19<04:11,  8.10s/ep][A

tin/rn18/ca2d/sl/ipc10 s46:  90%|█████████ | 270/300 [36:27<04:03,  8.10s/ep][A

tin/rn18/ca2d/sl/ipc10 s46:  90%|█████████ | 271/300 [36:35<03:54,  8.10s/ep][A

tin/rn18/ca2d/sl/ipc10 s46:  91%|█████████ | 272/300 [36:43<03:46,  8.10s/ep][A

tin/rn18/ca2d/sl/ipc10 s46:  91%|█████████ | 273/300 [36:51<03:38,  8.10s/ep][A

tin/rn18/ca2d/sl/ipc10 s46:  91%|█████████▏| 274/300 [36:59<03:30,  8.10s/ep][A

tin/rn18/ca2d/sl/ipc10 s46:  92%|█████████▏| 275/300 [37:07<03:22,  8.10s/ep][A

tin/rn18/ca2d/sl/ipc10 s46:  92%|█████████▏| 276/300 [37:16<03:14,  8.10s/ep][A

tin/rn18/ca2d/sl/ipc10 s46:  92%|█████████▏| 277/300 [37:24<03:06,  8.10s/ep][A

tin/rn18/ca2d/sl/ipc10 s46:  93%|█████████▎| 278/300 [37:32<02:58,  8.10s/ep][A

tin/rn18/ca2d/sl/ipc10 s46:  93%|█████████▎| 279/300 [37:40<02:50,  8.10s/ep][A

tin/rn18/ca2d/sl/ipc10 s46:  93%|█████████▎| 280/300 [37:48<02:42,  8.10s/ep][A

tin/rn18/ca2d/sl/ipc10 s46:  94%|█████████▎| 281/300 [37:56<02:33,  8.10s/ep][A

tin/rn18/ca2d/sl/ipc10 s46:  94%|█████████▍| 282/300 [38:04<02:25,  8.10s/ep][A

tin/rn18/ca2d/sl/ipc10 s46:  94%|█████████▍| 283/300 [38:12<02:17,  8.11s/ep][A

tin/rn18/ca2d/sl/ipc10 s46:  95%|█████████▍| 284/300 [38:20<02:09,  8.11s/ep][A

tin/rn18/ca2d/sl/ipc10 s46:  95%|█████████▌| 285/300 [38:28<02:01,  8.11s/ep][A

tin/rn18/ca2d/sl/ipc10 s46:  95%|█████████▌| 286/300 [38:37<01:53,  8.11s/ep][A

tin/rn18/ca2d/sl/ipc10 s46:  96%|█████████▌| 287/300 [38:45<01:45,  8.10s/ep][A

tin/rn18/ca2d/sl/ipc10 s46:  96%|█████████▌| 288/300 [38:53<01:37,  8.11s/ep][A

tin/rn18/ca2d/sl/ipc10 s46:  96%|█████████▋| 289/300 [39:01<01:29,  8.11s/ep][A

tin/rn18/ca2d/sl/ipc10 s46:  97%|█████████▋| 290/300 [39:09<01:21,  8.11s/ep][A

tin/rn18/ca2d/sl/ipc10 s46:  97%|█████████▋| 291/300 [39:17<01:12,  8.10s/ep][A

tin/rn18/ca2d/sl/ipc10 s46:  97%|█████████▋| 292/300 [39:25<01:04,  8.10s/ep][A

tin/rn18/ca2d/sl/ipc10 s46:  98%|█████████▊| 293/300 [39:33<00:56,  8.10s/ep][A

tin/rn18/ca2d/sl/ipc10 s46:  98%|█████████▊| 294/300 [39:41<00:48,  8.10s/ep][A

tin/rn18/ca2d/sl/ipc10 s46:  98%|█████████▊| 295/300 [39:49<00:40,  8.10s/ep][A

tin/rn18/ca2d/sl/ipc10 s46:  99%|█████████▊| 296/300 [39:58<00:32,  8.10s/ep][A

tin/rn18/ca2d/sl/ipc10 s46:  99%|█████████▉| 297/300 [40:06<00:24,  8.11s/ep][A

tin/rn18/ca2d/sl/ipc10 s46:  99%|█████████▉| 298/300 [40:14<00:16,  8.10s/ep][A

tin/rn18/ca2d/sl/ipc10 s46: 100%|█████████▉| 299/300 [40:22<00:08,  8.10s/ep][A

tin/rn18/ca2d/sl/ipc10 s46: 100%|██████████| 300/300 [40:30<00:00,  8.10s/ep][A

                                                                             [A[cell] tin/rn18/ca2d/sl/ipc10 seed46: 13.88%  (2444s)
[cell] tin/rn18/ca2d/sl/ipc10: union seeds [42, 43, 44] + [45, 46]

rn18-tin:  26%|██▌       | 7/27 [9:30:39<27:10:23, 4891.16s/cell, ca2d/sl/ipc10]
rn18-tin:  26%|██▌       | 7/27 [9:30:39<27:10:23, 4891.16s/cell, sharp2d/sl/ipc10][cell] tin/rn18/ca2d/sl/ipc10: 13.49 +- 0.56 (6552s)
[cell] partial (bench_tin_rn18_sharp2d_sl_ipc10.json): have [42, 43, 44], running [45, 46]


tin/rn18/sharp2d/sl/ipc10 s45:   0%|          | 0/300 [00:00<?, ?ep/s][A

tin/rn18/sharp2d/sl/ipc10 s45:   0%|          | 1/300 [00:07<37:36,  7.55s/ep][A

tin/rn18/sharp2d/sl/ipc10 s45:   1%|          | 2/300 [00:15<39:06,  7.87s/ep][A

tin/rn18/sharp2d/sl/ipc10 s45:   1%|          | 3/300 [00:23<39:30,  7.98s/ep][A

tin/rn18/sharp2d/sl/ipc10 s45:   1%|▏         | 4/300 [00:31<39:36,  8.03s/ep][A

tin/rn18/sharp2d/sl/ipc10 s45:   2%|▏         | 5/300 [00:39<39:37,  8.06s/ep][A

tin/rn18/sharp2d/sl/ipc10 s45:   2%|▏         | 6/300 [00:48<39:32,  8.07s/ep][A

tin/rn18/sharp2d/sl/ipc10 s45:   2%|▏         | 7/300 [00:56<39:27,  8.08s/ep][A

tin/rn18/sharp2d/sl/ipc10 s45:   3%|▎         | 8/300 [01:04<39:22,  8.09s/ep][A

tin/rn18/sharp2d/sl/ipc10 s45:   3%|▎         | 9/300 [01:12<39:15,  8.09s/ep][A

tin/rn18/sharp2d/sl/ipc10 s45:   3%|▎         | 10/300 [01:20<39:08,  8.10s/ep][A

tin/rn18/sharp2d/sl/ipc10 s45:   4%|▎         | 11/300 [01:28<39:01,  8.10s/ep][A

tin/rn18/sharp2d/sl/ipc10 s45:   4%|▍         | 12/300 [01:36<38:52,  8.10s/ep][A

tin/rn18/sharp2d/sl/ipc10 s45:   4%|▍         | 13/300 [01:44<38:43,  8.10s/ep][A

tin/rn18/sharp2d/sl/ipc10 s45:   5%|▍         | 14/300 [01:52<38:36,  8.10s/ep][A

tin/rn18/sharp2d/sl/ipc10 s45:   5%|▌         | 15/300 [02:00<38:28,  8.10s/ep][A

tin/rn18/sharp2d/sl/ipc10 s45:   5%|▌         | 16/300 [02:09<38:21,  8.11s/ep][A

tin/rn18/sharp2d/sl/ipc10 s45:   6%|▌         | 17/300 [02:17<38:12,  8.10s/ep][A

tin/rn18/sharp2d/sl/ipc10 s45:   6%|▌         | 18/300 [02:25<38:05,  8.10s/ep][A

tin/rn18/sharp2d/sl/ipc10 s45:   6%|▋         | 19/300 [02:33<37:57,  8.10s/ep][A

tin/rn18/sharp2d/sl/ipc10 s45:   7%|▋         | 20/300 [02:41<37:49,  8.11s/ep][A

tin/rn18/sharp2d/sl/ipc10 s45:   7%|▋         | 21/300 [02:49<37:41,  8.11s/ep][A

tin/rn18/sharp2d/sl/ipc10 s45:   7%|▋         | 22/300 [02:57<37:32,  8.10s/ep][A

tin/rn18/sharp2d/sl/ipc10 s45:   8%|▊         | 23/300 [03:05<37:24,  8.10s/ep][A

tin/rn18/sharp2d/sl/ipc10 s45:   8%|▊         | 24/300 [03:13<37:16,  8.10s/ep][A

tin/rn18/sharp2d/sl/ipc10 s45:   8%|▊         | 25/300 [03:22<37:08,  8.10s/ep][A

tin/rn18/sharp2d/sl/ipc10 s45:   9%|▊         | 26/300 [03:30<37:00,  8.10s/ep][A

tin/rn18/sharp2d/sl/ipc10 s45:   9%|▉         | 27/300 [03:38<36:52,  8.10s/ep][A

tin/rn18/sharp2d/sl/ipc10 s45:   9%|▉         | 28/300 [03:46<36:43,  8.10s/ep][A

tin/rn18/sharp2d/sl/ipc10 s45:  10%|▉         | 29/300 [03:54<36:35,  8.10s/ep][A

tin/rn18/sharp2d/sl/ipc10 s45:  10%|█         | 30/300 [04:02<36:27,  8.10s/ep][A

tin/rn18/sharp2d/sl/ipc10 s45:  10%|█         | 31/300 [04:10<36:19,  8.10s/ep][A

tin/rn18/sharp2d/sl/ipc10 s45:  11%|█         | 32/300 [04:18<36:11,  8.10s/ep][A

tin/rn18/sharp2d/sl/ipc10 s45:  11%|█         | 33/300 [04:26<36:03,  8.10s/ep][A

tin/rn18/sharp2d/sl/ipc10 s45:  11%|█▏        | 34/300 [04:34<35:55,  8.10s/ep][A

tin/rn18/sharp2d/sl/ipc10 s45:  12%|█▏        | 35/300 [04:43<35:47,  8.10s/ep][A

tin/rn18/sharp2d/sl/ipc10 s45:  12%|█▏        | 36/300 [04:51<35:39,  8.10s/ep][A

tin/rn18/sharp2d/sl/ipc10 s45:  12%|█▏        | 37/300 [04:59<35:30,  8.10s/ep][A

tin/rn18/sharp2d/sl/ipc10 s45:  13%|█▎        | 38/300 [05:07<35:23,  8.10s/ep][A

tin/rn18/sharp2d/sl/ipc10 s45:  13%|█▎        | 39/300 [05:15<35:14,  8.10s/ep][A

tin/rn18/sharp2d/sl/ipc10 s45:  13%|█▎        | 40/300 [05:23<35:06,  8.10s/ep][A

tin/rn18/sharp2d/sl/ipc10 s45:  14%|█▎        | 41/300 [05:31<34:58,  8.10s/ep][A

tin/rn18/sharp2d/sl/ipc10 s45:  14%|█▍        | 42/300 [05:39<34:51,  8.11s/ep][A

tin/rn18/sharp2d/sl/ipc10 s45:  14%|█▍        | 43/300 [05:47<34:42,  8.10s/ep][A

tin/rn18/sharp2d/sl/ipc10 s45:  15%|█▍        | 44/300 [05:55<34:34,  8.10s/ep][A

tin/rn18/sharp2d/sl/ipc10 s45:  15%|█▌        | 45/300 [06:04<34:26,  8.11s/ep][A

tin/rn18/sharp2d/sl/ipc10 s45:  15%|█▌        | 46/300 [06:12<34:18,  8.10s/ep][A

tin/rn18/sharp2d/sl/ipc10 s45:  16%|█▌        | 47/300 [06:20<34:10,  8.10s/ep][A

tin/rn18/sharp2d/sl/ipc10 s45:  16%|█▌        | 48/300 [06:28<34:02,  8.11s/ep][A

tin/rn18/sharp2d/sl/ipc10 s45:  16%|█▋        | 49/300 [06:36<33:54,  8.11s/ep][A

tin/rn18/sharp2d/sl/ipc10 s45:  17%|█▋        | 50/300 [06:44<33:46,  8.11s/ep][A

tin/rn18/sharp2d/sl/ipc10 s45:  17%|█▋        | 51/300 [06:52<33:38,  8.11s/ep][A

tin/rn18/sharp2d/sl/ipc10 s45:  17%|█▋        | 52/300 [07:00<33:30,  8.11s/ep][A

tin/rn18/sharp2d/sl/ipc10 s45:  18%|█▊        | 53/300 [07:08<33:21,  8.11s/ep][A

tin/rn18/sharp2d/sl/ipc10 s45:  18%|█▊        | 54/300 [07:17<33:14,  8.11s/ep][A

tin/rn18/sharp2d/sl/ipc10 s45:  18%|█▊        | 55/300 [07:25<33:05,  8.11s/ep][A

tin/rn18/sharp2d/sl/ipc10 s45:  19%|█▊        | 56/300 [07:33<32:56,  8.10s/ep][A

tin/rn18/sharp2d/sl/ipc10 s45:  19%|█▉        | 57/300 [07:41<32:48,  8.10s/ep][A

tin/rn18/sharp2d/sl/ipc10 s45:  19%|█▉        | 58/300 [07:49<32:40,  8.10s/ep][A

tin/rn18/sharp2d/sl/ipc10 s45:  20%|█▉        | 59/300 [07:57<32:32,  8.10s/ep][A

tin/rn18/sharp2d/sl/ipc10 s45:  20%|██        | 60/300 [08:05<32:24,  8.10s/ep][A

tin/rn18/sharp2d/sl/ipc10 s45:  20%|██        | 61/300 [08:13<32:16,  8.10s/ep][A

tin/rn18/sharp2d/sl/ipc10 s45:  21%|██        | 62/300 [08:21<32:08,  8.10s/ep][A

tin/rn18/sharp2d/sl/ipc10 s45:  21%|██        | 63/300 [08:29<32:00,  8.10s/ep][A

tin/rn18/sharp2d/sl/ipc10 s45:  21%|██▏       | 64/300 [08:38<31:52,  8.10s/ep][A

tin/rn18/sharp2d/sl/ipc10 s45:  22%|██▏       | 65/300 [08:46<31:44,  8.10s/ep][A

tin/rn18/sharp2d/sl/ipc10 s45:  22%|██▏       | 66/300 [08:54<31:35,  8.10s/ep][A

tin/rn18/sharp2d/sl/ipc10 s45:  22%|██▏       | 67/300 [09:02<31:27,  8.10s/ep][A

tin/rn18/sharp2d/sl/ipc10 s45:  23%|██▎       | 68/300 [09:10<31:20,  8.11s/ep][A

tin/rn18/sharp2d/sl/ipc10 s45:  23%|██▎       | 69/300 [09:18<31:11,  8.10s/ep][A

tin/rn18/sharp2d/sl/ipc10 s45:  23%|██▎       | 70/300 [09:26<31:03,  8.10s/ep][A

tin/rn18/sharp2d/sl/ipc10 s45:  24%|██▎       | 71/300 [09:34<30:55,  8.10s/ep][A

tin/rn18/sharp2d/sl/ipc10 s45:  24%|██▍       | 72/300 [09:42<30:46,  8.10s/ep][A

tin/rn18/sharp2d/sl/ipc10 s45:  24%|██▍       | 73/300 [09:50<30:38,  8.10s/ep][A

tin/rn18/sharp2d/sl/ipc10 s45:  25%|██▍       | 74/300 [09:59<30:30,  8.10s/ep][A

tin/rn18/sharp2d/sl/ipc10 s45:  25%|██▌       | 75/300 [10:07<30:22,  8.10s/ep][A

tin/rn18/sharp2d/sl/ipc10 s45:  25%|██▌       | 76/300 [10:15<30:14,  8.10s/ep][A

tin/rn18/sharp2d/sl/ipc10 s45:  26%|██▌       | 77/300 [10:23<30:06,  8.10s/ep][A

tin/rn18/sharp2d/sl/ipc10 s45:  26%|██▌       | 78/300 [10:31<29:58,  8.10s/ep][A

tin/rn18/sharp2d/sl/ipc10 s45:  26%|██▋       | 79/300 [10:39<29:50,  8.10s/ep][A

tin/rn18/sharp2d/sl/ipc10 s45:  27%|██▋       | 80/300 [10:47<29:43,  8.11s/ep][A

tin/rn18/sharp2d/sl/ipc10 s45:  27%|██▋       | 81/300 [10:55<29:34,  8.10s/ep][A

tin/rn18/sharp2d/sl/ipc10 s45:  27%|██▋       | 82/300 [11:03<29:26,  8.10s/ep][A

tin/rn18/sharp2d/sl/ipc10 s45:  28%|██▊       | 83/300 [11:12<29:18,  8.10s/ep][A

tin/rn18/sharp2d/sl/ipc10 s45:  28%|██▊       | 84/300 [11:20<29:10,  8.10s/ep][A

tin/rn18/sharp2d/sl/ipc10 s45:  28%|██▊       | 85/300 [11:28<29:01,  8.10s/ep][A

tin/rn18/sharp2d/sl/ipc10 s45:  29%|██▊       | 86/300 [11:36<28:53,  8.10s/ep][A

tin/rn18/sharp2d/sl/ipc10 s45:  29%|██▉       | 87/300 [11:44<28:46,  8.10s/ep][A

tin/rn18/sharp2d/sl/ipc10 s45:  29%|██▉       | 88/300 [11:52<28:38,  8.11s/ep][A

tin/rn18/sharp2d/sl/ipc10 s45:  30%|██▉       | 89/300 [12:00<28:29,  8.10s/ep][A

tin/rn18/sharp2d/sl/ipc10 s45:  30%|███       | 90/300 [12:08<28:21,  8.10s/ep][A

tin/rn18/sharp2d/sl/ipc10 s45:  30%|███       | 91/300 [12:16<28:13,  8.10s/ep][A

tin/rn18/sharp2d/sl/ipc10 s45:  31%|███       | 92/300 [12:24<28:05,  8.11s/ep][A

tin/rn18/sharp2d/sl/ipc10 s45:  31%|███       | 93/300 [12:33<27:57,  8.10s/ep][A

tin/rn18/sharp2d/sl/ipc10 s45:  31%|███▏      | 94/300 [12:41<27:49,  8.11s/ep][A

tin/rn18/sharp2d/sl/ipc10 s45:  32%|███▏      | 95/300 [12:49<27:41,  8.10s/ep][A

tin/rn18/sharp2d/sl/ipc10 s45:  32%|███▏      | 96/300 [12:57<27:33,  8.10s/ep][A

tin/rn18/sharp2d/sl/ipc10 s45:  32%|███▏      | 97/300 [13:05<27:25,  8.11s/ep][A

tin/rn18/sharp2d/sl/ipc10 s45:  33%|███▎      | 98/300 [13:13<27:16,  8.10s/ep][A

tin/rn18/sharp2d/sl/ipc10 s45:  33%|███▎      | 99/300 [13:21<27:08,  8.10s/ep][A

tin/rn18/sharp2d/sl/ipc10 s45:  33%|███▎      | 100/300 [13:29<27:00,  8.10s/ep][A

tin/rn18/sharp2d/sl/ipc10 s45:  34%|███▎      | 101/300 [13:37<26:52,  8.10s/ep][A

tin/rn18/sharp2d/sl/ipc10 s45:  34%|███▍      | 102/300 [13:45<26:43,  8.10s/ep][A

tin/rn18/sharp2d/sl/ipc10 s45:  34%|███▍      | 103/300 [13:54<26:35,  8.10s/ep][A

tin/rn18/sharp2d/sl/ipc10 s45:  35%|███▍      | 104/300 [14:02<26:28,  8.10s/ep][A

tin/rn18/sharp2d/sl/ipc10 s45:  35%|███▌      | 105/300 [14:10<26:19,  8.10s/ep][A

tin/rn18/sharp2d/sl/ipc10 s45:  35%|███▌      | 106/300 [14:18<26:11,  8.10s/ep][A

tin/rn18/sharp2d/sl/ipc10 s45:  36%|███▌      | 107/300 [14:26<26:03,  8.10s/ep][A

tin/rn18/sharp2d/sl/ipc10 s45:  36%|███▌      | 108/300 [14:34<25:55,  8.10s/ep][A

tin/rn18/sharp2d/sl/ipc10 s45:  36%|███▋      | 109/300 [14:42<25:47,  8.10s/ep][A

tin/rn18/sharp2d/sl/ipc10 s45:  37%|███▋      | 110/300 [14:50<25:39,  8.10s/ep][A

tin/rn18/sharp2d/sl/ipc10 s45:  37%|███▋      | 111/300 [14:58<25:32,  8.11s/ep][A

tin/rn18/sharp2d/sl/ipc10 s45:  37%|███▋      | 112/300 [15:07<25:24,  8.11s/ep][A

tin/rn18/sharp2d/sl/ipc10 s45:  38%|███▊      | 113/300 [15:15<25:15,  8.10s/ep][A

tin/rn18/sharp2d/sl/ipc10 s45:  38%|███▊      | 114/300 [15:23<25:07,  8.10s/ep][A

tin/rn18/sharp2d/sl/ipc10 s45:  38%|███▊      | 115/300 [15:31<24:58,  8.10s/ep][A

tin/rn18/sharp2d/sl/ipc10 s45:  39%|███▊      | 116/300 [15:39<24:50,  8.10s/ep][A

tin/rn18/sharp2d/sl/ipc10 s45:  39%|███▉      | 117/300 [15:47<24:42,  8.10s/ep][A

tin/rn18/sharp2d/sl/ipc10 s45:  39%|███▉      | 118/300 [15:55<24:34,  8.10s/ep][A

tin/rn18/sharp2d/sl/ipc10 s45:  40%|███▉      | 119/300 [16:03<24:27,  8.11s/ep][A

tin/rn18/sharp2d/sl/ipc10 s45:  40%|████      | 120/300 [16:11<24:19,  8.11s/ep][A

tin/rn18/sharp2d/sl/ipc10 s45:  40%|████      | 121/300 [16:19<24:10,  8.10s/ep][A

tin/rn18/sharp2d/sl/ipc10 s45:  41%|████      | 122/300 [16:28<24:02,  8.10s/ep][A

tin/rn18/sharp2d/sl/ipc10 s45:  41%|████      | 123/300 [16:36<23:54,  8.10s/ep][A

tin/rn18/sharp2d/sl/ipc10 s45:  41%|████▏     | 124/300 [16:44<23:46,  8.11s/ep][A

tin/rn18/sharp2d/sl/ipc10 s45:  42%|████▏     | 125/300 [16:52<23:37,  8.10s/ep][A

tin/rn18/sharp2d/sl/ipc10 s45:  42%|████▏     | 126/300 [17:00<23:30,  8.10s/ep][A

tin/rn18/sharp2d/sl/ipc10 s45:  42%|████▏     | 127/300 [17:08<23:21,  8.10s/ep][A

tin/rn18/sharp2d/sl/ipc10 s45:  43%|████▎     | 128/300 [17:16<23:13,  8.10s/ep][A

tin/rn18/sharp2d/sl/ipc10 s45:  43%|████▎     | 129/300 [17:24<23:05,  8.10s/ep][A

tin/rn18/sharp2d/sl/ipc10 s45:  43%|████▎     | 130/300 [17:32<22:57,  8.10s/ep][A

tin/rn18/sharp2d/sl/ipc10 s45:  44%|████▎     | 131/300 [17:40<22:49,  8.10s/ep][A

tin/rn18/sharp2d/sl/ipc10 s45:  44%|████▍     | 132/300 [17:49<22:41,  8.11s/ep][A

tin/rn18/sharp2d/sl/ipc10 s45:  44%|████▍     | 133/300 [17:57<22:33,  8.10s/ep][A

tin/rn18/sharp2d/sl/ipc10 s45:  45%|████▍     | 134/300 [18:05<22:25,  8.10s/ep][A

tin/rn18/sharp2d/sl/ipc10 s45:  45%|████▌     | 135/300 [18:13<22:17,  8.11s/ep][A

tin/rn18/sharp2d/sl/ipc10 s45:  45%|████▌     | 136/300 [18:21<22:08,  8.10s/ep][A

tin/rn18/sharp2d/sl/ipc10 s45:  46%|████▌     | 137/300 [18:29<22:00,  8.10s/ep][A

tin/rn18/sharp2d/sl/ipc10 s45:  46%|████▌     | 138/300 [18:37<21:52,  8.10s/ep][A

tin/rn18/sharp2d/sl/ipc10 s45:  46%|████▋     | 139/300 [18:45<21:44,  8.10s/ep][A

tin/rn18/sharp2d/sl/ipc10 s45:  47%|████▋     | 140/300 [18:53<21:36,  8.10s/ep][A

tin/rn18/sharp2d/sl/ipc10 s45:  47%|████▋     | 141/300 [19:01<21:27,  8.10s/ep][A

tin/rn18/sharp2d/sl/ipc10 s45:  47%|████▋     | 142/300 [19:10<21:19,  8.10s/ep][A

tin/rn18/sharp2d/sl/ipc10 s45:  48%|████▊     | 143/300 [19:18<21:11,  8.10s/ep][A

tin/rn18/sharp2d/sl/ipc10 s45:  48%|████▊     | 144/300 [19:26<21:03,  8.10s/ep][A

tin/rn18/sharp2d/sl/ipc10 s45:  48%|████▊     | 145/300 [19:34<20:55,  8.10s/ep][A

tin/rn18/sharp2d/sl/ipc10 s45:  49%|████▊     | 146/300 [19:42<20:47,  8.10s/ep][A

tin/rn18/sharp2d/sl/ipc10 s45:  49%|████▉     | 147/300 [19:50<20:40,  8.11s/ep][A

tin/rn18/sharp2d/sl/ipc10 s45:  49%|████▉     | 148/300 [19:58<20:32,  8.11s/ep][A

tin/rn18/sharp2d/sl/ipc10 s45:  50%|████▉     | 149/300 [20:06<20:24,  8.11s/ep][A

tin/rn18/sharp2d/sl/ipc10 s45:  50%|█████     | 150/300 [20:14<20:15,  8.10s/ep][A

tin/rn18/sharp2d/sl/ipc10 s45:  50%|█████     | 151/300 [20:23<20:07,  8.11s/ep][A

tin/rn18/sharp2d/sl/ipc10 s45:  51%|█████     | 152/300 [20:31<20:00,  8.11s/ep][A

tin/rn18/sharp2d/sl/ipc10 s45:  51%|█████     | 153/300 [20:39<19:51,  8.11s/ep][A

tin/rn18/sharp2d/sl/ipc10 s45:  51%|█████▏    | 154/300 [20:47<19:43,  8.11s/ep][A

tin/rn18/sharp2d/sl/ipc10 s45:  52%|█████▏    | 155/300 [20:55<19:35,  8.11s/ep][A

tin/rn18/sharp2d/sl/ipc10 s45:  52%|█████▏    | 156/300 [21:03<19:27,  8.11s/ep][A

tin/rn18/sharp2d/sl/ipc10 s45:  52%|█████▏    | 157/300 [21:11<19:19,  8.11s/ep][A

tin/rn18/sharp2d/sl/ipc10 s45:  53%|█████▎    | 158/300 [21:19<19:11,  8.11s/ep][A

tin/rn18/sharp2d/sl/ipc10 s45:  53%|█████▎    | 159/300 [21:27<19:02,  8.10s/ep][A

tin/rn18/sharp2d/sl/ipc10 s45:  53%|█████▎    | 160/300 [21:35<18:54,  8.10s/ep][A

tin/rn18/sharp2d/sl/ipc10 s45:  54%|█████▎    | 161/300 [21:44<18:46,  8.11s/ep][A

tin/rn18/sharp2d/sl/ipc10 s45:  54%|█████▍    | 162/300 [21:52<18:38,  8.10s/ep][A

tin/rn18/sharp2d/sl/ipc10 s45:  54%|█████▍    | 163/300 [22:00<18:29,  8.10s/ep][A

tin/rn18/sharp2d/sl/ipc10 s45:  55%|█████▍    | 164/300 [22:08<18:22,  8.10s/ep][A

tin/rn18/sharp2d/sl/ipc10 s45:  55%|█████▌    | 165/300 [22:16<18:14,  8.11s/ep][A

tin/rn18/sharp2d/sl/ipc10 s45:  55%|█████▌    | 166/300 [22:24<18:06,  8.11s/ep][A

tin/rn18/sharp2d/sl/ipc10 s45:  56%|█████▌    | 167/300 [22:32<17:57,  8.10s/ep][A

tin/rn18/sharp2d/sl/ipc10 s45:  56%|█████▌    | 168/300 [22:40<17:50,  8.11s/ep][A

tin/rn18/sharp2d/sl/ipc10 s45:  56%|█████▋    | 169/300 [22:48<17:41,  8.10s/ep][A

tin/rn18/sharp2d/sl/ipc10 s45:  57%|█████▋    | 170/300 [22:57<17:33,  8.11s/ep][A

tin/rn18/sharp2d/sl/ipc10 s45:  57%|█████▋    | 171/300 [23:05<17:25,  8.10s/ep][A

tin/rn18/sharp2d/sl/ipc10 s45:  57%|█████▋    | 172/300 [23:13<17:17,  8.10s/ep][A

tin/rn18/sharp2d/sl/ipc10 s45:  58%|█████▊    | 173/300 [23:21<17:08,  8.10s/ep][A

tin/rn18/sharp2d/sl/ipc10 s45:  58%|█████▊    | 174/300 [23:29<17:01,  8.10s/ep][A

tin/rn18/sharp2d/sl/ipc10 s45:  58%|█████▊    | 175/300 [23:37<16:52,  8.10s/ep][A

tin/rn18/sharp2d/sl/ipc10 s45:  59%|█████▊    | 176/300 [23:45<16:44,  8.10s/ep][A

tin/rn18/sharp2d/sl/ipc10 s45:  59%|█████▉    | 177/300 [23:53<16:36,  8.10s/ep][A

tin/rn18/sharp2d/sl/ipc10 s45:  59%|█████▉    | 178/300 [24:01<16:28,  8.10s/ep][A

tin/rn18/sharp2d/sl/ipc10 s45:  60%|█████▉    | 179/300 [24:09<16:20,  8.10s/ep][A

tin/rn18/sharp2d/sl/ipc10 s45:  60%|██████    | 180/300 [24:18<16:11,  8.10s/ep][A

tin/rn18/sharp2d/sl/ipc10 s45:  60%|██████    | 181/300 [24:26<16:03,  8.10s/ep][A

tin/rn18/sharp2d/sl/ipc10 s45:  61%|██████    | 182/300 [24:34<15:55,  8.10s/ep][A

tin/rn18/sharp2d/sl/ipc10 s45:  61%|██████    | 183/300 [24:42<15:47,  8.10s/ep][A

tin/rn18/sharp2d/sl/ipc10 s45:  61%|██████▏   | 184/300 [24:50<15:39,  8.10s/ep][A

tin/rn18/sharp2d/sl/ipc10 s45:  62%|██████▏   | 185/300 [24:58<15:31,  8.10s/ep][A

tin/rn18/sharp2d/sl/ipc10 s45:  62%|██████▏   | 186/300 [25:06<15:23,  8.10s/ep][A

tin/rn18/sharp2d/sl/ipc10 s45:  62%|██████▏   | 187/300 [25:14<15:15,  8.10s/ep][A

tin/rn18/sharp2d/sl/ipc10 s45:  63%|██████▎   | 188/300 [25:22<15:07,  8.10s/ep][A

tin/rn18/sharp2d/sl/ipc10 s45:  63%|██████▎   | 189/300 [25:30<14:59,  8.10s/ep][A

tin/rn18/sharp2d/sl/ipc10 s45:  63%|██████▎   | 190/300 [25:39<14:51,  8.10s/ep][A

tin/rn18/sharp2d/sl/ipc10 s45:  64%|██████▎   | 191/300 [25:47<14:42,  8.10s/ep][A

tin/rn18/sharp2d/sl/ipc10 s45:  64%|██████▍   | 192/300 [25:55<14:34,  8.10s/ep][A

tin/rn18/sharp2d/sl/ipc10 s45:  64%|██████▍   | 193/300 [26:03<14:27,  8.10s/ep][A

tin/rn18/sharp2d/sl/ipc10 s45:  65%|██████▍   | 194/300 [26:11<14:18,  8.10s/ep][A

tin/rn18/sharp2d/sl/ipc10 s45:  65%|██████▌   | 195/300 [26:19<14:10,  8.10s/ep][A

tin/rn18/sharp2d/sl/ipc10 s45:  65%|██████▌   | 196/300 [26:27<14:02,  8.10s/ep][A

tin/rn18/sharp2d/sl/ipc10 s45:  66%|██████▌   | 197/300 [26:35<13:54,  8.10s/ep][A

tin/rn18/sharp2d/sl/ipc10 s45:  66%|██████▌   | 198/300 [26:43<13:46,  8.10s/ep][A

tin/rn18/sharp2d/sl/ipc10 s45:  66%|██████▋   | 199/300 [26:52<13:38,  8.11s/ep][A

tin/rn18/sharp2d/sl/ipc10 s45:  67%|██████▋   | 200/300 [27:00<13:30,  8.10s/ep][A

tin/rn18/sharp2d/sl/ipc10 s45:  67%|██████▋   | 201/300 [27:08<13:22,  8.10s/ep][A

tin/rn18/sharp2d/sl/ipc10 s45:  67%|██████▋   | 202/300 [27:16<13:14,  8.11s/ep][A

tin/rn18/sharp2d/sl/ipc10 s45:  68%|██████▊   | 203/300 [27:24<13:06,  8.11s/ep][A

tin/rn18/sharp2d/sl/ipc10 s45:  68%|██████▊   | 204/300 [27:32<12:58,  8.11s/ep][A

tin/rn18/sharp2d/sl/ipc10 s45:  68%|██████▊   | 205/300 [27:40<12:49,  8.11s/ep][A

tin/rn18/sharp2d/sl/ipc10 s45:  69%|██████▊   | 206/300 [27:48<12:42,  8.11s/ep][A

tin/rn18/sharp2d/sl/ipc10 s45:  69%|██████▉   | 207/300 [27:56<12:33,  8.11s/ep][A

tin/rn18/sharp2d/sl/ipc10 s45:  69%|██████▉   | 208/300 [28:04<12:25,  8.11s/ep][A

tin/rn18/sharp2d/sl/ipc10 s45:  70%|██████▉   | 209/300 [28:13<12:17,  8.10s/ep][A

tin/rn18/sharp2d/sl/ipc10 s45:  70%|███████   | 210/300 [28:21<12:09,  8.11s/ep][A

tin/rn18/sharp2d/sl/ipc10 s45:  70%|███████   | 211/300 [28:29<12:01,  8.11s/ep][A

tin/rn18/sharp2d/sl/ipc10 s45:  71%|███████   | 212/300 [28:37<11:53,  8.10s/ep][A

tin/rn18/sharp2d/sl/ipc10 s45:  71%|███████   | 213/300 [28:45<11:44,  8.10s/ep][A

tin/rn18/sharp2d/sl/ipc10 s45:  71%|███████▏  | 214/300 [28:53<11:36,  8.10s/ep][A

tin/rn18/sharp2d/sl/ipc10 s45:  72%|███████▏  | 215/300 [29:01<11:28,  8.10s/ep][A

tin/rn18/sharp2d/sl/ipc10 s45:  72%|███████▏  | 216/300 [29:09<11:20,  8.10s/ep][A

tin/rn18/sharp2d/sl/ipc10 s45:  72%|███████▏  | 217/300 [29:17<11:12,  8.11s/ep][A

tin/rn18/sharp2d/sl/ipc10 s45:  73%|███████▎  | 218/300 [29:26<11:04,  8.11s/ep][A

tin/rn18/sharp2d/sl/ipc10 s45:  73%|███████▎  | 219/300 [29:34<10:56,  8.11s/ep][A

tin/rn18/sharp2d/sl/ipc10 s45:  73%|███████▎  | 220/300 [29:42<10:48,  8.11s/ep][A

tin/rn18/sharp2d/sl/ipc10 s45:  74%|███████▎  | 221/300 [29:50<10:40,  8.11s/ep][A

tin/rn18/sharp2d/sl/ipc10 s45:  74%|███████▍  | 222/300 [29:58<10:32,  8.11s/ep][A

tin/rn18/sharp2d/sl/ipc10 s45:  74%|███████▍  | 223/300 [30:06<10:23,  8.10s/ep][A

tin/rn18/sharp2d/sl/ipc10 s45:  75%|███████▍  | 224/300 [30:14<10:15,  8.10s/ep][A

tin/rn18/sharp2d/sl/ipc10 s45:  75%|███████▌  | 225/300 [30:22<10:07,  8.10s/ep][A

tin/rn18/sharp2d/sl/ipc10 s45:  75%|███████▌  | 226/300 [30:30<09:59,  8.10s/ep][A

tin/rn18/sharp2d/sl/ipc10 s45:  76%|███████▌  | 227/300 [30:38<09:51,  8.10s/ep][A

tin/rn18/sharp2d/sl/ipc10 s45:  76%|███████▌  | 228/300 [30:47<09:43,  8.10s/ep][A

tin/rn18/sharp2d/sl/ipc10 s45:  76%|███████▋  | 229/300 [30:55<09:35,  8.10s/ep][A

tin/rn18/sharp2d/sl/ipc10 s45:  77%|███████▋  | 230/300 [31:03<09:27,  8.10s/ep][A

tin/rn18/sharp2d/sl/ipc10 s45:  77%|███████▋  | 231/300 [31:11<09:19,  8.10s/ep][A

tin/rn18/sharp2d/sl/ipc10 s45:  77%|███████▋  | 232/300 [31:19<09:11,  8.10s/ep][A

tin/rn18/sharp2d/sl/ipc10 s45:  78%|███████▊  | 233/300 [31:27<09:03,  8.10s/ep][A

tin/rn18/sharp2d/sl/ipc10 s45:  78%|███████▊  | 234/300 [31:35<08:54,  8.10s/ep][A

tin/rn18/sharp2d/sl/ipc10 s45:  78%|███████▊  | 235/300 [31:43<08:46,  8.10s/ep][A

tin/rn18/sharp2d/sl/ipc10 s45:  79%|███████▊  | 236/300 [31:51<08:38,  8.10s/ep][A

tin/rn18/sharp2d/sl/ipc10 s45:  79%|███████▉  | 237/300 [31:59<08:30,  8.10s/ep][A

tin/rn18/sharp2d/sl/ipc10 s45:  79%|███████▉  | 238/300 [32:08<08:22,  8.10s/ep][A

tin/rn18/sharp2d/sl/ipc10 s45:  80%|███████▉  | 239/300 [32:16<08:14,  8.10s/ep][A

tin/rn18/sharp2d/sl/ipc10 s45:  80%|████████  | 240/300 [32:24<08:06,  8.10s/ep][A

tin/rn18/sharp2d/sl/ipc10 s45:  80%|████████  | 241/300 [32:32<07:58,  8.10s/ep][A

tin/rn18/sharp2d/sl/ipc10 s45:  81%|████████  | 242/300 [32:40<07:49,  8.10s/ep][A

tin/rn18/sharp2d/sl/ipc10 s45:  81%|████████  | 243/300 [32:48<07:41,  8.10s/ep][A

tin/rn18/sharp2d/sl/ipc10 s45:  81%|████████▏ | 244/300 [32:56<07:33,  8.10s/ep][A

tin/rn18/sharp2d/sl/ipc10 s45:  82%|████████▏ | 245/300 [33:04<07:25,  8.10s/ep][A

tin/rn18/sharp2d/sl/ipc10 s45:  82%|████████▏ | 246/300 [33:12<07:17,  8.10s/ep][A

tin/rn18/sharp2d/sl/ipc10 s45:  82%|████████▏ | 247/300 [33:20<07:09,  8.10s/ep][A

tin/rn18/sharp2d/sl/ipc10 s45:  83%|████████▎ | 248/300 [33:29<07:01,  8.10s/ep][A

tin/rn18/sharp2d/sl/ipc10 s45:  83%|████████▎ | 249/300 [33:37<06:53,  8.10s/ep][A

tin/rn18/sharp2d/sl/ipc10 s45:  83%|████████▎ | 250/300 [33:45<06:45,  8.11s/ep][A

tin/rn18/sharp2d/sl/ipc10 s45:  84%|████████▎ | 251/300 [33:53<06:37,  8.11s/ep][A

tin/rn18/sharp2d/sl/ipc10 s45:  84%|████████▍ | 252/300 [34:01<06:29,  8.11s/ep][A

tin/rn18/sharp2d/sl/ipc10 s45:  84%|████████▍ | 253/300 [34:09<06:20,  8.11s/ep][A

tin/rn18/sharp2d/sl/ipc10 s45:  85%|████████▍ | 254/300 [34:17<06:12,  8.10s/ep][A

tin/rn18/sharp2d/sl/ipc10 s45:  85%|████████▌ | 255/300 [34:25<06:04,  8.10s/ep][A

tin/rn18/sharp2d/sl/ipc10 s45:  85%|████████▌ | 256/300 [34:33<05:56,  8.10s/ep][A

tin/rn18/sharp2d/sl/ipc10 s45:  86%|████████▌ | 257/300 [34:42<05:48,  8.10s/ep][A

tin/rn18/sharp2d/sl/ipc10 s45:  86%|████████▌ | 258/300 [34:50<05:40,  8.10s/ep][A

tin/rn18/sharp2d/sl/ipc10 s45:  86%|████████▋ | 259/300 [34:58<05:32,  8.10s/ep][A

tin/rn18/sharp2d/sl/ipc10 s45:  87%|████████▋ | 260/300 [35:06<05:24,  8.10s/ep][A

tin/rn18/sharp2d/sl/ipc10 s45:  87%|████████▋ | 261/300 [35:14<05:15,  8.10s/ep][A

tin/rn18/sharp2d/sl/ipc10 s45:  87%|████████▋ | 262/300 [35:22<05:07,  8.10s/ep][A

tin/rn18/sharp2d/sl/ipc10 s45:  88%|████████▊ | 263/300 [35:30<04:59,  8.10s/ep][A

tin/rn18/sharp2d/sl/ipc10 s45:  88%|████████▊ | 264/300 [35:38<04:51,  8.10s/ep][A

tin/rn18/sharp2d/sl/ipc10 s45:  88%|████████▊ | 265/300 [35:46<04:43,  8.10s/ep][A

tin/rn18/sharp2d/sl/ipc10 s45:  89%|████████▊ | 266/300 [35:54<04:35,  8.10s/ep][A

tin/rn18/sharp2d/sl/ipc10 s45:  89%|████████▉ | 267/300 [36:03<04:27,  8.11s/ep][A

tin/rn18/sharp2d/sl/ipc10 s45:  89%|████████▉ | 268/300 [36:11<04:19,  8.11s/ep][A

tin/rn18/sharp2d/sl/ipc10 s45:  90%|████████▉ | 269/300 [36:19<04:11,  8.10s/ep][A

tin/rn18/sharp2d/sl/ipc10 s45:  90%|█████████ | 270/300 [36:27<04:03,  8.10s/ep][A

tin/rn18/sharp2d/sl/ipc10 s45:  90%|█████████ | 271/300 [36:35<03:54,  8.10s/ep][A

tin/rn18/sharp2d/sl/ipc10 s45:  91%|█████████ | 272/300 [36:43<03:46,  8.10s/ep][A

tin/rn18/sharp2d/sl/ipc10 s45:  91%|█████████ | 273/300 [36:51<03:38,  8.10s/ep][A

tin/rn18/sharp2d/sl/ipc10 s45:  91%|█████████▏| 274/300 [36:59<03:30,  8.10s/ep][A

tin/rn18/sharp2d/sl/ipc10 s45:  92%|█████████▏| 275/300 [37:07<03:22,  8.11s/ep][A

tin/rn18/sharp2d/sl/ipc10 s45:  92%|█████████▏| 276/300 [37:16<03:14,  8.11s/ep][A

tin/rn18/sharp2d/sl/ipc10 s45:  92%|█████████▏| 277/300 [37:24<03:06,  8.11s/ep][A

tin/rn18/sharp2d/sl/ipc10 s45:  93%|█████████▎| 278/300 [37:32<02:58,  8.11s/ep][A

tin/rn18/sharp2d/sl/ipc10 s45:  93%|█████████▎| 279/300 [37:40<02:50,  8.11s/ep][A

tin/rn18/sharp2d/sl/ipc10 s45:  93%|█████████▎| 280/300 [37:48<02:42,  8.11s/ep][A

tin/rn18/sharp2d/sl/ipc10 s45:  94%|█████████▎| 281/300 [37:56<02:34,  8.11s/ep][A

tin/rn18/sharp2d/sl/ipc10 s45:  94%|█████████▍| 282/300 [38:04<02:25,  8.11s/ep][A

tin/rn18/sharp2d/sl/ipc10 s45:  94%|█████████▍| 283/300 [38:12<02:17,  8.11s/ep][A

tin/rn18/sharp2d/sl/ipc10 s45:  95%|█████████▍| 284/300 [38:20<02:09,  8.10s/ep][A

tin/rn18/sharp2d/sl/ipc10 s45:  95%|█████████▌| 285/300 [38:28<02:01,  8.11s/ep][A

tin/rn18/sharp2d/sl/ipc10 s45:  95%|█████████▌| 286/300 [38:37<01:53,  8.10s/ep][A

tin/rn18/sharp2d/sl/ipc10 s45:  96%|█████████▌| 287/300 [38:45<01:45,  8.10s/ep][A

tin/rn18/sharp2d/sl/ipc10 s45:  96%|█████████▌| 288/300 [38:53<01:37,  8.10s/ep][A

tin/rn18/sharp2d/sl/ipc10 s45:  96%|█████████▋| 289/300 [39:01<01:29,  8.10s/ep][A

tin/rn18/sharp2d/sl/ipc10 s45:  97%|█████████▋| 290/300 [39:09<01:20,  8.10s/ep][A

tin/rn18/sharp2d/sl/ipc10 s45:  97%|█████████▋| 291/300 [39:17<01:12,  8.10s/ep][A

tin/rn18/sharp2d/sl/ipc10 s45:  97%|█████████▋| 292/300 [39:25<01:04,  8.10s/ep][A

tin/rn18/sharp2d/sl/ipc10 s45:  98%|█████████▊| 293/300 [39:33<00:56,  8.10s/ep][A

tin/rn18/sharp2d/sl/ipc10 s45:  98%|█████████▊| 294/300 [39:41<00:48,  8.11s/ep][A

tin/rn18/sharp2d/sl/ipc10 s45:  98%|█████████▊| 295/300 [39:49<00:40,  8.10s/ep][A

tin/rn18/sharp2d/sl/ipc10 s45:  99%|█████████▊| 296/300 [39:58<00:32,  8.10s/ep][A

tin/rn18/sharp2d/sl/ipc10 s45:  99%|█████████▉| 297/300 [40:06<00:24,  8.10s/ep][A

tin/rn18/sharp2d/sl/ipc10 s45:  99%|█████████▉| 298/300 [40:14<00:16,  8.10s/ep][A

tin/rn18/sharp2d/sl/ipc10 s45: 100%|█████████▉| 299/300 [40:22<00:08,  8.10s/ep][A

tin/rn18/sharp2d/sl/ipc10 s45: 100%|██████████| 300/300 [40:30<00:00,  8.10s/ep][A

                                                                                [A[cell] tin/rn18/sharp2d/sl/ipc10 seed45: 11.92%  (2444s)


tin/rn18/sharp2d/sl/ipc10 s46:   0%|          | 0/300 [00:00<?, ?ep/s][A

tin/rn18/sharp2d/sl/ipc10 s46:   0%|          | 1/300 [00:07<37:39,  7.56s/ep][A

tin/rn18/sharp2d/sl/ipc10 s46:   1%|          | 2/300 [00:15<39:07,  7.88s/ep][A

tin/rn18/sharp2d/sl/ipc10 s46:   1%|          | 3/300 [00:23<39:31,  7.98s/ep][A

tin/rn18/sharp2d/sl/ipc10 s46:   1%|▏         | 4/300 [00:31<39:35,  8.03s/ep][A

tin/rn18/sharp2d/sl/ipc10 s46:   2%|▏         | 5/300 [00:39<39:37,  8.06s/ep][A

tin/rn18/sharp2d/sl/ipc10 s46:   2%|▏         | 6/300 [00:48<39:33,  8.07s/ep][A

tin/rn18/sharp2d/sl/ipc10 s46:   2%|▏         | 7/300 [00:56<39:29,  8.09s/ep][A

tin/rn18/sharp2d/sl/ipc10 s46:   3%|▎         | 8/300 [01:04<39:22,  8.09s/ep][A

tin/rn18/sharp2d/sl/ipc10 s46:   3%|▎         | 9/300 [01:12<39:15,  8.09s/ep][A

tin/rn18/sharp2d/sl/ipc10 s46:   3%|▎         | 10/300 [01:20<39:08,  8.10s/ep][A

tin/rn18/sharp2d/sl/ipc10 s46:   4%|▎         | 11/300 [01:28<39:01,  8.10s/ep][A

tin/rn18/sharp2d/sl/ipc10 s46:   4%|▍         | 12/300 [01:36<38:53,  8.10s/ep][A

tin/rn18/sharp2d/sl/ipc10 s46:   4%|▍         | 13/300 [01:44<38:44,  8.10s/ep][A

tin/rn18/sharp2d/sl/ipc10 s46:   5%|▍         | 14/300 [01:52<38:37,  8.10s/ep][A

tin/rn18/sharp2d/sl/ipc10 s46:   5%|▌         | 15/300 [02:01<38:29,  8.10s/ep][A

tin/rn18/sharp2d/sl/ipc10 s46:   5%|▌         | 16/300 [02:09<38:21,  8.10s/ep][A

tin/rn18/sharp2d/sl/ipc10 s46:   6%|▌         | 17/300 [02:17<38:12,  8.10s/ep][A

tin/rn18/sharp2d/sl/ipc10 s46:   6%|▌         | 18/300 [02:25<38:05,  8.11s/ep][A

tin/rn18/sharp2d/sl/ipc10 s46:   6%|▋         | 19/300 [02:33<37:57,  8.11s/ep][A

tin/rn18/sharp2d/sl/ipc10 s46:   7%|▋         | 20/300 [02:41<37:48,  8.10s/ep][A

tin/rn18/sharp2d/sl/ipc10 s46:   7%|▋         | 21/300 [02:49<37:40,  8.10s/ep][A

tin/rn18/sharp2d/sl/ipc10 s46:   7%|▋         | 22/300 [02:57<37:32,  8.10s/ep][A

tin/rn18/sharp2d/sl/ipc10 s46:   8%|▊         | 23/300 [03:05<37:25,  8.10s/ep][A

tin/rn18/sharp2d/sl/ipc10 s46:   8%|▊         | 24/300 [03:13<37:17,  8.11s/ep][A

tin/rn18/sharp2d/sl/ipc10 s46:   8%|▊         | 25/300 [03:22<37:08,  8.10s/ep][A

tin/rn18/sharp2d/sl/ipc10 s46:   9%|▊         | 26/300 [03:30<37:00,  8.10s/ep][A

tin/rn18/sharp2d/sl/ipc10 s46:   9%|▉         | 27/300 [03:38<36:52,  8.10s/ep][A

tin/rn18/sharp2d/sl/ipc10 s46:   9%|▉         | 28/300 [03:46<36:43,  8.10s/ep][A

tin/rn18/sharp2d/sl/ipc10 s46:  10%|▉         | 29/300 [03:54<36:35,  8.10s/ep][A

tin/rn18/sharp2d/sl/ipc10 s46:  10%|█         | 30/300 [04:02<36:27,  8.10s/ep][A

tin/rn18/sharp2d/sl/ipc10 s46:  10%|█         | 31/300 [04:10<36:18,  8.10s/ep][A

tin/rn18/sharp2d/sl/ipc10 s46:  11%|█         | 32/300 [04:18<36:10,  8.10s/ep][A

tin/rn18/sharp2d/sl/ipc10 s46:  11%|█         | 33/300 [04:26<36:01,  8.10s/ep][A

tin/rn18/sharp2d/sl/ipc10 s46:  11%|█▏        | 34/300 [04:34<35:54,  8.10s/ep][A

tin/rn18/sharp2d/sl/ipc10 s46:  12%|█▏        | 35/300 [04:43<35:46,  8.10s/ep][A

tin/rn18/sharp2d/sl/ipc10 s46:  12%|█▏        | 36/300 [04:51<35:38,  8.10s/ep][A

tin/rn18/sharp2d/sl/ipc10 s46:  12%|█▏        | 37/300 [04:59<35:30,  8.10s/ep][A

tin/rn18/sharp2d/sl/ipc10 s46:  13%|█▎        | 38/300 [05:07<35:23,  8.10s/ep][A

tin/rn18/sharp2d/sl/ipc10 s46:  13%|█▎        | 39/300 [05:15<35:14,  8.10s/ep][A

tin/rn18/sharp2d/sl/ipc10 s46:  13%|█▎        | 40/300 [05:23<35:07,  8.10s/ep][A

tin/rn18/sharp2d/sl/ipc10 s46:  14%|█▎        | 41/300 [05:31<34:59,  8.11s/ep][A

tin/rn18/sharp2d/sl/ipc10 s46:  14%|█▍        | 42/300 [05:39<34:51,  8.10s/ep][A

tin/rn18/sharp2d/sl/ipc10 s46:  14%|█▍        | 43/300 [05:47<34:43,  8.11s/ep][A

tin/rn18/sharp2d/sl/ipc10 s46:  15%|█▍        | 44/300 [05:56<34:35,  8.11s/ep][A

tin/rn18/sharp2d/sl/ipc10 s46:  15%|█▌        | 45/300 [06:04<34:26,  8.10s/ep][A

tin/rn18/sharp2d/sl/ipc10 s46:  15%|█▌        | 46/300 [06:12<34:18,  8.10s/ep][A

tin/rn18/sharp2d/sl/ipc10 s46:  16%|█▌        | 47/300 [06:20<34:09,  8.10s/ep][A

tin/rn18/sharp2d/sl/ipc10 s46:  16%|█▌        | 48/300 [06:28<34:02,  8.10s/ep][A

tin/rn18/sharp2d/sl/ipc10 s46:  16%|█▋        | 49/300 [06:36<33:54,  8.11s/ep][A

tin/rn18/sharp2d/sl/ipc10 s46:  17%|█▋        | 50/300 [06:44<33:45,  8.10s/ep][A

tin/rn18/sharp2d/sl/ipc10 s46:  17%|█▋        | 51/300 [06:52<33:37,  8.10s/ep][A

tin/rn18/sharp2d/sl/ipc10 s46:  17%|█▋        | 52/300 [07:00<33:29,  8.10s/ep][A

tin/rn18/sharp2d/sl/ipc10 s46:  18%|█▊        | 53/300 [07:08<33:22,  8.11s/ep][A

tin/rn18/sharp2d/sl/ipc10 s46:  18%|█▊        | 54/300 [07:17<33:14,  8.11s/ep][A

tin/rn18/sharp2d/sl/ipc10 s46:  18%|█▊        | 55/300 [07:25<33:05,  8.10s/ep][A

tin/rn18/sharp2d/sl/ipc10 s46:  19%|█▊        | 56/300 [07:33<32:57,  8.11s/ep][A

tin/rn18/sharp2d/sl/ipc10 s46:  19%|█▉        | 57/300 [07:41<32:49,  8.10s/ep][A

tin/rn18/sharp2d/sl/ipc10 s46:  19%|█▉        | 58/300 [07:49<32:41,  8.11s/ep][A

tin/rn18/sharp2d/sl/ipc10 s46:  20%|█▉        | 59/300 [07:57<32:32,  8.10s/ep][A

tin/rn18/sharp2d/sl/ipc10 s46:  20%|██        | 60/300 [08:05<32:24,  8.10s/ep][A

tin/rn18/sharp2d/sl/ipc10 s46:  20%|██        | 61/300 [08:13<32:16,  8.10s/ep][A

tin/rn18/sharp2d/sl/ipc10 s46:  21%|██        | 62/300 [08:21<32:08,  8.10s/ep][A

tin/rn18/sharp2d/sl/ipc10 s46:  21%|██        | 63/300 [08:29<32:01,  8.11s/ep][A

tin/rn18/sharp2d/sl/ipc10 s46:  21%|██▏       | 64/300 [08:38<31:52,  8.10s/ep][A

tin/rn18/sharp2d/sl/ipc10 s46:  22%|██▏       | 65/300 [08:46<31:43,  8.10s/ep][A

tin/rn18/sharp2d/sl/ipc10 s46:  22%|██▏       | 66/300 [08:54<31:35,  8.10s/ep][A

tin/rn18/sharp2d/sl/ipc10 s46:  22%|██▏       | 67/300 [09:02<31:27,  8.10s/ep][A

tin/rn18/sharp2d/sl/ipc10 s46:  23%|██▎       | 68/300 [09:10<31:20,  8.11s/ep][A

tin/rn18/sharp2d/sl/ipc10 s46:  23%|██▎       | 69/300 [09:18<31:12,  8.10s/ep][A

tin/rn18/sharp2d/sl/ipc10 s46:  23%|██▎       | 70/300 [09:26<31:04,  8.11s/ep][A

tin/rn18/sharp2d/sl/ipc10 s46:  24%|██▎       | 71/300 [09:34<30:56,  8.10s/ep][A

tin/rn18/sharp2d/sl/ipc10 s46:  24%|██▍       | 72/300 [09:42<30:47,  8.10s/ep][A

tin/rn18/sharp2d/sl/ipc10 s46:  24%|██▍       | 73/300 [09:51<30:38,  8.10s/ep][A

tin/rn18/sharp2d/sl/ipc10 s46:  25%|██▍       | 74/300 [09:59<30:30,  8.10s/ep][A

tin/rn18/sharp2d/sl/ipc10 s46:  25%|██▌       | 75/300 [10:07<30:22,  8.10s/ep][A

tin/rn18/sharp2d/sl/ipc10 s46:  25%|██▌       | 76/300 [10:15<30:14,  8.10s/ep][A

tin/rn18/sharp2d/sl/ipc10 s46:  26%|██▌       | 77/300 [10:23<30:06,  8.10s/ep][A

tin/rn18/sharp2d/sl/ipc10 s46:  26%|██▌       | 78/300 [10:31<29:59,  8.10s/ep][A

tin/rn18/sharp2d/sl/ipc10 s46:  26%|██▋       | 79/300 [10:39<29:50,  8.10s/ep][A

tin/rn18/sharp2d/sl/ipc10 s46:  27%|██▋       | 80/300 [10:47<29:42,  8.10s/ep][A

tin/rn18/sharp2d/sl/ipc10 s46:  27%|██▋       | 81/300 [10:55<29:34,  8.10s/ep][A

tin/rn18/sharp2d/sl/ipc10 s46:  27%|██▋       | 82/300 [11:03<29:26,  8.10s/ep][A

tin/rn18/sharp2d/sl/ipc10 s46:  28%|██▊       | 83/300 [11:12<29:18,  8.10s/ep][A

tin/rn18/sharp2d/sl/ipc10 s46:  28%|██▊       | 84/300 [11:20<29:10,  8.10s/ep][A

tin/rn18/sharp2d/sl/ipc10 s46:  28%|██▊       | 85/300 [11:28<29:02,  8.10s/ep][A

tin/rn18/sharp2d/sl/ipc10 s46:  29%|██▊       | 86/300 [11:36<28:54,  8.10s/ep][A

tin/rn18/sharp2d/sl/ipc10 s46:  29%|██▉       | 87/300 [11:44<28:45,  8.10s/ep][A

tin/rn18/sharp2d/sl/ipc10 s46:  29%|██▉       | 88/300 [11:52<28:37,  8.10s/ep][A

tin/rn18/sharp2d/sl/ipc10 s46:  30%|██▉       | 89/300 [12:00<28:29,  8.10s/ep][A

tin/rn18/sharp2d/sl/ipc10 s46:  30%|███       | 90/300 [12:08<28:21,  8.10s/ep][A

tin/rn18/sharp2d/sl/ipc10 s46:  30%|███       | 91/300 [12:16<28:13,  8.10s/ep][A

tin/rn18/sharp2d/sl/ipc10 s46:  31%|███       | 92/300 [12:24<28:05,  8.10s/ep][A

tin/rn18/sharp2d/sl/ipc10 s46:  31%|███       | 93/300 [12:33<27:56,  8.10s/ep][A

tin/rn18/sharp2d/sl/ipc10 s46:  31%|███▏      | 94/300 [12:41<27:48,  8.10s/ep][A

tin/rn18/sharp2d/sl/ipc10 s46:  32%|███▏      | 95/300 [12:49<27:40,  8.10s/ep][A

tin/rn18/sharp2d/sl/ipc10 s46:  32%|███▏      | 96/300 [12:57<27:31,  8.10s/ep][A

tin/rn18/sharp2d/sl/ipc10 s46:  32%|███▏      | 97/300 [13:05<27:24,  8.10s/ep][A

tin/rn18/sharp2d/sl/ipc10 s46:  33%|███▎      | 98/300 [13:13<27:16,  8.10s/ep][A

tin/rn18/sharp2d/sl/ipc10 s46:  33%|███▎      | 99/300 [13:21<27:08,  8.10s/ep][A

tin/rn18/sharp2d/sl/ipc10 s46:  33%|███▎      | 100/300 [13:29<27:00,  8.10s/ep][A

tin/rn18/sharp2d/sl/ipc10 s46:  34%|███▎      | 101/300 [13:37<26:52,  8.10s/ep][A

tin/rn18/sharp2d/sl/ipc10 s46:  34%|███▍      | 102/300 [13:45<26:44,  8.10s/ep][A

tin/rn18/sharp2d/sl/ipc10 s46:  34%|███▍      | 103/300 [13:54<26:36,  8.10s/ep][A

tin/rn18/sharp2d/sl/ipc10 s46:  35%|███▍      | 104/300 [14:02<26:27,  8.10s/ep][A

tin/rn18/sharp2d/sl/ipc10 s46:  35%|███▌      | 105/300 [14:10<26:19,  8.10s/ep][A

tin/rn18/sharp2d/sl/ipc10 s46:  35%|███▌      | 106/300 [14:18<26:11,  8.10s/ep][A

tin/rn18/sharp2d/sl/ipc10 s46:  36%|███▌      | 107/300 [14:26<26:04,  8.11s/ep][A

tin/rn18/sharp2d/sl/ipc10 s46:  36%|███▌      | 108/300 [14:34<25:55,  8.10s/ep][A

tin/rn18/sharp2d/sl/ipc10 s46:  36%|███▋      | 109/300 [14:42<25:47,  8.10s/ep][A

tin/rn18/sharp2d/sl/ipc10 s46:  37%|███▋      | 110/300 [14:50<25:39,  8.10s/ep][A

tin/rn18/sharp2d/sl/ipc10 s46:  37%|███▋      | 111/300 [14:58<25:30,  8.10s/ep][A

tin/rn18/sharp2d/sl/ipc10 s46:  37%|███▋      | 112/300 [15:06<25:23,  8.10s/ep][A

tin/rn18/sharp2d/sl/ipc10 s46:  38%|███▊      | 113/300 [15:15<25:15,  8.10s/ep][A

tin/rn18/sharp2d/sl/ipc10 s46:  38%|███▊      | 114/300 [15:23<25:07,  8.10s/ep][A

tin/rn18/sharp2d/sl/ipc10 s46:  38%|███▊      | 115/300 [15:31<24:58,  8.10s/ep][A

tin/rn18/sharp2d/sl/ipc10 s46:  39%|███▊      | 116/300 [15:39<24:50,  8.10s/ep][A

tin/rn18/sharp2d/sl/ipc10 s46:  39%|███▉      | 117/300 [15:47<24:43,  8.10s/ep][A

tin/rn18/sharp2d/sl/ipc10 s46:  39%|███▉      | 118/300 [15:55<24:35,  8.10s/ep][A

tin/rn18/sharp2d/sl/ipc10 s46:  40%|███▉      | 119/300 [16:03<24:27,  8.11s/ep][A

tin/rn18/sharp2d/sl/ipc10 s46:  40%|████      | 120/300 [16:11<24:19,  8.11s/ep][A

tin/rn18/sharp2d/sl/ipc10 s46:  40%|████      | 121/300 [16:19<24:11,  8.11s/ep][A

tin/rn18/sharp2d/sl/ipc10 s46:  41%|████      | 122/300 [16:28<24:03,  8.11s/ep][A

tin/rn18/sharp2d/sl/ipc10 s46:  41%|████      | 123/300 [16:36<23:54,  8.11s/ep][A

tin/rn18/sharp2d/sl/ipc10 s46:  41%|████▏     | 124/300 [16:44<23:46,  8.10s/ep][A

tin/rn18/sharp2d/sl/ipc10 s46:  42%|████▏     | 125/300 [16:52<23:38,  8.10s/ep][A

tin/rn18/sharp2d/sl/ipc10 s46:  42%|████▏     | 126/300 [17:00<23:30,  8.10s/ep][A

tin/rn18/sharp2d/sl/ipc10 s46:  42%|████▏     | 127/300 [17:08<23:21,  8.10s/ep][A

tin/rn18/sharp2d/sl/ipc10 s46:  43%|████▎     | 128/300 [17:16<23:14,  8.11s/ep][A

tin/rn18/sharp2d/sl/ipc10 s46:  43%|████▎     | 129/300 [17:24<23:05,  8.10s/ep][A

tin/rn18/sharp2d/sl/ipc10 s46:  43%|████▎     | 130/300 [17:32<22:57,  8.10s/ep][A

tin/rn18/sharp2d/sl/ipc10 s46:  44%|████▎     | 131/300 [17:40<22:49,  8.11s/ep][A

tin/rn18/sharp2d/sl/ipc10 s46:  44%|████▍     | 132/300 [17:49<22:41,  8.10s/ep][A

tin/rn18/sharp2d/sl/ipc10 s46:  44%|████▍     | 133/300 [17:57<22:33,  8.10s/ep][A

tin/rn18/sharp2d/sl/ipc10 s46:  45%|████▍     | 134/300 [18:05<22:25,  8.10s/ep][A

tin/rn18/sharp2d/sl/ipc10 s46:  45%|████▌     | 135/300 [18:13<22:17,  8.11s/ep][A

tin/rn18/sharp2d/sl/ipc10 s46:  45%|████▌     | 136/300 [18:21<22:09,  8.10s/ep][A

tin/rn18/sharp2d/sl/ipc10 s46:  46%|████▌     | 137/300 [18:29<22:00,  8.10s/ep][A

tin/rn18/sharp2d/sl/ipc10 s46:  46%|████▌     | 138/300 [18:37<21:52,  8.10s/ep][A

tin/rn18/sharp2d/sl/ipc10 s46:  46%|████▋     | 139/300 [18:45<21:43,  8.10s/ep][A

tin/rn18/sharp2d/sl/ipc10 s46:  47%|████▋     | 140/300 [18:53<21:36,  8.10s/ep][A

tin/rn18/sharp2d/sl/ipc10 s46:  47%|████▋     | 141/300 [19:02<21:28,  8.10s/ep][A

tin/rn18/sharp2d/sl/ipc10 s46:  47%|████▋     | 142/300 [19:10<21:20,  8.10s/ep][A

tin/rn18/sharp2d/sl/ipc10 s46:  48%|████▊     | 143/300 [19:18<21:12,  8.10s/ep][A

tin/rn18/sharp2d/sl/ipc10 s46:  48%|████▊     | 144/300 [19:26<21:03,  8.10s/ep][A

tin/rn18/sharp2d/sl/ipc10 s46:  48%|████▊     | 145/300 [19:34<20:55,  8.10s/ep][A

tin/rn18/sharp2d/sl/ipc10 s46:  49%|████▊     | 146/300 [19:42<20:47,  8.10s/ep][A

tin/rn18/sharp2d/sl/ipc10 s46:  49%|████▉     | 147/300 [19:50<20:39,  8.10s/ep][A

tin/rn18/sharp2d/sl/ipc10 s46:  49%|████▉     | 148/300 [19:58<20:32,  8.11s/ep][A

tin/rn18/sharp2d/sl/ipc10 s46:  50%|████▉     | 149/300 [20:06<20:23,  8.10s/ep][A

tin/rn18/sharp2d/sl/ipc10 s46:  50%|█████     | 150/300 [20:14<20:15,  8.10s/ep][A

tin/rn18/sharp2d/sl/ipc10 s46:  50%|█████     | 151/300 [20:23<20:06,  8.10s/ep][A

tin/rn18/sharp2d/sl/ipc10 s46:  51%|█████     | 152/300 [20:31<19:59,  8.11s/ep][A

tin/rn18/sharp2d/sl/ipc10 s46:  51%|█████     | 153/300 [20:39<19:51,  8.11s/ep][A

tin/rn18/sharp2d/sl/ipc10 s46:  51%|█████▏    | 154/300 [20:47<19:43,  8.11s/ep][A

tin/rn18/sharp2d/sl/ipc10 s46:  52%|█████▏    | 155/300 [20:55<19:35,  8.10s/ep][A

tin/rn18/sharp2d/sl/ipc10 s46:  52%|█████▏    | 156/300 [21:03<19:26,  8.10s/ep][A

tin/rn18/sharp2d/sl/ipc10 s46:  52%|█████▏    | 157/300 [21:11<19:18,  8.10s/ep][A

tin/rn18/sharp2d/sl/ipc10 s46:  53%|█████▎    | 158/300 [21:19<19:10,  8.10s/ep][A

tin/rn18/sharp2d/sl/ipc10 s46:  53%|█████▎    | 159/300 [21:27<19:02,  8.10s/ep][A

tin/rn18/sharp2d/sl/ipc10 s46:  53%|█████▎    | 160/300 [21:35<18:54,  8.10s/ep][A

tin/rn18/sharp2d/sl/ipc10 s46:  54%|█████▎    | 161/300 [21:44<18:46,  8.10s/ep][A

tin/rn18/sharp2d/sl/ipc10 s46:  54%|█████▍    | 162/300 [21:52<18:38,  8.10s/ep][A

tin/rn18/sharp2d/sl/ipc10 s46:  54%|█████▍    | 163/300 [22:00<18:30,  8.11s/ep][A

tin/rn18/sharp2d/sl/ipc10 s46:  55%|█████▍    | 164/300 [22:08<18:22,  8.11s/ep][A

tin/rn18/sharp2d/sl/ipc10 s46:  55%|█████▌    | 165/300 [22:16<18:14,  8.11s/ep][A

tin/rn18/sharp2d/sl/ipc10 s46:  55%|█████▌    | 166/300 [22:24<18:06,  8.11s/ep][A

tin/rn18/sharp2d/sl/ipc10 s46:  56%|█████▌    | 167/300 [22:32<17:58,  8.11s/ep][A

tin/rn18/sharp2d/sl/ipc10 s46:  56%|█████▌    | 168/300 [22:40<17:50,  8.11s/ep][A

tin/rn18/sharp2d/sl/ipc10 s46:  56%|█████▋    | 169/300 [22:48<17:41,  8.10s/ep][A

tin/rn18/sharp2d/sl/ipc10 s46:  57%|█████▋    | 170/300 [22:57<17:33,  8.10s/ep][A

tin/rn18/sharp2d/sl/ipc10 s46:  57%|█████▋    | 171/300 [23:05<17:25,  8.10s/ep][A

tin/rn18/sharp2d/sl/ipc10 s46:  57%|█████▋    | 172/300 [23:13<17:17,  8.11s/ep][A

tin/rn18/sharp2d/sl/ipc10 s46:  58%|█████▊    | 173/300 [23:21<17:09,  8.10s/ep][A

tin/rn18/sharp2d/sl/ipc10 s46:  58%|█████▊    | 174/300 [23:29<17:01,  8.10s/ep][A

tin/rn18/sharp2d/sl/ipc10 s46:  58%|█████▊    | 175/300 [23:37<16:52,  8.10s/ep][A

tin/rn18/sharp2d/sl/ipc10 s46:  59%|█████▊    | 176/300 [23:45<16:45,  8.11s/ep][A

tin/rn18/sharp2d/sl/ipc10 s46:  59%|█████▉    | 177/300 [23:53<16:36,  8.10s/ep][A

tin/rn18/sharp2d/sl/ipc10 s46:  59%|█████▉    | 178/300 [24:01<16:28,  8.10s/ep][A

tin/rn18/sharp2d/sl/ipc10 s46:  60%|█████▉    | 179/300 [24:09<16:19,  8.10s/ep][A

tin/rn18/sharp2d/sl/ipc10 s46:  60%|██████    | 180/300 [24:18<16:12,  8.10s/ep][A

tin/rn18/sharp2d/sl/ipc10 s46:  60%|██████    | 181/300 [24:26<16:04,  8.10s/ep][A

tin/rn18/sharp2d/sl/ipc10 s46:  61%|██████    | 182/300 [24:34<15:56,  8.10s/ep][A

tin/rn18/sharp2d/sl/ipc10 s46:  61%|██████    | 183/300 [24:42<15:47,  8.10s/ep][A

tin/rn18/sharp2d/sl/ipc10 s46:  61%|██████▏   | 184/300 [24:50<15:39,  8.10s/ep][A

tin/rn18/sharp2d/sl/ipc10 s46:  62%|██████▏   | 185/300 [24:58<15:32,  8.10s/ep][A

tin/rn18/sharp2d/sl/ipc10 s46:  62%|██████▏   | 186/300 [25:06<15:23,  8.10s/ep][A

tin/rn18/sharp2d/sl/ipc10 s46:  62%|██████▏   | 187/300 [25:14<15:15,  8.10s/ep][A

tin/rn18/sharp2d/sl/ipc10 s46:  63%|██████▎   | 188/300 [25:22<15:07,  8.10s/ep][A

tin/rn18/sharp2d/sl/ipc10 s46:  63%|██████▎   | 189/300 [25:30<14:59,  8.10s/ep][A

tin/rn18/sharp2d/sl/ipc10 s46:  63%|██████▎   | 190/300 [25:39<14:51,  8.10s/ep][A

tin/rn18/sharp2d/sl/ipc10 s46:  64%|██████▎   | 191/300 [25:47<14:43,  8.10s/ep][A

tin/rn18/sharp2d/sl/ipc10 s46:  64%|██████▍   | 192/300 [25:55<14:35,  8.11s/ep][A

tin/rn18/sharp2d/sl/ipc10 s46:  64%|██████▍   | 193/300 [26:03<14:27,  8.10s/ep][A

tin/rn18/sharp2d/sl/ipc10 s46:  65%|██████▍   | 194/300 [26:11<14:18,  8.10s/ep][A

tin/rn18/sharp2d/sl/ipc10 s46:  65%|██████▌   | 195/300 [26:19<14:10,  8.10s/ep][A

tin/rn18/sharp2d/sl/ipc10 s46:  65%|██████▌   | 196/300 [26:27<14:02,  8.10s/ep][A

tin/rn18/sharp2d/sl/ipc10 s46:  66%|██████▌   | 197/300 [26:35<13:54,  8.10s/ep][A

tin/rn18/sharp2d/sl/ipc10 s46:  66%|██████▌   | 198/300 [26:43<13:46,  8.10s/ep][A

tin/rn18/sharp2d/sl/ipc10 s46:  66%|██████▋   | 199/300 [26:52<13:38,  8.10s/ep][A

tin/rn18/sharp2d/sl/ipc10 s46:  67%|██████▋   | 200/300 [27:00<13:30,  8.10s/ep][A

tin/rn18/sharp2d/sl/ipc10 s46:  67%|██████▋   | 201/300 [27:08<13:22,  8.10s/ep][A

tin/rn18/sharp2d/sl/ipc10 s46:  67%|██████▋   | 202/300 [27:16<13:13,  8.10s/ep][A

tin/rn18/sharp2d/sl/ipc10 s46:  68%|██████▊   | 203/300 [27:24<13:06,  8.11s/ep][A

tin/rn18/sharp2d/sl/ipc10 s46:  68%|██████▊   | 204/300 [27:32<12:58,  8.10s/ep][A

tin/rn18/sharp2d/sl/ipc10 s46:  68%|██████▊   | 205/300 [27:40<12:50,  8.11s/ep][A

tin/rn18/sharp2d/sl/ipc10 s46:  69%|██████▊   | 206/300 [27:48<12:41,  8.11s/ep][A

tin/rn18/sharp2d/sl/ipc10 s46:  69%|██████▉   | 207/300 [27:56<12:33,  8.11s/ep][A

tin/rn18/sharp2d/sl/ipc10 s46:  69%|██████▉   | 208/300 [28:04<12:25,  8.11s/ep][A

tin/rn18/sharp2d/sl/ipc10 s46:  70%|██████▉   | 209/300 [28:13<12:17,  8.10s/ep][A

tin/rn18/sharp2d/sl/ipc10 s46:  70%|███████   | 210/300 [28:21<12:09,  8.11s/ep][A

tin/rn18/sharp2d/sl/ipc10 s46:  70%|███████   | 211/300 [28:29<12:01,  8.11s/ep][A

tin/rn18/sharp2d/sl/ipc10 s46:  71%|███████   | 212/300 [28:37<11:53,  8.10s/ep][A

tin/rn18/sharp2d/sl/ipc10 s46:  71%|███████   | 213/300 [28:45<11:44,  8.10s/ep][A

tin/rn18/sharp2d/sl/ipc10 s46:  71%|███████▏  | 214/300 [28:53<11:36,  8.10s/ep][A

tin/rn18/sharp2d/sl/ipc10 s46:  72%|███████▏  | 215/300 [29:01<11:28,  8.10s/ep][A

tin/rn18/sharp2d/sl/ipc10 s46:  72%|███████▏  | 216/300 [29:09<11:20,  8.10s/ep][A

tin/rn18/sharp2d/sl/ipc10 s46:  72%|███████▏  | 217/300 [29:17<11:12,  8.10s/ep][A

tin/rn18/sharp2d/sl/ipc10 s46:  73%|███████▎  | 218/300 [29:25<11:04,  8.10s/ep][A

tin/rn18/sharp2d/sl/ipc10 s46:  73%|███████▎  | 219/300 [29:34<10:56,  8.11s/ep][A

tin/rn18/sharp2d/sl/ipc10 s46:  73%|███████▎  | 220/300 [29:42<10:48,  8.11s/ep][A

tin/rn18/sharp2d/sl/ipc10 s46:  74%|███████▎  | 221/300 [29:50<10:40,  8.10s/ep][A

tin/rn18/sharp2d/sl/ipc10 s46:  74%|███████▍  | 222/300 [29:58<10:32,  8.10s/ep][A

tin/rn18/sharp2d/sl/ipc10 s46:  74%|███████▍  | 223/300 [30:06<10:23,  8.10s/ep][A

tin/rn18/sharp2d/sl/ipc10 s46:  75%|███████▍  | 224/300 [30:14<10:15,  8.10s/ep][A

tin/rn18/sharp2d/sl/ipc10 s46:  75%|███████▌  | 225/300 [30:22<10:07,  8.10s/ep][A

tin/rn18/sharp2d/sl/ipc10 s46:  75%|███████▌  | 226/300 [30:30<09:59,  8.10s/ep][A

tin/rn18/sharp2d/sl/ipc10 s46:  76%|███████▌  | 227/300 [30:38<09:51,  8.10s/ep][A

tin/rn18/sharp2d/sl/ipc10 s46:  76%|███████▌  | 228/300 [30:47<09:43,  8.10s/ep][A

tin/rn18/sharp2d/sl/ipc10 s46:  76%|███████▋  | 229/300 [30:55<09:35,  8.10s/ep][A

tin/rn18/sharp2d/sl/ipc10 s46:  77%|███████▋  | 230/300 [31:03<09:27,  8.11s/ep][A

tin/rn18/sharp2d/sl/ipc10 s46:  77%|███████▋  | 231/300 [31:11<09:19,  8.11s/ep][A

tin/rn18/sharp2d/sl/ipc10 s46:  77%|███████▋  | 232/300 [31:19<09:11,  8.11s/ep][A

tin/rn18/sharp2d/sl/ipc10 s46:  78%|███████▊  | 233/300 [31:27<09:02,  8.10s/ep][A

tin/rn18/sharp2d/sl/ipc10 s46:  78%|███████▊  | 234/300 [31:35<08:54,  8.10s/ep][A

tin/rn18/sharp2d/sl/ipc10 s46:  78%|███████▊  | 235/300 [31:43<08:46,  8.10s/ep][A

tin/rn18/sharp2d/sl/ipc10 s46:  79%|███████▊  | 236/300 [31:51<08:38,  8.10s/ep][A

tin/rn18/sharp2d/sl/ipc10 s46:  79%|███████▉  | 237/300 [31:59<08:30,  8.10s/ep][A

tin/rn18/sharp2d/sl/ipc10 s46:  79%|███████▉  | 238/300 [32:08<08:22,  8.10s/ep][A

tin/rn18/sharp2d/sl/ipc10 s46:  80%|███████▉  | 239/300 [32:16<08:14,  8.10s/ep][A

tin/rn18/sharp2d/sl/ipc10 s46:  80%|████████  | 240/300 [32:24<08:06,  8.10s/ep][A

tin/rn18/sharp2d/sl/ipc10 s46:  80%|████████  | 241/300 [32:32<07:58,  8.10s/ep][A

tin/rn18/sharp2d/sl/ipc10 s46:  81%|████████  | 242/300 [32:40<07:49,  8.10s/ep][A

tin/rn18/sharp2d/sl/ipc10 s46:  81%|████████  | 243/300 [32:48<07:41,  8.10s/ep][A

tin/rn18/sharp2d/sl/ipc10 s46:  81%|████████▏ | 244/300 [32:56<07:33,  8.10s/ep][A

tin/rn18/sharp2d/sl/ipc10 s46:  82%|████████▏ | 245/300 [33:04<07:25,  8.10s/ep][A

tin/rn18/sharp2d/sl/ipc10 s46:  82%|████████▏ | 246/300 [33:12<07:17,  8.10s/ep][A

tin/rn18/sharp2d/sl/ipc10 s46:  82%|████████▏ | 247/300 [33:20<07:09,  8.10s/ep][A

tin/rn18/sharp2d/sl/ipc10 s46:  83%|████████▎ | 248/300 [33:29<07:01,  8.10s/ep][A

tin/rn18/sharp2d/sl/ipc10 s46:  83%|████████▎ | 249/300 [33:37<06:53,  8.11s/ep][A

tin/rn18/sharp2d/sl/ipc10 s46:  83%|████████▎ | 250/300 [33:45<06:45,  8.11s/ep][A

tin/rn18/sharp2d/sl/ipc10 s46:  84%|████████▎ | 251/300 [33:53<06:37,  8.11s/ep][A

tin/rn18/sharp2d/sl/ipc10 s46:  84%|████████▍ | 252/300 [34:01<06:29,  8.11s/ep][A

tin/rn18/sharp2d/sl/ipc10 s46:  84%|████████▍ | 253/300 [34:09<06:20,  8.11s/ep][A

tin/rn18/sharp2d/sl/ipc10 s46:  85%|████████▍ | 254/300 [34:17<06:12,  8.10s/ep][A

tin/rn18/sharp2d/sl/ipc10 s46:  85%|████████▌ | 255/300 [34:25<06:04,  8.11s/ep][A

tin/rn18/sharp2d/sl/ipc10 s46:  85%|████████▌ | 256/300 [34:33<05:56,  8.10s/ep][A

tin/rn18/sharp2d/sl/ipc10 s46:  86%|████████▌ | 257/300 [34:42<05:48,  8.11s/ep][A

tin/rn18/sharp2d/sl/ipc10 s46:  86%|████████▌ | 258/300 [34:50<05:40,  8.10s/ep][A

tin/rn18/sharp2d/sl/ipc10 s46:  86%|████████▋ | 259/300 [34:58<05:32,  8.10s/ep][A

tin/rn18/sharp2d/sl/ipc10 s46:  87%|████████▋ | 260/300 [35:06<05:24,  8.10s/ep][A

tin/rn18/sharp2d/sl/ipc10 s46:  87%|████████▋ | 261/300 [35:14<05:16,  8.10s/ep][A

tin/rn18/sharp2d/sl/ipc10 s46:  87%|████████▋ | 262/300 [35:22<05:07,  8.10s/ep][A

tin/rn18/sharp2d/sl/ipc10 s46:  88%|████████▊ | 263/300 [35:30<04:59,  8.10s/ep][A

tin/rn18/sharp2d/sl/ipc10 s46:  88%|████████▊ | 264/300 [35:38<04:51,  8.10s/ep][A

tin/rn18/sharp2d/sl/ipc10 s46:  88%|████████▊ | 265/300 [35:46<04:43,  8.10s/ep][A

tin/rn18/sharp2d/sl/ipc10 s46:  89%|████████▊ | 266/300 [35:54<04:35,  8.10s/ep][A

tin/rn18/sharp2d/sl/ipc10 s46:  89%|████████▉ | 267/300 [36:03<04:27,  8.10s/ep][A

tin/rn18/sharp2d/sl/ipc10 s46:  89%|████████▉ | 268/300 [36:11<04:19,  8.10s/ep][A

tin/rn18/sharp2d/sl/ipc10 s46:  90%|████████▉ | 269/300 [36:19<04:11,  8.10s/ep][A

tin/rn18/sharp2d/sl/ipc10 s46:  90%|█████████ | 270/300 [36:27<04:03,  8.10s/ep][A

tin/rn18/sharp2d/sl/ipc10 s46:  90%|█████████ | 271/300 [36:35<03:55,  8.10s/ep][A

tin/rn18/sharp2d/sl/ipc10 s46:  91%|█████████ | 272/300 [36:43<03:47,  8.11s/ep][A

tin/rn18/sharp2d/sl/ipc10 s46:  91%|█████████ | 273/300 [36:51<03:38,  8.10s/ep][A

tin/rn18/sharp2d/sl/ipc10 s46:  91%|█████████▏| 274/300 [36:59<03:30,  8.11s/ep][A

tin/rn18/sharp2d/sl/ipc10 s46:  92%|█████████▏| 275/300 [37:07<03:22,  8.10s/ep][A

tin/rn18/sharp2d/sl/ipc10 s46:  92%|█████████▏| 276/300 [37:15<03:14,  8.10s/ep][A

tin/rn18/sharp2d/sl/ipc10 s46:  92%|█████████▏| 277/300 [37:24<03:06,  8.10s/ep][A

tin/rn18/sharp2d/sl/ipc10 s46:  93%|█████████▎| 278/300 [37:32<02:58,  8.10s/ep][A

tin/rn18/sharp2d/sl/ipc10 s46:  93%|█████████▎| 279/300 [37:40<02:50,  8.10s/ep][A

tin/rn18/sharp2d/sl/ipc10 s46:  93%|█████████▎| 280/300 [37:48<02:42,  8.10s/ep][A

tin/rn18/sharp2d/sl/ipc10 s46:  94%|█████████▎| 281/300 [37:56<02:33,  8.10s/ep][A

tin/rn18/sharp2d/sl/ipc10 s46:  94%|█████████▍| 282/300 [38:04<02:25,  8.11s/ep][A

tin/rn18/sharp2d/sl/ipc10 s46:  94%|█████████▍| 283/300 [38:12<02:17,  8.11s/ep][A

tin/rn18/sharp2d/sl/ipc10 s46:  95%|█████████▍| 284/300 [38:20<02:09,  8.11s/ep][A

tin/rn18/sharp2d/sl/ipc10 s46:  95%|█████████▌| 285/300 [38:28<02:01,  8.11s/ep][A

tin/rn18/sharp2d/sl/ipc10 s46:  95%|█████████▌| 286/300 [38:37<01:53,  8.11s/ep][A

tin/rn18/sharp2d/sl/ipc10 s46:  96%|█████████▌| 287/300 [38:45<01:45,  8.11s/ep][A

tin/rn18/sharp2d/sl/ipc10 s46:  96%|█████████▌| 288/300 [38:53<01:37,  8.11s/ep][A

tin/rn18/sharp2d/sl/ipc10 s46:  96%|█████████▋| 289/300 [39:01<01:29,  8.11s/ep][A

tin/rn18/sharp2d/sl/ipc10 s46:  97%|█████████▋| 290/300 [39:09<01:21,  8.11s/ep][A

tin/rn18/sharp2d/sl/ipc10 s46:  97%|█████████▋| 291/300 [39:17<01:12,  8.10s/ep][A

tin/rn18/sharp2d/sl/ipc10 s46:  97%|█████████▋| 292/300 [39:25<01:04,  8.10s/ep][A

tin/rn18/sharp2d/sl/ipc10 s46:  98%|█████████▊| 293/300 [39:33<00:56,  8.10s/ep][A

tin/rn18/sharp2d/sl/ipc10 s46:  98%|█████████▊| 294/300 [39:41<00:48,  8.10s/ep][A

tin/rn18/sharp2d/sl/ipc10 s46:  98%|█████████▊| 295/300 [39:49<00:40,  8.10s/ep][A

tin/rn18/sharp2d/sl/ipc10 s46:  99%|█████████▊| 296/300 [39:58<00:32,  8.11s/ep][A

tin/rn18/sharp2d/sl/ipc10 s46:  99%|█████████▉| 297/300 [40:06<00:24,  8.11s/ep][A

tin/rn18/sharp2d/sl/ipc10 s46:  99%|█████████▉| 298/300 [40:14<00:16,  8.10s/ep][A

tin/rn18/sharp2d/sl/ipc10 s46: 100%|█████████▉| 299/300 [40:22<00:08,  8.10s/ep][A

tin/rn18/sharp2d/sl/ipc10 s46: 100%|██████████| 300/300 [40:30<00:00,  8.10s/ep][A

                                                                                [A[cell] tin/rn18/sharp2d/sl/ipc10 seed46: 11.98%  (2444s)
[cell] tin/rn18/sharp2d/sl/ipc10: union seeds [42, 43, 44] + [45, 46]

rn18-tin:  30%|██▉       | 8/27 [10:52:10<25:48:51, 4891.13s/cell, sharp2d/sl/ipc10]
rn18-tin:  30%|██▉       | 8/27 [10:52:10<25:48:51, 4891.13s/cell, rcad2d/sl/ipc10] [cell] tin/rn18/sharp2d/sl/ipc10: 12.45 +- 0.47 (6550s)
[cell] partial (bench_tin_rn18_rcad2d_sl_ipc10.json): have [42, 43, 44], running [45, 46]


tin/rn18/rcad2d/sl/ipc10 s45:   0%|          | 0/300 [00:00<?, ?ep/s][A

tin/rn18/rcad2d/sl/ipc10 s45:   0%|          | 1/300 [00:07<37:38,  7.55s/ep][A

tin/rn18/rcad2d/sl/ipc10 s45:   1%|          | 2/300 [00:15<39:07,  7.88s/ep][A

tin/rn18/rcad2d/sl/ipc10 s45:   1%|          | 3/300 [00:23<39:31,  7.98s/ep][A

tin/rn18/rcad2d/sl/ipc10 s45:   1%|▏         | 4/300 [00:31<39:37,  8.03s/ep][A

tin/rn18/rcad2d/sl/ipc10 s45:   2%|▏         | 5/300 [00:39<39:37,  8.06s/ep][A

tin/rn18/rcad2d/sl/ipc10 s45:   2%|▏         | 6/300 [00:48<39:32,  8.07s/ep][A

tin/rn18/rcad2d/sl/ipc10 s45:   2%|▏         | 7/300 [00:56<39:27,  8.08s/ep][A

tin/rn18/rcad2d/sl/ipc10 s45:   3%|▎         | 8/300 [01:04<39:22,  8.09s/ep][A

tin/rn18/rcad2d/sl/ipc10 s45:   3%|▎         | 9/300 [01:12<39:14,  8.09s/ep][A

tin/rn18/rcad2d/sl/ipc10 s45:   3%|▎         | 10/300 [01:20<39:08,  8.10s/ep][A

tin/rn18/rcad2d/sl/ipc10 s45:   4%|▎         | 11/300 [01:28<39:00,  8.10s/ep][A

tin/rn18/rcad2d/sl/ipc10 s45:   4%|▍         | 12/300 [01:36<38:52,  8.10s/ep][A

tin/rn18/rcad2d/sl/ipc10 s45:   4%|▍         | 13/300 [01:44<38:43,  8.10s/ep][A

tin/rn18/rcad2d/sl/ipc10 s45:   5%|▍         | 14/300 [01:52<38:36,  8.10s/ep][A

tin/rn18/rcad2d/sl/ipc10 s45:   5%|▌         | 15/300 [02:00<38:28,  8.10s/ep][A

tin/rn18/rcad2d/sl/ipc10 s45:   5%|▌         | 16/300 [02:09<38:21,  8.10s/ep][A

tin/rn18/rcad2d/sl/ipc10 s45:   6%|▌         | 17/300 [02:17<38:13,  8.10s/ep][A

tin/rn18/rcad2d/sl/ipc10 s45:   6%|▌         | 18/300 [02:25<38:05,  8.10s/ep][A

tin/rn18/rcad2d/sl/ipc10 s45:   6%|▋         | 19/300 [02:33<37:56,  8.10s/ep][A

tin/rn18/rcad2d/sl/ipc10 s45:   7%|▋         | 20/300 [02:41<37:49,  8.11s/ep][A

tin/rn18/rcad2d/sl/ipc10 s45:   7%|▋         | 21/300 [02:49<37:41,  8.10s/ep][A

tin/rn18/rcad2d/sl/ipc10 s45:   7%|▋         | 22/300 [02:57<37:32,  8.10s/ep][A

tin/rn18/rcad2d/sl/ipc10 s45:   8%|▊         | 23/300 [03:05<37:24,  8.10s/ep][A

tin/rn18/rcad2d/sl/ipc10 s45:   8%|▊         | 24/300 [03:13<37:15,  8.10s/ep][A

tin/rn18/rcad2d/sl/ipc10 s45:   8%|▊         | 25/300 [03:22<37:08,  8.10s/ep][A

tin/rn18/rcad2d/sl/ipc10 s45:   9%|▊         | 26/300 [03:30<37:00,  8.10s/ep][A

tin/rn18/rcad2d/sl/ipc10 s45:   9%|▉         | 27/300 [03:38<36:52,  8.11s/ep][A

tin/rn18/rcad2d/sl/ipc10 s45:   9%|▉         | 28/300 [03:46<36:43,  8.10s/ep][A

tin/rn18/rcad2d/sl/ipc10 s45:  10%|▉         | 29/300 [03:54<36:35,  8.10s/ep][A

tin/rn18/rcad2d/sl/ipc10 s45:  10%|█         | 30/300 [04:02<36:27,  8.10s/ep][A

tin/rn18/rcad2d/sl/ipc10 s45:  10%|█         | 31/300 [04:10<36:20,  8.10s/ep][A

tin/rn18/rcad2d/sl/ipc10 s45:  11%|█         | 32/300 [04:18<36:11,  8.10s/ep][A

tin/rn18/rcad2d/sl/ipc10 s45:  11%|█         | 33/300 [04:26<36:03,  8.10s/ep][A

tin/rn18/rcad2d/sl/ipc10 s45:  11%|█▏        | 34/300 [04:34<35:55,  8.10s/ep][A

tin/rn18/rcad2d/sl/ipc10 s45:  12%|█▏        | 35/300 [04:43<35:47,  8.10s/ep][A

tin/rn18/rcad2d/sl/ipc10 s45:  12%|█▏        | 36/300 [04:51<35:39,  8.10s/ep][A

tin/rn18/rcad2d/sl/ipc10 s45:  12%|█▏        | 37/300 [04:59<35:30,  8.10s/ep][A

tin/rn18/rcad2d/sl/ipc10 s45:  13%|█▎        | 38/300 [05:07<35:22,  8.10s/ep][A

tin/rn18/rcad2d/sl/ipc10 s45:  13%|█▎        | 39/300 [05:15<35:14,  8.10s/ep][A

tin/rn18/rcad2d/sl/ipc10 s45:  13%|█▎        | 40/300 [05:23<35:06,  8.10s/ep][A

tin/rn18/rcad2d/sl/ipc10 s45:  14%|█▎        | 41/300 [05:31<34:58,  8.10s/ep][A

tin/rn18/rcad2d/sl/ipc10 s45:  14%|█▍        | 42/300 [05:39<34:51,  8.11s/ep][A

tin/rn18/rcad2d/sl/ipc10 s45:  14%|█▍        | 43/300 [05:47<34:42,  8.10s/ep][A

tin/rn18/rcad2d/sl/ipc10 s45:  15%|█▍        | 44/300 [05:55<34:33,  8.10s/ep][A

tin/rn18/rcad2d/sl/ipc10 s45:  15%|█▌        | 45/300 [06:04<34:25,  8.10s/ep][A

tin/rn18/rcad2d/sl/ipc10 s45:  15%|█▌        | 46/300 [06:12<34:17,  8.10s/ep][A

tin/rn18/rcad2d/sl/ipc10 s45:  16%|█▌        | 47/300 [06:20<34:09,  8.10s/ep][A

tin/rn18/rcad2d/sl/ipc10 s45:  16%|█▌        | 48/300 [06:28<34:02,  8.10s/ep][A

tin/rn18/rcad2d/sl/ipc10 s45:  16%|█▋        | 49/300 [06:36<33:54,  8.10s/ep][A

tin/rn18/rcad2d/sl/ipc10 s45:  17%|█▋        | 50/300 [06:44<33:46,  8.11s/ep][A

tin/rn18/rcad2d/sl/ipc10 s45:  17%|█▋        | 51/300 [06:52<33:39,  8.11s/ep][A

tin/rn18/rcad2d/sl/ipc10 s45:  17%|█▋        | 52/300 [07:00<33:30,  8.11s/ep][A

tin/rn18/rcad2d/sl/ipc10 s45:  18%|█▊        | 53/300 [07:08<33:22,  8.11s/ep][A

tin/rn18/rcad2d/sl/ipc10 s45:  18%|█▊        | 54/300 [07:17<33:14,  8.11s/ep][A

tin/rn18/rcad2d/sl/ipc10 s45:  18%|█▊        | 55/300 [07:25<33:05,  8.10s/ep][A

tin/rn18/rcad2d/sl/ipc10 s45:  19%|█▊        | 56/300 [07:33<32:56,  8.10s/ep][A

tin/rn18/rcad2d/sl/ipc10 s45:  19%|█▉        | 57/300 [07:41<32:48,  8.10s/ep][A

tin/rn18/rcad2d/sl/ipc10 s45:  19%|█▉        | 58/300 [07:49<32:40,  8.10s/ep][A

tin/rn18/rcad2d/sl/ipc10 s45:  20%|█▉        | 59/300 [07:57<32:33,  8.10s/ep][A

tin/rn18/rcad2d/sl/ipc10 s45:  20%|██        | 60/300 [08:05<32:25,  8.10s/ep][A

tin/rn18/rcad2d/sl/ipc10 s45:  20%|██        | 61/300 [08:13<32:16,  8.10s/ep][A

tin/rn18/rcad2d/sl/ipc10 s45:  21%|██        | 62/300 [08:21<32:08,  8.10s/ep][A

tin/rn18/rcad2d/sl/ipc10 s45:  21%|██        | 63/300 [08:29<32:00,  8.10s/ep][A

tin/rn18/rcad2d/sl/ipc10 s45:  21%|██▏       | 64/300 [08:38<31:52,  8.10s/ep][A

tin/rn18/rcad2d/sl/ipc10 s45:  22%|██▏       | 65/300 [08:46<31:44,  8.10s/ep][A

tin/rn18/rcad2d/sl/ipc10 s45:  22%|██▏       | 66/300 [08:54<31:35,  8.10s/ep][A

tin/rn18/rcad2d/sl/ipc10 s45:  22%|██▏       | 67/300 [09:02<31:27,  8.10s/ep][A

tin/rn18/rcad2d/sl/ipc10 s45:  23%|██▎       | 68/300 [09:10<31:19,  8.10s/ep][A

tin/rn18/rcad2d/sl/ipc10 s45:  23%|██▎       | 69/300 [09:18<31:11,  8.10s/ep][A

tin/rn18/rcad2d/sl/ipc10 s45:  23%|██▎       | 70/300 [09:26<31:02,  8.10s/ep][A

tin/rn18/rcad2d/sl/ipc10 s45:  24%|██▎       | 71/300 [09:34<30:55,  8.10s/ep][A

tin/rn18/rcad2d/sl/ipc10 s45:  24%|██▍       | 72/300 [09:42<30:46,  8.10s/ep][A

tin/rn18/rcad2d/sl/ipc10 s45:  24%|██▍       | 73/300 [09:50<30:38,  8.10s/ep][A

tin/rn18/rcad2d/sl/ipc10 s45:  25%|██▍       | 74/300 [09:59<30:30,  8.10s/ep][A

tin/rn18/rcad2d/sl/ipc10 s45:  25%|██▌       | 75/300 [10:07<30:22,  8.10s/ep][A

tin/rn18/rcad2d/sl/ipc10 s45:  25%|██▌       | 76/300 [10:15<30:14,  8.10s/ep][A

tin/rn18/rcad2d/sl/ipc10 s45:  26%|██▌       | 77/300 [10:23<30:06,  8.10s/ep][A

tin/rn18/rcad2d/sl/ipc10 s45:  26%|██▌       | 78/300 [10:31<29:57,  8.10s/ep][A

tin/rn18/rcad2d/sl/ipc10 s45:  26%|██▋       | 79/300 [10:39<29:50,  8.10s/ep][A

tin/rn18/rcad2d/sl/ipc10 s45:  27%|██▋       | 80/300 [10:47<29:42,  8.10s/ep][A

tin/rn18/rcad2d/sl/ipc10 s45:  27%|██▋       | 81/300 [10:55<29:34,  8.10s/ep][A

tin/rn18/rcad2d/sl/ipc10 s45:  27%|██▋       | 82/300 [11:03<29:26,  8.10s/ep][A

tin/rn18/rcad2d/sl/ipc10 s45:  28%|██▊       | 83/300 [11:11<29:18,  8.10s/ep][A

tin/rn18/rcad2d/sl/ipc10 s45:  28%|██▊       | 84/300 [11:20<29:10,  8.10s/ep][A

tin/rn18/rcad2d/sl/ipc10 s45:  28%|██▊       | 85/300 [11:28<29:02,  8.10s/ep][A

tin/rn18/rcad2d/sl/ipc10 s45:  29%|██▊       | 86/300 [11:36<28:53,  8.10s/ep][A

tin/rn18/rcad2d/sl/ipc10 s45:  29%|██▉       | 87/300 [11:44<28:46,  8.11s/ep][A

tin/rn18/rcad2d/sl/ipc10 s45:  29%|██▉       | 88/300 [11:52<28:38,  8.11s/ep][A

tin/rn18/rcad2d/sl/ipc10 s45:  30%|██▉       | 89/300 [12:00<28:29,  8.10s/ep][A

tin/rn18/rcad2d/sl/ipc10 s45:  30%|███       | 90/300 [12:08<28:21,  8.10s/ep][A

tin/rn18/rcad2d/sl/ipc10 s45:  30%|███       | 91/300 [12:16<28:13,  8.10s/ep][A

tin/rn18/rcad2d/sl/ipc10 s45:  31%|███       | 92/300 [12:24<28:06,  8.11s/ep][A

tin/rn18/rcad2d/sl/ipc10 s45:  31%|███       | 93/300 [12:33<27:57,  8.11s/ep][A

tin/rn18/rcad2d/sl/ipc10 s45:  31%|███▏      | 94/300 [12:41<27:50,  8.11s/ep][A

tin/rn18/rcad2d/sl/ipc10 s45:  32%|███▏      | 95/300 [12:49<27:41,  8.10s/ep][A

tin/rn18/rcad2d/sl/ipc10 s45:  32%|███▏      | 96/300 [12:57<27:33,  8.11s/ep][A

tin/rn18/rcad2d/sl/ipc10 s45:  32%|███▏      | 97/300 [13:05<27:25,  8.11s/ep][A

tin/rn18/rcad2d/sl/ipc10 s45:  33%|███▎      | 98/300 [13:13<27:17,  8.10s/ep][A

tin/rn18/rcad2d/sl/ipc10 s45:  33%|███▎      | 99/300 [13:21<27:08,  8.10s/ep][A

tin/rn18/rcad2d/sl/ipc10 s45:  33%|███▎      | 100/300 [13:29<27:00,  8.10s/ep][A

tin/rn18/rcad2d/sl/ipc10 s45:  34%|███▎      | 101/300 [13:37<26:52,  8.10s/ep][A

tin/rn18/rcad2d/sl/ipc10 s45:  34%|███▍      | 102/300 [13:45<26:43,  8.10s/ep][A

tin/rn18/rcad2d/sl/ipc10 s45:  34%|███▍      | 103/300 [13:54<26:36,  8.10s/ep][A

tin/rn18/rcad2d/sl/ipc10 s45:  35%|███▍      | 104/300 [14:02<26:27,  8.10s/ep][A

tin/rn18/rcad2d/sl/ipc10 s45:  35%|███▌      | 105/300 [14:10<26:19,  8.10s/ep][A

tin/rn18/rcad2d/sl/ipc10 s45:  35%|███▌      | 106/300 [14:18<26:11,  8.10s/ep][A

tin/rn18/rcad2d/sl/ipc10 s45:  36%|███▌      | 107/300 [14:26<26:03,  8.10s/ep][A

tin/rn18/rcad2d/sl/ipc10 s45:  36%|███▌      | 108/300 [14:34<25:55,  8.10s/ep][A

tin/rn18/rcad2d/sl/ipc10 s45:  36%|███▋      | 109/300 [14:42<25:47,  8.10s/ep][A

tin/rn18/rcad2d/sl/ipc10 s45:  37%|███▋      | 110/300 [14:50<25:39,  8.10s/ep][A

tin/rn18/rcad2d/sl/ipc10 s45:  37%|███▋      | 111/300 [14:58<25:31,  8.11s/ep][A

tin/rn18/rcad2d/sl/ipc10 s45:  37%|███▋      | 112/300 [15:07<25:24,  8.11s/ep][A

tin/rn18/rcad2d/sl/ipc10 s45:  38%|███▊      | 113/300 [15:15<25:15,  8.10s/ep][A

tin/rn18/rcad2d/sl/ipc10 s45:  38%|███▊      | 114/300 [15:23<25:07,  8.10s/ep][A

tin/rn18/rcad2d/sl/ipc10 s45:  38%|███▊      | 115/300 [15:31<24:58,  8.10s/ep][A

tin/rn18/rcad2d/sl/ipc10 s45:  39%|███▊      | 116/300 [15:39<24:50,  8.10s/ep][A

tin/rn18/rcad2d/sl/ipc10 s45:  39%|███▉      | 117/300 [15:47<24:42,  8.10s/ep][A

tin/rn18/rcad2d/sl/ipc10 s45:  39%|███▉      | 118/300 [15:55<24:34,  8.10s/ep][A

tin/rn18/rcad2d/sl/ipc10 s45:  40%|███▉      | 119/300 [16:03<24:27,  8.11s/ep][A

tin/rn18/rcad2d/sl/ipc10 s45:  40%|████      | 120/300 [16:11<24:19,  8.11s/ep][A

tin/rn18/rcad2d/sl/ipc10 s45:  40%|████      | 121/300 [16:19<24:10,  8.10s/ep][A

tin/rn18/rcad2d/sl/ipc10 s45:  41%|████      | 122/300 [16:28<24:01,  8.10s/ep][A

tin/rn18/rcad2d/sl/ipc10 s45:  41%|████      | 123/300 [16:36<23:54,  8.10s/ep][A

tin/rn18/rcad2d/sl/ipc10 s45:  41%|████▏     | 124/300 [16:44<23:46,  8.10s/ep][A

tin/rn18/rcad2d/sl/ipc10 s45:  42%|████▏     | 125/300 [16:52<23:37,  8.10s/ep][A

tin/rn18/rcad2d/sl/ipc10 s45:  42%|████▏     | 126/300 [17:00<23:30,  8.10s/ep][A

tin/rn18/rcad2d/sl/ipc10 s45:  42%|████▏     | 127/300 [17:08<23:21,  8.10s/ep][A

tin/rn18/rcad2d/sl/ipc10 s45:  43%|████▎     | 128/300 [17:16<23:13,  8.10s/ep][A

tin/rn18/rcad2d/sl/ipc10 s45:  43%|████▎     | 129/300 [17:24<23:05,  8.10s/ep][A

tin/rn18/rcad2d/sl/ipc10 s45:  43%|████▎     | 130/300 [17:32<22:57,  8.10s/ep][A

tin/rn18/rcad2d/sl/ipc10 s45:  44%|████▎     | 131/300 [17:40<22:49,  8.11s/ep][A

tin/rn18/rcad2d/sl/ipc10 s45:  44%|████▍     | 132/300 [17:49<22:41,  8.10s/ep][A

tin/rn18/rcad2d/sl/ipc10 s45:  44%|████▍     | 133/300 [17:57<22:33,  8.11s/ep][A

tin/rn18/rcad2d/sl/ipc10 s45:  45%|████▍     | 134/300 [18:05<22:25,  8.10s/ep][A

tin/rn18/rcad2d/sl/ipc10 s45:  45%|████▌     | 135/300 [18:13<22:17,  8.10s/ep][A

tin/rn18/rcad2d/sl/ipc10 s45:  45%|████▌     | 136/300 [18:21<22:08,  8.10s/ep][A

tin/rn18/rcad2d/sl/ipc10 s45:  46%|████▌     | 137/300 [18:29<22:00,  8.10s/ep][A

tin/rn18/rcad2d/sl/ipc10 s45:  46%|████▌     | 138/300 [18:37<21:52,  8.10s/ep][A

tin/rn18/rcad2d/sl/ipc10 s45:  46%|████▋     | 139/300 [18:45<21:44,  8.10s/ep][A

tin/rn18/rcad2d/sl/ipc10 s45:  47%|████▋     | 140/300 [18:53<21:36,  8.10s/ep][A

tin/rn18/rcad2d/sl/ipc10 s45:  47%|████▋     | 141/300 [19:01<21:27,  8.10s/ep][A

tin/rn18/rcad2d/sl/ipc10 s45:  47%|████▋     | 142/300 [19:10<21:19,  8.10s/ep][A

tin/rn18/rcad2d/sl/ipc10 s45:  48%|████▊     | 143/300 [19:18<21:11,  8.10s/ep][A

tin/rn18/rcad2d/sl/ipc10 s45:  48%|████▊     | 144/300 [19:26<21:04,  8.10s/ep][A

tin/rn18/rcad2d/sl/ipc10 s45:  48%|████▊     | 145/300 [19:34<20:55,  8.10s/ep][A

tin/rn18/rcad2d/sl/ipc10 s45:  49%|████▊     | 146/300 [19:42<20:48,  8.10s/ep][A

tin/rn18/rcad2d/sl/ipc10 s45:  49%|████▉     | 147/300 [19:50<20:40,  8.11s/ep][A

tin/rn18/rcad2d/sl/ipc10 s45:  49%|████▉     | 148/300 [19:58<20:32,  8.11s/ep][A

tin/rn18/rcad2d/sl/ipc10 s45:  50%|████▉     | 149/300 [20:06<20:24,  8.11s/ep][A

tin/rn18/rcad2d/sl/ipc10 s45:  50%|█████     | 150/300 [20:14<20:15,  8.10s/ep][A

tin/rn18/rcad2d/sl/ipc10 s45:  50%|█████     | 151/300 [20:23<20:07,  8.10s/ep][A

tin/rn18/rcad2d/sl/ipc10 s45:  51%|█████     | 152/300 [20:31<19:59,  8.11s/ep][A

tin/rn18/rcad2d/sl/ipc10 s45:  51%|█████     | 153/300 [20:39<19:51,  8.11s/ep][A

tin/rn18/rcad2d/sl/ipc10 s45:  51%|█████▏    | 154/300 [20:47<19:43,  8.11s/ep][A

tin/rn18/rcad2d/sl/ipc10 s45:  52%|█████▏    | 155/300 [20:55<19:35,  8.11s/ep][A

tin/rn18/rcad2d/sl/ipc10 s45:  52%|█████▏    | 156/300 [21:03<19:27,  8.11s/ep][A

tin/rn18/rcad2d/sl/ipc10 s45:  52%|█████▏    | 157/300 [21:11<19:19,  8.11s/ep][A

tin/rn18/rcad2d/sl/ipc10 s45:  53%|█████▎    | 158/300 [21:19<19:11,  8.11s/ep][A

tin/rn18/rcad2d/sl/ipc10 s45:  53%|█████▎    | 159/300 [21:27<19:02,  8.10s/ep][A

tin/rn18/rcad2d/sl/ipc10 s45:  53%|█████▎    | 160/300 [21:35<18:54,  8.10s/ep][A

tin/rn18/rcad2d/sl/ipc10 s45:  54%|█████▎    | 161/300 [21:44<18:46,  8.11s/ep][A

tin/rn18/rcad2d/sl/ipc10 s45:  54%|█████▍    | 162/300 [21:52<18:38,  8.10s/ep][A

tin/rn18/rcad2d/sl/ipc10 s45:  54%|█████▍    | 163/300 [22:00<18:30,  8.10s/ep][A

tin/rn18/rcad2d/sl/ipc10 s45:  55%|█████▍    | 164/300 [22:08<18:22,  8.10s/ep][A

tin/rn18/rcad2d/sl/ipc10 s45:  55%|█████▌    | 165/300 [22:16<18:14,  8.11s/ep][A

tin/rn18/rcad2d/sl/ipc10 s45:  55%|█████▌    | 166/300 [22:24<18:06,  8.11s/ep][A

tin/rn18/rcad2d/sl/ipc10 s45:  56%|█████▌    | 167/300 [22:32<17:58,  8.11s/ep][A

tin/rn18/rcad2d/sl/ipc10 s45:  56%|█████▌    | 168/300 [22:40<17:50,  8.11s/ep][A

tin/rn18/rcad2d/sl/ipc10 s45:  56%|█████▋    | 169/300 [22:48<17:41,  8.10s/ep][A

tin/rn18/rcad2d/sl/ipc10 s45:  57%|█████▋    | 170/300 [22:57<17:33,  8.10s/ep][A

tin/rn18/rcad2d/sl/ipc10 s45:  57%|█████▋    | 171/300 [23:05<17:25,  8.10s/ep][A

tin/rn18/rcad2d/sl/ipc10 s45:  57%|█████▋    | 172/300 [23:13<17:17,  8.10s/ep][A

tin/rn18/rcad2d/sl/ipc10 s45:  58%|█████▊    | 173/300 [23:21<17:09,  8.10s/ep][A

tin/rn18/rcad2d/sl/ipc10 s45:  58%|█████▊    | 174/300 [23:29<17:01,  8.10s/ep][A

tin/rn18/rcad2d/sl/ipc10 s45:  58%|█████▊    | 175/300 [23:37<16:52,  8.10s/ep][A

tin/rn18/rcad2d/sl/ipc10 s45:  59%|█████▊    | 176/300 [23:45<16:44,  8.10s/ep][A

tin/rn18/rcad2d/sl/ipc10 s45:  59%|█████▉    | 177/300 [23:53<16:36,  8.10s/ep][A

tin/rn18/rcad2d/sl/ipc10 s45:  59%|█████▉    | 178/300 [24:01<16:28,  8.10s/ep][A

tin/rn18/rcad2d/sl/ipc10 s45:  60%|█████▉    | 179/300 [24:09<16:19,  8.10s/ep][A

tin/rn18/rcad2d/sl/ipc10 s45:  60%|██████    | 180/300 [24:18<16:11,  8.10s/ep][A

tin/rn18/rcad2d/sl/ipc10 s45:  60%|██████    | 181/300 [24:26<16:03,  8.10s/ep][A

tin/rn18/rcad2d/sl/ipc10 s45:  61%|██████    | 182/300 [24:34<15:55,  8.10s/ep][A

tin/rn18/rcad2d/sl/ipc10 s45:  61%|██████    | 183/300 [24:42<15:47,  8.10s/ep][A

tin/rn18/rcad2d/sl/ipc10 s45:  61%|██████▏   | 184/300 [24:50<15:39,  8.10s/ep][A

tin/rn18/rcad2d/sl/ipc10 s45:  62%|██████▏   | 185/300 [24:58<15:31,  8.10s/ep][A

tin/rn18/rcad2d/sl/ipc10 s45:  62%|██████▏   | 186/300 [25:06<15:23,  8.10s/ep][A

tin/rn18/rcad2d/sl/ipc10 s45:  62%|██████▏   | 187/300 [25:14<15:15,  8.10s/ep][A

tin/rn18/rcad2d/sl/ipc10 s45:  63%|██████▎   | 188/300 [25:22<15:07,  8.10s/ep][A

tin/rn18/rcad2d/sl/ipc10 s45:  63%|██████▎   | 189/300 [25:30<14:59,  8.10s/ep][A

tin/rn18/rcad2d/sl/ipc10 s45:  63%|██████▎   | 190/300 [25:39<14:51,  8.10s/ep][A

tin/rn18/rcad2d/sl/ipc10 s45:  64%|██████▎   | 191/300 [25:47<14:42,  8.10s/ep][A

tin/rn18/rcad2d/sl/ipc10 s45:  64%|██████▍   | 192/300 [25:55<14:34,  8.10s/ep][A

tin/rn18/rcad2d/sl/ipc10 s45:  64%|██████▍   | 193/300 [26:03<14:27,  8.10s/ep][A

tin/rn18/rcad2d/sl/ipc10 s45:  65%|██████▍   | 194/300 [26:11<14:19,  8.10s/ep][A

tin/rn18/rcad2d/sl/ipc10 s45:  65%|██████▌   | 195/300 [26:19<14:10,  8.10s/ep][A

tin/rn18/rcad2d/sl/ipc10 s45:  65%|██████▌   | 196/300 [26:27<14:02,  8.10s/ep][A

tin/rn18/rcad2d/sl/ipc10 s45:  66%|██████▌   | 197/300 [26:35<13:54,  8.10s/ep][A

tin/rn18/rcad2d/sl/ipc10 s45:  66%|██████▌   | 198/300 [26:43<13:46,  8.11s/ep][A

tin/rn18/rcad2d/sl/ipc10 s45:  66%|██████▋   | 199/300 [26:51<13:38,  8.11s/ep][A

tin/rn18/rcad2d/sl/ipc10 s45:  67%|██████▋   | 200/300 [27:00<13:30,  8.10s/ep][A

tin/rn18/rcad2d/sl/ipc10 s45:  67%|██████▋   | 201/300 [27:08<13:22,  8.10s/ep][A

tin/rn18/rcad2d/sl/ipc10 s45:  67%|██████▋   | 202/300 [27:16<13:14,  8.10s/ep][A

tin/rn18/rcad2d/sl/ipc10 s45:  68%|██████▊   | 203/300 [27:24<13:06,  8.11s/ep][A

tin/rn18/rcad2d/sl/ipc10 s45:  68%|██████▊   | 204/300 [27:32<12:58,  8.10s/ep][A

tin/rn18/rcad2d/sl/ipc10 s45:  68%|██████▊   | 205/300 [27:40<12:49,  8.10s/ep][A

tin/rn18/rcad2d/sl/ipc10 s45:  69%|██████▊   | 206/300 [27:48<12:42,  8.11s/ep][A

tin/rn18/rcad2d/sl/ipc10 s45:  69%|██████▉   | 207/300 [27:56<12:33,  8.10s/ep][A

tin/rn18/rcad2d/sl/ipc10 s45:  69%|██████▉   | 208/300 [28:04<12:25,  8.11s/ep][A

tin/rn18/rcad2d/sl/ipc10 s45:  70%|██████▉   | 209/300 [28:13<12:17,  8.10s/ep][A

tin/rn18/rcad2d/sl/ipc10 s45:  70%|███████   | 210/300 [28:21<12:09,  8.11s/ep][A

tin/rn18/rcad2d/sl/ipc10 s45:  70%|███████   | 211/300 [28:29<12:01,  8.10s/ep][A

tin/rn18/rcad2d/sl/ipc10 s45:  71%|███████   | 212/300 [28:37<11:53,  8.10s/ep][A

tin/rn18/rcad2d/sl/ipc10 s45:  71%|███████   | 213/300 [28:45<11:44,  8.10s/ep][A

tin/rn18/rcad2d/sl/ipc10 s45:  71%|███████▏  | 214/300 [28:53<11:37,  8.10s/ep][A

tin/rn18/rcad2d/sl/ipc10 s45:  72%|███████▏  | 215/300 [29:01<11:28,  8.11s/ep][A

tin/rn18/rcad2d/sl/ipc10 s45:  72%|███████▏  | 216/300 [29:09<11:20,  8.11s/ep][A

tin/rn18/rcad2d/sl/ipc10 s45:  72%|███████▏  | 217/300 [29:17<11:12,  8.11s/ep][A

tin/rn18/rcad2d/sl/ipc10 s45:  73%|███████▎  | 218/300 [29:25<11:04,  8.11s/ep][A

tin/rn18/rcad2d/sl/ipc10 s45:  73%|███████▎  | 219/300 [29:34<10:56,  8.11s/ep][A

tin/rn18/rcad2d/sl/ipc10 s45:  73%|███████▎  | 220/300 [29:42<10:48,  8.11s/ep][A

tin/rn18/rcad2d/sl/ipc10 s45:  74%|███████▎  | 221/300 [29:50<10:40,  8.11s/ep][A

tin/rn18/rcad2d/sl/ipc10 s45:  74%|███████▍  | 222/300 [29:58<10:32,  8.11s/ep][A

tin/rn18/rcad2d/sl/ipc10 s45:  74%|███████▍  | 223/300 [30:06<10:24,  8.10s/ep][A

tin/rn18/rcad2d/sl/ipc10 s45:  75%|███████▍  | 224/300 [30:14<10:15,  8.10s/ep][A

tin/rn18/rcad2d/sl/ipc10 s45:  75%|███████▌  | 225/300 [30:22<10:07,  8.11s/ep][A

tin/rn18/rcad2d/sl/ipc10 s45:  75%|███████▌  | 226/300 [30:30<09:59,  8.10s/ep][A

tin/rn18/rcad2d/sl/ipc10 s45:  76%|███████▌  | 227/300 [30:38<09:51,  8.10s/ep][A

tin/rn18/rcad2d/sl/ipc10 s45:  76%|███████▌  | 228/300 [30:47<09:43,  8.10s/ep][A

tin/rn18/rcad2d/sl/ipc10 s45:  76%|███████▋  | 229/300 [30:55<09:35,  8.10s/ep][A

tin/rn18/rcad2d/sl/ipc10 s45:  77%|███████▋  | 230/300 [31:03<09:26,  8.10s/ep][A

tin/rn18/rcad2d/sl/ipc10 s45:  77%|███████▋  | 231/300 [31:11<09:18,  8.10s/ep][A

tin/rn18/rcad2d/sl/ipc10 s45:  77%|███████▋  | 232/300 [31:19<09:11,  8.10s/ep][A

tin/rn18/rcad2d/sl/ipc10 s45:  78%|███████▊  | 233/300 [31:27<09:03,  8.10s/ep][A

tin/rn18/rcad2d/sl/ipc10 s45:  78%|███████▊  | 234/300 [31:35<08:54,  8.10s/ep][A

tin/rn18/rcad2d/sl/ipc10 s45:  78%|███████▊  | 235/300 [31:43<08:46,  8.10s/ep][A

tin/rn18/rcad2d/sl/ipc10 s45:  79%|███████▊  | 236/300 [31:51<08:38,  8.10s/ep][A

tin/rn18/rcad2d/sl/ipc10 s45:  79%|███████▉  | 237/300 [31:59<08:30,  8.10s/ep][A

tin/rn18/rcad2d/sl/ipc10 s45:  79%|███████▉  | 238/300 [32:08<08:22,  8.10s/ep][A

tin/rn18/rcad2d/sl/ipc10 s45:  80%|███████▉  | 239/300 [32:16<08:14,  8.10s/ep][A

tin/rn18/rcad2d/sl/ipc10 s45:  80%|████████  | 240/300 [32:24<08:06,  8.10s/ep][A

tin/rn18/rcad2d/sl/ipc10 s45:  80%|████████  | 241/300 [32:32<07:58,  8.10s/ep][A

tin/rn18/rcad2d/sl/ipc10 s45:  81%|████████  | 242/300 [32:40<07:49,  8.10s/ep][A

tin/rn18/rcad2d/sl/ipc10 s45:  81%|████████  | 243/300 [32:48<07:41,  8.10s/ep][A

tin/rn18/rcad2d/sl/ipc10 s45:  81%|████████▏ | 244/300 [32:56<07:33,  8.10s/ep][A

tin/rn18/rcad2d/sl/ipc10 s45:  82%|████████▏ | 245/300 [33:04<07:25,  8.10s/ep][A

tin/rn18/rcad2d/sl/ipc10 s45:  82%|████████▏ | 246/300 [33:12<07:17,  8.10s/ep][A

tin/rn18/rcad2d/sl/ipc10 s45:  82%|████████▏ | 247/300 [33:20<07:09,  8.10s/ep][A

tin/rn18/rcad2d/sl/ipc10 s45:  83%|████████▎ | 248/300 [33:29<07:01,  8.10s/ep][A

tin/rn18/rcad2d/sl/ipc10 s45:  83%|████████▎ | 249/300 [33:37<06:53,  8.11s/ep][A

tin/rn18/rcad2d/sl/ipc10 s45:  83%|████████▎ | 250/300 [33:45<06:45,  8.11s/ep][A

tin/rn18/rcad2d/sl/ipc10 s45:  84%|████████▎ | 251/300 [33:53<06:37,  8.11s/ep][A

tin/rn18/rcad2d/sl/ipc10 s45:  84%|████████▍ | 252/300 [34:01<06:29,  8.11s/ep][A

tin/rn18/rcad2d/sl/ipc10 s45:  84%|████████▍ | 253/300 [34:09<06:21,  8.11s/ep][A

tin/rn18/rcad2d/sl/ipc10 s45:  85%|████████▍ | 254/300 [34:17<06:12,  8.11s/ep][A

tin/rn18/rcad2d/sl/ipc10 s45:  85%|████████▌ | 255/300 [34:25<06:04,  8.11s/ep][A

tin/rn18/rcad2d/sl/ipc10 s45:  85%|████████▌ | 256/300 [34:33<05:56,  8.10s/ep][A

tin/rn18/rcad2d/sl/ipc10 s45:  86%|████████▌ | 257/300 [34:42<05:48,  8.11s/ep][A

tin/rn18/rcad2d/sl/ipc10 s45:  86%|████████▌ | 258/300 [34:50<05:40,  8.10s/ep][A

tin/rn18/rcad2d/sl/ipc10 s45:  86%|████████▋ | 259/300 [34:58<05:32,  8.10s/ep][A

tin/rn18/rcad2d/sl/ipc10 s45:  87%|████████▋ | 260/300 [35:06<05:24,  8.11s/ep][A

tin/rn18/rcad2d/sl/ipc10 s45:  87%|████████▋ | 261/300 [35:14<05:16,  8.10s/ep][A

tin/rn18/rcad2d/sl/ipc10 s45:  87%|████████▋ | 262/300 [35:22<05:07,  8.10s/ep][A

tin/rn18/rcad2d/sl/ipc10 s45:  88%|████████▊ | 263/300 [35:30<04:59,  8.10s/ep][A

tin/rn18/rcad2d/sl/ipc10 s45:  88%|████████▊ | 264/300 [35:38<04:51,  8.10s/ep][A

tin/rn18/rcad2d/sl/ipc10 s45:  88%|████████▊ | 265/300 [35:46<04:43,  8.10s/ep][A

tin/rn18/rcad2d/sl/ipc10 s45:  89%|████████▊ | 266/300 [35:54<04:35,  8.11s/ep][A

tin/rn18/rcad2d/sl/ipc10 s45:  89%|████████▉ | 267/300 [36:03<04:27,  8.11s/ep][A

tin/rn18/rcad2d/sl/ipc10 s45:  89%|████████▉ | 268/300 [36:11<04:19,  8.11s/ep][A

tin/rn18/rcad2d/sl/ipc10 s45:  90%|████████▉ | 269/300 [36:19<04:11,  8.10s/ep][A

tin/rn18/rcad2d/sl/ipc10 s45:  90%|█████████ | 270/300 [36:27<04:03,  8.10s/ep][A

tin/rn18/rcad2d/sl/ipc10 s45:  90%|█████████ | 271/300 [36:35<03:54,  8.10s/ep][A

tin/rn18/rcad2d/sl/ipc10 s45:  91%|█████████ | 272/300 [36:43<03:46,  8.10s/ep][A

tin/rn18/rcad2d/sl/ipc10 s45:  91%|█████████ | 273/300 [36:51<03:38,  8.10s/ep][A

tin/rn18/rcad2d/sl/ipc10 s45:  91%|█████████▏| 274/300 [36:59<03:30,  8.10s/ep][A

tin/rn18/rcad2d/sl/ipc10 s45:  92%|█████████▏| 275/300 [37:07<03:22,  8.11s/ep][A

tin/rn18/rcad2d/sl/ipc10 s45:  92%|█████████▏| 276/300 [37:16<03:14,  8.11s/ep][A

tin/rn18/rcad2d/sl/ipc10 s45:  92%|█████████▏| 277/300 [37:24<03:06,  8.11s/ep][A

tin/rn18/rcad2d/sl/ipc10 s45:  93%|█████████▎| 278/300 [37:32<02:58,  8.10s/ep][A

tin/rn18/rcad2d/sl/ipc10 s45:  93%|█████████▎| 279/300 [37:40<02:50,  8.10s/ep][A

tin/rn18/rcad2d/sl/ipc10 s45:  93%|█████████▎| 280/300 [37:48<02:42,  8.11s/ep][A

tin/rn18/rcad2d/sl/ipc10 s45:  94%|█████████▎| 281/300 [37:56<02:34,  8.11s/ep][A

tin/rn18/rcad2d/sl/ipc10 s45:  94%|█████████▍| 282/300 [38:04<02:25,  8.10s/ep][A

tin/rn18/rcad2d/sl/ipc10 s45:  94%|█████████▍| 283/300 [38:12<02:17,  8.11s/ep][A

tin/rn18/rcad2d/sl/ipc10 s45:  95%|█████████▍| 284/300 [38:20<02:09,  8.11s/ep][A

tin/rn18/rcad2d/sl/ipc10 s45:  95%|█████████▌| 285/300 [38:28<02:01,  8.11s/ep][A

tin/rn18/rcad2d/sl/ipc10 s45:  95%|█████████▌| 286/300 [38:37<01:53,  8.10s/ep][A

tin/rn18/rcad2d/sl/ipc10 s45:  96%|█████████▌| 287/300 [38:45<01:45,  8.10s/ep][A

tin/rn18/rcad2d/sl/ipc10 s45:  96%|█████████▌| 288/300 [38:53<01:37,  8.10s/ep][A

tin/rn18/rcad2d/sl/ipc10 s45:  96%|█████████▋| 289/300 [39:01<01:29,  8.10s/ep][A

tin/rn18/rcad2d/sl/ipc10 s45:  97%|█████████▋| 290/300 [39:09<01:20,  8.10s/ep][A

tin/rn18/rcad2d/sl/ipc10 s45:  97%|█████████▋| 291/300 [39:17<01:12,  8.10s/ep][A

tin/rn18/rcad2d/sl/ipc10 s45:  97%|█████████▋| 292/300 [39:25<01:04,  8.10s/ep][A

tin/rn18/rcad2d/sl/ipc10 s45:  98%|█████████▊| 293/300 [39:33<00:56,  8.10s/ep][A

tin/rn18/rcad2d/sl/ipc10 s45:  98%|█████████▊| 294/300 [39:41<00:48,  8.10s/ep][A

tin/rn18/rcad2d/sl/ipc10 s45:  98%|█████████▊| 295/300 [39:49<00:40,  8.10s/ep][A

tin/rn18/rcad2d/sl/ipc10 s45:  99%|█████████▊| 296/300 [39:58<00:32,  8.10s/ep][A

tin/rn18/rcad2d/sl/ipc10 s45:  99%|█████████▉| 297/300 [40:06<00:24,  8.10s/ep][A

tin/rn18/rcad2d/sl/ipc10 s45:  99%|█████████▉| 298/300 [40:14<00:16,  8.10s/ep][A

tin/rn18/rcad2d/sl/ipc10 s45: 100%|█████████▉| 299/300 [40:22<00:08,  8.10s/ep][A

tin/rn18/rcad2d/sl/ipc10 s45: 100%|██████████| 300/300 [40:30<00:00,  8.10s/ep][A

                                                                               [A[cell] tin/rn18/rcad2d/sl/ipc10 seed45: 12.01%  (2444s)


tin/rn18/rcad2d/sl/ipc10 s46:   0%|          | 0/300 [00:00<?, ?ep/s][A

tin/rn18/rcad2d/sl/ipc10 s46:   0%|          | 1/300 [00:07<37:37,  7.55s/ep][A

tin/rn18/rcad2d/sl/ipc10 s46:   1%|          | 2/300 [00:15<39:08,  7.88s/ep][A

tin/rn18/rcad2d/sl/ipc10 s46:   1%|          | 3/300 [00:23<39:31,  7.98s/ep][A

tin/rn18/rcad2d/sl/ipc10 s46:   1%|▏         | 4/300 [00:31<39:36,  8.03s/ep][A

tin/rn18/rcad2d/sl/ipc10 s46:   2%|▏         | 5/300 [00:39<39:36,  8.06s/ep][A

tin/rn18/rcad2d/sl/ipc10 s46:   2%|▏         | 6/300 [00:48<39:33,  8.07s/ep][A

tin/rn18/rcad2d/sl/ipc10 s46:   2%|▏         | 7/300 [00:56<39:28,  8.09s/ep][A

tin/rn18/rcad2d/sl/ipc10 s46:   3%|▎         | 8/300 [01:04<39:23,  8.09s/ep][A

tin/rn18/rcad2d/sl/ipc10 s46:   3%|▎         | 9/300 [01:12<39:19,  8.11s/ep][A

tin/rn18/rcad2d/sl/ipc10 s46:   3%|▎         | 10/300 [01:20<39:10,  8.11s/ep][A

tin/rn18/rcad2d/sl/ipc10 s46:   4%|▎         | 11/300 [01:28<39:02,  8.11s/ep][A

tin/rn18/rcad2d/sl/ipc10 s46:   4%|▍         | 12/300 [01:36<38:54,  8.11s/ep][A

tin/rn18/rcad2d/sl/ipc10 s46:   4%|▍         | 13/300 [01:44<38:45,  8.10s/ep][A

tin/rn18/rcad2d/sl/ipc10 s46:   5%|▍         | 14/300 [01:52<38:37,  8.10s/ep][A

tin/rn18/rcad2d/sl/ipc10 s46:   5%|▌         | 15/300 [02:01<38:29,  8.10s/ep][A

tin/rn18/rcad2d/sl/ipc10 s46:   5%|▌         | 16/300 [02:09<38:21,  8.10s/ep][A

tin/rn18/rcad2d/sl/ipc10 s46:   6%|▌         | 17/300 [02:17<38:12,  8.10s/ep][A

tin/rn18/rcad2d/sl/ipc10 s46:   6%|▌         | 18/300 [02:25<38:04,  8.10s/ep][A

tin/rn18/rcad2d/sl/ipc10 s46:   6%|▋         | 19/300 [02:33<37:57,  8.11s/ep][A

tin/rn18/rcad2d/sl/ipc10 s46:   7%|▋         | 20/300 [02:41<37:48,  8.10s/ep][A

tin/rn18/rcad2d/sl/ipc10 s46:   7%|▋         | 21/300 [02:49<37:40,  8.10s/ep][A

tin/rn18/rcad2d/sl/ipc10 s46:   7%|▋         | 22/300 [02:57<37:32,  8.10s/ep][A

tin/rn18/rcad2d/sl/ipc10 s46:   8%|▊         | 23/300 [03:05<37:25,  8.11s/ep][A

tin/rn18/rcad2d/sl/ipc10 s46:   8%|▊         | 24/300 [03:13<37:17,  8.11s/ep][A

tin/rn18/rcad2d/sl/ipc10 s46:   8%|▊         | 25/300 [03:22<37:08,  8.10s/ep][A

tin/rn18/rcad2d/sl/ipc10 s46:   9%|▊         | 26/300 [03:30<37:00,  8.10s/ep][A

tin/rn18/rcad2d/sl/ipc10 s46:   9%|▉         | 27/300 [03:38<36:52,  8.11s/ep][A

tin/rn18/rcad2d/sl/ipc10 s46:   9%|▉         | 28/300 [03:46<36:44,  8.10s/ep][A

tin/rn18/rcad2d/sl/ipc10 s46:  10%|▉         | 29/300 [03:54<36:35,  8.10s/ep][A

tin/rn18/rcad2d/sl/ipc10 s46:  10%|█         | 30/300 [04:02<36:27,  8.10s/ep][A

tin/rn18/rcad2d/sl/ipc10 s46:  10%|█         | 31/300 [04:10<36:18,  8.10s/ep][A

tin/rn18/rcad2d/sl/ipc10 s46:  11%|█         | 32/300 [04:18<36:10,  8.10s/ep][A

tin/rn18/rcad2d/sl/ipc10 s46:  11%|█         | 33/300 [04:26<36:02,  8.10s/ep][A

tin/rn18/rcad2d/sl/ipc10 s46:  11%|█▏        | 34/300 [04:34<35:54,  8.10s/ep][A

tin/rn18/rcad2d/sl/ipc10 s46:  12%|█▏        | 35/300 [04:43<35:46,  8.10s/ep][A

tin/rn18/rcad2d/sl/ipc10 s46:  12%|█▏        | 36/300 [04:51<35:38,  8.10s/ep][A

tin/rn18/rcad2d/sl/ipc10 s46:  12%|█▏        | 37/300 [04:59<35:30,  8.10s/ep][A

tin/rn18/rcad2d/sl/ipc10 s46:  13%|█▎        | 38/300 [05:07<35:22,  8.10s/ep][A

tin/rn18/rcad2d/sl/ipc10 s46:  13%|█▎        | 39/300 [05:15<35:14,  8.10s/ep][A

tin/rn18/rcad2d/sl/ipc10 s46:  13%|█▎        | 40/300 [05:23<35:06,  8.10s/ep][A

tin/rn18/rcad2d/sl/ipc10 s46:  14%|█▎        | 41/300 [05:31<34:59,  8.11s/ep][A

tin/rn18/rcad2d/sl/ipc10 s46:  14%|█▍        | 42/300 [05:39<34:50,  8.10s/ep][A

tin/rn18/rcad2d/sl/ipc10 s46:  14%|█▍        | 43/300 [05:47<34:43,  8.11s/ep][A

tin/rn18/rcad2d/sl/ipc10 s46:  15%|█▍        | 44/300 [05:56<34:35,  8.11s/ep][A

tin/rn18/rcad2d/sl/ipc10 s46:  15%|█▌        | 45/300 [06:04<34:26,  8.10s/ep][A

tin/rn18/rcad2d/sl/ipc10 s46:  15%|█▌        | 46/300 [06:12<34:18,  8.10s/ep][A

tin/rn18/rcad2d/sl/ipc10 s46:  16%|█▌        | 47/300 [06:20<34:10,  8.10s/ep][A

tin/rn18/rcad2d/sl/ipc10 s46:  16%|█▌        | 48/300 [06:28<34:02,  8.11s/ep][A

tin/rn18/rcad2d/sl/ipc10 s46:  16%|█▋        | 49/300 [06:36<33:54,  8.11s/ep][A

tin/rn18/rcad2d/sl/ipc10 s46:  17%|█▋        | 50/300 [06:44<33:46,  8.10s/ep][A

tin/rn18/rcad2d/sl/ipc10 s46:  17%|█▋        | 51/300 [06:52<33:37,  8.10s/ep][A

tin/rn18/rcad2d/sl/ipc10 s46:  17%|█▋        | 52/300 [07:00<33:30,  8.11s/ep][A

tin/rn18/rcad2d/sl/ipc10 s46:  18%|█▊        | 53/300 [07:08<33:22,  8.11s/ep][A

tin/rn18/rcad2d/sl/ipc10 s46:  18%|█▊        | 54/300 [07:17<33:13,  8.11s/ep][A

tin/rn18/rcad2d/sl/ipc10 s46:  18%|█▊        | 55/300 [07:25<33:05,  8.10s/ep][A

tin/rn18/rcad2d/sl/ipc10 s46:  19%|█▊        | 56/300 [07:33<32:57,  8.10s/ep][A

tin/rn18/rcad2d/sl/ipc10 s46:  19%|█▉        | 57/300 [07:41<32:49,  8.11s/ep][A

tin/rn18/rcad2d/sl/ipc10 s46:  19%|█▉        | 58/300 [07:49<32:41,  8.11s/ep][A

tin/rn18/rcad2d/sl/ipc10 s46:  20%|█▉        | 59/300 [07:57<32:32,  8.10s/ep][A

tin/rn18/rcad2d/sl/ipc10 s46:  20%|██        | 60/300 [08:05<32:24,  8.10s/ep][A

tin/rn18/rcad2d/sl/ipc10 s46:  20%|██        | 61/300 [08:13<32:16,  8.10s/ep][A

tin/rn18/rcad2d/sl/ipc10 s46:  21%|██        | 62/300 [08:21<32:08,  8.10s/ep][A

tin/rn18/rcad2d/sl/ipc10 s46:  21%|██        | 63/300 [08:30<32:00,  8.10s/ep][A

tin/rn18/rcad2d/sl/ipc10 s46:  21%|██▏       | 64/300 [08:38<31:51,  8.10s/ep][A

tin/rn18/rcad2d/sl/ipc10 s46:  22%|██▏       | 65/300 [08:46<31:43,  8.10s/ep][A

tin/rn18/rcad2d/sl/ipc10 s46:  22%|██▏       | 66/300 [08:54<31:35,  8.10s/ep][A

tin/rn18/rcad2d/sl/ipc10 s46:  22%|██▏       | 67/300 [09:02<31:27,  8.10s/ep][A

tin/rn18/rcad2d/sl/ipc10 s46:  23%|██▎       | 68/300 [09:10<31:20,  8.11s/ep][A

tin/rn18/rcad2d/sl/ipc10 s46:  23%|██▎       | 69/300 [09:18<31:12,  8.11s/ep][A

tin/rn18/rcad2d/sl/ipc10 s46:  23%|██▎       | 70/300 [09:26<31:04,  8.11s/ep][A

tin/rn18/rcad2d/sl/ipc10 s46:  24%|██▎       | 71/300 [09:34<30:56,  8.11s/ep][A

tin/rn18/rcad2d/sl/ipc10 s46:  24%|██▍       | 72/300 [09:42<30:47,  8.10s/ep][A

tin/rn18/rcad2d/sl/ipc10 s46:  24%|██▍       | 73/300 [09:51<30:38,  8.10s/ep][A

tin/rn18/rcad2d/sl/ipc10 s46:  25%|██▍       | 74/300 [09:59<30:30,  8.10s/ep][A

tin/rn18/rcad2d/sl/ipc10 s46:  25%|██▌       | 75/300 [10:07<30:22,  8.10s/ep][A

tin/rn18/rcad2d/sl/ipc10 s46:  25%|██▌       | 76/300 [10:15<30:14,  8.10s/ep][A

tin/rn18/rcad2d/sl/ipc10 s46:  26%|██▌       | 77/300 [10:23<30:07,  8.10s/ep][A

tin/rn18/rcad2d/sl/ipc10 s46:  26%|██▌       | 78/300 [10:31<29:58,  8.10s/ep][A

tin/rn18/rcad2d/sl/ipc10 s46:  26%|██▋       | 79/300 [10:39<29:50,  8.10s/ep][A

tin/rn18/rcad2d/sl/ipc10 s46:  27%|██▋       | 80/300 [10:47<29:42,  8.10s/ep][A

tin/rn18/rcad2d/sl/ipc10 s46:  27%|██▋       | 81/300 [10:55<29:33,  8.10s/ep][A

tin/rn18/rcad2d/sl/ipc10 s46:  27%|██▋       | 82/300 [11:03<29:25,  8.10s/ep][A

tin/rn18/rcad2d/sl/ipc10 s46:  28%|██▊       | 83/300 [11:12<29:18,  8.10s/ep][A

tin/rn18/rcad2d/sl/ipc10 s46:  28%|██▊       | 84/300 [11:20<29:10,  8.10s/ep][A

tin/rn18/rcad2d/sl/ipc10 s46:  28%|██▊       | 85/300 [11:28<29:01,  8.10s/ep][A

tin/rn18/rcad2d/sl/ipc10 s46:  29%|██▊       | 86/300 [11:36<28:54,  8.11s/ep][A

tin/rn18/rcad2d/sl/ipc10 s46:  29%|██▉       | 87/300 [11:44<28:45,  8.10s/ep][A

tin/rn18/rcad2d/sl/ipc10 s46:  29%|██▉       | 88/300 [11:52<28:37,  8.10s/ep][A

tin/rn18/rcad2d/sl/ipc10 s46:  30%|██▉       | 89/300 [12:00<28:29,  8.10s/ep][A

tin/rn18/rcad2d/sl/ipc10 s46:  30%|███       | 90/300 [12:08<28:21,  8.10s/ep][A

tin/rn18/rcad2d/sl/ipc10 s46:  30%|███       | 91/300 [12:16<28:12,  8.10s/ep][A

tin/rn18/rcad2d/sl/ipc10 s46:  31%|███       | 92/300 [12:24<28:04,  8.10s/ep][A

tin/rn18/rcad2d/sl/ipc10 s46:  31%|███       | 93/300 [12:33<27:57,  8.10s/ep][A

tin/rn18/rcad2d/sl/ipc10 s46:  31%|███▏      | 94/300 [12:41<27:48,  8.10s/ep][A

tin/rn18/rcad2d/sl/ipc10 s46:  32%|███▏      | 95/300 [12:49<27:40,  8.10s/ep][A

tin/rn18/rcad2d/sl/ipc10 s46:  32%|███▏      | 96/300 [12:57<27:32,  8.10s/ep][A

tin/rn18/rcad2d/sl/ipc10 s46:  32%|███▏      | 97/300 [13:05<27:24,  8.10s/ep][A

tin/rn18/rcad2d/sl/ipc10 s46:  33%|███▎      | 98/300 [13:13<27:16,  8.10s/ep][A

tin/rn18/rcad2d/sl/ipc10 s46:  33%|███▎      | 99/300 [13:21<27:08,  8.10s/ep][A

tin/rn18/rcad2d/sl/ipc10 s46:  33%|███▎      | 100/300 [13:29<27:00,  8.10s/ep][A

tin/rn18/rcad2d/sl/ipc10 s46:  34%|███▎      | 101/300 [13:37<26:52,  8.10s/ep][A

tin/rn18/rcad2d/sl/ipc10 s46:  34%|███▍      | 102/300 [13:45<26:44,  8.10s/ep][A

tin/rn18/rcad2d/sl/ipc10 s46:  34%|███▍      | 103/300 [13:54<26:36,  8.10s/ep][A

tin/rn18/rcad2d/sl/ipc10 s46:  35%|███▍      | 104/300 [14:02<26:28,  8.10s/ep][A

tin/rn18/rcad2d/sl/ipc10 s46:  35%|███▌      | 105/300 [14:10<26:19,  8.10s/ep][A

tin/rn18/rcad2d/sl/ipc10 s46:  35%|███▌      | 106/300 [14:18<26:11,  8.10s/ep][A

tin/rn18/rcad2d/sl/ipc10 s46:  36%|███▌      | 107/300 [14:26<26:04,  8.11s/ep][A

tin/rn18/rcad2d/sl/ipc10 s46:  36%|███▌      | 108/300 [14:34<25:55,  8.10s/ep][A

tin/rn18/rcad2d/sl/ipc10 s46:  36%|███▋      | 109/300 [14:42<25:47,  8.10s/ep][A

tin/rn18/rcad2d/sl/ipc10 s46:  37%|███▋      | 110/300 [14:50<25:39,  8.10s/ep][A

tin/rn18/rcad2d/sl/ipc10 s46:  37%|███▋      | 111/300 [14:58<25:30,  8.10s/ep][A

tin/rn18/rcad2d/sl/ipc10 s46:  37%|███▋      | 112/300 [15:07<25:23,  8.10s/ep][A

tin/rn18/rcad2d/sl/ipc10 s46:  38%|███▊      | 113/300 [15:15<25:15,  8.10s/ep][A

tin/rn18/rcad2d/sl/ipc10 s46:  38%|███▊      | 114/300 [15:23<25:07,  8.10s/ep][A

tin/rn18/rcad2d/sl/ipc10 s46:  38%|███▊      | 115/300 [15:31<24:58,  8.10s/ep][A

tin/rn18/rcad2d/sl/ipc10 s46:  39%|███▊      | 116/300 [15:39<24:50,  8.10s/ep][A

tin/rn18/rcad2d/sl/ipc10 s46:  39%|███▉      | 117/300 [15:47<24:42,  8.10s/ep][A

tin/rn18/rcad2d/sl/ipc10 s46:  39%|███▉      | 118/300 [15:55<24:35,  8.11s/ep][A

tin/rn18/rcad2d/sl/ipc10 s46:  40%|███▉      | 119/300 [16:03<24:27,  8.11s/ep][A

tin/rn18/rcad2d/sl/ipc10 s46:  40%|████      | 120/300 [16:11<24:19,  8.11s/ep][A

tin/rn18/rcad2d/sl/ipc10 s46:  40%|████      | 121/300 [16:19<24:11,  8.11s/ep][A

tin/rn18/rcad2d/sl/ipc10 s46:  41%|████      | 122/300 [16:28<24:03,  8.11s/ep][A

tin/rn18/rcad2d/sl/ipc10 s46:  41%|████      | 123/300 [16:36<23:55,  8.11s/ep][A

tin/rn18/rcad2d/sl/ipc10 s46:  41%|████▏     | 124/300 [16:44<23:46,  8.11s/ep][A

tin/rn18/rcad2d/sl/ipc10 s46:  42%|████▏     | 125/300 [16:52<23:38,  8.10s/ep][A

tin/rn18/rcad2d/sl/ipc10 s46:  42%|████▏     | 126/300 [17:00<23:30,  8.10s/ep][A

tin/rn18/rcad2d/sl/ipc10 s46:  42%|████▏     | 127/300 [17:08<23:21,  8.10s/ep][A

tin/rn18/rcad2d/sl/ipc10 s46:  43%|████▎     | 128/300 [17:16<23:13,  8.10s/ep][A

tin/rn18/rcad2d/sl/ipc10 s46:  43%|████▎     | 129/300 [17:24<23:05,  8.10s/ep][A

tin/rn18/rcad2d/sl/ipc10 s46:  43%|████▎     | 130/300 [17:32<22:57,  8.10s/ep][A

tin/rn18/rcad2d/sl/ipc10 s46:  44%|████▎     | 131/300 [17:41<22:49,  8.10s/ep][A

tin/rn18/rcad2d/sl/ipc10 s46:  44%|████▍     | 132/300 [17:49<22:41,  8.10s/ep][A

tin/rn18/rcad2d/sl/ipc10 s46:  44%|████▍     | 133/300 [17:57<22:33,  8.11s/ep][A

tin/rn18/rcad2d/sl/ipc10 s46:  45%|████▍     | 134/300 [18:05<22:24,  8.10s/ep][A

tin/rn18/rcad2d/sl/ipc10 s46:  45%|████▌     | 135/300 [18:13<22:17,  8.11s/ep][A

tin/rn18/rcad2d/sl/ipc10 s46:  45%|████▌     | 136/300 [18:21<22:09,  8.10s/ep][A

tin/rn18/rcad2d/sl/ipc10 s46:  46%|████▌     | 137/300 [18:29<22:00,  8.10s/ep][A

tin/rn18/rcad2d/sl/ipc10 s46:  46%|████▌     | 138/300 [18:37<21:52,  8.10s/ep][A

tin/rn18/rcad2d/sl/ipc10 s46:  46%|████▋     | 139/300 [18:45<21:44,  8.10s/ep][A

tin/rn18/rcad2d/sl/ipc10 s46:  47%|████▋     | 140/300 [18:53<21:36,  8.10s/ep][A

tin/rn18/rcad2d/sl/ipc10 s46:  47%|████▋     | 141/300 [19:02<21:28,  8.10s/ep][A

tin/rn18/rcad2d/sl/ipc10 s46:  47%|████▋     | 142/300 [19:10<21:20,  8.10s/ep][A

tin/rn18/rcad2d/sl/ipc10 s46:  48%|████▊     | 143/300 [19:18<21:12,  8.10s/ep][A

tin/rn18/rcad2d/sl/ipc10 s46:  48%|████▊     | 144/300 [19:26<21:04,  8.10s/ep][A

tin/rn18/rcad2d/sl/ipc10 s46:  48%|████▊     | 145/300 [19:34<20:55,  8.10s/ep][A

tin/rn18/rcad2d/sl/ipc10 s46:  49%|████▊     | 146/300 [19:42<20:47,  8.10s/ep][A

tin/rn18/rcad2d/sl/ipc10 s46:  49%|████▉     | 147/300 [19:50<20:39,  8.10s/ep][A

tin/rn18/rcad2d/sl/ipc10 s46:  49%|████▉     | 148/300 [19:58<20:31,  8.10s/ep][A

tin/rn18/rcad2d/sl/ipc10 s46:  50%|████▉     | 149/300 [20:06<20:23,  8.10s/ep][A

tin/rn18/rcad2d/sl/ipc10 s46:  50%|█████     | 150/300 [20:14<20:15,  8.10s/ep][A

tin/rn18/rcad2d/sl/ipc10 s46:  50%|█████     | 151/300 [20:23<20:07,  8.10s/ep][A

tin/rn18/rcad2d/sl/ipc10 s46:  51%|█████     | 152/300 [20:31<19:59,  8.10s/ep][A

tin/rn18/rcad2d/sl/ipc10 s46:  51%|█████     | 153/300 [20:39<19:51,  8.11s/ep][A

tin/rn18/rcad2d/sl/ipc10 s46:  51%|█████▏    | 154/300 [20:47<19:43,  8.11s/ep][A

tin/rn18/rcad2d/sl/ipc10 s46:  52%|█████▏    | 155/300 [20:55<19:35,  8.10s/ep][A

tin/rn18/rcad2d/sl/ipc10 s46:  52%|█████▏    | 156/300 [21:03<19:26,  8.10s/ep][A

tin/rn18/rcad2d/sl/ipc10 s46:  52%|█████▏    | 157/300 [21:11<19:18,  8.10s/ep][A

tin/rn18/rcad2d/sl/ipc10 s46:  53%|█████▎    | 158/300 [21:19<19:10,  8.10s/ep][A

tin/rn18/rcad2d/sl/ipc10 s46:  53%|█████▎    | 159/300 [21:27<19:02,  8.10s/ep][A

tin/rn18/rcad2d/sl/ipc10 s46:  53%|█████▎    | 160/300 [21:35<18:54,  8.10s/ep][A

tin/rn18/rcad2d/sl/ipc10 s46:  54%|█████▎    | 161/300 [21:44<18:46,  8.10s/ep][A

tin/rn18/rcad2d/sl/ipc10 s46:  54%|█████▍    | 162/300 [21:52<18:38,  8.10s/ep][A

tin/rn18/rcad2d/sl/ipc10 s46:  54%|█████▍    | 163/300 [22:00<18:30,  8.10s/ep][A

tin/rn18/rcad2d/sl/ipc10 s46:  55%|█████▍    | 164/300 [22:08<18:22,  8.11s/ep][A

tin/rn18/rcad2d/sl/ipc10 s46:  55%|█████▌    | 165/300 [22:16<18:14,  8.11s/ep][A

tin/rn18/rcad2d/sl/ipc10 s46:  55%|█████▌    | 166/300 [22:24<18:06,  8.11s/ep][A

tin/rn18/rcad2d/sl/ipc10 s46:  56%|█████▌    | 167/300 [22:32<17:58,  8.11s/ep][A

tin/rn18/rcad2d/sl/ipc10 s46:  56%|█████▌    | 168/300 [22:40<17:50,  8.11s/ep][A

tin/rn18/rcad2d/sl/ipc10 s46:  56%|█████▋    | 169/300 [22:48<17:41,  8.11s/ep][A

tin/rn18/rcad2d/sl/ipc10 s46:  57%|█████▋    | 170/300 [22:57<17:33,  8.10s/ep][A

tin/rn18/rcad2d/sl/ipc10 s46:  57%|█████▋    | 171/300 [23:05<17:25,  8.10s/ep][A

tin/rn18/rcad2d/sl/ipc10 s46:  57%|█████▋    | 172/300 [23:13<17:17,  8.11s/ep][A

tin/rn18/rcad2d/sl/ipc10 s46:  58%|█████▊    | 173/300 [23:21<17:09,  8.10s/ep][A

tin/rn18/rcad2d/sl/ipc10 s46:  58%|█████▊    | 174/300 [23:29<17:01,  8.10s/ep][A

tin/rn18/rcad2d/sl/ipc10 s46:  58%|█████▊    | 175/300 [23:37<16:52,  8.10s/ep][A

tin/rn18/rcad2d/sl/ipc10 s46:  59%|█████▊    | 176/300 [23:45<16:44,  8.10s/ep][A

tin/rn18/rcad2d/sl/ipc10 s46:  59%|█████▉    | 177/300 [23:53<16:36,  8.10s/ep][A

tin/rn18/rcad2d/sl/ipc10 s46:  59%|█████▉    | 178/300 [24:01<16:28,  8.10s/ep][A

tin/rn18/rcad2d/sl/ipc10 s46:  60%|█████▉    | 179/300 [24:09<16:20,  8.10s/ep][A

tin/rn18/rcad2d/sl/ipc10 s46:  60%|██████    | 180/300 [24:18<16:12,  8.10s/ep][A

tin/rn18/rcad2d/sl/ipc10 s46:  60%|██████    | 181/300 [24:26<16:04,  8.10s/ep][A

tin/rn18/rcad2d/sl/ipc10 s46:  61%|██████    | 182/300 [24:34<15:56,  8.10s/ep][A

tin/rn18/rcad2d/sl/ipc10 s46:  61%|██████    | 183/300 [24:42<15:48,  8.10s/ep][A

tin/rn18/rcad2d/sl/ipc10 s46:  61%|██████▏   | 184/300 [24:50<15:39,  8.10s/ep][A

tin/rn18/rcad2d/sl/ipc10 s46:  62%|██████▏   | 185/300 [24:58<15:31,  8.10s/ep][A

tin/rn18/rcad2d/sl/ipc10 s46:  62%|██████▏   | 186/300 [25:06<15:23,  8.10s/ep][A

tin/rn18/rcad2d/sl/ipc10 s46:  62%|██████▏   | 187/300 [25:14<15:15,  8.10s/ep][A

tin/rn18/rcad2d/sl/ipc10 s46:  63%|██████▎   | 188/300 [25:22<15:07,  8.10s/ep][A

tin/rn18/rcad2d/sl/ipc10 s46:  63%|██████▎   | 189/300 [25:31<14:59,  8.11s/ep][A

tin/rn18/rcad2d/sl/ipc10 s46:  63%|██████▎   | 190/300 [25:39<14:51,  8.10s/ep][A

tin/rn18/rcad2d/sl/ipc10 s46:  64%|██████▎   | 191/300 [25:47<14:43,  8.10s/ep][A

tin/rn18/rcad2d/sl/ipc10 s46:  64%|██████▍   | 192/300 [25:55<14:35,  8.11s/ep][A

tin/rn18/rcad2d/sl/ipc10 s46:  64%|██████▍   | 193/300 [26:03<14:27,  8.10s/ep][A

tin/rn18/rcad2d/sl/ipc10 s46:  65%|██████▍   | 194/300 [26:11<14:18,  8.10s/ep][A

tin/rn18/rcad2d/sl/ipc10 s46:  65%|██████▌   | 195/300 [26:19<14:10,  8.10s/ep][A

tin/rn18/rcad2d/sl/ipc10 s46:  65%|██████▌   | 196/300 [26:27<14:02,  8.10s/ep][A

tin/rn18/rcad2d/sl/ipc10 s46:  66%|██████▌   | 197/300 [26:35<13:54,  8.10s/ep][A

tin/rn18/rcad2d/sl/ipc10 s46:  66%|██████▌   | 198/300 [26:43<13:46,  8.10s/ep][A

tin/rn18/rcad2d/sl/ipc10 s46:  66%|██████▋   | 199/300 [26:52<13:38,  8.10s/ep][A

tin/rn18/rcad2d/sl/ipc10 s46:  67%|██████▋   | 200/300 [27:00<13:30,  8.10s/ep][A

tin/rn18/rcad2d/sl/ipc10 s46:  67%|██████▋   | 201/300 [27:08<13:21,  8.10s/ep][A

tin/rn18/rcad2d/sl/ipc10 s46:  67%|██████▋   | 202/300 [27:16<13:13,  8.10s/ep][A

tin/rn18/rcad2d/sl/ipc10 s46:  68%|██████▊   | 203/300 [27:24<13:06,  8.11s/ep][A

tin/rn18/rcad2d/sl/ipc10 s46:  68%|██████▊   | 204/300 [27:32<12:58,  8.10s/ep][A

tin/rn18/rcad2d/sl/ipc10 s46:  68%|██████▊   | 205/300 [27:40<12:50,  8.11s/ep][A

tin/rn18/rcad2d/sl/ipc10 s46:  69%|██████▊   | 206/300 [27:48<12:41,  8.10s/ep][A

tin/rn18/rcad2d/sl/ipc10 s46:  69%|██████▉   | 207/300 [27:56<12:33,  8.11s/ep][A

tin/rn18/rcad2d/sl/ipc10 s46:  69%|██████▉   | 208/300 [28:04<12:25,  8.10s/ep][A

tin/rn18/rcad2d/sl/ipc10 s46:  70%|██████▉   | 209/300 [28:13<12:17,  8.10s/ep][A

tin/rn18/rcad2d/sl/ipc10 s46:  70%|███████   | 210/300 [28:21<12:09,  8.10s/ep][A

tin/rn18/rcad2d/sl/ipc10 s46:  70%|███████   | 211/300 [28:29<12:01,  8.11s/ep][A

tin/rn18/rcad2d/sl/ipc10 s46:  71%|███████   | 212/300 [28:37<11:53,  8.10s/ep][A

tin/rn18/rcad2d/sl/ipc10 s46:  71%|███████   | 213/300 [28:45<11:44,  8.10s/ep][A

tin/rn18/rcad2d/sl/ipc10 s46:  71%|███████▏  | 214/300 [28:53<11:36,  8.10s/ep][A

tin/rn18/rcad2d/sl/ipc10 s46:  72%|███████▏  | 215/300 [29:01<11:28,  8.10s/ep][A

tin/rn18/rcad2d/sl/ipc10 s46:  72%|███████▏  | 216/300 [29:09<11:20,  8.10s/ep][A

tin/rn18/rcad2d/sl/ipc10 s46:  72%|███████▏  | 217/300 [29:17<11:12,  8.10s/ep][A

tin/rn18/rcad2d/sl/ipc10 s46:  73%|███████▎  | 218/300 [29:26<11:04,  8.10s/ep][A

tin/rn18/rcad2d/sl/ipc10 s46:  73%|███████▎  | 219/300 [29:34<10:56,  8.10s/ep][A

tin/rn18/rcad2d/sl/ipc10 s46:  73%|███████▎  | 220/300 [29:42<10:48,  8.11s/ep][A

tin/rn18/rcad2d/sl/ipc10 s46:  74%|███████▎  | 221/300 [29:50<10:40,  8.10s/ep][A

tin/rn18/rcad2d/sl/ipc10 s46:  74%|███████▍  | 222/300 [29:58<10:32,  8.11s/ep][A

tin/rn18/rcad2d/sl/ipc10 s46:  74%|███████▍  | 223/300 [30:06<10:23,  8.10s/ep][A

tin/rn18/rcad2d/sl/ipc10 s46:  75%|███████▍  | 224/300 [30:14<10:15,  8.10s/ep][A

tin/rn18/rcad2d/sl/ipc10 s46:  75%|███████▌  | 225/300 [30:22<10:07,  8.10s/ep][A

tin/rn18/rcad2d/sl/ipc10 s46:  75%|███████▌  | 226/300 [30:30<09:59,  8.10s/ep][A

tin/rn18/rcad2d/sl/ipc10 s46:  76%|███████▌  | 227/300 [30:38<09:51,  8.10s/ep][A

tin/rn18/rcad2d/sl/ipc10 s46:  76%|███████▌  | 228/300 [30:47<09:43,  8.10s/ep][A

tin/rn18/rcad2d/sl/ipc10 s46:  76%|███████▋  | 229/300 [30:55<09:35,  8.10s/ep][A

tin/rn18/rcad2d/sl/ipc10 s46:  77%|███████▋  | 230/300 [31:03<09:27,  8.11s/ep][A

tin/rn18/rcad2d/sl/ipc10 s46:  77%|███████▋  | 231/300 [31:11<09:19,  8.11s/ep][A

tin/rn18/rcad2d/sl/ipc10 s46:  77%|███████▋  | 232/300 [31:19<09:11,  8.11s/ep][A

tin/rn18/rcad2d/sl/ipc10 s46:  78%|███████▊  | 233/300 [31:27<09:03,  8.10s/ep][A

tin/rn18/rcad2d/sl/ipc10 s46:  78%|███████▊  | 234/300 [31:35<08:54,  8.10s/ep][A

tin/rn18/rcad2d/sl/ipc10 s46:  78%|███████▊  | 235/300 [31:43<08:46,  8.10s/ep][A

tin/rn18/rcad2d/sl/ipc10 s46:  79%|███████▊  | 236/300 [31:51<08:38,  8.10s/ep][A

tin/rn18/rcad2d/sl/ipc10 s46:  79%|███████▉  | 237/300 [32:00<08:30,  8.10s/ep][A

tin/rn18/rcad2d/sl/ipc10 s46:  79%|███████▉  | 238/300 [32:08<08:22,  8.10s/ep][A

tin/rn18/rcad2d/sl/ipc10 s46:  80%|███████▉  | 239/300 [32:16<08:14,  8.11s/ep][A

tin/rn18/rcad2d/sl/ipc10 s46:  80%|████████  | 240/300 [32:24<08:06,  8.10s/ep][A

tin/rn18/rcad2d/sl/ipc10 s46:  80%|████████  | 241/300 [32:32<07:58,  8.10s/ep][A

tin/rn18/rcad2d/sl/ipc10 s46:  81%|████████  | 242/300 [32:40<07:50,  8.10s/ep][A

tin/rn18/rcad2d/sl/ipc10 s46:  81%|████████  | 243/300 [32:48<07:41,  8.10s/ep][A

tin/rn18/rcad2d/sl/ipc10 s46:  81%|████████▏ | 244/300 [32:56<07:33,  8.10s/ep][A

tin/rn18/rcad2d/sl/ipc10 s46:  82%|████████▏ | 245/300 [33:04<07:25,  8.10s/ep][A

tin/rn18/rcad2d/sl/ipc10 s46:  82%|████████▏ | 246/300 [33:12<07:17,  8.10s/ep][A

tin/rn18/rcad2d/sl/ipc10 s46:  82%|████████▏ | 247/300 [33:21<07:09,  8.10s/ep][A

tin/rn18/rcad2d/sl/ipc10 s46:  83%|████████▎ | 248/300 [33:29<07:01,  8.10s/ep][A

tin/rn18/rcad2d/sl/ipc10 s46:  83%|████████▎ | 249/300 [33:37<06:53,  8.10s/ep][A

tin/rn18/rcad2d/sl/ipc10 s46:  83%|████████▎ | 250/300 [33:45<06:45,  8.10s/ep][A

tin/rn18/rcad2d/sl/ipc10 s46:  84%|████████▎ | 251/300 [33:53<06:37,  8.11s/ep][A

tin/rn18/rcad2d/sl/ipc10 s46:  84%|████████▍ | 252/300 [34:01<06:29,  8.10s/ep][A

tin/rn18/rcad2d/sl/ipc10 s46:  84%|████████▍ | 253/300 [34:09<06:20,  8.10s/ep][A

tin/rn18/rcad2d/sl/ipc10 s46:  85%|████████▍ | 254/300 [34:17<06:12,  8.10s/ep][A

tin/rn18/rcad2d/sl/ipc10 s46:  85%|████████▌ | 255/300 [34:25<06:04,  8.11s/ep][A

tin/rn18/rcad2d/sl/ipc10 s46:  85%|████████▌ | 256/300 [34:33<05:56,  8.10s/ep][A

tin/rn18/rcad2d/sl/ipc10 s46:  86%|████████▌ | 257/300 [34:42<05:48,  8.11s/ep][A

tin/rn18/rcad2d/sl/ipc10 s46:  86%|████████▌ | 258/300 [34:50<05:40,  8.10s/ep][A

tin/rn18/rcad2d/sl/ipc10 s46:  86%|████████▋ | 259/300 [34:58<05:32,  8.10s/ep][A

tin/rn18/rcad2d/sl/ipc10 s46:  87%|████████▋ | 260/300 [35:06<05:24,  8.10s/ep][A

tin/rn18/rcad2d/sl/ipc10 s46:  87%|████████▋ | 261/300 [35:14<05:16,  8.10s/ep][A

tin/rn18/rcad2d/sl/ipc10 s46:  87%|████████▋ | 262/300 [35:22<05:07,  8.10s/ep][A

tin/rn18/rcad2d/sl/ipc10 s46:  88%|████████▊ | 263/300 [35:30<04:59,  8.10s/ep][A

tin/rn18/rcad2d/sl/ipc10 s46:  88%|████████▊ | 264/300 [35:38<04:51,  8.10s/ep][A

tin/rn18/rcad2d/sl/ipc10 s46:  88%|████████▊ | 265/300 [35:46<04:43,  8.10s/ep][A

tin/rn18/rcad2d/sl/ipc10 s46:  89%|████████▊ | 266/300 [35:54<04:35,  8.10s/ep][A

tin/rn18/rcad2d/sl/ipc10 s46:  89%|████████▉ | 267/300 [36:03<04:27,  8.10s/ep][A

tin/rn18/rcad2d/sl/ipc10 s46:  89%|████████▉ | 268/300 [36:11<04:19,  8.10s/ep][A

tin/rn18/rcad2d/sl/ipc10 s46:  90%|████████▉ | 269/300 [36:19<04:11,  8.10s/ep][A

tin/rn18/rcad2d/sl/ipc10 s46:  90%|█████████ | 270/300 [36:27<04:03,  8.10s/ep][A

tin/rn18/rcad2d/sl/ipc10 s46:  90%|█████████ | 271/300 [36:35<03:54,  8.10s/ep][A

tin/rn18/rcad2d/sl/ipc10 s46:  91%|█████████ | 272/300 [36:43<03:46,  8.10s/ep][A

tin/rn18/rcad2d/sl/ipc10 s46:  91%|█████████ | 273/300 [36:51<03:38,  8.10s/ep][A

tin/rn18/rcad2d/sl/ipc10 s46:  91%|█████████▏| 274/300 [36:59<03:30,  8.10s/ep][A

tin/rn18/rcad2d/sl/ipc10 s46:  92%|█████████▏| 275/300 [37:07<03:22,  8.10s/ep][A

tin/rn18/rcad2d/sl/ipc10 s46:  92%|█████████▏| 276/300 [37:16<03:14,  8.10s/ep][A

tin/rn18/rcad2d/sl/ipc10 s46:  92%|█████████▏| 277/300 [37:24<03:06,  8.10s/ep][A

tin/rn18/rcad2d/sl/ipc10 s46:  93%|█████████▎| 278/300 [37:32<02:58,  8.10s/ep][A

tin/rn18/rcad2d/sl/ipc10 s46:  93%|█████████▎| 279/300 [37:40<02:50,  8.10s/ep][A

tin/rn18/rcad2d/sl/ipc10 s46:  93%|█████████▎| 280/300 [37:48<02:42,  8.10s/ep][A

tin/rn18/rcad2d/sl/ipc10 s46:  94%|█████████▎| 281/300 [37:56<02:33,  8.10s/ep][A

tin/rn18/rcad2d/sl/ipc10 s46:  94%|█████████▍| 282/300 [38:04<02:25,  8.11s/ep][A

tin/rn18/rcad2d/sl/ipc10 s46:  94%|█████████▍| 283/300 [38:12<02:17,  8.11s/ep][A

tin/rn18/rcad2d/sl/ipc10 s46:  95%|█████████▍| 284/300 [38:20<02:09,  8.11s/ep][A

tin/rn18/rcad2d/sl/ipc10 s46:  95%|█████████▌| 285/300 [38:28<02:01,  8.11s/ep][A

tin/rn18/rcad2d/sl/ipc10 s46:  95%|█████████▌| 286/300 [38:37<01:53,  8.11s/ep][A

tin/rn18/rcad2d/sl/ipc10 s46:  96%|█████████▌| 287/300 [38:45<01:45,  8.11s/ep][A

tin/rn18/rcad2d/sl/ipc10 s46:  96%|█████████▌| 288/300 [38:53<01:37,  8.11s/ep][A

tin/rn18/rcad2d/sl/ipc10 s46:  96%|█████████▋| 289/300 [39:01<01:29,  8.11s/ep][A

tin/rn18/rcad2d/sl/ipc10 s46:  97%|█████████▋| 290/300 [39:09<01:21,  8.11s/ep][A

tin/rn18/rcad2d/sl/ipc10 s46:  97%|█████████▋| 291/300 [39:17<01:12,  8.10s/ep][A

tin/rn18/rcad2d/sl/ipc10 s46:  97%|█████████▋| 292/300 [39:25<01:04,  8.10s/ep][A

tin/rn18/rcad2d/sl/ipc10 s46:  98%|█████████▊| 293/300 [39:33<00:56,  8.10s/ep][A

tin/rn18/rcad2d/sl/ipc10 s46:  98%|█████████▊| 294/300 [39:41<00:48,  8.10s/ep][A

tin/rn18/rcad2d/sl/ipc10 s46:  98%|█████████▊| 295/300 [39:50<00:40,  8.10s/ep][A

tin/rn18/rcad2d/sl/ipc10 s46:  99%|█████████▊| 296/300 [39:58<00:32,  8.10s/ep][A

tin/rn18/rcad2d/sl/ipc10 s46:  99%|█████████▉| 297/300 [40:06<00:24,  8.11s/ep][A

tin/rn18/rcad2d/sl/ipc10 s46:  99%|█████████▉| 298/300 [40:14<00:16,  8.10s/ep][A

tin/rn18/rcad2d/sl/ipc10 s46: 100%|█████████▉| 299/300 [40:22<00:08,  8.10s/ep][A

tin/rn18/rcad2d/sl/ipc10 s46: 100%|██████████| 300/300 [40:30<00:00,  8.10s/ep][A

                                                                               [A[cell] tin/rn18/rcad2d/sl/ipc10 seed46: 13.90%  (2444s)
[cell] tin/rn18/rcad2d/sl/ipc10: union seeds [42, 43, 44] + [45, 46]

rn18-tin:  33%|███▎      | 9/27 [12:13:41<24:27:19, 4891.11s/cell, rcad2d/sl/ipc10]
rn18-tin:  33%|███▎      | 9/27 [12:13:41<24:27:19, 4891.11s/cell, random/sl/ipc50][cell] tin/rn18/rcad2d/sl/ipc10: 13.14 +- 0.87 (6551s)


tin/rn18/random/sl/ipc50 s45:   0%|          | 0/300 [00:00<?, ?ep/s][A

tin/rn18/random/sl/ipc50 s45:   0%|          | 1/300 [00:40<3:22:02, 40.55s/ep][A

tin/rn18/random/sl/ipc50 s45:   1%|          | 2/300 [01:20<3:21:00, 40.47s/ep][A

tin/rn18/random/sl/ipc50 s45:   1%|          | 3/300 [02:01<3:20:19, 40.47s/ep][A

tin/rn18/random/sl/ipc50 s45:   1%|▏         | 4/300 [02:41<3:19:34, 40.45s/ep][A

tin/rn18/random/sl/ipc50 s45:   2%|▏         | 5/300 [03:22<3:18:54, 40.45s/ep][A

tin/rn18/random/sl/ipc50 s45:   2%|▏         | 6/300 [04:02<3:18:10, 40.45s/ep][A

tin/rn18/random/sl/ipc50 s45:   2%|▏         | 7/300 [04:43<3:17:30, 40.45s/ep][A

tin/rn18/random/sl/ipc50 s45:   3%|▎         | 8/300 [05:23<3:16:49, 40.44s/ep][A

tin/rn18/random/sl/ipc50 s45:   3%|▎         | 9/300 [06:04<3:16:11, 40.45s/ep][A

tin/rn18/random/sl/ipc50 s45:   3%|▎         | 10/300 [06:44<3:15:33, 40.46s/ep][A

tin/rn18/random/sl/ipc50 s45:   4%|▎         | 11/300 [07:25<3:14:51, 40.46s/ep][A

tin/rn18/random/sl/ipc50 s45:   4%|▍         | 12/300 [08:05<3:14:11, 40.46s/ep][A

tin/rn18/random/sl/ipc50 s45:   4%|▍         | 13/300 [08:45<3:13:27, 40.44s/ep][A

tin/rn18/random/sl/ipc50 s45:   5%|▍         | 14/300 [09:26<3:12:46, 40.44s/ep][A

tin/rn18/random/sl/ipc50 s45:   5%|▌         | 15/300 [10:06<3:12:08, 40.45s/ep][A

tin/rn18/random/sl/ipc50 s45:   5%|▌         | 16/300 [10:47<3:11:27, 40.45s/ep][A

tin/rn18/random/sl/ipc50 s45:   6%|▌         | 17/300 [11:27<3:10:47, 40.45s/ep][A

tin/rn18/random/sl/ipc50 s45:   6%|▌         | 18/300 [12:08<3:10:09, 40.46s/ep][A

tin/rn18/random/sl/ipc50 s45:   6%|▋         | 19/300 [12:48<3:09:28, 40.46s/ep][A

tin/rn18/random/sl/ipc50 s45:   7%|▋         | 20/300 [13:29<3:08:48, 40.46s/ep][A

tin/rn18/random/sl/ipc50 s45:   7%|▋         | 21/300 [14:09<3:08:08, 40.46s/ep][A

tin/rn18/random/sl/ipc50 s45:   7%|▋         | 22/300 [14:50<3:07:28, 40.46s/ep][A

tin/rn18/random/sl/ipc50 s45:   8%|▊         | 23/300 [15:30<3:06:48, 40.46s/ep][A

tin/rn18/random/sl/ipc50 s45:   8%|▊         | 24/300 [16:10<3:06:07, 40.46s/ep][A

tin/rn18/random/sl/ipc50 s45:   8%|▊         | 25/300 [16:51<3:05:25, 40.46s/ep][A

tin/rn18/random/sl/ipc50 s45:   9%|▊         | 26/300 [17:31<3:04:44, 40.46s/ep][A

tin/rn18/random/sl/ipc50 s45:   9%|▉         | 27/300 [18:12<3:04:05, 40.46s/ep][A

tin/rn18/random/sl/ipc50 s45:   9%|▉         | 28/300 [18:52<3:03:23, 40.45s/ep][A

tin/rn18/random/sl/ipc50 s45:  10%|▉         | 29/300 [19:33<3:02:43, 40.46s/ep][A

tin/rn18/random/sl/ipc50 s45:  10%|█         | 30/300 [20:13<3:02:01, 40.45s/ep][A

tin/rn18/random/sl/ipc50 s45:  10%|█         | 31/300 [20:54<3:01:22, 40.46s/ep][A

tin/rn18/random/sl/ipc50 s45:  11%|█         | 32/300 [21:34<3:00:40, 40.45s/ep][A

tin/rn18/random/sl/ipc50 s45:  11%|█         | 33/300 [22:15<2:59:59, 40.45s/ep][A

tin/rn18/random/sl/ipc50 s45:  11%|█▏        | 34/300 [22:55<2:59:20, 40.45s/ep][A

tin/rn18/random/sl/ipc50 s45:  12%|█▏        | 35/300 [23:35<2:58:39, 40.45s/ep][A

tin/rn18/random/sl/ipc50 s45:  12%|█▏        | 36/300 [24:16<2:57:57, 40.45s/ep][A

tin/rn18/random/sl/ipc50 s45:  12%|█▏        | 37/300 [24:56<2:57:16, 40.44s/ep][A

tin/rn18/random/sl/ipc50 s45:  13%|█▎        | 38/300 [25:37<2:56:38, 40.45s/ep][A

tin/rn18/random/sl/ipc50 s45:  13%|█▎        | 39/300 [26:17<2:55:59, 40.46s/ep][A

tin/rn18/random/sl/ipc50 s45:  13%|█▎        | 40/300 [26:58<2:55:19, 40.46s/ep][A

tin/rn18/random/sl/ipc50 s45:  14%|█▎        | 41/300 [27:38<2:54:39, 40.46s/ep][A

tin/rn18/random/sl/ipc50 s45:  14%|█▍        | 42/300 [28:19<2:53:57, 40.46s/ep][A

tin/rn18/random/sl/ipc50 s45:  14%|█▍        | 43/300 [28:59<2:53:18, 40.46s/ep][A

tin/rn18/random/sl/ipc50 s45:  15%|█▍        | 44/300 [29:40<2:52:36, 40.46s/ep][A

tin/rn18/random/sl/ipc50 s45:  15%|█▌        | 45/300 [30:20<2:51:55, 40.45s/ep][A

tin/rn18/random/sl/ipc50 s45:  15%|█▌        | 46/300 [31:00<2:51:16, 40.46s/ep][A

tin/rn18/random/sl/ipc50 s45:  16%|█▌        | 47/300 [31:41<2:50:34, 40.45s/ep][A

tin/rn18/random/sl/ipc50 s45:  16%|█▌        | 48/300 [32:21<2:49:55, 40.46s/ep][A

tin/rn18/random/sl/ipc50 s45:  16%|█▋        | 49/300 [33:02<2:49:15, 40.46s/ep][A

tin/rn18/random/sl/ipc50 s45:  17%|█▋        | 50/300 [33:42<2:48:35, 40.46s/ep][A

tin/rn18/random/sl/ipc50 s45:  17%|█▋        | 51/300 [34:23<2:47:55, 40.46s/ep][A

tin/rn18/random/sl/ipc50 s45:  17%|█▋        | 52/300 [35:03<2:47:12, 40.46s/ep][A

tin/rn18/random/sl/ipc50 s45:  18%|█▊        | 53/300 [35:44<2:46:32, 40.45s/ep][A

tin/rn18/random/sl/ipc50 s45:  18%|█▊        | 54/300 [36:24<2:45:51, 40.45s/ep][A

tin/rn18/random/sl/ipc50 s45:  18%|█▊        | 55/300 [37:05<2:45:09, 40.45s/ep][A

tin/rn18/random/sl/ipc50 s45:  19%|█▊        | 56/300 [37:45<2:44:31, 40.46s/ep][A

tin/rn18/random/sl/ipc50 s45:  19%|█▉        | 57/300 [38:25<2:43:51, 40.46s/ep][A

tin/rn18/random/sl/ipc50 s45:  19%|█▉        | 58/300 [39:06<2:43:10, 40.46s/ep][A

tin/rn18/random/sl/ipc50 s45:  20%|█▉        | 59/300 [39:46<2:42:29, 40.45s/ep][A

tin/rn18/random/sl/ipc50 s45:  20%|██        | 60/300 [40:27<2:41:48, 40.45s/ep][A

tin/rn18/random/sl/ipc50 s45:  20%|██        | 61/300 [41:07<2:41:08, 40.45s/ep][A

tin/rn18/random/sl/ipc50 s45:  21%|██        | 62/300 [41:48<2:40:29, 40.46s/ep][A

tin/rn18/random/sl/ipc50 s45:  21%|██        | 63/300 [42:28<2:39:48, 40.46s/ep][A

tin/rn18/random/sl/ipc50 s45:  21%|██▏       | 64/300 [43:09<2:39:07, 40.45s/ep][A

tin/rn18/random/sl/ipc50 s45:  22%|██▏       | 65/300 [43:49<2:38:27, 40.46s/ep][A

tin/rn18/random/sl/ipc50 s45:  22%|██▏       | 66/300 [44:30<2:37:47, 40.46s/ep][A

tin/rn18/random/sl/ipc50 s45:  22%|██▏       | 67/300 [45:10<2:37:05, 40.45s/ep][A

tin/rn18/random/sl/ipc50 s45:  23%|██▎       | 68/300 [45:50<2:36:26, 40.46s/ep][A

tin/rn18/random/sl/ipc50 s45:  23%|██▎       | 69/300 [46:31<2:35:45, 40.46s/ep][A

tin/rn18/random/sl/ipc50 s45:  23%|██▎       | 70/300 [47:11<2:35:05, 40.46s/ep][A

tin/rn18/random/sl/ipc50 s45:  24%|██▎       | 71/300 [47:52<2:34:23, 40.45s/ep][A

tin/rn18/random/sl/ipc50 s45:  24%|██▍       | 72/300 [48:32<2:33:44, 40.46s/ep][A

tin/rn18/random/sl/ipc50 s45:  24%|██▍       | 73/300 [49:13<2:33:04, 40.46s/ep][A

tin/rn18/random/sl/ipc50 s45:  25%|██▍       | 74/300 [49:53<2:32:24, 40.46s/ep][A

tin/rn18/random/sl/ipc50 s45:  25%|██▌       | 75/300 [50:34<2:31:43, 40.46s/ep][A

tin/rn18/random/sl/ipc50 s45:  25%|██▌       | 76/300 [51:14<2:31:00, 40.45s/ep][A

tin/rn18/random/sl/ipc50 s45:  26%|██▌       | 77/300 [51:55<2:30:18, 40.44s/ep][A

tin/rn18/random/sl/ipc50 s45:  26%|██▌       | 78/300 [52:35<2:29:38, 40.44s/ep][A

tin/rn18/random/sl/ipc50 s45:  26%|██▋       | 79/300 [53:15<2:28:58, 40.45s/ep][A

tin/rn18/random/sl/ipc50 s45:  27%|██▋       | 80/300 [53:56<2:28:17, 40.44s/ep][A

tin/rn18/random/sl/ipc50 s45:  27%|██▋       | 81/300 [54:36<2:27:37, 40.45s/ep][A

tin/rn18/random/sl/ipc50 s45:  27%|██▋       | 82/300 [55:17<2:26:57, 40.45s/ep][A

tin/rn18/random/sl/ipc50 s45:  28%|██▊       | 83/300 [55:57<2:26:20, 40.46s/ep][A

tin/rn18/random/sl/ipc50 s45:  28%|██▊       | 84/300 [56:38<2:25:39, 40.46s/ep][A

tin/rn18/random/sl/ipc50 s45:  28%|██▊       | 85/300 [57:18<2:24:58, 40.46s/ep][A

tin/rn18/random/sl/ipc50 s45:  29%|██▊       | 86/300 [57:59<2:24:18, 40.46s/ep][A

tin/rn18/random/sl/ipc50 s45:  29%|██▉       | 87/300 [58:39<2:23:37, 40.46s/ep][A

tin/rn18/random/sl/ipc50 s45:  29%|██▉       | 88/300 [59:20<2:22:56, 40.46s/ep][A

tin/rn18/random/sl/ipc50 s45:  30%|██▉       | 89/300 [1:00:00<2:22:16, 40.46s/ep][A

tin/rn18/random/sl/ipc50 s45:  30%|███       | 90/300 [1:00:40<2:21:36, 40.46s/ep][A

tin/rn18/random/sl/ipc50 s45:  30%|███       | 91/300 [1:01:21<2:20:54, 40.45s/ep][A

tin/rn18/random/sl/ipc50 s45:  31%|███       | 92/300 [1:02:01<2:20:14, 40.45s/ep][A

tin/rn18/random/sl/ipc50 s45:  31%|███       | 93/300 [1:02:42<2:19:34, 40.46s/ep][A

tin/rn18/random/sl/ipc50 s45:  31%|███▏      | 94/300 [1:03:22<2:18:53, 40.45s/ep][A

tin/rn18/random/sl/ipc50 s45:  32%|███▏      | 95/300 [1:04:03<2:18:13, 40.46s/ep][A

tin/rn18/random/sl/ipc50 s45:  32%|███▏      | 96/300 [1:04:43<2:17:32, 40.45s/ep][A

tin/rn18/random/sl/ipc50 s45:  32%|███▏      | 97/300 [1:05:24<2:16:54, 40.46s/ep][A

tin/rn18/random/sl/ipc50 s45:  33%|███▎      | 98/300 [1:06:04<2:16:12, 40.46s/ep][A

tin/rn18/random/sl/ipc50 s45:  33%|███▎      | 99/300 [1:06:45<2:15:31, 40.45s/ep][A

tin/rn18/random/sl/ipc50 s45:  33%|███▎      | 100/300 [1:07:25<2:14:51, 40.46s/ep][A

tin/rn18/random/sl/ipc50 s45:  34%|███▎      | 101/300 [1:08:05<2:14:09, 40.45s/ep][A

tin/rn18/random/sl/ipc50 s45:  34%|███▍      | 102/300 [1:08:46<2:13:29, 40.45s/ep][A

tin/rn18/random/sl/ipc50 s45:  34%|███▍      | 103/300 [1:09:26<2:12:48, 40.45s/ep][A

tin/rn18/random/sl/ipc50 s45:  35%|███▍      | 104/300 [1:10:07<2:12:08, 40.45s/ep][A

tin/rn18/random/sl/ipc50 s45:  35%|███▌      | 105/300 [1:10:47<2:11:28, 40.45s/ep][A

tin/rn18/random/sl/ipc50 s45:  35%|███▌      | 106/300 [1:11:28<2:10:48, 40.46s/ep][A

tin/rn18/random/sl/ipc50 s45:  36%|███▌      | 107/300 [1:12:08<2:10:06, 40.45s/ep][A

tin/rn18/random/sl/ipc50 s45:  36%|███▌      | 108/300 [1:12:49<2:09:26, 40.45s/ep][A

tin/rn18/random/sl/ipc50 s45:  36%|███▋      | 109/300 [1:13:29<2:08:45, 40.45s/ep][A

tin/rn18/random/sl/ipc50 s45:  37%|███▋      | 110/300 [1:14:10<2:08:06, 40.46s/ep][A

tin/rn18/random/sl/ipc50 s45:  37%|███▋      | 111/300 [1:14:50<2:07:27, 40.46s/ep][A

tin/rn18/random/sl/ipc50 s45:  37%|███▋      | 112/300 [1:15:30<2:06:46, 40.46s/ep][A

tin/rn18/random/sl/ipc50 s45:  38%|███▊      | 113/300 [1:16:11<2:06:04, 40.45s/ep][A

tin/rn18/random/sl/ipc50 s45:  38%|███▊      | 114/300 [1:16:51<2:05:25, 40.46s/ep][A

tin/rn18/random/sl/ipc50 s45:  38%|███▊      | 115/300 [1:17:32<2:04:44, 40.46s/ep][A

tin/rn18/random/sl/ipc50 s45:  39%|███▊      | 116/300 [1:18:12<2:04:03, 40.45s/ep][A

tin/rn18/random/sl/ipc50 s45:  39%|███▉      | 117/300 [1:18:53<2:03:23, 40.46s/ep][A

tin/rn18/random/sl/ipc50 s45:  39%|███▉      | 118/300 [1:19:33<2:02:43, 40.46s/ep][A

tin/rn18/random/sl/ipc50 s45:  40%|███▉      | 119/300 [1:20:14<2:02:02, 40.46s/ep][A

tin/rn18/random/sl/ipc50 s45:  40%|████      | 120/300 [1:20:54<2:01:22, 40.46s/ep][A

tin/rn18/random/sl/ipc50 s45:  40%|████      | 121/300 [1:21:35<2:00:41, 40.45s/ep][A

tin/rn18/random/sl/ipc50 s45:  41%|████      | 122/300 [1:22:15<2:00:02, 40.46s/ep][A

tin/rn18/random/sl/ipc50 s45:  41%|████      | 123/300 [1:22:56<1:59:21, 40.46s/ep][A

tin/rn18/random/sl/ipc50 s45:  41%|████▏     | 124/300 [1:23:36<1:58:41, 40.46s/ep][A

tin/rn18/random/sl/ipc50 s45:  42%|████▏     | 125/300 [1:24:16<1:58:00, 40.46s/ep][A

tin/rn18/random/sl/ipc50 s45:  42%|████▏     | 126/300 [1:24:57<1:57:19, 40.46s/ep][A

tin/rn18/random/sl/ipc50 s45:  42%|████▏     | 127/300 [1:25:37<1:56:38, 40.45s/ep][A

tin/rn18/random/sl/ipc50 s45:  43%|████▎     | 128/300 [1:26:18<1:55:58, 40.46s/ep][A

tin/rn18/random/sl/ipc50 s45:  43%|████▎     | 129/300 [1:26:58<1:55:18, 40.46s/ep][A

tin/rn18/random/sl/ipc50 s45:  43%|████▎     | 130/300 [1:27:39<1:54:37, 40.46s/ep][A

tin/rn18/random/sl/ipc50 s45:  44%|████▎     | 131/300 [1:28:19<1:53:56, 40.45s/ep][A

tin/rn18/random/sl/ipc50 s45:  44%|████▍     | 132/300 [1:29:00<1:53:16, 40.46s/ep][A

tin/rn18/random/sl/ipc50 s45:  44%|████▍     | 133/300 [1:29:40<1:52:35, 40.45s/ep][A

tin/rn18/random/sl/ipc50 s45:  45%|████▍     | 134/300 [1:30:21<1:51:57, 40.46s/ep][A

tin/rn18/random/sl/ipc50 s45:  45%|████▌     | 135/300 [1:31:01<1:51:16, 40.46s/ep][A

tin/rn18/random/sl/ipc50 s45:  45%|████▌     | 136/300 [1:31:41<1:50:35, 40.46s/ep][A

tin/rn18/random/sl/ipc50 s45:  46%|████▌     | 137/300 [1:32:22<1:49:55, 40.46s/ep][A

tin/rn18/random/sl/ipc50 s45:  46%|████▌     | 138/300 [1:33:02<1:49:13, 40.45s/ep][A

tin/rn18/random/sl/ipc50 s45:  46%|████▋     | 139/300 [1:33:43<1:48:33, 40.46s/ep][A

tin/rn18/random/sl/ipc50 s45:  47%|████▋     | 140/300 [1:34:23<1:47:52, 40.45s/ep][A

tin/rn18/random/sl/ipc50 s45:  47%|████▋     | 141/300 [1:35:04<1:47:11, 40.45s/ep][A

tin/rn18/random/sl/ipc50 s45:  47%|████▋     | 142/300 [1:35:44<1:46:32, 40.46s/ep][A

tin/rn18/random/sl/ipc50 s45:  48%|████▊     | 143/300 [1:36:25<1:45:52, 40.46s/ep][A

tin/rn18/random/sl/ipc50 s45:  48%|████▊     | 144/300 [1:37:05<1:45:10, 40.45s/ep][A

tin/rn18/random/sl/ipc50 s45:  48%|████▊     | 145/300 [1:37:46<1:44:29, 40.45s/ep][A

tin/rn18/random/sl/ipc50 s45:  49%|████▊     | 146/300 [1:38:26<1:43:49, 40.45s/ep][A

tin/rn18/random/sl/ipc50 s45:  49%|████▉     | 147/300 [1:39:06<1:43:10, 40.46s/ep][A

tin/rn18/random/sl/ipc50 s45:  49%|████▉     | 148/300 [1:39:47<1:42:28, 40.45s/ep][A

tin/rn18/random/sl/ipc50 s45:  50%|████▉     | 149/300 [1:40:27<1:41:48, 40.45s/ep][A

tin/rn18/random/sl/ipc50 s45:  50%|█████     | 150/300 [1:41:08<1:41:08, 40.46s/ep][A

tin/rn18/random/sl/ipc50 s45:  50%|█████     | 151/300 [1:41:48<1:40:27, 40.45s/ep][A

tin/rn18/random/sl/ipc50 s45:  51%|█████     | 152/300 [1:42:29<1:39:47, 40.46s/ep][A

tin/rn18/random/sl/ipc50 s45:  51%|█████     | 153/300 [1:43:09<1:39:06, 40.45s/ep][A

tin/rn18/random/sl/ipc50 s45:  51%|█████▏    | 154/300 [1:43:50<1:38:25, 40.45s/ep][A

tin/rn18/random/sl/ipc50 s45:  52%|█████▏    | 155/300 [1:44:30<1:37:45, 40.45s/ep][A

tin/rn18/random/sl/ipc50 s45:  52%|█████▏    | 156/300 [1:45:11<1:37:04, 40.45s/ep][A

tin/rn18/random/sl/ipc50 s45:  52%|█████▏    | 157/300 [1:45:51<1:36:24, 40.45s/ep][A

tin/rn18/random/sl/ipc50 s45:  53%|█████▎    | 158/300 [1:46:31<1:35:43, 40.45s/ep][A

tin/rn18/random/sl/ipc50 s45:  53%|█████▎    | 159/300 [1:47:12<1:35:03, 40.45s/ep][A

tin/rn18/random/sl/ipc50 s45:  53%|█████▎    | 160/300 [1:47:52<1:34:22, 40.45s/ep][A

tin/rn18/random/sl/ipc50 s45:  54%|█████▎    | 161/300 [1:48:33<1:33:42, 40.45s/ep][A

tin/rn18/random/sl/ipc50 s45:  54%|█████▍    | 162/300 [1:49:13<1:33:02, 40.45s/ep][A

tin/rn18/random/sl/ipc50 s45:  54%|█████▍    | 163/300 [1:49:54<1:32:21, 40.45s/ep][A

tin/rn18/random/sl/ipc50 s45:  55%|█████▍    | 164/300 [1:50:34<1:31:40, 40.45s/ep][A

tin/rn18/random/sl/ipc50 s45:  55%|█████▌    | 165/300 [1:51:15<1:31:00, 40.44s/ep][A

tin/rn18/random/sl/ipc50 s45:  55%|█████▌    | 166/300 [1:51:55<1:30:19, 40.44s/ep][A

tin/rn18/random/sl/ipc50 s45:  56%|█████▌    | 167/300 [1:52:35<1:29:39, 40.45s/ep][A

tin/rn18/random/sl/ipc50 s45:  56%|█████▌    | 168/300 [1:53:16<1:28:58, 40.44s/ep][A

tin/rn18/random/sl/ipc50 s45:  56%|█████▋    | 169/300 [1:53:56<1:28:18, 40.45s/ep][A

tin/rn18/random/sl/ipc50 s45:  57%|█████▋    | 170/300 [1:54:37<1:27:38, 40.45s/ep][A

tin/rn18/random/sl/ipc50 s45:  57%|█████▋    | 171/300 [1:55:17<1:26:58, 40.45s/ep][A

tin/rn18/random/sl/ipc50 s45:  57%|█████▋    | 172/300 [1:55:58<1:26:18, 40.45s/ep][A

tin/rn18/random/sl/ipc50 s45:  58%|█████▊    | 173/300 [1:56:38<1:25:37, 40.46s/ep][A

tin/rn18/random/sl/ipc50 s45:  58%|█████▊    | 174/300 [1:57:19<1:24:56, 40.45s/ep][A

tin/rn18/random/sl/ipc50 s45:  58%|█████▊    | 175/300 [1:57:59<1:24:16, 40.45s/ep][A

tin/rn18/random/sl/ipc50 s45:  59%|█████▊    | 176/300 [1:58:40<1:23:35, 40.45s/ep][A

tin/rn18/random/sl/ipc50 s45:  59%|█████▉    | 177/300 [1:59:20<1:22:55, 40.45s/ep][A

tin/rn18/random/sl/ipc50 s45:  59%|█████▉    | 178/300 [2:00:00<1:22:14, 40.45s/ep][A

tin/rn18/random/sl/ipc50 s45:  60%|█████▉    | 179/300 [2:00:41<1:21:35, 40.46s/ep][A

tin/rn18/random/sl/ipc50 s45:  60%|██████    | 180/300 [2:01:21<1:20:54, 40.46s/ep][A

tin/rn18/random/sl/ipc50 s45:  60%|██████    | 181/300 [2:02:02<1:20:14, 40.46s/ep][A

tin/rn18/random/sl/ipc50 s45:  61%|██████    | 182/300 [2:02:42<1:19:34, 40.46s/ep][A

tin/rn18/random/sl/ipc50 s45:  61%|██████    | 183/300 [2:03:23<1:18:53, 40.46s/ep][A

tin/rn18/random/sl/ipc50 s45:  61%|██████▏   | 184/300 [2:04:03<1:18:12, 40.46s/ep][A

tin/rn18/random/sl/ipc50 s45:  62%|██████▏   | 185/300 [2:04:44<1:17:31, 40.45s/ep][A

tin/rn18/random/sl/ipc50 s45:  62%|██████▏   | 186/300 [2:05:24<1:16:50, 40.45s/ep][A

tin/rn18/random/sl/ipc50 s45:  62%|██████▏   | 187/300 [2:06:05<1:16:10, 40.45s/ep][A

tin/rn18/random/sl/ipc50 s45:  63%|██████▎   | 188/300 [2:06:45<1:15:30, 40.45s/ep][A

tin/rn18/random/sl/ipc50 s45:  63%|██████▎   | 189/300 [2:07:25<1:14:50, 40.45s/ep][A

tin/rn18/random/sl/ipc50 s45:  63%|██████▎   | 190/300 [2:08:06<1:14:10, 40.46s/ep][A

tin/rn18/random/sl/ipc50 s45:  64%|██████▎   | 191/300 [2:08:46<1:13:29, 40.46s/ep][A

tin/rn18/random/sl/ipc50 s45:  64%|██████▍   | 192/300 [2:09:27<1:12:49, 40.46s/ep][A

tin/rn18/random/sl/ipc50 s45:  64%|██████▍   | 193/300 [2:10:07<1:12:08, 40.46s/ep][A

tin/rn18/random/sl/ipc50 s45:  65%|██████▍   | 194/300 [2:10:48<1:11:28, 40.45s/ep][A

tin/rn18/random/sl/ipc50 s45:  65%|██████▌   | 195/300 [2:11:28<1:10:48, 40.46s/ep][A

tin/rn18/random/sl/ipc50 s45:  65%|██████▌   | 196/300 [2:12:09<1:10:07, 40.45s/ep][A

tin/rn18/random/sl/ipc50 s45:  66%|██████▌   | 197/300 [2:12:49<1:09:26, 40.45s/ep][A

tin/rn18/random/sl/ipc50 s45:  66%|██████▌   | 198/300 [2:13:30<1:08:46, 40.45s/ep][A

tin/rn18/random/sl/ipc50 s45:  66%|██████▋   | 199/300 [2:14:10<1:08:05, 40.45s/ep][A

tin/rn18/random/sl/ipc50 s45:  67%|██████▋   | 200/300 [2:14:50<1:07:24, 40.45s/ep][A

tin/rn18/random/sl/ipc50 s45:  67%|██████▋   | 201/300 [2:15:31<1:06:44, 40.45s/ep][A

tin/rn18/random/sl/ipc50 s45:  67%|██████▋   | 202/300 [2:16:11<1:06:04, 40.45s/ep][A

tin/rn18/random/sl/ipc50 s45:  68%|██████▊   | 203/300 [2:16:52<1:05:23, 40.45s/ep][A

tin/rn18/random/sl/ipc50 s45:  68%|██████▊   | 204/300 [2:17:32<1:04:43, 40.45s/ep][A

tin/rn18/random/sl/ipc50 s45:  68%|██████▊   | 205/300 [2:18:13<1:04:02, 40.45s/ep][A

tin/rn18/random/sl/ipc50 s45:  69%|██████▊   | 206/300 [2:18:53<1:03:22, 40.45s/ep][A

tin/rn18/random/sl/ipc50 s45:  69%|██████▉   | 207/300 [2:19:34<1:02:42, 40.46s/ep][A

tin/rn18/random/sl/ipc50 s45:  69%|██████▉   | 208/300 [2:20:14<1:02:02, 40.46s/ep][A

tin/rn18/random/sl/ipc50 s45:  70%|██████▉   | 209/300 [2:20:54<1:01:21, 40.45s/ep][A

tin/rn18/random/sl/ipc50 s45:  70%|███████   | 210/300 [2:21:35<1:00:40, 40.45s/ep][A

tin/rn18/random/sl/ipc50 s45:  70%|███████   | 211/300 [2:22:15<59:59, 40.44s/ep]  [A

tin/rn18/random/sl/ipc50 s45:  71%|███████   | 212/300 [2:22:56<59:18, 40.44s/ep][A

tin/rn18/random/sl/ipc50 s45:  71%|███████   | 213/300 [2:23:36<58:39, 40.45s/ep][A

tin/rn18/random/sl/ipc50 s45:  71%|███████▏  | 214/300 [2:24:17<57:58, 40.44s/ep][A

tin/rn18/random/sl/ipc50 s45:  72%|███████▏  | 215/300 [2:24:57<57:16, 40.43s/ep][A

tin/rn18/random/sl/ipc50 s45:  72%|███████▏  | 216/300 [2:25:38<56:36, 40.44s/ep][A

tin/rn18/random/sl/ipc50 s45:  72%|███████▏  | 217/300 [2:26:18<55:56, 40.44s/ep][A

tin/rn18/random/sl/ipc50 s45:  73%|███████▎  | 218/300 [2:26:58<55:16, 40.45s/ep][A

tin/rn18/random/sl/ipc50 s45:  73%|███████▎  | 219/300 [2:27:39<54:36, 40.45s/ep][A

tin/rn18/random/sl/ipc50 s45:  73%|███████▎  | 220/300 [2:28:19<53:55, 40.45s/ep][A

tin/rn18/random/sl/ipc50 s45:  74%|███████▎  | 221/300 [2:29:00<53:15, 40.45s/ep][A

tin/rn18/random/sl/ipc50 s45:  74%|███████▍  | 222/300 [2:29:40<52:35, 40.45s/ep][A

tin/rn18/random/sl/ipc50 s45:  74%|███████▍  | 223/300 [2:30:21<51:54, 40.45s/ep][A

tin/rn18/random/sl/ipc50 s45:  75%|███████▍  | 224/300 [2:31:01<51:14, 40.45s/ep][A

tin/rn18/random/sl/ipc50 s45:  75%|███████▌  | 225/300 [2:31:42<50:33, 40.45s/ep][A

tin/rn18/random/sl/ipc50 s45:  75%|███████▌  | 226/300 [2:32:22<49:53, 40.45s/ep][A

tin/rn18/random/sl/ipc50 s45:  76%|███████▌  | 227/300 [2:33:03<49:12, 40.45s/ep][A

tin/rn18/random/sl/ipc50 s45:  76%|███████▌  | 228/300 [2:33:43<48:31, 40.44s/ep][A

tin/rn18/random/sl/ipc50 s45:  76%|███████▋  | 229/300 [2:34:23<47:51, 40.44s/ep][A

tin/rn18/random/sl/ipc50 s45:  77%|███████▋  | 230/300 [2:35:04<47:11, 40.44s/ep][A

tin/rn18/random/sl/ipc50 s45:  77%|███████▋  | 231/300 [2:35:44<46:30, 40.45s/ep][A

tin/rn18/random/sl/ipc50 s45:  77%|███████▋  | 232/300 [2:36:25<45:50, 40.45s/ep][A

tin/rn18/random/sl/ipc50 s45:  78%|███████▊  | 233/300 [2:37:05<45:09, 40.45s/ep][A

tin/rn18/random/sl/ipc50 s45:  78%|███████▊  | 234/300 [2:37:46<44:29, 40.45s/ep][A

tin/rn18/random/sl/ipc50 s45:  78%|███████▊  | 235/300 [2:38:26<43:49, 40.45s/ep][A

tin/rn18/random/sl/ipc50 s45:  79%|███████▊  | 236/300 [2:39:07<43:08, 40.45s/ep][A

tin/rn18/random/sl/ipc50 s45:  79%|███████▉  | 237/300 [2:39:47<42:28, 40.45s/ep][A

tin/rn18/random/sl/ipc50 s45:  79%|███████▉  | 238/300 [2:40:27<41:47, 40.45s/ep][A

tin/rn18/random/sl/ipc50 s45:  80%|███████▉  | 239/300 [2:41:08<41:07, 40.45s/ep][A

tin/rn18/random/sl/ipc50 s45:  80%|████████  | 240/300 [2:41:48<40:26, 40.44s/ep][A

tin/rn18/random/sl/ipc50 s45:  80%|████████  | 241/300 [2:42:29<39:46, 40.45s/ep][A

tin/rn18/random/sl/ipc50 s45:  81%|████████  | 242/300 [2:43:09<39:06, 40.45s/ep][A

tin/rn18/random/sl/ipc50 s45:  81%|████████  | 243/300 [2:43:50<38:25, 40.45s/ep][A

tin/rn18/random/sl/ipc50 s45:  81%|████████▏ | 244/300 [2:44:30<37:45, 40.45s/ep][A

tin/rn18/random/sl/ipc50 s45:  82%|████████▏ | 245/300 [2:45:11<37:04, 40.45s/ep][A

tin/rn18/random/sl/ipc50 s45:  82%|████████▏ | 246/300 [2:45:51<36:24, 40.45s/ep][A

tin/rn18/random/sl/ipc50 s45:  82%|████████▏ | 247/300 [2:46:31<35:43, 40.45s/ep][A

tin/rn18/random/sl/ipc50 s45:  83%|████████▎ | 248/300 [2:47:12<35:03, 40.44s/ep][A

tin/rn18/random/sl/ipc50 s45:  83%|████████▎ | 249/300 [2:47:52<34:22, 40.45s/ep][A

tin/rn18/random/sl/ipc50 s45:  83%|████████▎ | 250/300 [2:48:33<33:42, 40.44s/ep][A

tin/rn18/random/sl/ipc50 s45:  84%|████████▎ | 251/300 [2:49:13<33:01, 40.45s/ep][A

tin/rn18/random/sl/ipc50 s45:  84%|████████▍ | 252/300 [2:49:54<32:21, 40.45s/ep][A

tin/rn18/random/sl/ipc50 s45:  84%|████████▍ | 253/300 [2:50:34<31:41, 40.45s/ep][A

tin/rn18/random/sl/ipc50 s45:  85%|████████▍ | 254/300 [2:51:15<31:00, 40.45s/ep][A

tin/rn18/random/sl/ipc50 s45:  85%|████████▌ | 255/300 [2:51:55<30:20, 40.45s/ep][A

tin/rn18/random/sl/ipc50 s45:  85%|████████▌ | 256/300 [2:52:35<29:39, 40.44s/ep][A

tin/rn18/random/sl/ipc50 s45:  86%|████████▌ | 257/300 [2:53:16<28:59, 40.44s/ep][A

tin/rn18/random/sl/ipc50 s45:  86%|████████▌ | 258/300 [2:53:56<28:18, 40.44s/ep][A

tin/rn18/random/sl/ipc50 s45:  86%|████████▋ | 259/300 [2:54:37<27:38, 40.44s/ep][A

tin/rn18/random/sl/ipc50 s45:  87%|████████▋ | 260/300 [2:55:17<26:57, 40.44s/ep][A

tin/rn18/random/sl/ipc50 s45:  87%|████████▋ | 261/300 [2:55:58<26:17, 40.45s/ep][A

tin/rn18/random/sl/ipc50 s45:  87%|████████▋ | 262/300 [2:56:38<25:37, 40.45s/ep][A

tin/rn18/random/sl/ipc50 s45:  88%|████████▊ | 263/300 [2:57:19<24:56, 40.45s/ep][A

tin/rn18/random/sl/ipc50 s45:  88%|████████▊ | 264/300 [2:57:59<24:16, 40.46s/ep][A

tin/rn18/random/sl/ipc50 s45:  88%|████████▊ | 265/300 [2:58:39<23:35, 40.45s/ep][A

tin/rn18/random/sl/ipc50 s45:  89%|████████▊ | 266/300 [2:59:20<22:55, 40.45s/ep][A

tin/rn18/random/sl/ipc50 s45:  89%|████████▉ | 267/300 [3:00:00<22:14, 40.45s/ep][A

tin/rn18/random/sl/ipc50 s45:  89%|████████▉ | 268/300 [3:00:41<21:34, 40.45s/ep][A

tin/rn18/random/sl/ipc50 s45:  90%|████████▉ | 269/300 [3:01:21<20:54, 40.46s/ep][A

tin/rn18/random/sl/ipc50 s45:  90%|█████████ | 270/300 [3:02:02<20:13, 40.45s/ep][A

tin/rn18/random/sl/ipc50 s45:  90%|█████████ | 271/300 [3:02:42<19:33, 40.45s/ep][A

tin/rn18/random/sl/ipc50 s45:  91%|█████████ | 272/300 [3:03:23<18:52, 40.45s/ep][A

tin/rn18/random/sl/ipc50 s45:  91%|█████████ | 273/300 [3:04:03<18:12, 40.45s/ep][A

tin/rn18/random/sl/ipc50 s45:  91%|█████████▏| 274/300 [3:04:44<17:31, 40.45s/ep][A

tin/rn18/random/sl/ipc50 s45:  92%|█████████▏| 275/300 [3:05:24<16:50, 40.44s/ep][A

tin/rn18/random/sl/ipc50 s45:  92%|█████████▏| 276/300 [3:06:04<16:10, 40.45s/ep][A

tin/rn18/random/sl/ipc50 s45:  92%|█████████▏| 277/300 [3:06:45<15:30, 40.45s/ep][A

tin/rn18/random/sl/ipc50 s45:  93%|█████████▎| 278/300 [3:07:25<14:49, 40.45s/ep][A

tin/rn18/random/sl/ipc50 s45:  93%|█████████▎| 279/300 [3:08:06<14:09, 40.46s/ep][A

tin/rn18/random/sl/ipc50 s45:  93%|█████████▎| 280/300 [3:08:46<13:29, 40.45s/ep][A

tin/rn18/random/sl/ipc50 s45:  94%|█████████▎| 281/300 [3:09:27<12:48, 40.45s/ep][A

tin/rn18/random/sl/ipc50 s45:  94%|█████████▍| 282/300 [3:10:07<12:08, 40.46s/ep][A

tin/rn18/random/sl/ipc50 s45:  94%|█████████▍| 283/300 [3:10:48<11:27, 40.46s/ep][A

tin/rn18/random/sl/ipc50 s45:  95%|█████████▍| 284/300 [3:11:28<10:47, 40.46s/ep][A

tin/rn18/random/sl/ipc50 s45:  95%|█████████▌| 285/300 [3:12:09<10:06, 40.45s/ep][A

tin/rn18/random/sl/ipc50 s45:  95%|█████████▌| 286/300 [3:12:49<09:26, 40.45s/ep][A

tin/rn18/random/sl/ipc50 s45:  96%|█████████▌| 287/300 [3:13:29<08:45, 40.45s/ep][A

tin/rn18/random/sl/ipc50 s45:  96%|█████████▌| 288/300 [3:14:10<08:05, 40.45s/ep][A

tin/rn18/random/sl/ipc50 s45:  96%|█████████▋| 289/300 [3:14:50<07:24, 40.44s/ep][A

tin/rn18/random/sl/ipc50 s45:  97%|█████████▋| 290/300 [3:15:31<06:44, 40.44s/ep][A

tin/rn18/random/sl/ipc50 s45:  97%|█████████▋| 291/300 [3:16:11<06:03, 40.44s/ep][A

tin/rn18/random/sl/ipc50 s45:  97%|█████████▋| 292/300 [3:16:52<05:23, 40.44s/ep][A

tin/rn18/random/sl/ipc50 s45:  98%|█████████▊| 293/300 [3:17:32<04:43, 40.44s/ep][A

tin/rn18/random/sl/ipc50 s45:  98%|█████████▊| 294/300 [3:18:13<04:02, 40.45s/ep][A

tin/rn18/random/sl/ipc50 s45:  98%|█████████▊| 295/300 [3:18:53<03:22, 40.45s/ep][A

tin/rn18/random/sl/ipc50 s45:  99%|█████████▊| 296/300 [3:19:33<02:41, 40.45s/ep][A

tin/rn18/random/sl/ipc50 s45:  99%|█████████▉| 297/300 [3:20:14<02:01, 40.45s/ep][A

tin/rn18/random/sl/ipc50 s45:  99%|█████████▉| 298/300 [3:20:54<01:20, 40.46s/ep][A

tin/rn18/random/sl/ipc50 s45: 100%|█████████▉| 299/300 [3:21:35<00:40, 40.46s/ep][A

tin/rn18/random/sl/ipc50 s45: 100%|██████████| 300/300 [3:22:15<00:00, 40.46s/ep][A

                                                                                 [A[cell] tin/rn18/random/sl/ipc50 seed45: 35.07%  (12148s)


tin/rn18/random/sl/ipc50 s46:   0%|          | 0/300 [00:00<?, ?ep/s][A

tin/rn18/random/sl/ipc50 s46:   0%|          | 1/300 [00:40<3:21:42, 40.48s/ep][A

tin/rn18/random/sl/ipc50 s46:   1%|          | 2/300 [01:20<3:20:54, 40.45s/ep][A

tin/rn18/random/sl/ipc50 s46:   1%|          | 3/300 [02:01<3:20:14, 40.45s/ep][A

tin/rn18/random/sl/ipc50 s46:   1%|▏         | 4/300 [02:41<3:19:33, 40.45s/ep][A

tin/rn18/random/sl/ipc50 s46:   2%|▏         | 5/300 [03:22<3:18:52, 40.45s/ep][A

tin/rn18/random/sl/ipc50 s46:   2%|▏         | 6/300 [04:02<3:18:14, 40.46s/ep][A

tin/rn18/random/sl/ipc50 s46:   2%|▏         | 7/300 [04:43<3:17:33, 40.45s/ep][A

tin/rn18/random/sl/ipc50 s46:   3%|▎         | 8/300 [05:23<3:16:52, 40.45s/ep][A

tin/rn18/random/sl/ipc50 s46:   3%|▎         | 9/300 [06:04<3:16:10, 40.45s/ep][A

tin/rn18/random/sl/ipc50 s46:   3%|▎         | 10/300 [06:44<3:15:31, 40.46s/ep][A

tin/rn18/random/sl/ipc50 s46:   4%|▎         | 11/300 [07:24<3:14:48, 40.44s/ep][A

tin/rn18/random/sl/ipc50 s46:   4%|▍         | 12/300 [08:05<3:14:10, 40.45s/ep][A

tin/rn18/random/sl/ipc50 s46:   4%|▍         | 13/300 [08:45<3:13:27, 40.44s/ep][A

tin/rn18/random/sl/ipc50 s46:   5%|▍         | 14/300 [09:26<3:12:46, 40.44s/ep][A

tin/rn18/random/sl/ipc50 s46:   5%|▌         | 15/300 [10:06<3:12:08, 40.45s/ep][A

tin/rn18/random/sl/ipc50 s46:   5%|▌         | 16/300 [10:47<3:11:27, 40.45s/ep][A

tin/rn18/random/sl/ipc50 s46:   6%|▌         | 17/300 [11:27<3:10:47, 40.45s/ep][A

tin/rn18/random/sl/ipc50 s46:   6%|▌         | 18/300 [12:08<3:10:08, 40.46s/ep][A

tin/rn18/random/sl/ipc50 s46:   6%|▋         | 19/300 [12:48<3:09:29, 40.46s/ep][A

tin/rn18/random/sl/ipc50 s46:   7%|▋         | 20/300 [13:29<3:08:48, 40.46s/ep][A

tin/rn18/random/sl/ipc50 s46:   7%|▋         | 21/300 [14:09<3:08:06, 40.45s/ep][A

tin/rn18/random/sl/ipc50 s46:   7%|▋         | 22/300 [14:49<3:07:25, 40.45s/ep][A

tin/rn18/random/sl/ipc50 s46:   8%|▊         | 23/300 [15:30<3:06:46, 40.46s/ep][A

tin/rn18/random/sl/ipc50 s46:   8%|▊         | 24/300 [16:10<3:06:05, 40.45s/ep][A

tin/rn18/random/sl/ipc50 s46:   8%|▊         | 25/300 [16:51<3:05:22, 40.45s/ep][A

tin/rn18/random/sl/ipc50 s46:   9%|▊         | 26/300 [17:31<3:04:41, 40.44s/ep][A

tin/rn18/random/sl/ipc50 s46:   9%|▉         | 27/300 [18:12<3:04:02, 40.45s/ep][A

tin/rn18/random/sl/ipc50 s46:   9%|▉         | 28/300 [18:52<3:03:22, 40.45s/ep][A

tin/rn18/random/sl/ipc50 s46:  10%|▉         | 29/300 [19:33<3:02:42, 40.45s/ep][A

tin/rn18/random/sl/ipc50 s46:  10%|█         | 30/300 [20:13<3:02:01, 40.45s/ep][A

tin/rn18/random/sl/ipc50 s46:  10%|█         | 31/300 [20:53<3:01:21, 40.45s/ep][A

tin/rn18/random/sl/ipc50 s46:  11%|█         | 32/300 [21:34<3:00:42, 40.46s/ep][A

tin/rn18/random/sl/ipc50 s46:  11%|█         | 33/300 [22:14<3:00:00, 40.45s/ep][A

tin/rn18/random/sl/ipc50 s46:  11%|█▏        | 34/300 [22:55<2:59:20, 40.45s/ep][A

tin/rn18/random/sl/ipc50 s46:  12%|█▏        | 35/300 [23:35<2:58:40, 40.45s/ep][A

tin/rn18/random/sl/ipc50 s46:  12%|█▏        | 36/300 [24:16<2:57:59, 40.45s/ep][A

tin/rn18/random/sl/ipc50 s46:  12%|█▏        | 37/300 [24:56<2:57:19, 40.46s/ep][A

tin/rn18/random/sl/ipc50 s46:  13%|█▎        | 38/300 [25:37<2:56:39, 40.46s/ep][A

tin/rn18/random/sl/ipc50 s46:  13%|█▎        | 39/300 [26:17<2:55:58, 40.46s/ep][A

tin/rn18/random/sl/ipc50 s46:  13%|█▎        | 40/300 [26:58<2:55:16, 40.45s/ep][A

tin/rn18/random/sl/ipc50 s46:  14%|█▎        | 41/300 [27:38<2:54:36, 40.45s/ep][A

tin/rn18/random/sl/ipc50 s46:  14%|█▍        | 42/300 [28:18<2:53:55, 40.45s/ep][A

tin/rn18/random/sl/ipc50 s46:  14%|█▍        | 43/300 [28:59<2:53:17, 40.46s/ep][A

tin/rn18/random/sl/ipc50 s46:  15%|█▍        | 44/300 [29:39<2:52:36, 40.46s/ep][A

tin/rn18/random/sl/ipc50 s46:  15%|█▌        | 45/300 [30:20<2:51:54, 40.45s/ep][A

tin/rn18/random/sl/ipc50 s46:  15%|█▌        | 46/300 [31:00<2:51:14, 40.45s/ep][A

tin/rn18/random/sl/ipc50 s46:  16%|█▌        | 47/300 [31:41<2:50:34, 40.45s/ep][A

tin/rn18/random/sl/ipc50 s46:  16%|█▌        | 48/300 [32:21<2:49:55, 40.46s/ep][A

tin/rn18/random/sl/ipc50 s46:  16%|█▋        | 49/300 [33:02<2:49:14, 40.46s/ep][A

tin/rn18/random/sl/ipc50 s46:  17%|█▋        | 50/300 [33:42<2:48:34, 40.46s/ep][A

tin/rn18/random/sl/ipc50 s46:  17%|█▋        | 51/300 [34:23<2:47:53, 40.46s/ep][A

tin/rn18/random/sl/ipc50 s46:  17%|█▋        | 52/300 [35:03<2:47:13, 40.46s/ep][A

tin/rn18/random/sl/ipc50 s46:  18%|█▊        | 53/300 [35:43<2:46:31, 40.45s/ep][A

tin/rn18/random/sl/ipc50 s46:  18%|█▊        | 54/300 [36:24<2:45:50, 40.45s/ep][A

tin/rn18/random/sl/ipc50 s46:  18%|█▊        | 55/300 [37:04<2:45:08, 40.44s/ep][A

tin/rn18/random/sl/ipc50 s46:  19%|█▊        | 56/300 [37:45<2:44:28, 40.45s/ep][A

tin/rn18/random/sl/ipc50 s46:  19%|█▉        | 57/300 [38:25<2:43:48, 40.45s/ep][A

tin/rn18/random/sl/ipc50 s46:  19%|█▉        | 58/300 [39:06<2:43:09, 40.45s/ep][A

tin/rn18/random/sl/ipc50 s46:  20%|█▉        | 59/300 [39:46<2:42:29, 40.46s/ep][A

tin/rn18/random/sl/ipc50 s46:  20%|██        | 60/300 [40:27<2:41:50, 40.46s/ep][A

tin/rn18/random/sl/ipc50 s46:  20%|██        | 61/300 [41:07<2:41:07, 40.45s/ep][A

tin/rn18/random/sl/ipc50 s46:  21%|██        | 62/300 [41:48<2:40:26, 40.45s/ep][A

tin/rn18/random/sl/ipc50 s46:  21%|██        | 63/300 [42:28<2:39:46, 40.45s/ep][A

tin/rn18/random/sl/ipc50 s46:  21%|██▏       | 64/300 [43:08<2:39:05, 40.45s/ep][A

tin/rn18/random/sl/ipc50 s46:  22%|██▏       | 65/300 [43:49<2:38:26, 40.45s/ep][A

tin/rn18/random/sl/ipc50 s46:  22%|██▏       | 66/300 [44:29<2:37:46, 40.46s/ep][A

tin/rn18/random/sl/ipc50 s46:  22%|██▏       | 67/300 [45:10<2:37:06, 40.46s/ep][A

tin/rn18/random/sl/ipc50 s46:  23%|██▎       | 68/300 [45:50<2:36:24, 40.45s/ep][A

tin/rn18/random/sl/ipc50 s46:  23%|██▎       | 69/300 [46:31<2:35:44, 40.45s/ep][A

tin/rn18/random/sl/ipc50 s46:  23%|██▎       | 70/300 [47:11<2:35:03, 40.45s/ep][A

tin/rn18/random/sl/ipc50 s46:  24%|██▎       | 71/300 [47:52<2:34:23, 40.45s/ep][A

tin/rn18/random/sl/ipc50 s46:  24%|██▍       | 72/300 [48:32<2:33:43, 40.45s/ep][A

tin/rn18/random/sl/ipc50 s46:  24%|██▍       | 73/300 [49:13<2:33:03, 40.45s/ep][A

tin/rn18/random/sl/ipc50 s46:  25%|██▍       | 74/300 [49:53<2:32:22, 40.45s/ep][A

tin/rn18/random/sl/ipc50 s46:  25%|██▌       | 75/300 [50:33<2:31:42, 40.46s/ep][A

tin/rn18/random/sl/ipc50 s46:  25%|██▌       | 76/300 [51:14<2:31:02, 40.46s/ep][A

tin/rn18/random/sl/ipc50 s46:  26%|██▌       | 77/300 [51:54<2:30:23, 40.46s/ep][A

tin/rn18/random/sl/ipc50 s46:  26%|██▌       | 78/300 [52:35<2:29:40, 40.45s/ep][A

tin/rn18/random/sl/ipc50 s46:  26%|██▋       | 79/300 [53:15<2:28:58, 40.45s/ep][A

tin/rn18/random/sl/ipc50 s46:  27%|██▋       | 80/300 [53:56<2:28:20, 40.46s/ep][A

tin/rn18/random/sl/ipc50 s46:  27%|██▋       | 81/300 [54:36<2:27:41, 40.46s/ep][A

tin/rn18/random/sl/ipc50 s46:  27%|██▋       | 82/300 [55:17<2:26:59, 40.45s/ep][A

tin/rn18/random/sl/ipc50 s46:  28%|██▊       | 83/300 [55:57<2:26:18, 40.45s/ep][A

tin/rn18/random/sl/ipc50 s46:  28%|██▊       | 84/300 [56:38<2:25:37, 40.45s/ep][A

tin/rn18/random/sl/ipc50 s46:  28%|██▊       | 85/300 [57:18<2:24:55, 40.45s/ep][A

tin/rn18/random/sl/ipc50 s46:  29%|██▊       | 86/300 [57:58<2:24:16, 40.45s/ep][A

tin/rn18/random/sl/ipc50 s46:  29%|██▉       | 87/300 [58:39<2:23:35, 40.45s/ep][A

tin/rn18/random/sl/ipc50 s46:  29%|██▉       | 88/300 [59:19<2:22:54, 40.45s/ep][A

tin/rn18/random/sl/ipc50 s46:  30%|██▉       | 89/300 [1:00:00<2:22:14, 40.45s/ep][A

tin/rn18/random/sl/ipc50 s46:  30%|███       | 90/300 [1:00:40<2:21:33, 40.45s/ep][A

tin/rn18/random/sl/ipc50 s46:  30%|███       | 91/300 [1:01:21<2:20:54, 40.45s/ep][A

tin/rn18/random/sl/ipc50 s46:  31%|███       | 92/300 [1:02:01<2:20:13, 40.45s/ep][A

tin/rn18/random/sl/ipc50 s46:  31%|███       | 93/300 [1:02:42<2:19:32, 40.45s/ep][A

tin/rn18/random/sl/ipc50 s46:  31%|███▏      | 94/300 [1:03:22<2:18:51, 40.45s/ep][A

tin/rn18/random/sl/ipc50 s46:  32%|███▏      | 95/300 [1:04:02<2:18:13, 40.45s/ep][A

tin/rn18/random/sl/ipc50 s46:  32%|███▏      | 96/300 [1:04:43<2:17:33, 40.46s/ep][A

tin/rn18/random/sl/ipc50 s46:  32%|███▏      | 97/300 [1:05:23<2:16:52, 40.46s/ep][A

tin/rn18/random/sl/ipc50 s46:  33%|███▎      | 98/300 [1:06:04<2:16:11, 40.45s/ep][A

tin/rn18/random/sl/ipc50 s46:  33%|███▎      | 99/300 [1:06:44<2:15:31, 40.45s/ep][A

tin/rn18/random/sl/ipc50 s46:  33%|███▎      | 100/300 [1:07:25<2:14:51, 40.46s/ep][A

tin/rn18/random/sl/ipc50 s46:  34%|███▎      | 101/300 [1:08:05<2:14:10, 40.46s/ep][A

tin/rn18/random/sl/ipc50 s46:  34%|███▍      | 102/300 [1:08:46<2:13:31, 40.46s/ep][A

tin/rn18/random/sl/ipc50 s46:  34%|███▍      | 103/300 [1:09:26<2:12:49, 40.45s/ep][A

tin/rn18/random/sl/ipc50 s46:  35%|███▍      | 104/300 [1:10:07<2:12:08, 40.45s/ep][A

tin/rn18/random/sl/ipc50 s46:  35%|███▌      | 105/300 [1:10:47<2:11:27, 40.45s/ep][A

tin/rn18/random/sl/ipc50 s46:  35%|███▌      | 106/300 [1:11:27<2:10:48, 40.45s/ep][A

tin/rn18/random/sl/ipc50 s46:  36%|███▌      | 107/300 [1:12:08<2:10:08, 40.46s/ep][A

tin/rn18/random/sl/ipc50 s46:  36%|███▌      | 108/300 [1:12:48<2:09:29, 40.46s/ep][A

tin/rn18/random/sl/ipc50 s46:  36%|███▋      | 109/300 [1:13:29<2:08:47, 40.46s/ep][A

tin/rn18/random/sl/ipc50 s46:  37%|███▋      | 110/300 [1:14:09<2:08:06, 40.46s/ep][A

tin/rn18/random/sl/ipc50 s46:  37%|███▋      | 111/300 [1:14:50<2:07:25, 40.45s/ep][A

tin/rn18/random/sl/ipc50 s46:  37%|███▋      | 112/300 [1:15:30<2:06:44, 40.45s/ep][A

tin/rn18/random/sl/ipc50 s46:  38%|███▊      | 113/300 [1:16:11<2:06:03, 40.45s/ep][A

tin/rn18/random/sl/ipc50 s46:  38%|███▊      | 114/300 [1:16:51<2:05:23, 40.45s/ep][A

tin/rn18/random/sl/ipc50 s46:  38%|███▊      | 115/300 [1:17:32<2:04:43, 40.45s/ep][A

tin/rn18/random/sl/ipc50 s46:  39%|███▊      | 116/300 [1:18:12<2:04:03, 40.45s/ep][A

tin/rn18/random/sl/ipc50 s46:  39%|███▉      | 117/300 [1:18:52<2:03:22, 40.45s/ep][A

tin/rn18/random/sl/ipc50 s46:  39%|███▉      | 118/300 [1:19:33<2:02:42, 40.45s/ep][A

tin/rn18/random/sl/ipc50 s46:  40%|███▉      | 119/300 [1:20:13<2:02:02, 40.45s/ep][A

tin/rn18/random/sl/ipc50 s46:  40%|████      | 120/300 [1:20:54<2:01:20, 40.45s/ep][A

tin/rn18/random/sl/ipc50 s46:  40%|████      | 121/300 [1:21:34<2:00:41, 40.45s/ep][A

tin/rn18/random/sl/ipc50 s46:  41%|████      | 122/300 [1:22:15<2:00:00, 40.45s/ep][A

tin/rn18/random/sl/ipc50 s46:  41%|████      | 123/300 [1:22:55<1:59:20, 40.45s/ep][A

tin/rn18/random/sl/ipc50 s46:  41%|████▏     | 124/300 [1:23:36<1:58:39, 40.45s/ep][A

tin/rn18/random/sl/ipc50 s46:  42%|████▏     | 125/300 [1:24:16<1:57:58, 40.45s/ep][A

tin/rn18/random/sl/ipc50 s46:  42%|████▏     | 126/300 [1:24:56<1:57:17, 40.45s/ep][A

tin/rn18/random/sl/ipc50 s46:  42%|████▏     | 127/300 [1:25:37<1:56:38, 40.45s/ep][A

tin/rn18/random/sl/ipc50 s46:  43%|████▎     | 128/300 [1:26:17<1:55:57, 40.45s/ep][A

tin/rn18/random/sl/ipc50 s46:  43%|████▎     | 129/300 [1:26:58<1:55:17, 40.45s/ep][A

tin/rn18/random/sl/ipc50 s46:  43%|████▎     | 130/300 [1:27:38<1:54:37, 40.46s/ep][A

tin/rn18/random/sl/ipc50 s46:  44%|████▎     | 131/300 [1:28:19<1:53:57, 40.46s/ep][A

tin/rn18/random/sl/ipc50 s46:  44%|████▍     | 132/300 [1:28:59<1:53:16, 40.46s/ep][A

tin/rn18/random/sl/ipc50 s46:  44%|████▍     | 133/300 [1:29:40<1:52:35, 40.45s/ep][A

tin/rn18/random/sl/ipc50 s46:  45%|████▍     | 134/300 [1:30:20<1:51:54, 40.45s/ep][A

tin/rn18/random/sl/ipc50 s46:  45%|████▌     | 135/300 [1:31:01<1:51:13, 40.45s/ep][A

tin/rn18/random/sl/ipc50 s46:  45%|████▌     | 136/300 [1:31:41<1:50:32, 40.44s/ep][A

tin/rn18/random/sl/ipc50 s46:  46%|████▌     | 137/300 [1:32:21<1:49:53, 40.45s/ep][A

tin/rn18/random/sl/ipc50 s46:  46%|████▌     | 138/300 [1:33:02<1:49:12, 40.45s/ep][A

tin/rn18/random/sl/ipc50 s46:  46%|████▋     | 139/300 [1:33:42<1:48:32, 40.45s/ep][A

tin/rn18/random/sl/ipc50 s46:  47%|████▋     | 140/300 [1:34:23<1:47:52, 40.45s/ep][A

tin/rn18/random/sl/ipc50 s46:  47%|████▋     | 141/300 [1:35:03<1:47:10, 40.45s/ep][A

tin/rn18/random/sl/ipc50 s46:  47%|████▋     | 142/300 [1:35:44<1:46:30, 40.44s/ep][A

tin/rn18/random/sl/ipc50 s46:  48%|████▊     | 143/300 [1:36:24<1:45:50, 40.45s/ep][A

tin/rn18/random/sl/ipc50 s46:  48%|████▊     | 144/300 [1:37:05<1:45:09, 40.45s/ep][A

tin/rn18/random/sl/ipc50 s46:  48%|████▊     | 145/300 [1:37:45<1:44:30, 40.45s/ep][A

tin/rn18/random/sl/ipc50 s46:  49%|████▊     | 146/300 [1:38:25<1:43:48, 40.45s/ep][A

tin/rn18/random/sl/ipc50 s46:  49%|████▉     | 147/300 [1:39:06<1:43:08, 40.45s/ep][A

tin/rn18/random/sl/ipc50 s46:  49%|████▉     | 148/300 [1:39:46<1:42:28, 40.45s/ep][A

tin/rn18/random/sl/ipc50 s46:  50%|████▉     | 149/300 [1:40:27<1:41:48, 40.45s/ep][A

tin/rn18/random/sl/ipc50 s46:  50%|█████     | 150/300 [1:41:07<1:41:07, 40.45s/ep][A

tin/rn18/random/sl/ipc50 s46:  50%|█████     | 151/300 [1:41:48<1:40:27, 40.45s/ep][A

tin/rn18/random/sl/ipc50 s46:  51%|█████     | 152/300 [1:42:28<1:39:46, 40.45s/ep][A

tin/rn18/random/sl/ipc50 s46:  51%|█████     | 153/300 [1:43:09<1:39:06, 40.45s/ep][A

tin/rn18/random/sl/ipc50 s46:  51%|█████▏    | 154/300 [1:43:49<1:38:24, 40.44s/ep][A

tin/rn18/random/sl/ipc50 s46:  52%|█████▏    | 155/300 [1:44:30<1:37:44, 40.44s/ep][A

tin/rn18/random/sl/ipc50 s46:  52%|█████▏    | 156/300 [1:45:10<1:37:03, 40.44s/ep][A

tin/rn18/random/sl/ipc50 s46:  52%|█████▏    | 157/300 [1:45:50<1:36:22, 40.44s/ep][A

tin/rn18/random/sl/ipc50 s46:  53%|█████▎    | 158/300 [1:46:31<1:35:42, 40.44s/ep][A

tin/rn18/random/sl/ipc50 s46:  53%|█████▎    | 159/300 [1:47:11<1:35:02, 40.45s/ep][A

tin/rn18/random/sl/ipc50 s46:  53%|█████▎    | 160/300 [1:47:52<1:34:22, 40.45s/ep][A

tin/rn18/random/sl/ipc50 s46:  54%|█████▎    | 161/300 [1:48:32<1:33:42, 40.45s/ep][A

tin/rn18/random/sl/ipc50 s46:  54%|█████▍    | 162/300 [1:49:13<1:33:02, 40.45s/ep][A

tin/rn18/random/sl/ipc50 s46:  54%|█████▍    | 163/300 [1:49:53<1:32:22, 40.46s/ep][A

tin/rn18/random/sl/ipc50 s46:  55%|█████▍    | 164/300 [1:50:34<1:31:42, 40.46s/ep][A

tin/rn18/random/sl/ipc50 s46:  55%|█████▌    | 165/300 [1:51:14<1:31:01, 40.45s/ep][A

tin/rn18/random/sl/ipc50 s46:  55%|█████▌    | 166/300 [1:51:55<1:30:22, 40.46s/ep][A

tin/rn18/random/sl/ipc50 s46:  56%|█████▌    | 167/300 [1:52:35<1:29:41, 40.46s/ep][A

tin/rn18/random/sl/ipc50 s46:  56%|█████▌    | 168/300 [1:53:15<1:29:00, 40.45s/ep][A

tin/rn18/random/sl/ipc50 s46:  56%|█████▋    | 169/300 [1:53:56<1:28:18, 40.45s/ep][A

tin/rn18/random/sl/ipc50 s46:  57%|█████▋    | 170/300 [1:54:36<1:27:38, 40.45s/ep][A

tin/rn18/random/sl/ipc50 s46:  57%|█████▋    | 171/300 [1:55:17<1:26:57, 40.45s/ep][A

tin/rn18/random/sl/ipc50 s46:  57%|█████▋    | 172/300 [1:55:57<1:26:17, 40.45s/ep][A

tin/rn18/random/sl/ipc50 s46:  58%|█████▊    | 173/300 [1:56:38<1:25:37, 40.45s/ep][A

tin/rn18/random/sl/ipc50 s46:  58%|█████▊    | 174/300 [1:57:18<1:24:57, 40.45s/ep][A

tin/rn18/random/sl/ipc50 s46:  58%|█████▊    | 175/300 [1:57:59<1:24:16, 40.45s/ep][A

tin/rn18/random/sl/ipc50 s46:  59%|█████▊    | 176/300 [1:58:39<1:23:36, 40.46s/ep][A

tin/rn18/random/sl/ipc50 s46:  59%|█████▉    | 177/300 [1:59:19<1:22:55, 40.45s/ep][A

tin/rn18/random/sl/ipc50 s46:  59%|█████▉    | 178/300 [2:00:00<1:22:15, 40.46s/ep][A

tin/rn18/random/sl/ipc50 s46:  60%|█████▉    | 179/300 [2:00:40<1:21:35, 40.46s/ep][A

tin/rn18/random/sl/ipc50 s46:  60%|██████    | 180/300 [2:01:21<1:20:54, 40.45s/ep][A

tin/rn18/random/sl/ipc50 s46:  60%|██████    | 181/300 [2:02:01<1:20:13, 40.45s/ep][A

tin/rn18/random/sl/ipc50 s46:  61%|██████    | 182/300 [2:02:42<1:19:33, 40.45s/ep][A

tin/rn18/random/sl/ipc50 s46:  61%|██████    | 183/300 [2:03:22<1:18:53, 40.46s/ep][A

tin/rn18/random/sl/ipc50 s46:  61%|██████▏   | 184/300 [2:04:03<1:18:11, 40.45s/ep][A

tin/rn18/random/sl/ipc50 s46:  62%|██████▏   | 185/300 [2:04:43<1:17:31, 40.45s/ep][A

tin/rn18/random/sl/ipc50 s46:  62%|██████▏   | 186/300 [2:05:24<1:16:51, 40.45s/ep][A

tin/rn18/random/sl/ipc50 s46:  62%|██████▏   | 187/300 [2:06:04<1:16:11, 40.45s/ep][A

tin/rn18/random/sl/ipc50 s46:  63%|██████▎   | 188/300 [2:06:44<1:15:30, 40.46s/ep][A

tin/rn18/random/sl/ipc50 s46:  63%|██████▎   | 189/300 [2:07:25<1:14:50, 40.45s/ep][A

tin/rn18/random/sl/ipc50 s46:  63%|██████▎   | 190/300 [2:08:05<1:14:10, 40.46s/ep][A

tin/rn18/random/sl/ipc50 s46:  64%|██████▎   | 191/300 [2:08:46<1:13:29, 40.46s/ep][A

tin/rn18/random/sl/ipc50 s46:  64%|██████▍   | 192/300 [2:09:26<1:12:49, 40.46s/ep][A

tin/rn18/random/sl/ipc50 s46:  64%|██████▍   | 193/300 [2:10:07<1:12:08, 40.45s/ep][A

tin/rn18/random/sl/ipc50 s46:  65%|██████▍   | 194/300 [2:10:47<1:11:27, 40.45s/ep][A

tin/rn18/random/sl/ipc50 s46:  65%|██████▌   | 195/300 [2:11:28<1:10:47, 40.45s/ep][A

tin/rn18/random/sl/ipc50 s46:  65%|██████▌   | 196/300 [2:12:08<1:10:06, 40.45s/ep][A

tin/rn18/random/sl/ipc50 s46:  66%|██████▌   | 197/300 [2:12:49<1:09:26, 40.45s/ep][A

tin/rn18/random/sl/ipc50 s46:  66%|██████▌   | 198/300 [2:13:29<1:08:45, 40.45s/ep][A

tin/rn18/random/sl/ipc50 s46:  66%|██████▋   | 199/300 [2:14:09<1:08:05, 40.45s/ep][A

tin/rn18/random/sl/ipc50 s46:  67%|██████▋   | 200/300 [2:14:50<1:07:25, 40.45s/ep][A

tin/rn18/random/sl/ipc50 s46:  67%|██████▋   | 201/300 [2:15:30<1:06:44, 40.45s/ep][A

tin/rn18/random/sl/ipc50 s46:  67%|██████▋   | 202/300 [2:16:11<1:06:04, 40.45s/ep][A

tin/rn18/random/sl/ipc50 s46:  68%|██████▊   | 203/300 [2:16:51<1:05:23, 40.45s/ep][A

tin/rn18/random/sl/ipc50 s46:  68%|██████▊   | 204/300 [2:17:32<1:04:42, 40.45s/ep][A

tin/rn18/random/sl/ipc50 s46:  68%|██████▊   | 205/300 [2:18:12<1:04:02, 40.44s/ep][A

tin/rn18/random/sl/ipc50 s46:  69%|██████▊   | 206/300 [2:18:53<1:03:22, 40.45s/ep][A

tin/rn18/random/sl/ipc50 s46:  69%|██████▉   | 207/300 [2:19:33<1:02:41, 40.45s/ep][A

tin/rn18/random/sl/ipc50 s46:  69%|██████▉   | 208/300 [2:20:13<1:02:01, 40.45s/ep][A

tin/rn18/random/sl/ipc50 s46:  70%|██████▉   | 209/300 [2:20:54<1:01:21, 40.45s/ep][A

tin/rn18/random/sl/ipc50 s46:  70%|███████   | 210/300 [2:21:34<1:00:40, 40.45s/ep][A

tin/rn18/random/sl/ipc50 s46:  70%|███████   | 211/300 [2:22:15<59:59, 40.44s/ep]  [A

tin/rn18/random/sl/ipc50 s46:  71%|███████   | 212/300 [2:22:55<59:19, 40.44s/ep][A

tin/rn18/random/sl/ipc50 s46:  71%|███████   | 213/300 [2:23:36<58:38, 40.45s/ep][A

tin/rn18/random/sl/ipc50 s46:  71%|███████▏  | 214/300 [2:24:16<57:58, 40.44s/ep][A

tin/rn18/random/sl/ipc50 s46:  72%|███████▏  | 215/300 [2:24:57<57:17, 40.44s/ep][A

tin/rn18/random/sl/ipc50 s46:  72%|███████▏  | 216/300 [2:25:37<56:36, 40.44s/ep][A

tin/rn18/random/sl/ipc50 s46:  72%|███████▏  | 217/300 [2:26:17<55:57, 40.45s/ep][A

tin/rn18/random/sl/ipc50 s46:  73%|███████▎  | 218/300 [2:26:58<55:17, 40.45s/ep][A

tin/rn18/random/sl/ipc50 s46:  73%|███████▎  | 219/300 [2:27:38<54:36, 40.45s/ep][A

tin/rn18/random/sl/ipc50 s46:  73%|███████▎  | 220/300 [2:28:19<53:56, 40.45s/ep][A

tin/rn18/random/sl/ipc50 s46:  74%|███████▎  | 221/300 [2:28:59<53:16, 40.46s/ep][A

tin/rn18/random/sl/ipc50 s46:  74%|███████▍  | 222/300 [2:29:40<52:35, 40.46s/ep][A

tin/rn18/random/sl/ipc50 s46:  74%|███████▍  | 223/300 [2:30:20<51:55, 40.45s/ep][A

tin/rn18/random/sl/ipc50 s46:  75%|███████▍  | 224/300 [2:31:01<51:14, 40.45s/ep][A

tin/rn18/random/sl/ipc50 s46:  75%|███████▌  | 225/300 [2:31:41<50:34, 40.46s/ep][A

tin/rn18/random/sl/ipc50 s46:  75%|███████▌  | 226/300 [2:32:22<49:53, 40.46s/ep][A

tin/rn18/random/sl/ipc50 s46:  76%|███████▌  | 227/300 [2:33:02<49:13, 40.46s/ep][A

tin/rn18/random/sl/ipc50 s46:  76%|███████▌  | 228/300 [2:33:43<48:33, 40.46s/ep][A

tin/rn18/random/sl/ipc50 s46:  76%|███████▋  | 229/300 [2:34:23<47:52, 40.46s/ep][A

tin/rn18/random/sl/ipc50 s46:  77%|███████▋  | 230/300 [2:35:03<47:11, 40.45s/ep][A

tin/rn18/random/sl/ipc50 s46:  77%|███████▋  | 231/300 [2:35:44<46:31, 40.45s/ep][A

tin/rn18/random/sl/ipc50 s46:  77%|███████▋  | 232/300 [2:36:24<45:51, 40.46s/ep][A

tin/rn18/random/sl/ipc50 s46:  78%|███████▊  | 233/300 [2:37:05<45:10, 40.46s/ep][A

tin/rn18/random/sl/ipc50 s46:  78%|███████▊  | 234/300 [2:37:45<44:29, 40.45s/ep][A

tin/rn18/random/sl/ipc50 s46:  78%|███████▊  | 235/300 [2:38:26<43:49, 40.45s/ep][A

tin/rn18/random/sl/ipc50 s46:  79%|███████▊  | 236/300 [2:39:06<43:09, 40.46s/ep][A

tin/rn18/random/sl/ipc50 s46:  79%|███████▉  | 237/300 [2:39:47<42:29, 40.46s/ep][A

tin/rn18/random/sl/ipc50 s46:  79%|███████▉  | 238/300 [2:40:27<41:48, 40.46s/ep][A

tin/rn18/random/sl/ipc50 s46:  80%|███████▉  | 239/300 [2:41:08<41:08, 40.46s/ep][A

tin/rn18/random/sl/ipc50 s46:  80%|████████  | 240/300 [2:41:48<40:27, 40.46s/ep][A

tin/rn18/random/sl/ipc50 s46:  80%|████████  | 241/300 [2:42:28<39:46, 40.45s/ep][A

tin/rn18/random/sl/ipc50 s46:  81%|████████  | 242/300 [2:43:09<39:06, 40.45s/ep][A

tin/rn18/random/sl/ipc50 s46:  81%|████████  | 243/300 [2:43:49<38:25, 40.45s/ep][A

tin/rn18/random/sl/ipc50 s46:  81%|████████▏ | 244/300 [2:44:30<37:45, 40.45s/ep][A

tin/rn18/random/sl/ipc50 s46:  82%|████████▏ | 245/300 [2:45:10<37:05, 40.46s/ep][A

tin/rn18/random/sl/ipc50 s46:  82%|████████▏ | 246/300 [2:45:51<36:24, 40.45s/ep][A

tin/rn18/random/sl/ipc50 s46:  82%|████████▏ | 247/300 [2:46:31<35:43, 40.45s/ep][A

tin/rn18/random/sl/ipc50 s46:  83%|████████▎ | 248/300 [2:47:12<35:03, 40.45s/ep][A

tin/rn18/random/sl/ipc50 s46:  83%|████████▎ | 249/300 [2:47:52<34:23, 40.46s/ep][A

tin/rn18/random/sl/ipc50 s46:  83%|████████▎ | 250/300 [2:48:33<33:42, 40.46s/ep][A

tin/rn18/random/sl/ipc50 s46:  84%|████████▎ | 251/300 [2:49:13<33:02, 40.45s/ep][A

tin/rn18/random/sl/ipc50 s46:  84%|████████▍ | 252/300 [2:49:53<32:21, 40.45s/ep][A

tin/rn18/random/sl/ipc50 s46:  84%|████████▍ | 253/300 [2:50:34<31:41, 40.46s/ep][A

tin/rn18/random/sl/ipc50 s46:  85%|████████▍ | 254/300 [2:51:14<31:00, 40.45s/ep][A

tin/rn18/random/sl/ipc50 s46:  85%|████████▌ | 255/300 [2:51:55<30:20, 40.45s/ep][A

tin/rn18/random/sl/ipc50 s46:  85%|████████▌ | 256/300 [2:52:35<29:39, 40.45s/ep][A

tin/rn18/random/sl/ipc50 s46:  86%|████████▌ | 257/300 [2:53:16<28:59, 40.46s/ep][A

tin/rn18/random/sl/ipc50 s46:  86%|████████▌ | 258/300 [2:53:56<28:19, 40.46s/ep][A

tin/rn18/random/sl/ipc50 s46:  86%|████████▋ | 259/300 [2:54:37<27:38, 40.46s/ep][A

tin/rn18/random/sl/ipc50 s46:  87%|████████▋ | 260/300 [2:55:17<26:58, 40.45s/ep][A

tin/rn18/random/sl/ipc50 s46:  87%|████████▋ | 261/300 [2:55:58<26:17, 40.46s/ep][A

tin/rn18/random/sl/ipc50 s46:  87%|████████▋ | 262/300 [2:56:38<25:37, 40.45s/ep][A

tin/rn18/random/sl/ipc50 s46:  88%|████████▊ | 263/300 [2:57:18<24:56, 40.45s/ep][A

tin/rn18/random/sl/ipc50 s46:  88%|████████▊ | 264/300 [2:57:59<24:15, 40.44s/ep][A

tin/rn18/random/sl/ipc50 s46:  88%|████████▊ | 265/300 [2:58:39<23:35, 40.44s/ep][A

tin/rn18/random/sl/ipc50 s46:  89%|████████▊ | 266/300 [2:59:20<22:55, 40.45s/ep][A

tin/rn18/random/sl/ipc50 s46:  89%|████████▉ | 267/300 [3:00:00<22:14, 40.44s/ep][A

tin/rn18/random/sl/ipc50 s46:  89%|████████▉ | 268/300 [3:00:41<21:34, 40.44s/ep][A

tin/rn18/random/sl/ipc50 s46:  90%|████████▉ | 269/300 [3:01:21<20:53, 40.45s/ep][A

tin/rn18/random/sl/ipc50 s46:  90%|█████████ | 270/300 [3:02:02<20:13, 40.45s/ep][A

tin/rn18/random/sl/ipc50 s46:  90%|█████████ | 271/300 [3:02:42<19:33, 40.45s/ep][A

tin/rn18/random/sl/ipc50 s46:  91%|█████████ | 272/300 [3:03:22<18:52, 40.45s/ep][A

tin/rn18/random/sl/ipc50 s46:  91%|█████████ | 273/300 [3:04:03<18:12, 40.45s/ep][A

tin/rn18/random/sl/ipc50 s46:  91%|█████████▏| 274/300 [3:04:43<17:31, 40.45s/ep][A

tin/rn18/random/sl/ipc50 s46:  92%|█████████▏| 275/300 [3:05:24<16:51, 40.45s/ep][A

tin/rn18/random/sl/ipc50 s46:  92%|█████████▏| 276/300 [3:06:04<16:10, 40.45s/ep][A

tin/rn18/random/sl/ipc50 s46:  92%|█████████▏| 277/300 [3:06:45<15:30, 40.45s/ep][A

tin/rn18/random/sl/ipc50 s46:  93%|█████████▎| 278/300 [3:07:25<14:49, 40.45s/ep][A

tin/rn18/random/sl/ipc50 s46:  93%|█████████▎| 279/300 [3:08:06<14:09, 40.45s/ep][A

tin/rn18/random/sl/ipc50 s46:  93%|█████████▎| 280/300 [3:08:46<13:29, 40.46s/ep][A

tin/rn18/random/sl/ipc50 s46:  94%|█████████▎| 281/300 [3:09:26<12:48, 40.46s/ep][A

tin/rn18/random/sl/ipc50 s46:  94%|█████████▍| 282/300 [3:10:07<12:08, 40.45s/ep][A

tin/rn18/random/sl/ipc50 s46:  94%|█████████▍| 283/300 [3:10:47<11:27, 40.45s/ep][A

tin/rn18/random/sl/ipc50 s46:  95%|█████████▍| 284/300 [3:11:28<10:47, 40.45s/ep][A

tin/rn18/random/sl/ipc50 s46:  95%|█████████▌| 285/300 [3:12:08<10:06, 40.45s/ep][A

tin/rn18/random/sl/ipc50 s46:  95%|█████████▌| 286/300 [3:12:49<09:26, 40.45s/ep][A

tin/rn18/random/sl/ipc50 s46:  96%|█████████▌| 287/300 [3:13:29<08:45, 40.45s/ep][A

tin/rn18/random/sl/ipc50 s46:  96%|█████████▌| 288/300 [3:14:10<08:05, 40.45s/ep][A

tin/rn18/random/sl/ipc50 s46:  96%|█████████▋| 289/300 [3:14:50<07:25, 40.46s/ep][A

tin/rn18/random/sl/ipc50 s46:  97%|█████████▋| 290/300 [3:15:31<06:44, 40.46s/ep][A

tin/rn18/random/sl/ipc50 s46:  97%|█████████▋| 291/300 [3:16:11<06:04, 40.46s/ep][A

tin/rn18/random/sl/ipc50 s46:  97%|█████████▋| 292/300 [3:16:51<05:23, 40.46s/ep][A

tin/rn18/random/sl/ipc50 s46:  98%|█████████▊| 293/300 [3:17:32<04:43, 40.46s/ep][A

tin/rn18/random/sl/ipc50 s46:  98%|█████████▊| 294/300 [3:18:12<04:02, 40.45s/ep][A

tin/rn18/random/sl/ipc50 s46:  98%|█████████▊| 295/300 [3:18:53<03:22, 40.45s/ep][A

tin/rn18/random/sl/ipc50 s46:  99%|█████████▊| 296/300 [3:19:33<02:41, 40.45s/ep][A

tin/rn18/random/sl/ipc50 s46:  99%|█████████▉| 297/300 [3:20:14<02:01, 40.45s/ep][A

tin/rn18/random/sl/ipc50 s46:  99%|█████████▉| 298/300 [3:20:54<01:20, 40.44s/ep][A

tin/rn18/random/sl/ipc50 s46: 100%|█████████▉| 299/300 [3:21:35<00:40, 40.45s/ep][A

tin/rn18/random/sl/ipc50 s46: 100%|██████████| 300/300 [3:22:15<00:00, 40.45s/ep][A

                                                                                 [A[cell] tin/rn18/random/sl/ipc50 seed46: 33.43%  (12148s)

rn18-tin:  37%|███▋      | 10/27 [18:58:51<51:24:25, 10886.20s/cell, random/sl/ipc50]
rn18-tin:  37%|███▋      | 10/27 [18:58:51<51:24:25, 10886.20s/cell, el2nbest/sl/ipc50][cell] tin/rn18/random/sl/ipc50: 34.25 +- 0.82 (24310s)


tin/rn18/el2nbest/sl/ipc50 w0 s42:   0%|          | 0/300 [00:00<?, ?ep/s][A

tin/rn18/el2nbest/sl/ipc50 w0 s42:   0%|          | 1/300 [00:40<3:21:43, 40.48s/ep][A

tin/rn18/el2nbest/sl/ipc50 w0 s42:   1%|          | 2/300 [01:20<3:21:00, 40.47s/ep][A

tin/rn18/el2nbest/sl/ipc50 w0 s42:   1%|          | 3/300 [02:01<3:20:14, 40.45s/ep][A

tin/rn18/el2nbest/sl/ipc50 w0 s42:   1%|▏         | 4/300 [02:41<3:19:36, 40.46s/ep][A

tin/rn18/el2nbest/sl/ipc50 w0 s42:   2%|▏         | 5/300 [03:22<3:18:54, 40.46s/ep][A

tin/rn18/el2nbest/sl/ipc50 w0 s42:   2%|▏         | 6/300 [04:02<3:18:12, 40.45s/ep][A

tin/rn18/el2nbest/sl/ipc50 w0 s42:   2%|▏         | 7/300 [04:43<3:17:33, 40.45s/ep][A

tin/rn18/el2nbest/sl/ipc50 w0 s42:   3%|▎         | 8/300 [05:23<3:16:51, 40.45s/ep][A

tin/rn18/el2nbest/sl/ipc50 w0 s42:   3%|▎         | 9/300 [06:04<3:16:10, 40.45s/ep][A

tin/rn18/el2nbest/sl/ipc50 w0 s42:   3%|▎         | 10/300 [06:44<3:15:29, 40.45s/ep][A

tin/rn18/el2nbest/sl/ipc50 w0 s42:   4%|▎         | 11/300 [07:24<3:14:50, 40.45s/ep][A

tin/rn18/el2nbest/sl/ipc50 w0 s42:   4%|▍         | 12/300 [08:05<3:14:11, 40.46s/ep][A

tin/rn18/el2nbest/sl/ipc50 w0 s42:   4%|▍         | 13/300 [08:45<3:13:30, 40.46s/ep][A

tin/rn18/el2nbest/sl/ipc50 w0 s42:   5%|▍         | 14/300 [09:26<3:12:49, 40.45s/ep][A

tin/rn18/el2nbest/sl/ipc50 w0 s42:   5%|▌         | 15/300 [10:06<3:12:09, 40.46s/ep][A

tin/rn18/el2nbest/sl/ipc50 w0 s42:   5%|▌         | 16/300 [10:47<3:11:30, 40.46s/ep][A

tin/rn18/el2nbest/sl/ipc50 w0 s42:   6%|▌         | 17/300 [11:27<3:10:50, 40.46s/ep][A

tin/rn18/el2nbest/sl/ipc50 w0 s42:   6%|▌         | 18/300 [12:08<3:10:08, 40.45s/ep][A

tin/rn18/el2nbest/sl/ipc50 w0 s42:   6%|▋         | 19/300 [12:48<3:09:27, 40.45s/ep][A

tin/rn18/el2nbest/sl/ipc50 w0 s42:   7%|▋         | 20/300 [13:29<3:08:46, 40.45s/ep][A

tin/rn18/el2nbest/sl/ipc50 w0 s42:   7%|▋         | 21/300 [14:09<3:08:06, 40.45s/ep][A

tin/rn18/el2nbest/sl/ipc50 w0 s42:   7%|▋         | 22/300 [14:50<3:07:26, 40.46s/ep][A

tin/rn18/el2nbest/sl/ipc50 w0 s42:   8%|▊         | 23/300 [15:30<3:06:46, 40.46s/ep][A

tin/rn18/el2nbest/sl/ipc50 w0 s42:   8%|▊         | 24/300 [16:10<3:06:06, 40.46s/ep][A

tin/rn18/el2nbest/sl/ipc50 w0 s42:   8%|▊         | 25/300 [16:51<3:05:25, 40.45s/ep][A

tin/rn18/el2nbest/sl/ipc50 w0 s42:   9%|▊         | 26/300 [17:31<3:04:45, 40.46s/ep][A

tin/rn18/el2nbest/sl/ipc50 w0 s42:   9%|▉         | 27/300 [18:12<3:04:06, 40.46s/ep][A

tin/rn18/el2nbest/sl/ipc50 w0 s42:   9%|▉         | 28/300 [18:52<3:03:27, 40.47s/ep][A

tin/rn18/el2nbest/sl/ipc50 w0 s42:  10%|▉         | 29/300 [19:33<3:02:47, 40.47s/ep][A

tin/rn18/el2nbest/sl/ipc50 w0 s42:  10%|█         | 30/300 [20:13<3:02:05, 40.46s/ep][A

tin/rn18/el2nbest/sl/ipc50 w0 s42:  10%|█         | 31/300 [20:54<3:01:23, 40.46s/ep][A

tin/rn18/el2nbest/sl/ipc50 w0 s42:  11%|█         | 32/300 [21:34<3:00:43, 40.46s/ep][A

tin/rn18/el2nbest/sl/ipc50 w0 s42:  11%|█         | 33/300 [22:15<3:00:04, 40.47s/ep][A

tin/rn18/el2nbest/sl/ipc50 w0 s42:  11%|█▏        | 34/300 [22:55<2:59:22, 40.46s/ep][A

tin/rn18/el2nbest/sl/ipc50 w0 s42:  12%|█▏        | 35/300 [23:35<2:58:39, 40.45s/ep][A

tin/rn18/el2nbest/sl/ipc50 w0 s42:  12%|█▏        | 36/300 [24:16<2:57:59, 40.45s/ep][A

tin/rn18/el2nbest/sl/ipc50 w0 s42:  12%|█▏        | 37/300 [24:56<2:57:19, 40.46s/ep][A

tin/rn18/el2nbest/sl/ipc50 w0 s42:  13%|█▎        | 38/300 [25:37<2:56:39, 40.45s/ep][A

tin/rn18/el2nbest/sl/ipc50 w0 s42:  13%|█▎        | 39/300 [26:17<2:55:59, 40.46s/ep][A

tin/rn18/el2nbest/sl/ipc50 w0 s42:  13%|█▎        | 40/300 [26:58<2:55:20, 40.46s/ep][A

tin/rn18/el2nbest/sl/ipc50 w0 s42:  14%|█▎        | 41/300 [27:38<2:54:38, 40.46s/ep][A

tin/rn18/el2nbest/sl/ipc50 w0 s42:  14%|█▍        | 42/300 [28:19<2:53:58, 40.46s/ep][A

tin/rn18/el2nbest/sl/ipc50 w0 s42:  14%|█▍        | 43/300 [28:59<2:53:16, 40.45s/ep][A

tin/rn18/el2nbest/sl/ipc50 w0 s42:  15%|█▍        | 44/300 [29:40<2:52:37, 40.46s/ep][A

tin/rn18/el2nbest/sl/ipc50 w0 s42:  15%|█▌        | 45/300 [30:20<2:51:56, 40.46s/ep][A

tin/rn18/el2nbest/sl/ipc50 w0 s42:  15%|█▌        | 46/300 [31:01<2:51:16, 40.46s/ep][A

tin/rn18/el2nbest/sl/ipc50 w0 s42:  16%|█▌        | 47/300 [31:41<2:50:35, 40.46s/ep][A

tin/rn18/el2nbest/sl/ipc50 w0 s42:  16%|█▌        | 48/300 [32:21<2:49:56, 40.46s/ep][A

tin/rn18/el2nbest/sl/ipc50 w0 s42:  16%|█▋        | 49/300 [33:02<2:49:13, 40.45s/ep][A

tin/rn18/el2nbest/sl/ipc50 w0 s42:  17%|█▋        | 50/300 [33:42<2:48:34, 40.46s/ep][A

tin/rn18/el2nbest/sl/ipc50 w0 s42:  17%|█▋        | 51/300 [34:23<2:47:53, 40.46s/ep][A

tin/rn18/el2nbest/sl/ipc50 w0 s42:  17%|█▋        | 52/300 [35:03<2:47:13, 40.46s/ep][A

tin/rn18/el2nbest/sl/ipc50 w0 s42:  18%|█▊        | 53/300 [35:44<2:46:32, 40.46s/ep][A

tin/rn18/el2nbest/sl/ipc50 w0 s42:  18%|█▊        | 54/300 [36:24<2:45:50, 40.45s/ep][A

tin/rn18/el2nbest/sl/ipc50 w0 s42:  18%|█▊        | 55/300 [37:05<2:45:10, 40.45s/ep][A

tin/rn18/el2nbest/sl/ipc50 w0 s42:  19%|█▊        | 56/300 [37:45<2:44:28, 40.45s/ep][A

tin/rn18/el2nbest/sl/ipc50 w0 s42:  19%|█▉        | 57/300 [38:26<2:43:50, 40.45s/ep][A

tin/rn18/el2nbest/sl/ipc50 w0 s42:  19%|█▉        | 58/300 [39:06<2:43:10, 40.46s/ep][A

tin/rn18/el2nbest/sl/ipc50 w0 s42:  20%|█▉        | 59/300 [39:46<2:42:28, 40.45s/ep][A

tin/rn18/el2nbest/sl/ipc50 w0 s42:  20%|██        | 60/300 [40:27<2:41:48, 40.45s/ep][A

tin/rn18/el2nbest/sl/ipc50 w0 s42:  20%|██        | 61/300 [41:07<2:41:06, 40.45s/ep][A

tin/rn18/el2nbest/sl/ipc50 w0 s42:  21%|██        | 62/300 [41:48<2:40:25, 40.44s/ep][A

tin/rn18/el2nbest/sl/ipc50 w0 s42:  21%|██        | 63/300 [42:28<2:39:46, 40.45s/ep][A

tin/rn18/el2nbest/sl/ipc50 w0 s42:  21%|██▏       | 64/300 [43:09<2:39:06, 40.45s/ep][A

tin/rn18/el2nbest/sl/ipc50 w0 s42:  22%|██▏       | 65/300 [43:49<2:38:25, 40.45s/ep][A

tin/rn18/el2nbest/sl/ipc50 w0 s42:  22%|██▏       | 66/300 [44:30<2:37:45, 40.45s/ep][A

tin/rn18/el2nbest/sl/ipc50 w0 s42:  22%|██▏       | 67/300 [45:10<2:37:04, 40.45s/ep][A

tin/rn18/el2nbest/sl/ipc50 w0 s42:  23%|██▎       | 68/300 [45:50<2:36:24, 40.45s/ep][A

tin/rn18/el2nbest/sl/ipc50 w0 s42:  23%|██▎       | 69/300 [46:31<2:35:45, 40.45s/ep][A

tin/rn18/el2nbest/sl/ipc50 w0 s42:  23%|██▎       | 70/300 [47:11<2:35:04, 40.46s/ep][A

tin/rn18/el2nbest/sl/ipc50 w0 s42:  24%|██▎       | 71/300 [47:52<2:34:24, 40.46s/ep][A

tin/rn18/el2nbest/sl/ipc50 w0 s42:  24%|██▍       | 72/300 [48:32<2:33:43, 40.46s/ep][A

tin/rn18/el2nbest/sl/ipc50 w0 s42:  24%|██▍       | 73/300 [49:13<2:33:02, 40.45s/ep][A

tin/rn18/el2nbest/sl/ipc50 w0 s42:  25%|██▍       | 74/300 [49:53<2:32:22, 40.45s/ep][A

tin/rn18/el2nbest/sl/ipc50 w0 s42:  25%|██▌       | 75/300 [50:34<2:31:41, 40.45s/ep][A

tin/rn18/el2nbest/sl/ipc50 w0 s42:  25%|██▌       | 76/300 [51:14<2:31:02, 40.46s/ep][A

tin/rn18/el2nbest/sl/ipc50 w0 s42:  26%|██▌       | 77/300 [51:55<2:30:21, 40.45s/ep][A

tin/rn18/el2nbest/sl/ipc50 w0 s42:  26%|██▌       | 78/300 [52:35<2:29:40, 40.45s/ep][A

tin/rn18/el2nbest/sl/ipc50 w0 s42:  26%|██▋       | 79/300 [53:15<2:28:59, 40.45s/ep][A

tin/rn18/el2nbest/sl/ipc50 w0 s42:  27%|██▋       | 80/300 [53:56<2:28:18, 40.45s/ep][A

tin/rn18/el2nbest/sl/ipc50 w0 s42:  27%|██▋       | 81/300 [54:36<2:27:39, 40.45s/ep][A

tin/rn18/el2nbest/sl/ipc50 w0 s42:  27%|██▋       | 82/300 [55:17<2:26:57, 40.45s/ep][A

tin/rn18/el2nbest/sl/ipc50 w0 s42:  28%|██▊       | 83/300 [55:57<2:26:17, 40.45s/ep][A

tin/rn18/el2nbest/sl/ipc50 w0 s42:  28%|██▊       | 84/300 [56:38<2:25:37, 40.45s/ep][A

tin/rn18/el2nbest/sl/ipc50 w0 s42:  28%|██▊       | 85/300 [57:18<2:24:56, 40.45s/ep][A

tin/rn18/el2nbest/sl/ipc50 w0 s42:  29%|██▊       | 86/300 [57:59<2:24:14, 40.44s/ep][A

tin/rn18/el2nbest/sl/ipc50 w0 s42:  29%|██▉       | 87/300 [58:39<2:23:35, 40.45s/ep][A

tin/rn18/el2nbest/sl/ipc50 w0 s42:  29%|██▉       | 88/300 [59:19<2:22:55, 40.45s/ep][A

tin/rn18/el2nbest/sl/ipc50 w0 s42:  30%|██▉       | 89/300 [1:00:00<2:22:15, 40.45s/ep][A

tin/rn18/el2nbest/sl/ipc50 w0 s42:  30%|███       | 90/300 [1:00:40<2:21:34, 40.45s/ep][A

tin/rn18/el2nbest/sl/ipc50 w0 s42:  30%|███       | 91/300 [1:01:21<2:20:53, 40.45s/ep][A

tin/rn18/el2nbest/sl/ipc50 w0 s42:  31%|███       | 92/300 [1:02:01<2:20:13, 40.45s/ep][A

tin/rn18/el2nbest/sl/ipc50 w0 s42:  31%|███       | 93/300 [1:02:42<2:19:32, 40.45s/ep][A

tin/rn18/el2nbest/sl/ipc50 w0 s42:  31%|███▏      | 94/300 [1:03:22<2:18:51, 40.44s/ep][A

tin/rn18/el2nbest/sl/ipc50 w0 s42:  32%|███▏      | 95/300 [1:04:03<2:18:11, 40.45s/ep][A

tin/rn18/el2nbest/sl/ipc50 w0 s42:  32%|███▏      | 96/300 [1:04:43<2:17:31, 40.45s/ep][A

tin/rn18/el2nbest/sl/ipc50 w0 s42:  32%|███▏      | 97/300 [1:05:24<2:16:51, 40.45s/ep][A

tin/rn18/el2nbest/sl/ipc50 w0 s42:  33%|███▎      | 98/300 [1:06:04<2:16:12, 40.46s/ep][A

tin/rn18/el2nbest/sl/ipc50 w0 s42:  33%|███▎      | 99/300 [1:06:44<2:15:33, 40.46s/ep][A

tin/rn18/el2nbest/sl/ipc50 w0 s42:  33%|███▎      | 100/300 [1:07:25<2:14:51, 40.46s/ep][A

tin/rn18/el2nbest/sl/ipc50 w0 s42:  34%|███▎      | 101/300 [1:08:05<2:14:10, 40.45s/ep][A

tin/rn18/el2nbest/sl/ipc50 w0 s42:  34%|███▍      | 102/300 [1:08:46<2:13:30, 40.45s/ep][A

tin/rn18/el2nbest/sl/ipc50 w0 s42:  34%|███▍      | 103/300 [1:09:26<2:12:49, 40.45s/ep][A

tin/rn18/el2nbest/sl/ipc50 w0 s42:  35%|███▍      | 104/300 [1:10:07<2:12:10, 40.46s/ep][A

tin/rn18/el2nbest/sl/ipc50 w0 s42:  35%|███▌      | 105/300 [1:10:47<2:11:29, 40.46s/ep][A

tin/rn18/el2nbest/sl/ipc50 w0 s42:  35%|███▌      | 106/300 [1:11:28<2:10:48, 40.46s/ep][A

tin/rn18/el2nbest/sl/ipc50 w0 s42:  36%|███▌      | 107/300 [1:12:08<2:10:07, 40.45s/ep][A

tin/rn18/el2nbest/sl/ipc50 w0 s42:  36%|███▌      | 108/300 [1:12:49<2:09:26, 40.45s/ep][A

tin/rn18/el2nbest/sl/ipc50 w0 s42:  36%|███▋      | 109/300 [1:13:29<2:08:44, 40.45s/ep][A

tin/rn18/el2nbest/sl/ipc50 w0 s42:  37%|███▋      | 110/300 [1:14:09<2:08:04, 40.45s/ep][A

tin/rn18/el2nbest/sl/ipc50 w0 s42:  37%|███▋      | 111/300 [1:14:50<2:07:23, 40.44s/ep][A

tin/rn18/el2nbest/sl/ipc50 w0 s42:  37%|███▋      | 112/300 [1:15:30<2:06:44, 40.45s/ep][A

tin/rn18/el2nbest/sl/ipc50 w0 s42:  38%|███▊      | 113/300 [1:16:11<2:06:04, 40.45s/ep][A

tin/rn18/el2nbest/sl/ipc50 w0 s42:  38%|███▊      | 114/300 [1:16:51<2:05:24, 40.46s/ep][A

tin/rn18/el2nbest/sl/ipc50 w0 s42:  38%|███▊      | 115/300 [1:17:32<2:04:44, 40.46s/ep][A

tin/rn18/el2nbest/sl/ipc50 w0 s42:  39%|███▊      | 116/300 [1:18:12<2:04:03, 40.45s/ep][A

tin/rn18/el2nbest/sl/ipc50 w0 s42:  39%|███▉      | 117/300 [1:18:53<2:03:23, 40.46s/ep][A

tin/rn18/el2nbest/sl/ipc50 w0 s42:  39%|███▉      | 118/300 [1:19:33<2:02:43, 40.46s/ep][A

tin/rn18/el2nbest/sl/ipc50 w0 s42:  40%|███▉      | 119/300 [1:20:14<2:02:02, 40.46s/ep][A

tin/rn18/el2nbest/sl/ipc50 w0 s42:  40%|████      | 120/300 [1:20:54<2:01:23, 40.46s/ep][A

tin/rn18/el2nbest/sl/ipc50 w0 s42:  40%|████      | 121/300 [1:21:34<2:00:42, 40.46s/ep][A

tin/rn18/el2nbest/sl/ipc50 w0 s42:  41%|████      | 122/300 [1:22:15<2:00:01, 40.46s/ep][A

tin/rn18/el2nbest/sl/ipc50 w0 s42:  41%|████      | 123/300 [1:22:55<1:59:19, 40.45s/ep][A

tin/rn18/el2nbest/sl/ipc50 w0 s42:  41%|████▏     | 124/300 [1:23:36<1:58:39, 40.45s/ep][A

tin/rn18/el2nbest/sl/ipc50 w0 s42:  42%|████▏     | 125/300 [1:24:16<1:57:58, 40.45s/ep][A

tin/rn18/el2nbest/sl/ipc50 w0 s42:  42%|████▏     | 126/300 [1:24:57<1:57:18, 40.45s/ep][A

tin/rn18/el2nbest/sl/ipc50 w0 s42:  42%|████▏     | 127/300 [1:25:37<1:56:37, 40.45s/ep][A

tin/rn18/el2nbest/sl/ipc50 w0 s42:  43%|████▎     | 128/300 [1:26:18<1:55:56, 40.45s/ep][A

tin/rn18/el2nbest/sl/ipc50 w0 s42:  43%|████▎     | 129/300 [1:26:58<1:55:16, 40.45s/ep][A

tin/rn18/el2nbest/sl/ipc50 w0 s42:  43%|████▎     | 130/300 [1:27:38<1:54:36, 40.45s/ep][A

tin/rn18/el2nbest/sl/ipc50 w0 s42:  44%|████▎     | 131/300 [1:28:19<1:53:55, 40.45s/ep][A

tin/rn18/el2nbest/sl/ipc50 w0 s42:  44%|████▍     | 132/300 [1:28:59<1:53:15, 40.45s/ep][A

tin/rn18/el2nbest/sl/ipc50 w0 s42:  44%|████▍     | 133/300 [1:29:40<1:52:35, 40.45s/ep][A

tin/rn18/el2nbest/sl/ipc50 w0 s42:  45%|████▍     | 134/300 [1:30:20<1:51:56, 40.46s/ep][A

tin/rn18/el2nbest/sl/ipc50 w0 s42:  45%|████▌     | 135/300 [1:31:01<1:51:16, 40.47s/ep][A

tin/rn18/el2nbest/sl/ipc50 w0 s42:  45%|████▌     | 136/300 [1:31:41<1:50:35, 40.46s/ep][A

tin/rn18/el2nbest/sl/ipc50 w0 s42:  46%|████▌     | 137/300 [1:32:22<1:49:54, 40.46s/ep][A

tin/rn18/el2nbest/sl/ipc50 w0 s42:  46%|████▌     | 138/300 [1:33:02<1:49:14, 40.46s/ep][A

tin/rn18/el2nbest/sl/ipc50 w0 s42:  46%|████▋     | 139/300 [1:33:43<1:48:33, 40.46s/ep][A

tin/rn18/el2nbest/sl/ipc50 w0 s42:  47%|████▋     | 140/300 [1:34:23<1:47:52, 40.45s/ep][A

tin/rn18/el2nbest/sl/ipc50 w0 s42:  47%|████▋     | 141/300 [1:35:04<1:47:11, 40.45s/ep][A

tin/rn18/el2nbest/sl/ipc50 w0 s42:  47%|████▋     | 142/300 [1:35:44<1:46:31, 40.45s/ep][A

tin/rn18/el2nbest/sl/ipc50 w0 s42:  48%|████▊     | 143/300 [1:36:24<1:45:51, 40.45s/ep][A

tin/rn18/el2nbest/sl/ipc50 w0 s42:  48%|████▊     | 144/300 [1:37:05<1:45:10, 40.45s/ep][A

tin/rn18/el2nbest/sl/ipc50 w0 s42:  48%|████▊     | 145/300 [1:37:45<1:44:30, 40.46s/ep][A

tin/rn18/el2nbest/sl/ipc50 w0 s42:  49%|████▊     | 146/300 [1:38:26<1:43:50, 40.46s/ep][A

tin/rn18/el2nbest/sl/ipc50 w0 s42:  49%|████▉     | 147/300 [1:39:06<1:43:09, 40.45s/ep][A

tin/rn18/el2nbest/sl/ipc50 w0 s42:  49%|████▉     | 148/300 [1:39:47<1:42:28, 40.45s/ep][A

tin/rn18/el2nbest/sl/ipc50 w0 s42:  50%|████▉     | 149/300 [1:40:27<1:41:47, 40.45s/ep][A

tin/rn18/el2nbest/sl/ipc50 w0 s42:  50%|█████     | 150/300 [1:41:08<1:41:07, 40.45s/ep][A

tin/rn18/el2nbest/sl/ipc50 w0 s42:  50%|█████     | 151/300 [1:41:48<1:40:27, 40.45s/ep][A

tin/rn18/el2nbest/sl/ipc50 w0 s42:  51%|█████     | 152/300 [1:42:29<1:39:46, 40.45s/ep][A

tin/rn18/el2nbest/sl/ipc50 w0 s42:  51%|█████     | 153/300 [1:43:09<1:39:06, 40.45s/ep][A

tin/rn18/el2nbest/sl/ipc50 w0 s42:  51%|█████▏    | 154/300 [1:43:49<1:38:25, 40.45s/ep][A

tin/rn18/el2nbest/sl/ipc50 w0 s42:  52%|█████▏    | 155/300 [1:44:30<1:37:45, 40.45s/ep][A

tin/rn18/el2nbest/sl/ipc50 w0 s42:  52%|█████▏    | 156/300 [1:45:10<1:37:05, 40.45s/ep][A

tin/rn18/el2nbest/sl/ipc50 w0 s42:  52%|█████▏    | 157/300 [1:45:51<1:36:24, 40.45s/ep][A

tin/rn18/el2nbest/sl/ipc50 w0 s42:  53%|█████▎    | 158/300 [1:46:31<1:35:43, 40.45s/ep][A

tin/rn18/el2nbest/sl/ipc50 w0 s42:  53%|█████▎    | 159/300 [1:47:12<1:35:04, 40.46s/ep][A

tin/rn18/el2nbest/sl/ipc50 w0 s42:  53%|█████▎    | 160/300 [1:47:52<1:34:23, 40.45s/ep][A

tin/rn18/el2nbest/sl/ipc50 w0 s42:  54%|█████▎    | 161/300 [1:48:33<1:33:43, 40.46s/ep][A

tin/rn18/el2nbest/sl/ipc50 w0 s42:  54%|█████▍    | 162/300 [1:49:13<1:33:03, 40.46s/ep][A

tin/rn18/el2nbest/sl/ipc50 w0 s42:  54%|█████▍    | 163/300 [1:49:54<1:32:22, 40.46s/ep][A

tin/rn18/el2nbest/sl/ipc50 w0 s42:  55%|█████▍    | 164/300 [1:50:34<1:31:41, 40.45s/ep][A

tin/rn18/el2nbest/sl/ipc50 w0 s42:  55%|█████▌    | 165/300 [1:51:14<1:31:01, 40.45s/ep][A

tin/rn18/el2nbest/sl/ipc50 w0 s42:  55%|█████▌    | 166/300 [1:51:55<1:30:20, 40.45s/ep][A

tin/rn18/el2nbest/sl/ipc50 w0 s42:  56%|█████▌    | 167/300 [1:52:35<1:29:39, 40.45s/ep][A

tin/rn18/el2nbest/sl/ipc50 w0 s42:  56%|█████▌    | 168/300 [1:53:16<1:28:59, 40.45s/ep][A

tin/rn18/el2nbest/sl/ipc50 w0 s42:  56%|█████▋    | 169/300 [1:53:56<1:28:19, 40.46s/ep][A

tin/rn18/el2nbest/sl/ipc50 w0 s42:  57%|█████▋    | 170/300 [1:54:37<1:27:39, 40.45s/ep][A

tin/rn18/el2nbest/sl/ipc50 w0 s42:  57%|█████▋    | 171/300 [1:55:17<1:26:58, 40.45s/ep][A

tin/rn18/el2nbest/sl/ipc50 w0 s42:  57%|█████▋    | 172/300 [1:55:58<1:26:18, 40.46s/ep][A

tin/rn18/el2nbest/sl/ipc50 w0 s42:  58%|█████▊    | 173/300 [1:56:38<1:25:37, 40.45s/ep][A

tin/rn18/el2nbest/sl/ipc50 w0 s42:  58%|█████▊    | 174/300 [1:57:18<1:24:56, 40.45s/ep][A

tin/rn18/el2nbest/sl/ipc50 w0 s42:  58%|█████▊    | 175/300 [1:57:59<1:24:17, 40.46s/ep][A

tin/rn18/el2nbest/sl/ipc50 w0 s42:  59%|█████▊    | 176/300 [1:58:39<1:23:36, 40.46s/ep][A

tin/rn18/el2nbest/sl/ipc50 w0 s42:  59%|█████▉    | 177/300 [1:59:20<1:22:55, 40.45s/ep][A

tin/rn18/el2nbest/sl/ipc50 w0 s42:  59%|█████▉    | 178/300 [2:00:00<1:22:15, 40.45s/ep][A

tin/rn18/el2nbest/sl/ipc50 w0 s42:  60%|█████▉    | 179/300 [2:00:41<1:21:34, 40.45s/ep][A

tin/rn18/el2nbest/sl/ipc50 w0 s42:  60%|██████    | 180/300 [2:01:21<1:20:53, 40.45s/ep][A

tin/rn18/el2nbest/sl/ipc50 w0 s42:  60%|██████    | 181/300 [2:02:02<1:20:13, 40.45s/ep][A

tin/rn18/el2nbest/sl/ipc50 w0 s42:  61%|██████    | 182/300 [2:02:42<1:19:32, 40.45s/ep][A

tin/rn18/el2nbest/sl/ipc50 w0 s42:  61%|██████    | 183/300 [2:03:23<1:18:53, 40.45s/ep][A

tin/rn18/el2nbest/sl/ipc50 w0 s42:  61%|██████▏   | 184/300 [2:04:03<1:18:12, 40.45s/ep][A

tin/rn18/el2nbest/sl/ipc50 w0 s42:  62%|██████▏   | 185/300 [2:04:43<1:17:32, 40.45s/ep][A

tin/rn18/el2nbest/sl/ipc50 w0 s42:  62%|██████▏   | 186/300 [2:05:24<1:16:51, 40.45s/ep][A

tin/rn18/el2nbest/sl/ipc50 w0 s42:  62%|██████▏   | 187/300 [2:06:04<1:16:10, 40.45s/ep][A

tin/rn18/el2nbest/sl/ipc50 w0 s42:  63%|██████▎   | 188/300 [2:06:45<1:15:29, 40.44s/ep][A

tin/rn18/el2nbest/sl/ipc50 w0 s42:  63%|██████▎   | 189/300 [2:07:25<1:14:49, 40.45s/ep][A

tin/rn18/el2nbest/sl/ipc50 w0 s42:  63%|██████▎   | 190/300 [2:08:06<1:14:09, 40.45s/ep][A

tin/rn18/el2nbest/sl/ipc50 w0 s42:  64%|██████▎   | 191/300 [2:08:46<1:13:28, 40.45s/ep][A

tin/rn18/el2nbest/sl/ipc50 w0 s42:  64%|██████▍   | 192/300 [2:09:27<1:12:48, 40.45s/ep][A

tin/rn18/el2nbest/sl/ipc50 w0 s42:  64%|██████▍   | 193/300 [2:10:07<1:12:08, 40.45s/ep][A

tin/rn18/el2nbest/sl/ipc50 w0 s42:  65%|██████▍   | 194/300 [2:10:48<1:11:27, 40.45s/ep][A

tin/rn18/el2nbest/sl/ipc50 w0 s42:  65%|██████▌   | 195/300 [2:11:28<1:10:47, 40.45s/ep][A

tin/rn18/el2nbest/sl/ipc50 w0 s42:  65%|██████▌   | 196/300 [2:12:08<1:10:07, 40.45s/ep][A

tin/rn18/el2nbest/sl/ipc50 w0 s42:  66%|██████▌   | 197/300 [2:12:49<1:09:26, 40.45s/ep][A

tin/rn18/el2nbest/sl/ipc50 w0 s42:  66%|██████▌   | 198/300 [2:13:29<1:08:45, 40.45s/ep][A

tin/rn18/el2nbest/sl/ipc50 w0 s42:  66%|██████▋   | 199/300 [2:14:10<1:08:05, 40.45s/ep][A

tin/rn18/el2nbest/sl/ipc50 w0 s42:  67%|██████▋   | 200/300 [2:14:50<1:07:24, 40.45s/ep][A

tin/rn18/el2nbest/sl/ipc50 w0 s42:  67%|██████▋   | 201/300 [2:15:31<1:06:44, 40.45s/ep][A

tin/rn18/el2nbest/sl/ipc50 w0 s42:  67%|██████▋   | 202/300 [2:16:11<1:06:04, 40.45s/ep][A

tin/rn18/el2nbest/sl/ipc50 w0 s42:  68%|██████▊   | 203/300 [2:16:52<1:05:24, 40.45s/ep][A

tin/rn18/el2nbest/sl/ipc50 w0 s42:  68%|██████▊   | 204/300 [2:17:32<1:04:43, 40.45s/ep][A

tin/rn18/el2nbest/sl/ipc50 w0 s42:  68%|██████▊   | 205/300 [2:18:12<1:04:03, 40.45s/ep][A

tin/rn18/el2nbest/sl/ipc50 w0 s42:  69%|██████▊   | 206/300 [2:18:53<1:03:22, 40.45s/ep][A

tin/rn18/el2nbest/sl/ipc50 w0 s42:  69%|██████▉   | 207/300 [2:19:33<1:02:42, 40.45s/ep][A

tin/rn18/el2nbest/sl/ipc50 w0 s42:  69%|██████▉   | 208/300 [2:20:14<1:02:01, 40.46s/ep][A

tin/rn18/el2nbest/sl/ipc50 w0 s42:  70%|██████▉   | 209/300 [2:20:54<1:01:21, 40.45s/ep][A

tin/rn18/el2nbest/sl/ipc50 w0 s42:  70%|███████   | 210/300 [2:21:35<1:00:41, 40.46s/ep][A

tin/rn18/el2nbest/sl/ipc50 w0 s42:  70%|███████   | 211/300 [2:22:15<1:00:00, 40.46s/ep][A

tin/rn18/el2nbest/sl/ipc50 w0 s42:  71%|███████   | 212/300 [2:22:56<59:20, 40.46s/ep]  [A

tin/rn18/el2nbest/sl/ipc50 w0 s42:  71%|███████   | 213/300 [2:23:36<58:39, 40.45s/ep][A

tin/rn18/el2nbest/sl/ipc50 w0 s42:  71%|███████▏  | 214/300 [2:24:17<57:58, 40.45s/ep][A

tin/rn18/el2nbest/sl/ipc50 w0 s42:  72%|███████▏  | 215/300 [2:24:57<57:18, 40.45s/ep][A

tin/rn18/el2nbest/sl/ipc50 w0 s42:  72%|███████▏  | 216/300 [2:25:37<56:37, 40.45s/ep][A

tin/rn18/el2nbest/sl/ipc50 w0 s42:  72%|███████▏  | 217/300 [2:26:18<55:57, 40.45s/ep][A

tin/rn18/el2nbest/sl/ipc50 w0 s42:  73%|███████▎  | 218/300 [2:26:58<55:16, 40.45s/ep][A

tin/rn18/el2nbest/sl/ipc50 w0 s42:  73%|███████▎  | 219/300 [2:27:39<54:36, 40.45s/ep][A

tin/rn18/el2nbest/sl/ipc50 w0 s42:  73%|███████▎  | 220/300 [2:28:19<53:56, 40.45s/ep][A

tin/rn18/el2nbest/sl/ipc50 w0 s42:  74%|███████▎  | 221/300 [2:29:00<53:15, 40.45s/ep][A

tin/rn18/el2nbest/sl/ipc50 w0 s42:  74%|███████▍  | 222/300 [2:29:40<52:35, 40.45s/ep][A

tin/rn18/el2nbest/sl/ipc50 w0 s42:  74%|███████▍  | 223/300 [2:30:21<51:54, 40.45s/ep][A

tin/rn18/el2nbest/sl/ipc50 w0 s42:  75%|███████▍  | 224/300 [2:31:01<51:13, 40.44s/ep][A

tin/rn18/el2nbest/sl/ipc50 w0 s42:  75%|███████▌  | 225/300 [2:31:42<50:33, 40.45s/ep][A

tin/rn18/el2nbest/sl/ipc50 w0 s42:  75%|███████▌  | 226/300 [2:32:22<49:53, 40.45s/ep][A

tin/rn18/el2nbest/sl/ipc50 w0 s42:  76%|███████▌  | 227/300 [2:33:02<49:13, 40.46s/ep][A

tin/rn18/el2nbest/sl/ipc50 w0 s42:  76%|███████▌  | 228/300 [2:33:43<48:33, 40.47s/ep][A

tin/rn18/el2nbest/sl/ipc50 w0 s42:  76%|███████▋  | 229/300 [2:34:23<47:52, 40.46s/ep][A

tin/rn18/el2nbest/sl/ipc50 w0 s42:  77%|███████▋  | 230/300 [2:35:04<47:12, 40.46s/ep][A

tin/rn18/el2nbest/sl/ipc50 w0 s42:  77%|███████▋  | 231/300 [2:35:44<46:31, 40.46s/ep][A

tin/rn18/el2nbest/sl/ipc50 w0 s42:  77%|███████▋  | 232/300 [2:36:25<45:51, 40.46s/ep][A

tin/rn18/el2nbest/sl/ipc50 w0 s42:  78%|███████▊  | 233/300 [2:37:05<45:10, 40.46s/ep][A

tin/rn18/el2nbest/sl/ipc50 w0 s42:  78%|███████▊  | 234/300 [2:37:46<44:29, 40.45s/ep][A

tin/rn18/el2nbest/sl/ipc50 w0 s42:  78%|███████▊  | 235/300 [2:38:26<43:49, 40.45s/ep][A

tin/rn18/el2nbest/sl/ipc50 w0 s42:  79%|███████▊  | 236/300 [2:39:07<43:09, 40.46s/ep][A

tin/rn18/el2nbest/sl/ipc50 w0 s42:  79%|███████▉  | 237/300 [2:39:47<42:28, 40.46s/ep][A

tin/rn18/el2nbest/sl/ipc50 w0 s42:  79%|███████▉  | 238/300 [2:40:27<41:47, 40.45s/ep][A

tin/rn18/el2nbest/sl/ipc50 w0 s42:  80%|███████▉  | 239/300 [2:41:08<41:07, 40.45s/ep][A

tin/rn18/el2nbest/sl/ipc50 w0 s42:  80%|████████  | 240/300 [2:41:48<40:26, 40.45s/ep][A

tin/rn18/el2nbest/sl/ipc50 w0 s42:  80%|████████  | 241/300 [2:42:29<39:46, 40.45s/ep][A

tin/rn18/el2nbest/sl/ipc50 w0 s42:  81%|████████  | 242/300 [2:43:09<39:05, 40.45s/ep][A

tin/rn18/el2nbest/sl/ipc50 w0 s42:  81%|████████  | 243/300 [2:43:50<38:25, 40.45s/ep][A

tin/rn18/el2nbest/sl/ipc50 w0 s42:  81%|████████▏ | 244/300 [2:44:30<37:45, 40.45s/ep][A

tin/rn18/el2nbest/sl/ipc50 w0 s42:  82%|████████▏ | 245/300 [2:45:11<37:04, 40.45s/ep][A

tin/rn18/el2nbest/sl/ipc50 w0 s42:  82%|████████▏ | 246/300 [2:45:51<36:24, 40.45s/ep][A

tin/rn18/el2nbest/sl/ipc50 w0 s42:  82%|████████▏ | 247/300 [2:46:32<35:44, 40.46s/ep][A

tin/rn18/el2nbest/sl/ipc50 w0 s42:  83%|████████▎ | 248/300 [2:47:12<35:04, 40.47s/ep][A

tin/rn18/el2nbest/sl/ipc50 w0 s42:  83%|████████▎ | 249/300 [2:47:52<34:23, 40.47s/ep][A

tin/rn18/el2nbest/sl/ipc50 w0 s42:  83%|████████▎ | 250/300 [2:48:33<33:43, 40.46s/ep][A

tin/rn18/el2nbest/sl/ipc50 w0 s42:  84%|████████▎ | 251/300 [2:49:13<33:02, 40.46s/ep][A

tin/rn18/el2nbest/sl/ipc50 w0 s42:  84%|████████▍ | 252/300 [2:49:54<32:21, 40.46s/ep][A

tin/rn18/el2nbest/sl/ipc50 w0 s42:  84%|████████▍ | 253/300 [2:50:34<31:41, 40.46s/ep][A

tin/rn18/el2nbest/sl/ipc50 w0 s42:  85%|████████▍ | 254/300 [2:51:15<31:00, 40.46s/ep][A

tin/rn18/el2nbest/sl/ipc50 w0 s42:  85%|████████▌ | 255/300 [2:51:55<30:20, 40.46s/ep][A

tin/rn18/el2nbest/sl/ipc50 w0 s42:  85%|████████▌ | 256/300 [2:52:36<29:40, 40.46s/ep][A

tin/rn18/el2nbest/sl/ipc50 w0 s42:  86%|████████▌ | 257/300 [2:53:16<28:59, 40.46s/ep][A

tin/rn18/el2nbest/sl/ipc50 w0 s42:  86%|████████▌ | 258/300 [2:53:57<28:19, 40.46s/ep][A

tin/rn18/el2nbest/sl/ipc50 w0 s42:  86%|████████▋ | 259/300 [2:54:37<27:38, 40.46s/ep][A

tin/rn18/el2nbest/sl/ipc50 w0 s42:  87%|████████▋ | 260/300 [2:55:18<26:58, 40.45s/ep][A

tin/rn18/el2nbest/sl/ipc50 w0 s42:  87%|████████▋ | 261/300 [2:55:58<26:17, 40.46s/ep][A

tin/rn18/el2nbest/sl/ipc50 w0 s42:  87%|████████▋ | 262/300 [2:56:38<25:37, 40.46s/ep][A

tin/rn18/el2nbest/sl/ipc50 w0 s42:  88%|████████▊ | 263/300 [2:57:19<24:57, 40.46s/ep][A

tin/rn18/el2nbest/sl/ipc50 w0 s42:  88%|████████▊ | 264/300 [2:57:59<24:16, 40.46s/ep][A

tin/rn18/el2nbest/sl/ipc50 w0 s42:  88%|████████▊ | 265/300 [2:58:40<23:35, 40.46s/ep][A

tin/rn18/el2nbest/sl/ipc50 w0 s42:  89%|████████▊ | 266/300 [2:59:20<22:55, 40.46s/ep][A

tin/rn18/el2nbest/sl/ipc50 w0 s42:  89%|████████▉ | 267/300 [3:00:01<22:15, 40.46s/ep][A

tin/rn18/el2nbest/sl/ipc50 w0 s42:  89%|████████▉ | 268/300 [3:00:41<21:34, 40.46s/ep][A

tin/rn18/el2nbest/sl/ipc50 w0 s42:  90%|████████▉ | 269/300 [3:01:22<20:54, 40.46s/ep][A

tin/rn18/el2nbest/sl/ipc50 w0 s42:  90%|█████████ | 270/300 [3:02:02<20:13, 40.45s/ep][A

tin/rn18/el2nbest/sl/ipc50 w0 s42:  90%|█████████ | 271/300 [3:02:43<19:33, 40.46s/ep][A

tin/rn18/el2nbest/sl/ipc50 w0 s42:  91%|█████████ | 272/300 [3:03:23<18:52, 40.46s/ep][A

tin/rn18/el2nbest/sl/ipc50 w0 s42:  91%|█████████ | 273/300 [3:04:03<18:12, 40.46s/ep][A

tin/rn18/el2nbest/sl/ipc50 w0 s42:  91%|█████████▏| 274/300 [3:04:44<17:31, 40.46s/ep][A

tin/rn18/el2nbest/sl/ipc50 w0 s42:  92%|█████████▏| 275/300 [3:05:24<16:51, 40.45s/ep][A

tin/rn18/el2nbest/sl/ipc50 w0 s42:  92%|█████████▏| 276/300 [3:06:05<16:10, 40.45s/ep][A

tin/rn18/el2nbest/sl/ipc50 w0 s42:  92%|█████████▏| 277/300 [3:06:45<15:30, 40.45s/ep][A

tin/rn18/el2nbest/sl/ipc50 w0 s42:  93%|█████████▎| 278/300 [3:07:26<14:49, 40.45s/ep][A

tin/rn18/el2nbest/sl/ipc50 w0 s42:  93%|█████████▎| 279/300 [3:08:06<14:09, 40.45s/ep][A

tin/rn18/el2nbest/sl/ipc50 w0 s42:  93%|█████████▎| 280/300 [3:08:47<13:29, 40.46s/ep][A

tin/rn18/el2nbest/sl/ipc50 w0 s42:  94%|█████████▎| 281/300 [3:09:27<12:48, 40.45s/ep][A

tin/rn18/el2nbest/sl/ipc50 w0 s42:  94%|█████████▍| 282/300 [3:10:08<12:08, 40.45s/ep][A

tin/rn18/el2nbest/sl/ipc50 w0 s42:  94%|█████████▍| 283/300 [3:10:48<11:27, 40.45s/ep][A

tin/rn18/el2nbest/sl/ipc50 w0 s42:  95%|█████████▍| 284/300 [3:11:28<10:47, 40.45s/ep][A

tin/rn18/el2nbest/sl/ipc50 w0 s42:  95%|█████████▌| 285/300 [3:12:09<10:06, 40.46s/ep][A

tin/rn18/el2nbest/sl/ipc50 w0 s42:  95%|█████████▌| 286/300 [3:12:49<09:26, 40.46s/ep][A

tin/rn18/el2nbest/sl/ipc50 w0 s42:  96%|█████████▌| 287/300 [3:13:30<08:45, 40.46s/ep][A

tin/rn18/el2nbest/sl/ipc50 w0 s42:  96%|█████████▌| 288/300 [3:14:10<08:05, 40.46s/ep][A

tin/rn18/el2nbest/sl/ipc50 w0 s42:  96%|█████████▋| 289/300 [3:14:51<07:25, 40.46s/ep][A

tin/rn18/el2nbest/sl/ipc50 w0 s42:  97%|█████████▋| 290/300 [3:15:31<06:44, 40.46s/ep][A

tin/rn18/el2nbest/sl/ipc50 w0 s42:  97%|█████████▋| 291/300 [3:16:12<06:04, 40.46s/ep][A

tin/rn18/el2nbest/sl/ipc50 w0 s42:  97%|█████████▋| 292/300 [3:16:52<05:23, 40.46s/ep][A

tin/rn18/el2nbest/sl/ipc50 w0 s42:  98%|█████████▊| 293/300 [3:17:33<04:43, 40.46s/ep][A

tin/rn18/el2nbest/sl/ipc50 w0 s42:  98%|█████████▊| 294/300 [3:18:13<04:02, 40.46s/ep][A

tin/rn18/el2nbest/sl/ipc50 w0 s42:  98%|█████████▊| 295/300 [3:18:54<03:22, 40.45s/ep][A

tin/rn18/el2nbest/sl/ipc50 w0 s42:  99%|█████████▊| 296/300 [3:19:34<02:41, 40.46s/ep][A

tin/rn18/el2nbest/sl/ipc50 w0 s42:  99%|█████████▉| 297/300 [3:20:14<02:01, 40.45s/ep][A

tin/rn18/el2nbest/sl/ipc50 w0 s42:  99%|█████████▉| 298/300 [3:20:55<01:20, 40.45s/ep][A

tin/rn18/el2nbest/sl/ipc50 w0 s42: 100%|█████████▉| 299/300 [3:21:35<00:40, 40.45s/ep][A

tin/rn18/el2nbest/sl/ipc50 w0 s42: 100%|██████████| 300/300 [3:22:16<00:00, 40.46s/ep][A

                                                                                      [A[cell] tin/rn18/el2nbest/sl/ipc50 window 0%: 25.49%  (12149s)


tin/rn18/el2nbest/sl/ipc50 w10 s42:   0%|          | 0/300 [00:00<?, ?ep/s][A

tin/rn18/el2nbest/sl/ipc50 w10 s42:   0%|          | 1/300 [00:40<3:21:45, 40.49s/ep][A

tin/rn18/el2nbest/sl/ipc50 w10 s42:   1%|          | 2/300 [01:20<3:20:59, 40.47s/ep][A

tin/rn18/el2nbest/sl/ipc50 w10 s42:   1%|          | 3/300 [02:01<3:20:14, 40.45s/ep][A

tin/rn18/el2nbest/sl/ipc50 w10 s42:   1%|▏         | 4/300 [02:41<3:19:37, 40.46s/ep][A

tin/rn18/el2nbest/sl/ipc50 w10 s42:   2%|▏         | 5/300 [03:22<3:18:53, 40.45s/ep][A

tin/rn18/el2nbest/sl/ipc50 w10 s42:   2%|▏         | 6/300 [04:02<3:18:12, 40.45s/ep][A

tin/rn18/el2nbest/sl/ipc50 w10 s42:   2%|▏         | 7/300 [04:43<3:17:32, 40.45s/ep][A

tin/rn18/el2nbest/sl/ipc50 w10 s42:   3%|▎         | 8/300 [05:23<3:16:51, 40.45s/ep][A

tin/rn18/el2nbest/sl/ipc50 w10 s42:   3%|▎         | 9/300 [06:04<3:16:09, 40.45s/ep][A

tin/rn18/el2nbest/sl/ipc50 w10 s42:   3%|▎         | 10/300 [06:44<3:15:29, 40.45s/ep][A

tin/rn18/el2nbest/sl/ipc50 w10 s42:   4%|▎         | 11/300 [07:24<3:14:49, 40.45s/ep][A

tin/rn18/el2nbest/sl/ipc50 w10 s42:   4%|▍         | 12/300 [08:05<3:14:10, 40.45s/ep][A

tin/rn18/el2nbest/sl/ipc50 w10 s42:   4%|▍         | 13/300 [08:45<3:13:29, 40.45s/ep][A

tin/rn18/el2nbest/sl/ipc50 w10 s42:   5%|▍         | 14/300 [09:26<3:12:48, 40.45s/ep][A

tin/rn18/el2nbest/sl/ipc50 w10 s42:   5%|▌         | 15/300 [10:06<3:12:10, 40.46s/ep][A

tin/rn18/el2nbest/sl/ipc50 w10 s42:   5%|▌         | 16/300 [10:47<3:11:30, 40.46s/ep][A

tin/rn18/el2nbest/sl/ipc50 w10 s42:   6%|▌         | 17/300 [11:27<3:10:50, 40.46s/ep][A

tin/rn18/el2nbest/sl/ipc50 w10 s42:   6%|▌         | 18/300 [12:08<3:10:08, 40.46s/ep][A

tin/rn18/el2nbest/sl/ipc50 w10 s42:   6%|▋         | 19/300 [12:48<3:09:27, 40.45s/ep][A

tin/rn18/el2nbest/sl/ipc50 w10 s42:   7%|▋         | 20/300 [13:29<3:08:46, 40.45s/ep][A

tin/rn18/el2nbest/sl/ipc50 w10 s42:   7%|▋         | 21/300 [14:09<3:08:06, 40.45s/ep][A

tin/rn18/el2nbest/sl/ipc50 w10 s42:   7%|▋         | 22/300 [14:50<3:07:27, 40.46s/ep][A

tin/rn18/el2nbest/sl/ipc50 w10 s42:   8%|▊         | 23/300 [15:30<3:06:46, 40.46s/ep][A

tin/rn18/el2nbest/sl/ipc50 w10 s42:   8%|▊         | 24/300 [16:10<3:06:07, 40.46s/ep][A

tin/rn18/el2nbest/sl/ipc50 w10 s42:   8%|▊         | 25/300 [16:51<3:05:25, 40.46s/ep][A

tin/rn18/el2nbest/sl/ipc50 w10 s42:   9%|▊         | 26/300 [17:31<3:04:46, 40.46s/ep][A

tin/rn18/el2nbest/sl/ipc50 w10 s42:   9%|▉         | 27/300 [18:12<3:04:06, 40.46s/ep][A

tin/rn18/el2nbest/sl/ipc50 w10 s42:   9%|▉         | 28/300 [18:52<3:03:27, 40.47s/ep][A

tin/rn18/el2nbest/sl/ipc50 w10 s42:  10%|▉         | 29/300 [19:33<3:02:46, 40.47s/ep][A

tin/rn18/el2nbest/sl/ipc50 w10 s42:  10%|█         | 30/300 [20:13<3:02:05, 40.46s/ep][A

tin/rn18/el2nbest/sl/ipc50 w10 s42:  10%|█         | 31/300 [20:54<3:01:22, 40.46s/ep][A

tin/rn18/el2nbest/sl/ipc50 w10 s42:  11%|█         | 32/300 [21:34<3:00:43, 40.46s/ep][A

tin/rn18/el2nbest/sl/ipc50 w10 s42:  11%|█         | 33/300 [22:15<3:00:04, 40.47s/ep][A

tin/rn18/el2nbest/sl/ipc50 w10 s42:  11%|█▏        | 34/300 [22:55<2:59:22, 40.46s/ep][A

tin/rn18/el2nbest/sl/ipc50 w10 s42:  12%|█▏        | 35/300 [23:35<2:58:40, 40.45s/ep][A

tin/rn18/el2nbest/sl/ipc50 w10 s42:  12%|█▏        | 36/300 [24:16<2:58:00, 40.46s/ep][A

tin/rn18/el2nbest/sl/ipc50 w10 s42:  12%|█▏        | 37/300 [24:56<2:57:20, 40.46s/ep][A

tin/rn18/el2nbest/sl/ipc50 w10 s42:  13%|█▎        | 38/300 [25:37<2:56:39, 40.46s/ep][A

tin/rn18/el2nbest/sl/ipc50 w10 s42:  13%|█▎        | 39/300 [26:17<2:56:00, 40.46s/ep][A

tin/rn18/el2nbest/sl/ipc50 w10 s42:  13%|█▎        | 40/300 [26:58<2:55:21, 40.47s/ep][A

tin/rn18/el2nbest/sl/ipc50 w10 s42:  14%|█▎        | 41/300 [27:38<2:54:38, 40.46s/ep][A

tin/rn18/el2nbest/sl/ipc50 w10 s42:  14%|█▍        | 42/300 [28:19<2:53:58, 40.46s/ep][A

tin/rn18/el2nbest/sl/ipc50 w10 s42:  14%|█▍        | 43/300 [28:59<2:53:16, 40.45s/ep][A

tin/rn18/el2nbest/sl/ipc50 w10 s42:  15%|█▍        | 44/300 [29:40<2:52:37, 40.46s/ep][A

tin/rn18/el2nbest/sl/ipc50 w10 s42:  15%|█▌        | 45/300 [30:20<2:51:56, 40.46s/ep][A

tin/rn18/el2nbest/sl/ipc50 w10 s42:  15%|█▌        | 46/300 [31:01<2:51:17, 40.46s/ep][A

tin/rn18/el2nbest/sl/ipc50 w10 s42:  16%|█▌        | 47/300 [31:41<2:50:35, 40.46s/ep][A

tin/rn18/el2nbest/sl/ipc50 w10 s42:  16%|█▌        | 48/300 [32:21<2:49:55, 40.46s/ep][A

tin/rn18/el2nbest/sl/ipc50 w10 s42:  16%|█▋        | 49/300 [33:02<2:49:13, 40.45s/ep][A

tin/rn18/el2nbest/sl/ipc50 w10 s42:  17%|█▋        | 50/300 [33:42<2:48:33, 40.45s/ep][A

tin/rn18/el2nbest/sl/ipc50 w10 s42:  17%|█▋        | 51/300 [34:23<2:47:53, 40.45s/ep][A

tin/rn18/el2nbest/sl/ipc50 w10 s42:  17%|█▋        | 52/300 [35:03<2:47:13, 40.46s/ep][A

tin/rn18/el2nbest/sl/ipc50 w10 s42:  18%|█▊        | 53/300 [35:44<2:46:31, 40.45s/ep][A

tin/rn18/el2nbest/sl/ipc50 w10 s42:  18%|█▊        | 54/300 [36:24<2:45:50, 40.45s/ep][A

tin/rn18/el2nbest/sl/ipc50 w10 s42:  18%|█▊        | 55/300 [37:05<2:45:10, 40.45s/ep][A

tin/rn18/el2nbest/sl/ipc50 w10 s42:  19%|█▊        | 56/300 [37:45<2:44:28, 40.45s/ep][A

tin/rn18/el2nbest/sl/ipc50 w10 s42:  19%|█▉        | 57/300 [38:26<2:43:49, 40.45s/ep][A

tin/rn18/el2nbest/sl/ipc50 w10 s42:  19%|█▉        | 58/300 [39:06<2:43:09, 40.45s/ep][A

tin/rn18/el2nbest/sl/ipc50 w10 s42:  20%|█▉        | 59/300 [39:46<2:42:27, 40.45s/ep][A

tin/rn18/el2nbest/sl/ipc50 w10 s42:  20%|██        | 60/300 [40:27<2:41:47, 40.45s/ep][A

tin/rn18/el2nbest/sl/ipc50 w10 s42:  20%|██        | 61/300 [41:07<2:41:06, 40.45s/ep][A

tin/rn18/el2nbest/sl/ipc50 w10 s42:  21%|██        | 62/300 [41:48<2:40:25, 40.44s/ep][A

tin/rn18/el2nbest/sl/ipc50 w10 s42:  21%|██        | 63/300 [42:28<2:39:46, 40.45s/ep][A

tin/rn18/el2nbest/sl/ipc50 w10 s42:  21%|██▏       | 64/300 [43:09<2:39:05, 40.45s/ep][A

tin/rn18/el2nbest/sl/ipc50 w10 s42:  22%|██▏       | 65/300 [43:49<2:38:25, 40.45s/ep][A

tin/rn18/el2nbest/sl/ipc50 w10 s42:  22%|██▏       | 66/300 [44:30<2:37:45, 40.45s/ep][A

tin/rn18/el2nbest/sl/ipc50 w10 s42:  22%|██▏       | 67/300 [45:10<2:37:04, 40.45s/ep][A

tin/rn18/el2nbest/sl/ipc50 w10 s42:  23%|██▎       | 68/300 [45:50<2:36:24, 40.45s/ep][A

tin/rn18/el2nbest/sl/ipc50 w10 s42:  23%|██▎       | 69/300 [46:31<2:35:45, 40.45s/ep][A

tin/rn18/el2nbest/sl/ipc50 w10 s42:  23%|██▎       | 70/300 [47:11<2:35:04, 40.45s/ep][A

tin/rn18/el2nbest/sl/ipc50 w10 s42:  24%|██▎       | 71/300 [47:52<2:34:24, 40.46s/ep][A

tin/rn18/el2nbest/sl/ipc50 w10 s42:  24%|██▍       | 72/300 [48:32<2:33:44, 40.46s/ep][A

tin/rn18/el2nbest/sl/ipc50 w10 s42:  24%|██▍       | 73/300 [49:13<2:33:03, 40.46s/ep][A

tin/rn18/el2nbest/sl/ipc50 w10 s42:  25%|██▍       | 74/300 [49:53<2:32:23, 40.46s/ep][A

tin/rn18/el2nbest/sl/ipc50 w10 s42:  25%|██▌       | 75/300 [50:34<2:31:42, 40.46s/ep][A

tin/rn18/el2nbest/sl/ipc50 w10 s42:  25%|██▌       | 76/300 [51:14<2:31:02, 40.46s/ep][A

tin/rn18/el2nbest/sl/ipc50 w10 s42:  26%|██▌       | 77/300 [51:55<2:30:21, 40.46s/ep][A

tin/rn18/el2nbest/sl/ipc50 w10 s42:  26%|██▌       | 78/300 [52:35<2:29:40, 40.45s/ep][A

tin/rn18/el2nbest/sl/ipc50 w10 s42:  26%|██▋       | 79/300 [53:15<2:29:00, 40.46s/ep][A

tin/rn18/el2nbest/sl/ipc50 w10 s42:  27%|██▋       | 80/300 [53:56<2:28:19, 40.45s/ep][A

tin/rn18/el2nbest/sl/ipc50 w10 s42:  27%|██▋       | 81/300 [54:36<2:27:39, 40.46s/ep][A

tin/rn18/el2nbest/sl/ipc50 w10 s42:  27%|██▋       | 82/300 [55:17<2:26:58, 40.45s/ep][A

tin/rn18/el2nbest/sl/ipc50 w10 s42:  28%|██▊       | 83/300 [55:57<2:26:17, 40.45s/ep][A

tin/rn18/el2nbest/sl/ipc50 w10 s42:  28%|██▊       | 84/300 [56:38<2:25:37, 40.45s/ep][A

tin/rn18/el2nbest/sl/ipc50 w10 s42:  28%|██▊       | 85/300 [57:18<2:24:56, 40.45s/ep][A

tin/rn18/el2nbest/sl/ipc50 w10 s42:  29%|██▊       | 86/300 [57:59<2:24:14, 40.44s/ep][A

tin/rn18/el2nbest/sl/ipc50 w10 s42:  29%|██▉       | 87/300 [58:39<2:23:35, 40.45s/ep][A

tin/rn18/el2nbest/sl/ipc50 w10 s42:  29%|██▉       | 88/300 [59:20<2:22:55, 40.45s/ep][A

tin/rn18/el2nbest/sl/ipc50 w10 s42:  30%|██▉       | 89/300 [1:00:00<2:22:14, 40.45s/ep][A

tin/rn18/el2nbest/sl/ipc50 w10 s42:  30%|███       | 90/300 [1:00:40<2:21:34, 40.45s/ep][A

tin/rn18/el2nbest/sl/ipc50 w10 s42:  30%|███       | 91/300 [1:01:21<2:20:53, 40.45s/ep][A

tin/rn18/el2nbest/sl/ipc50 w10 s42:  31%|███       | 92/300 [1:02:01<2:20:13, 40.45s/ep][A

tin/rn18/el2nbest/sl/ipc50 w10 s42:  31%|███       | 93/300 [1:02:42<2:19:31, 40.44s/ep][A

tin/rn18/el2nbest/sl/ipc50 w10 s42:  31%|███▏      | 94/300 [1:03:22<2:18:51, 40.44s/ep][A

tin/rn18/el2nbest/sl/ipc50 w10 s42:  32%|███▏      | 95/300 [1:04:03<2:18:10, 40.44s/ep][A

tin/rn18/el2nbest/sl/ipc50 w10 s42:  32%|███▏      | 96/300 [1:04:43<2:17:30, 40.44s/ep][A

tin/rn18/el2nbest/sl/ipc50 w10 s42:  32%|███▏      | 97/300 [1:05:24<2:16:50, 40.45s/ep][A

tin/rn18/el2nbest/sl/ipc50 w10 s42:  33%|███▎      | 98/300 [1:06:04<2:16:11, 40.45s/ep][A

tin/rn18/el2nbest/sl/ipc50 w10 s42:  33%|███▎      | 99/300 [1:06:44<2:15:32, 40.46s/ep][A

tin/rn18/el2nbest/sl/ipc50 w10 s42:  33%|███▎      | 100/300 [1:07:25<2:14:50, 40.45s/ep][A

tin/rn18/el2nbest/sl/ipc50 w10 s42:  34%|███▎      | 101/300 [1:08:05<2:14:10, 40.46s/ep][A

tin/rn18/el2nbest/sl/ipc50 w10 s42:  34%|███▍      | 102/300 [1:08:46<2:13:30, 40.46s/ep][A

tin/rn18/el2nbest/sl/ipc50 w10 s42:  34%|███▍      | 103/300 [1:09:26<2:12:49, 40.46s/ep][A

tin/rn18/el2nbest/sl/ipc50 w10 s42:  35%|███▍      | 104/300 [1:10:07<2:12:10, 40.46s/ep][A

tin/rn18/el2nbest/sl/ipc50 w10 s42:  35%|███▌      | 105/300 [1:10:47<2:11:28, 40.45s/ep][A

tin/rn18/el2nbest/sl/ipc50 w10 s42:  35%|███▌      | 106/300 [1:11:28<2:10:48, 40.45s/ep][A

tin/rn18/el2nbest/sl/ipc50 w10 s42:  36%|███▌      | 107/300 [1:12:08<2:10:07, 40.45s/ep][A

tin/rn18/el2nbest/sl/ipc50 w10 s42:  36%|███▌      | 108/300 [1:12:49<2:09:26, 40.45s/ep][A

tin/rn18/el2nbest/sl/ipc50 w10 s42:  36%|███▋      | 109/300 [1:13:29<2:08:44, 40.44s/ep][A

tin/rn18/el2nbest/sl/ipc50 w10 s42:  37%|███▋      | 110/300 [1:14:09<2:08:05, 40.45s/ep][A

tin/rn18/el2nbest/sl/ipc50 w10 s42:  37%|███▋      | 111/300 [1:14:50<2:07:23, 40.44s/ep][A

tin/rn18/el2nbest/sl/ipc50 w10 s42:  37%|███▋      | 112/300 [1:15:30<2:06:44, 40.45s/ep][A

tin/rn18/el2nbest/sl/ipc50 w10 s42:  38%|███▊      | 113/300 [1:16:11<2:06:04, 40.45s/ep][A

tin/rn18/el2nbest/sl/ipc50 w10 s42:  38%|███▊      | 114/300 [1:16:51<2:05:24, 40.46s/ep][A

tin/rn18/el2nbest/sl/ipc50 w10 s42:  38%|███▊      | 115/300 [1:17:32<2:04:45, 40.46s/ep][A

tin/rn18/el2nbest/sl/ipc50 w10 s42:  39%|███▊      | 116/300 [1:18:12<2:04:04, 40.46s/ep][A

tin/rn18/el2nbest/sl/ipc50 w10 s42:  39%|███▉      | 117/300 [1:18:53<2:03:23, 40.46s/ep][A

tin/rn18/el2nbest/sl/ipc50 w10 s42:  39%|███▉      | 118/300 [1:19:33<2:02:43, 40.46s/ep][A

tin/rn18/el2nbest/sl/ipc50 w10 s42:  40%|███▉      | 119/300 [1:20:14<2:02:02, 40.46s/ep][A

tin/rn18/el2nbest/sl/ipc50 w10 s42:  40%|████      | 120/300 [1:20:54<2:01:23, 40.46s/ep][A

tin/rn18/el2nbest/sl/ipc50 w10 s42:  40%|████      | 121/300 [1:21:34<2:00:42, 40.46s/ep][A

tin/rn18/el2nbest/sl/ipc50 w10 s42:  41%|████      | 122/300 [1:22:15<2:00:01, 40.46s/ep][A

tin/rn18/el2nbest/sl/ipc50 w10 s42:  41%|████      | 123/300 [1:22:55<1:59:19, 40.45s/ep][A

tin/rn18/el2nbest/sl/ipc50 w10 s42:  41%|████▏     | 124/300 [1:23:36<1:58:38, 40.45s/ep][A

tin/rn18/el2nbest/sl/ipc50 w10 s42:  42%|████▏     | 125/300 [1:24:16<1:57:58, 40.45s/ep][A

tin/rn18/el2nbest/sl/ipc50 w10 s42:  42%|████▏     | 126/300 [1:24:57<1:57:18, 40.45s/ep][A

tin/rn18/el2nbest/sl/ipc50 w10 s42:  42%|████▏     | 127/300 [1:25:37<1:56:37, 40.45s/ep][A

tin/rn18/el2nbest/sl/ipc50 w10 s42:  43%|████▎     | 128/300 [1:26:18<1:55:57, 40.45s/ep][A

tin/rn18/el2nbest/sl/ipc50 w10 s42:  43%|████▎     | 129/300 [1:26:58<1:55:16, 40.45s/ep][A

tin/rn18/el2nbest/sl/ipc50 w10 s42:  43%|████▎     | 130/300 [1:27:39<1:54:36, 40.45s/ep][A

tin/rn18/el2nbest/sl/ipc50 w10 s42:  44%|████▎     | 131/300 [1:28:19<1:53:56, 40.45s/ep][A

tin/rn18/el2nbest/sl/ipc50 w10 s42:  44%|████▍     | 132/300 [1:28:59<1:53:16, 40.46s/ep][A

tin/rn18/el2nbest/sl/ipc50 w10 s42:  44%|████▍     | 133/300 [1:29:40<1:52:35, 40.45s/ep][A

tin/rn18/el2nbest/sl/ipc50 w10 s42:  45%|████▍     | 134/300 [1:30:20<1:51:56, 40.46s/ep][A

tin/rn18/el2nbest/sl/ipc50 w10 s42:  45%|████▌     | 135/300 [1:31:01<1:51:17, 40.47s/ep][A

tin/rn18/el2nbest/sl/ipc50 w10 s42:  45%|████▌     | 136/300 [1:31:41<1:50:35, 40.46s/ep][A

tin/rn18/el2nbest/sl/ipc50 w10 s42:  46%|████▌     | 137/300 [1:32:22<1:49:55, 40.46s/ep][A

tin/rn18/el2nbest/sl/ipc50 w10 s42:  46%|████▌     | 138/300 [1:33:02<1:49:15, 40.46s/ep][A

tin/rn18/el2nbest/sl/ipc50 w10 s42:  46%|████▋     | 139/300 [1:33:43<1:48:34, 40.46s/ep][A

tin/rn18/el2nbest/sl/ipc50 w10 s42:  47%|████▋     | 140/300 [1:34:23<1:47:52, 40.45s/ep][A

tin/rn18/el2nbest/sl/ipc50 w10 s42:  47%|████▋     | 141/300 [1:35:04<1:47:12, 40.46s/ep][A

tin/rn18/el2nbest/sl/ipc50 w10 s42:  47%|████▋     | 142/300 [1:35:44<1:46:31, 40.46s/ep][A

tin/rn18/el2nbest/sl/ipc50 w10 s42:  48%|████▊     | 143/300 [1:36:24<1:45:51, 40.46s/ep][A

tin/rn18/el2nbest/sl/ipc50 w10 s42:  48%|████▊     | 144/300 [1:37:05<1:45:11, 40.46s/ep][A

tin/rn18/el2nbest/sl/ipc50 w10 s42:  48%|████▊     | 145/300 [1:37:45<1:44:30, 40.46s/ep][A

tin/rn18/el2nbest/sl/ipc50 w10 s42:  49%|████▊     | 146/300 [1:38:26<1:43:50, 40.46s/ep][A

tin/rn18/el2nbest/sl/ipc50 w10 s42:  49%|████▉     | 147/300 [1:39:06<1:43:09, 40.45s/ep][A

tin/rn18/el2nbest/sl/ipc50 w10 s42:  49%|████▉     | 148/300 [1:39:47<1:42:28, 40.45s/ep][A

tin/rn18/el2nbest/sl/ipc50 w10 s42:  50%|████▉     | 149/300 [1:40:27<1:41:48, 40.45s/ep][A

tin/rn18/el2nbest/sl/ipc50 w10 s42:  50%|█████     | 150/300 [1:41:08<1:41:07, 40.45s/ep][A

tin/rn18/el2nbest/sl/ipc50 w10 s42:  50%|█████     | 151/300 [1:41:48<1:40:27, 40.45s/ep][A

tin/rn18/el2nbest/sl/ipc50 w10 s42:  51%|█████     | 152/300 [1:42:29<1:39:46, 40.45s/ep][A

tin/rn18/el2nbest/sl/ipc50 w10 s42:  51%|█████     | 153/300 [1:43:09<1:39:06, 40.45s/ep][A

tin/rn18/el2nbest/sl/ipc50 w10 s42:  51%|█████▏    | 154/300 [1:43:49<1:38:25, 40.45s/ep][A

tin/rn18/el2nbest/sl/ipc50 w10 s42:  52%|█████▏    | 155/300 [1:44:30<1:37:45, 40.45s/ep][A

tin/rn18/el2nbest/sl/ipc50 w10 s42:  52%|█████▏    | 156/300 [1:45:10<1:37:04, 40.45s/ep][A

tin/rn18/el2nbest/sl/ipc50 w10 s42:  52%|█████▏    | 157/300 [1:45:51<1:36:24, 40.45s/ep][A

tin/rn18/el2nbest/sl/ipc50 w10 s42:  53%|█████▎    | 158/300 [1:46:31<1:35:42, 40.44s/ep][A

tin/rn18/el2nbest/sl/ipc50 w10 s42:  53%|█████▎    | 159/300 [1:47:12<1:35:04, 40.46s/ep][A

tin/rn18/el2nbest/sl/ipc50 w10 s42:  53%|█████▎    | 160/300 [1:47:52<1:34:23, 40.45s/ep][A

tin/rn18/el2nbest/sl/ipc50 w10 s42:  54%|█████▎    | 161/300 [1:48:33<1:33:43, 40.46s/ep][A

tin/rn18/el2nbest/sl/ipc50 w10 s42:  54%|█████▍    | 162/300 [1:49:13<1:33:02, 40.46s/ep][A

tin/rn18/el2nbest/sl/ipc50 w10 s42:  54%|█████▍    | 163/300 [1:49:54<1:32:22, 40.46s/ep][A

tin/rn18/el2nbest/sl/ipc50 w10 s42:  55%|█████▍    | 164/300 [1:50:34<1:31:41, 40.45s/ep][A

tin/rn18/el2nbest/sl/ipc50 w10 s42:  55%|█████▌    | 165/300 [1:51:14<1:31:01, 40.45s/ep][A

tin/rn18/el2nbest/sl/ipc50 w10 s42:  55%|█████▌    | 166/300 [1:51:55<1:30:20, 40.45s/ep][A

tin/rn18/el2nbest/sl/ipc50 w10 s42:  56%|█████▌    | 167/300 [1:52:35<1:29:39, 40.45s/ep][A

tin/rn18/el2nbest/sl/ipc50 w10 s42:  56%|█████▌    | 168/300 [1:53:16<1:28:59, 40.45s/ep][A

tin/rn18/el2nbest/sl/ipc50 w10 s42:  56%|█████▋    | 169/300 [1:53:56<1:28:19, 40.46s/ep][A

tin/rn18/el2nbest/sl/ipc50 w10 s42:  57%|█████▋    | 170/300 [1:54:37<1:27:39, 40.46s/ep][A

tin/rn18/el2nbest/sl/ipc50 w10 s42:  57%|█████▋    | 171/300 [1:55:17<1:26:58, 40.45s/ep][A

tin/rn18/el2nbest/sl/ipc50 w10 s42:  57%|█████▋    | 172/300 [1:55:58<1:26:18, 40.46s/ep][A

tin/rn18/el2nbest/sl/ipc50 w10 s42:  58%|█████▊    | 173/300 [1:56:38<1:25:37, 40.45s/ep][A

tin/rn18/el2nbest/sl/ipc50 w10 s42:  58%|█████▊    | 174/300 [1:57:19<1:24:56, 40.45s/ep][A

tin/rn18/el2nbest/sl/ipc50 w10 s42:  58%|█████▊    | 175/300 [1:57:59<1:24:16, 40.45s/ep][A

tin/rn18/el2nbest/sl/ipc50 w10 s42:  59%|█████▊    | 176/300 [1:58:39<1:23:36, 40.46s/ep][A

tin/rn18/el2nbest/sl/ipc50 w10 s42:  59%|█████▉    | 177/300 [1:59:20<1:22:55, 40.45s/ep][A

tin/rn18/el2nbest/sl/ipc50 w10 s42:  59%|█████▉    | 178/300 [2:00:00<1:22:14, 40.45s/ep][A

tin/rn18/el2nbest/sl/ipc50 w10 s42:  60%|█████▉    | 179/300 [2:00:41<1:21:34, 40.45s/ep][A

tin/rn18/el2nbest/sl/ipc50 w10 s42:  60%|██████    | 180/300 [2:01:21<1:20:53, 40.45s/ep][A

tin/rn18/el2nbest/sl/ipc50 w10 s42:  60%|██████    | 181/300 [2:02:02<1:20:12, 40.44s/ep][A

tin/rn18/el2nbest/sl/ipc50 w10 s42:  61%|██████    | 182/300 [2:02:42<1:19:32, 40.45s/ep][A

tin/rn18/el2nbest/sl/ipc50 w10 s42:  61%|██████    | 183/300 [2:03:23<1:18:52, 40.45s/ep][A

tin/rn18/el2nbest/sl/ipc50 w10 s42:  61%|██████▏   | 184/300 [2:04:03<1:18:12, 40.45s/ep][A

tin/rn18/el2nbest/sl/ipc50 w10 s42:  62%|██████▏   | 185/300 [2:04:43<1:17:32, 40.46s/ep][A

tin/rn18/el2nbest/sl/ipc50 w10 s42:  62%|██████▏   | 186/300 [2:05:24<1:16:51, 40.45s/ep][A

tin/rn18/el2nbest/sl/ipc50 w10 s42:  62%|██████▏   | 187/300 [2:06:04<1:16:10, 40.45s/ep][A

tin/rn18/el2nbest/sl/ipc50 w10 s42:  63%|██████▎   | 188/300 [2:06:45<1:15:29, 40.44s/ep][A

tin/rn18/el2nbest/sl/ipc50 w10 s42:  63%|██████▎   | 189/300 [2:07:25<1:14:49, 40.45s/ep][A

tin/rn18/el2nbest/sl/ipc50 w10 s42:  63%|██████▎   | 190/300 [2:08:06<1:14:09, 40.45s/ep][A

tin/rn18/el2nbest/sl/ipc50 w10 s42:  64%|██████▎   | 191/300 [2:08:46<1:13:28, 40.45s/ep][A

tin/rn18/el2nbest/sl/ipc50 w10 s42:  64%|██████▍   | 192/300 [2:09:27<1:12:48, 40.45s/ep][A

tin/rn18/el2nbest/sl/ipc50 w10 s42:  64%|██████▍   | 193/300 [2:10:07<1:12:08, 40.45s/ep][A

tin/rn18/el2nbest/sl/ipc50 w10 s42:  65%|██████▍   | 194/300 [2:10:48<1:11:28, 40.46s/ep][A

tin/rn18/el2nbest/sl/ipc50 w10 s42:  65%|██████▌   | 195/300 [2:11:28<1:10:47, 40.46s/ep][A

tin/rn18/el2nbest/sl/ipc50 w10 s42:  65%|██████▌   | 196/300 [2:12:08<1:10:07, 40.46s/ep][A

tin/rn18/el2nbest/sl/ipc50 w10 s42:  66%|██████▌   | 197/300 [2:12:49<1:09:26, 40.45s/ep][A

tin/rn18/el2nbest/sl/ipc50 w10 s42:  66%|██████▌   | 198/300 [2:13:29<1:08:46, 40.45s/ep][A

tin/rn18/el2nbest/sl/ipc50 w10 s42:  66%|██████▋   | 199/300 [2:14:10<1:08:05, 40.45s/ep][A

tin/rn18/el2nbest/sl/ipc50 w10 s42:  67%|██████▋   | 200/300 [2:14:50<1:07:24, 40.45s/ep][A

tin/rn18/el2nbest/sl/ipc50 w10 s42:  67%|██████▋   | 201/300 [2:15:31<1:06:44, 40.45s/ep][A

tin/rn18/el2nbest/sl/ipc50 w10 s42:  67%|██████▋   | 202/300 [2:16:11<1:06:04, 40.45s/ep][A

tin/rn18/el2nbest/sl/ipc50 w10 s42:  68%|██████▊   | 203/300 [2:16:52<1:05:24, 40.46s/ep][A

tin/rn18/el2nbest/sl/ipc50 w10 s42:  68%|██████▊   | 204/300 [2:17:32<1:04:43, 40.45s/ep][A

tin/rn18/el2nbest/sl/ipc50 w10 s42:  68%|██████▊   | 205/300 [2:18:13<1:04:03, 40.46s/ep][A

tin/rn18/el2nbest/sl/ipc50 w10 s42:  69%|██████▊   | 206/300 [2:18:53<1:03:22, 40.45s/ep][A

tin/rn18/el2nbest/sl/ipc50 w10 s42:  69%|██████▉   | 207/300 [2:19:33<1:02:42, 40.45s/ep][A

tin/rn18/el2nbest/sl/ipc50 w10 s42:  69%|██████▉   | 208/300 [2:20:14<1:02:01, 40.46s/ep][A

tin/rn18/el2nbest/sl/ipc50 w10 s42:  70%|██████▉   | 209/300 [2:20:54<1:01:21, 40.46s/ep][A

tin/rn18/el2nbest/sl/ipc50 w10 s42:  70%|███████   | 210/300 [2:21:35<1:00:41, 40.46s/ep][A

tin/rn18/el2nbest/sl/ipc50 w10 s42:  70%|███████   | 211/300 [2:22:15<1:00:00, 40.46s/ep][A

tin/rn18/el2nbest/sl/ipc50 w10 s42:  71%|███████   | 212/300 [2:22:56<59:20, 40.46s/ep]  [A

tin/rn18/el2nbest/sl/ipc50 w10 s42:  71%|███████   | 213/300 [2:23:36<58:39, 40.46s/ep][A

tin/rn18/el2nbest/sl/ipc50 w10 s42:  71%|███████▏  | 214/300 [2:24:17<57:59, 40.45s/ep][A

tin/rn18/el2nbest/sl/ipc50 w10 s42:  72%|███████▏  | 215/300 [2:24:57<57:18, 40.46s/ep][A

tin/rn18/el2nbest/sl/ipc50 w10 s42:  72%|███████▏  | 216/300 [2:25:38<56:37, 40.45s/ep][A

tin/rn18/el2nbest/sl/ipc50 w10 s42:  72%|███████▏  | 217/300 [2:26:18<55:57, 40.45s/ep][A

tin/rn18/el2nbest/sl/ipc50 w10 s42:  73%|███████▎  | 218/300 [2:26:58<55:16, 40.45s/ep][A

tin/rn18/el2nbest/sl/ipc50 w10 s42:  73%|███████▎  | 219/300 [2:27:39<54:36, 40.45s/ep][A

tin/rn18/el2nbest/sl/ipc50 w10 s42:  73%|███████▎  | 220/300 [2:28:19<53:56, 40.45s/ep][A

tin/rn18/el2nbest/sl/ipc50 w10 s42:  74%|███████▎  | 221/300 [2:29:00<53:15, 40.45s/ep][A

tin/rn18/el2nbest/sl/ipc50 w10 s42:  74%|███████▍  | 222/300 [2:29:40<52:35, 40.45s/ep][A

tin/rn18/el2nbest/sl/ipc50 w10 s42:  74%|███████▍  | 223/300 [2:30:21<51:54, 40.45s/ep][A

tin/rn18/el2nbest/sl/ipc50 w10 s42:  75%|███████▍  | 224/300 [2:31:01<51:13, 40.45s/ep][A

tin/rn18/el2nbest/sl/ipc50 w10 s42:  75%|███████▌  | 225/300 [2:31:42<50:33, 40.45s/ep][A

tin/rn18/el2nbest/sl/ipc50 w10 s42:  75%|███████▌  | 226/300 [2:32:22<49:53, 40.45s/ep][A

tin/rn18/el2nbest/sl/ipc50 w10 s42:  76%|███████▌  | 227/300 [2:33:03<49:13, 40.47s/ep][A

tin/rn18/el2nbest/sl/ipc50 w10 s42:  76%|███████▌  | 228/300 [2:33:43<48:33, 40.47s/ep][A

tin/rn18/el2nbest/sl/ipc50 w10 s42:  76%|███████▋  | 229/300 [2:34:23<47:52, 40.46s/ep][A

tin/rn18/el2nbest/sl/ipc50 w10 s42:  77%|███████▋  | 230/300 [2:35:04<47:12, 40.46s/ep][A

tin/rn18/el2nbest/sl/ipc50 w10 s42:  77%|███████▋  | 231/300 [2:35:44<46:31, 40.46s/ep][A

tin/rn18/el2nbest/sl/ipc50 w10 s42:  77%|███████▋  | 232/300 [2:36:25<45:51, 40.46s/ep][A

tin/rn18/el2nbest/sl/ipc50 w10 s42:  78%|███████▊  | 233/300 [2:37:05<45:10, 40.46s/ep][A

tin/rn18/el2nbest/sl/ipc50 w10 s42:  78%|███████▊  | 234/300 [2:37:46<44:30, 40.46s/ep][A

tin/rn18/el2nbest/sl/ipc50 w10 s42:  78%|███████▊  | 235/300 [2:38:26<43:49, 40.46s/ep][A

tin/rn18/el2nbest/sl/ipc50 w10 s42:  79%|███████▊  | 236/300 [2:39:07<43:09, 40.46s/ep][A

tin/rn18/el2nbest/sl/ipc50 w10 s42:  79%|███████▉  | 237/300 [2:39:47<42:28, 40.45s/ep][A

tin/rn18/el2nbest/sl/ipc50 w10 s42:  79%|███████▉  | 238/300 [2:40:28<41:47, 40.45s/ep][A

tin/rn18/el2nbest/sl/ipc50 w10 s42:  80%|███████▉  | 239/300 [2:41:08<41:07, 40.45s/ep][A

tin/rn18/el2nbest/sl/ipc50 w10 s42:  80%|████████  | 240/300 [2:41:48<40:26, 40.45s/ep][A

tin/rn18/el2nbest/sl/ipc50 w10 s42:  80%|████████  | 241/300 [2:42:29<39:46, 40.45s/ep][A

tin/rn18/el2nbest/sl/ipc50 w10 s42:  81%|████████  | 242/300 [2:43:09<39:05, 40.45s/ep][A

tin/rn18/el2nbest/sl/ipc50 w10 s42:  81%|████████  | 243/300 [2:43:50<38:25, 40.45s/ep][A

tin/rn18/el2nbest/sl/ipc50 w10 s42:  81%|████████▏ | 244/300 [2:44:30<37:45, 40.46s/ep][A

tin/rn18/el2nbest/sl/ipc50 w10 s42:  82%|████████▏ | 245/300 [2:45:11<37:04, 40.45s/ep][A

tin/rn18/el2nbest/sl/ipc50 w10 s42:  82%|████████▏ | 246/300 [2:45:51<36:24, 40.45s/ep][A

tin/rn18/el2nbest/sl/ipc50 w10 s42:  82%|████████▏ | 247/300 [2:46:32<35:44, 40.46s/ep][A

tin/rn18/el2nbest/sl/ipc50 w10 s42:  83%|████████▎ | 248/300 [2:47:12<35:04, 40.47s/ep][A

tin/rn18/el2nbest/sl/ipc50 w10 s42:  83%|████████▎ | 249/300 [2:47:53<34:23, 40.47s/ep][A

tin/rn18/el2nbest/sl/ipc50 w10 s42:  83%|████████▎ | 250/300 [2:48:33<33:43, 40.46s/ep][A

tin/rn18/el2nbest/sl/ipc50 w10 s42:  84%|████████▎ | 251/300 [2:49:14<33:02, 40.46s/ep][A

tin/rn18/el2nbest/sl/ipc50 w10 s42:  84%|████████▍ | 252/300 [2:49:54<32:21, 40.46s/ep][A

tin/rn18/el2nbest/sl/ipc50 w10 s42:  84%|████████▍ | 253/300 [2:50:34<31:41, 40.46s/ep][A

tin/rn18/el2nbest/sl/ipc50 w10 s42:  85%|████████▍ | 254/300 [2:51:15<31:00, 40.46s/ep][A

tin/rn18/el2nbest/sl/ipc50 w10 s42:  85%|████████▌ | 255/300 [2:51:55<30:20, 40.46s/ep][A

tin/rn18/el2nbest/sl/ipc50 w10 s42:  85%|████████▌ | 256/300 [2:52:36<29:40, 40.46s/ep][A

tin/rn18/el2nbest/sl/ipc50 w10 s42:  86%|████████▌ | 257/300 [2:53:16<28:59, 40.46s/ep][A

tin/rn18/el2nbest/sl/ipc50 w10 s42:  86%|████████▌ | 258/300 [2:53:57<28:19, 40.46s/ep][A

tin/rn18/el2nbest/sl/ipc50 w10 s42:  86%|████████▋ | 259/300 [2:54:37<27:38, 40.46s/ep][A

tin/rn18/el2nbest/sl/ipc50 w10 s42:  87%|████████▋ | 260/300 [2:55:18<26:58, 40.46s/ep][A

tin/rn18/el2nbest/sl/ipc50 w10 s42:  87%|████████▋ | 261/300 [2:55:58<26:18, 40.46s/ep][A

tin/rn18/el2nbest/sl/ipc50 w10 s42:  87%|████████▋ | 262/300 [2:56:39<25:37, 40.46s/ep][A

tin/rn18/el2nbest/sl/ipc50 w10 s42:  88%|████████▊ | 263/300 [2:57:19<24:57, 40.46s/ep][A

tin/rn18/el2nbest/sl/ipc50 w10 s42:  88%|████████▊ | 264/300 [2:57:59<24:16, 40.46s/ep][A

tin/rn18/el2nbest/sl/ipc50 w10 s42:  88%|████████▊ | 265/300 [2:58:40<23:35, 40.45s/ep][A

tin/rn18/el2nbest/sl/ipc50 w10 s42:  89%|████████▊ | 266/300 [2:59:20<22:55, 40.46s/ep][A

tin/rn18/el2nbest/sl/ipc50 w10 s42:  89%|████████▉ | 267/300 [3:00:01<22:15, 40.46s/ep][A

tin/rn18/el2nbest/sl/ipc50 w10 s42:  89%|████████▉ | 268/300 [3:00:41<21:34, 40.46s/ep][A

tin/rn18/el2nbest/sl/ipc50 w10 s42:  90%|████████▉ | 269/300 [3:01:22<20:54, 40.46s/ep][A

tin/rn18/el2nbest/sl/ipc50 w10 s42:  90%|█████████ | 270/300 [3:02:02<20:13, 40.45s/ep][A

tin/rn18/el2nbest/sl/ipc50 w10 s42:  90%|█████████ | 271/300 [3:02:43<19:33, 40.46s/ep][A

tin/rn18/el2nbest/sl/ipc50 w10 s42:  91%|█████████ | 272/300 [3:03:23<18:52, 40.46s/ep][A

tin/rn18/el2nbest/sl/ipc50 w10 s42:  91%|█████████ | 273/300 [3:04:04<18:12, 40.46s/ep][A

tin/rn18/el2nbest/sl/ipc50 w10 s42:  91%|█████████▏| 274/300 [3:04:44<17:31, 40.46s/ep][A

tin/rn18/el2nbest/sl/ipc50 w10 s42:  92%|█████████▏| 275/300 [3:05:24<16:51, 40.45s/ep][A

tin/rn18/el2nbest/sl/ipc50 w10 s42:  92%|█████████▏| 276/300 [3:06:05<16:10, 40.46s/ep][A

tin/rn18/el2nbest/sl/ipc50 w10 s42:  92%|█████████▏| 277/300 [3:06:45<15:30, 40.45s/ep][A

tin/rn18/el2nbest/sl/ipc50 w10 s42:  93%|█████████▎| 278/300 [3:07:26<14:49, 40.45s/ep][A

tin/rn18/el2nbest/sl/ipc50 w10 s42:  93%|█████████▎| 279/300 [3:08:06<14:09, 40.45s/ep][A

tin/rn18/el2nbest/sl/ipc50 w10 s42:  93%|█████████▎| 280/300 [3:08:47<13:29, 40.45s/ep][A

tin/rn18/el2nbest/sl/ipc50 w10 s42:  94%|█████████▎| 281/300 [3:09:27<12:48, 40.45s/ep][A

tin/rn18/el2nbest/sl/ipc50 w10 s42:  94%|█████████▍| 282/300 [3:10:08<12:08, 40.46s/ep][A

tin/rn18/el2nbest/sl/ipc50 w10 s42:  94%|█████████▍| 283/300 [3:10:48<11:27, 40.46s/ep][A

tin/rn18/el2nbest/sl/ipc50 w10 s42:  95%|█████████▍| 284/300 [3:11:29<10:47, 40.46s/ep][A

tin/rn18/el2nbest/sl/ipc50 w10 s42:  95%|█████████▌| 285/300 [3:12:09<10:06, 40.46s/ep][A

tin/rn18/el2nbest/sl/ipc50 w10 s42:  95%|█████████▌| 286/300 [3:12:50<09:26, 40.46s/ep][A

tin/rn18/el2nbest/sl/ipc50 w10 s42:  96%|█████████▌| 287/300 [3:13:30<08:45, 40.46s/ep][A

tin/rn18/el2nbest/sl/ipc50 w10 s42:  96%|█████████▌| 288/300 [3:14:10<08:05, 40.46s/ep][A

tin/rn18/el2nbest/sl/ipc50 w10 s42:  96%|█████████▋| 289/300 [3:14:51<07:25, 40.46s/ep][A

tin/rn18/el2nbest/sl/ipc50 w10 s42:  97%|█████████▋| 290/300 [3:15:31<06:44, 40.46s/ep][A

tin/rn18/el2nbest/sl/ipc50 w10 s42:  97%|█████████▋| 291/300 [3:16:12<06:04, 40.46s/ep][A

tin/rn18/el2nbest/sl/ipc50 w10 s42:  97%|█████████▋| 292/300 [3:16:52<05:23, 40.46s/ep][A

tin/rn18/el2nbest/sl/ipc50 w10 s42:  98%|█████████▊| 293/300 [3:17:33<04:43, 40.46s/ep][A

tin/rn18/el2nbest/sl/ipc50 w10 s42:  98%|█████████▊| 294/300 [3:18:13<04:02, 40.46s/ep][A

tin/rn18/el2nbest/sl/ipc50 w10 s42:  98%|█████████▊| 295/300 [3:18:54<03:22, 40.45s/ep][A

tin/rn18/el2nbest/sl/ipc50 w10 s42:  99%|█████████▊| 296/300 [3:19:34<02:41, 40.46s/ep][A

tin/rn18/el2nbest/sl/ipc50 w10 s42:  99%|█████████▉| 297/300 [3:20:15<02:01, 40.45s/ep][A

tin/rn18/el2nbest/sl/ipc50 w10 s42:  99%|█████████▉| 298/300 [3:20:55<01:20, 40.45s/ep][A

tin/rn18/el2nbest/sl/ipc50 w10 s42: 100%|█████████▉| 299/300 [3:21:35<00:40, 40.45s/ep][A

tin/rn18/el2nbest/sl/ipc50 w10 s42: 100%|██████████| 300/300 [3:22:16<00:00, 40.46s/ep][A

                                                                                       [A[cell] tin/rn18/el2nbest/sl/ipc50 window 10%: 25.04%  (12149s)


tin/rn18/el2nbest/sl/ipc50 w20 s42:   0%|          | 0/300 [00:00<?, ?ep/s][A

tin/rn18/el2nbest/sl/ipc50 w20 s42:   0%|          | 1/300 [00:40<3:21:41, 40.47s/ep][A

tin/rn18/el2nbest/sl/ipc50 w20 s42:   1%|          | 2/300 [01:20<3:20:58, 40.47s/ep][A

tin/rn18/el2nbest/sl/ipc50 w20 s42:   1%|          | 3/300 [02:01<3:20:14, 40.45s/ep][A

tin/rn18/el2nbest/sl/ipc50 w20 s42:   1%|▏         | 4/300 [02:41<3:19:36, 40.46s/ep][A

tin/rn18/el2nbest/sl/ipc50 w20 s42:   2%|▏         | 5/300 [03:22<3:18:54, 40.46s/ep][A

tin/rn18/el2nbest/sl/ipc50 w20 s42:   2%|▏         | 6/300 [04:02<3:18:12, 40.45s/ep][A

tin/rn18/el2nbest/sl/ipc50 w20 s42:   2%|▏         | 7/300 [04:43<3:17:33, 40.46s/ep][A

tin/rn18/el2nbest/sl/ipc50 w20 s42:   3%|▎         | 8/300 [05:23<3:16:51, 40.45s/ep][A

tin/rn18/el2nbest/sl/ipc50 w20 s42:   3%|▎         | 9/300 [06:04<3:16:10, 40.45s/ep][A

tin/rn18/el2nbest/sl/ipc50 w20 s42:   3%|▎         | 10/300 [06:44<3:15:29, 40.45s/ep][A

tin/rn18/el2nbest/sl/ipc50 w20 s42:   4%|▎         | 11/300 [07:24<3:14:51, 40.45s/ep][A

tin/rn18/el2nbest/sl/ipc50 w20 s42:   4%|▍         | 12/300 [08:05<3:14:12, 40.46s/ep][A

tin/rn18/el2nbest/sl/ipc50 w20 s42:   4%|▍         | 13/300 [08:45<3:13:31, 40.46s/ep][A

tin/rn18/el2nbest/sl/ipc50 w20 s42:   5%|▍         | 14/300 [09:26<3:12:49, 40.45s/ep][A

tin/rn18/el2nbest/sl/ipc50 w20 s42:   5%|▌         | 15/300 [10:06<3:12:10, 40.46s/ep][A

tin/rn18/el2nbest/sl/ipc50 w20 s42:   5%|▌         | 16/300 [10:47<3:11:30, 40.46s/ep][A

tin/rn18/el2nbest/sl/ipc50 w20 s42:   6%|▌         | 17/300 [11:27<3:10:50, 40.46s/ep][A

tin/rn18/el2nbest/sl/ipc50 w20 s42:   6%|▌         | 18/300 [12:08<3:10:09, 40.46s/ep][A

tin/rn18/el2nbest/sl/ipc50 w20 s42:   6%|▋         | 19/300 [12:48<3:09:28, 40.46s/ep][A

tin/rn18/el2nbest/sl/ipc50 w20 s42:   7%|▋         | 20/300 [13:29<3:08:47, 40.45s/ep][A

tin/rn18/el2nbest/sl/ipc50 w20 s42:   7%|▋         | 21/300 [14:09<3:08:07, 40.46s/ep][A

tin/rn18/el2nbest/sl/ipc50 w20 s42:   7%|▋         | 22/300 [14:50<3:07:27, 40.46s/ep][A

tin/rn18/el2nbest/sl/ipc50 w20 s42:   8%|▊         | 23/300 [15:30<3:06:46, 40.46s/ep][A

tin/rn18/el2nbest/sl/ipc50 w20 s42:   8%|▊         | 24/300 [16:10<3:06:07, 40.46s/ep][A

tin/rn18/el2nbest/sl/ipc50 w20 s42:   8%|▊         | 25/300 [16:51<3:05:25, 40.46s/ep][A

tin/rn18/el2nbest/sl/ipc50 w20 s42:   9%|▊         | 26/300 [17:31<3:04:45, 40.46s/ep][A

tin/rn18/el2nbest/sl/ipc50 w20 s42:   9%|▉         | 27/300 [18:12<3:04:06, 40.46s/ep][A

tin/rn18/el2nbest/sl/ipc50 w20 s42:   9%|▉         | 28/300 [18:52<3:03:27, 40.47s/ep][A

tin/rn18/el2nbest/sl/ipc50 w20 s42:  10%|▉         | 29/300 [19:33<3:02:47, 40.47s/ep][A

tin/rn18/el2nbest/sl/ipc50 w20 s42:  10%|█         | 30/300 [20:13<3:02:04, 40.46s/ep][A

tin/rn18/el2nbest/sl/ipc50 w20 s42:  10%|█         | 31/300 [20:54<3:01:22, 40.45s/ep][A

tin/rn18/el2nbest/sl/ipc50 w20 s42:  11%|█         | 32/300 [21:34<3:00:42, 40.46s/ep][A

tin/rn18/el2nbest/sl/ipc50 w20 s42:  11%|█         | 33/300 [22:15<3:00:03, 40.46s/ep][A

tin/rn18/el2nbest/sl/ipc50 w20 s42:  11%|█▏        | 34/300 [22:55<2:59:22, 40.46s/ep][A

tin/rn18/el2nbest/sl/ipc50 w20 s42:  12%|█▏        | 35/300 [23:36<2:58:39, 40.45s/ep][A

tin/rn18/el2nbest/sl/ipc50 w20 s42:  12%|█▏        | 36/300 [24:16<2:57:59, 40.45s/ep][A

tin/rn18/el2nbest/sl/ipc50 w20 s42:  12%|█▏        | 37/300 [24:56<2:57:19, 40.46s/ep][A

tin/rn18/el2nbest/sl/ipc50 w20 s42:  13%|█▎        | 38/300 [25:37<2:56:39, 40.46s/ep][A

tin/rn18/el2nbest/sl/ipc50 w20 s42:  13%|█▎        | 39/300 [26:17<2:55:59, 40.46s/ep][A

tin/rn18/el2nbest/sl/ipc50 w20 s42:  13%|█▎        | 40/300 [26:58<2:55:21, 40.47s/ep][A

tin/rn18/el2nbest/sl/ipc50 w20 s42:  14%|█▎        | 41/300 [27:38<2:54:38, 40.46s/ep][A

tin/rn18/el2nbest/sl/ipc50 w20 s42:  14%|█▍        | 42/300 [28:19<2:53:58, 40.46s/ep][A

tin/rn18/el2nbest/sl/ipc50 w20 s42:  14%|█▍        | 43/300 [28:59<2:53:16, 40.45s/ep][A

tin/rn18/el2nbest/sl/ipc50 w20 s42:  15%|█▍        | 44/300 [29:40<2:52:37, 40.46s/ep][A

tin/rn18/el2nbest/sl/ipc50 w20 s42:  15%|█▌        | 45/300 [30:20<2:51:57, 40.46s/ep][A

tin/rn18/el2nbest/sl/ipc50 w20 s42:  15%|█▌        | 46/300 [31:01<2:51:17, 40.46s/ep][A

tin/rn18/el2nbest/sl/ipc50 w20 s42:  16%|█▌        | 47/300 [31:41<2:50:35, 40.46s/ep][A

tin/rn18/el2nbest/sl/ipc50 w20 s42:  16%|█▌        | 48/300 [32:21<2:49:54, 40.45s/ep][A

tin/rn18/el2nbest/sl/ipc50 w20 s42:  16%|█▋        | 49/300 [33:02<2:49:13, 40.45s/ep][A

tin/rn18/el2nbest/sl/ipc50 w20 s42:  17%|█▋        | 50/300 [33:42<2:48:33, 40.46s/ep][A

tin/rn18/el2nbest/sl/ipc50 w20 s42:  17%|█▋        | 51/300 [34:23<2:47:52, 40.45s/ep][A

tin/rn18/el2nbest/sl/ipc50 w20 s42:  17%|█▋        | 52/300 [35:03<2:47:14, 40.46s/ep][A

tin/rn18/el2nbest/sl/ipc50 w20 s42:  18%|█▊        | 53/300 [35:44<2:46:32, 40.46s/ep][A

tin/rn18/el2nbest/sl/ipc50 w20 s42:  18%|█▊        | 54/300 [36:24<2:45:50, 40.45s/ep][A

tin/rn18/el2nbest/sl/ipc50 w20 s42:  18%|█▊        | 55/300 [37:05<2:45:10, 40.45s/ep][A

tin/rn18/el2nbest/sl/ipc50 w20 s42:  19%|█▊        | 56/300 [37:45<2:44:29, 40.45s/ep][A

tin/rn18/el2nbest/sl/ipc50 w20 s42:  19%|█▉        | 57/300 [38:26<2:43:49, 40.45s/ep][A

tin/rn18/el2nbest/sl/ipc50 w20 s42:  19%|█▉        | 58/300 [39:06<2:43:09, 40.45s/ep][A

tin/rn18/el2nbest/sl/ipc50 w20 s42:  20%|█▉        | 59/300 [39:46<2:42:27, 40.45s/ep][A

tin/rn18/el2nbest/sl/ipc50 w20 s42:  20%|██        | 60/300 [40:27<2:41:49, 40.45s/ep][A

tin/rn18/el2nbest/sl/ipc50 w20 s42:  20%|██        | 61/300 [41:07<2:41:07, 40.45s/ep][A

tin/rn18/el2nbest/sl/ipc50 w20 s42:  21%|██        | 62/300 [41:48<2:40:25, 40.44s/ep][A

tin/rn18/el2nbest/sl/ipc50 w20 s42:  21%|██        | 63/300 [42:28<2:39:46, 40.45s/ep][A

tin/rn18/el2nbest/sl/ipc50 w20 s42:  21%|██▏       | 64/300 [43:09<2:39:05, 40.45s/ep][A

tin/rn18/el2nbest/sl/ipc50 w20 s42:  22%|██▏       | 65/300 [43:49<2:38:26, 40.45s/ep][A

tin/rn18/el2nbest/sl/ipc50 w20 s42:  22%|██▏       | 66/300 [44:30<2:37:45, 40.45s/ep][A

tin/rn18/el2nbest/sl/ipc50 w20 s42:  22%|██▏       | 67/300 [45:10<2:37:05, 40.45s/ep][A

tin/rn18/el2nbest/sl/ipc50 w20 s42:  23%|██▎       | 68/300 [45:50<2:36:24, 40.45s/ep][A

tin/rn18/el2nbest/sl/ipc50 w20 s42:  23%|██▎       | 69/300 [46:31<2:35:44, 40.45s/ep][A

tin/rn18/el2nbest/sl/ipc50 w20 s42:  23%|██▎       | 70/300 [47:11<2:35:05, 40.46s/ep][A

tin/rn18/el2nbest/sl/ipc50 w20 s42:  24%|██▎       | 71/300 [47:52<2:34:24, 40.46s/ep][A

tin/rn18/el2nbest/sl/ipc50 w20 s42:  24%|██▍       | 72/300 [48:32<2:33:43, 40.45s/ep][A

tin/rn18/el2nbest/sl/ipc50 w20 s42:  24%|██▍       | 73/300 [49:13<2:33:02, 40.45s/ep][A

tin/rn18/el2nbest/sl/ipc50 w20 s42:  25%|██▍       | 74/300 [49:53<2:32:22, 40.45s/ep][A

tin/rn18/el2nbest/sl/ipc50 w20 s42:  25%|██▌       | 75/300 [50:34<2:31:41, 40.45s/ep][A

tin/rn18/el2nbest/sl/ipc50 w20 s42:  25%|██▌       | 76/300 [51:14<2:31:02, 40.46s/ep][A

tin/rn18/el2nbest/sl/ipc50 w20 s42:  26%|██▌       | 77/300 [51:55<2:30:21, 40.45s/ep][A

tin/rn18/el2nbest/sl/ipc50 w20 s42:  26%|██▌       | 78/300 [52:35<2:29:40, 40.45s/ep][A

tin/rn18/el2nbest/sl/ipc50 w20 s42:  26%|██▋       | 79/300 [53:15<2:28:59, 40.45s/ep][A

tin/rn18/el2nbest/sl/ipc50 w20 s42:  27%|██▋       | 80/300 [53:56<2:28:18, 40.45s/ep][A

tin/rn18/el2nbest/sl/ipc50 w20 s42:  27%|██▋       | 81/300 [54:36<2:27:39, 40.46s/ep][A

tin/rn18/el2nbest/sl/ipc50 w20 s42:  27%|██▋       | 82/300 [55:17<2:26:58, 40.45s/ep][A

tin/rn18/el2nbest/sl/ipc50 w20 s42:  28%|██▊       | 83/300 [55:57<2:26:17, 40.45s/ep][A

tin/rn18/el2nbest/sl/ipc50 w20 s42:  28%|██▊       | 84/300 [56:38<2:25:37, 40.45s/ep][A

tin/rn18/el2nbest/sl/ipc50 w20 s42:  28%|██▊       | 85/300 [57:18<2:24:56, 40.45s/ep][A

tin/rn18/el2nbest/sl/ipc50 w20 s42:  29%|██▊       | 86/300 [57:59<2:24:14, 40.44s/ep][A

tin/rn18/el2nbest/sl/ipc50 w20 s42:  29%|██▉       | 87/300 [58:39<2:23:35, 40.45s/ep][A

tin/rn18/el2nbest/sl/ipc50 w20 s42:  29%|██▉       | 88/300 [59:20<2:22:54, 40.45s/ep][A

tin/rn18/el2nbest/sl/ipc50 w20 s42:  30%|██▉       | 89/300 [1:00:00<2:22:14, 40.45s/ep][A

tin/rn18/el2nbest/sl/ipc50 w20 s42:  30%|███       | 90/300 [1:00:40<2:21:35, 40.45s/ep][A

tin/rn18/el2nbest/sl/ipc50 w20 s42:  30%|███       | 91/300 [1:01:21<2:20:53, 40.45s/ep][A

tin/rn18/el2nbest/sl/ipc50 w20 s42:  31%|███       | 92/300 [1:02:01<2:20:12, 40.45s/ep][A

tin/rn18/el2nbest/sl/ipc50 w20 s42:  31%|███       | 93/300 [1:02:42<2:19:32, 40.45s/ep][A

tin/rn18/el2nbest/sl/ipc50 w20 s42:  31%|███▏      | 94/300 [1:03:22<2:18:51, 40.44s/ep][A

tin/rn18/el2nbest/sl/ipc50 w20 s42:  32%|███▏      | 95/300 [1:04:03<2:18:10, 40.44s/ep][A

tin/rn18/el2nbest/sl/ipc50 w20 s42:  32%|███▏      | 96/300 [1:04:43<2:17:31, 40.45s/ep][A

tin/rn18/el2nbest/sl/ipc50 w20 s42:  32%|███▏      | 97/300 [1:05:24<2:16:51, 40.45s/ep][A

tin/rn18/el2nbest/sl/ipc50 w20 s42:  33%|███▎      | 98/300 [1:06:04<2:16:12, 40.46s/ep][A

tin/rn18/el2nbest/sl/ipc50 w20 s42:  33%|███▎      | 99/300 [1:06:45<2:15:32, 40.46s/ep][A

tin/rn18/el2nbest/sl/ipc50 w20 s42:  33%|███▎      | 100/300 [1:07:25<2:14:51, 40.46s/ep][A

tin/rn18/el2nbest/sl/ipc50 w20 s42:  34%|███▎      | 101/300 [1:08:05<2:14:10, 40.45s/ep][A

tin/rn18/el2nbest/sl/ipc50 w20 s42:  34%|███▍      | 102/300 [1:08:46<2:13:29, 40.45s/ep][A

tin/rn18/el2nbest/sl/ipc50 w20 s42:  34%|███▍      | 103/300 [1:09:26<2:12:49, 40.46s/ep][A

tin/rn18/el2nbest/sl/ipc50 w20 s42:  35%|███▍      | 104/300 [1:10:07<2:12:12, 40.47s/ep][A

tin/rn18/el2nbest/sl/ipc50 w20 s42:  35%|███▌      | 105/300 [1:10:47<2:11:31, 40.47s/ep][A

tin/rn18/el2nbest/sl/ipc50 w20 s42:  35%|███▌      | 106/300 [1:11:28<2:10:49, 40.46s/ep][A

tin/rn18/el2nbest/sl/ipc50 w20 s42:  36%|███▌      | 107/300 [1:12:08<2:10:08, 40.46s/ep][A

tin/rn18/el2nbest/sl/ipc50 w20 s42:  36%|███▌      | 108/300 [1:12:49<2:09:27, 40.46s/ep][A

tin/rn18/el2nbest/sl/ipc50 w20 s42:  36%|███▋      | 109/300 [1:13:29<2:08:45, 40.45s/ep][A

tin/rn18/el2nbest/sl/ipc50 w20 s42:  37%|███▋      | 110/300 [1:14:10<2:08:05, 40.45s/ep][A

tin/rn18/el2nbest/sl/ipc50 w20 s42:  37%|███▋      | 111/300 [1:14:50<2:07:24, 40.44s/ep][A

tin/rn18/el2nbest/sl/ipc50 w20 s42:  37%|███▋      | 112/300 [1:15:30<2:06:44, 40.45s/ep][A

tin/rn18/el2nbest/sl/ipc50 w20 s42:  38%|███▊      | 113/300 [1:16:11<2:06:04, 40.45s/ep][A

tin/rn18/el2nbest/sl/ipc50 w20 s42:  38%|███▊      | 114/300 [1:16:51<2:05:24, 40.46s/ep][A

tin/rn18/el2nbest/sl/ipc50 w20 s42:  38%|███▊      | 115/300 [1:17:32<2:04:45, 40.46s/ep][A

tin/rn18/el2nbest/sl/ipc50 w20 s42:  39%|███▊      | 116/300 [1:18:12<2:04:03, 40.46s/ep][A

tin/rn18/el2nbest/sl/ipc50 w20 s42:  39%|███▉      | 117/300 [1:18:53<2:03:23, 40.46s/ep][A

tin/rn18/el2nbest/sl/ipc50 w20 s42:  39%|███▉      | 118/300 [1:19:33<2:02:43, 40.46s/ep][A

tin/rn18/el2nbest/sl/ipc50 w20 s42:  40%|███▉      | 119/300 [1:20:14<2:02:02, 40.46s/ep][A

tin/rn18/el2nbest/sl/ipc50 w20 s42:  40%|████      | 120/300 [1:20:54<2:01:23, 40.46s/ep][A

tin/rn18/el2nbest/sl/ipc50 w20 s42:  40%|████      | 121/300 [1:21:35<2:00:42, 40.46s/ep][A

tin/rn18/el2nbest/sl/ipc50 w20 s42:  41%|████      | 122/300 [1:22:15<2:00:01, 40.46s/ep][A

tin/rn18/el2nbest/sl/ipc50 w20 s42:  41%|████      | 123/300 [1:22:55<1:59:20, 40.45s/ep][A

tin/rn18/el2nbest/sl/ipc50 w20 s42:  41%|████▏     | 124/300 [1:23:36<1:58:39, 40.45s/ep][A

tin/rn18/el2nbest/sl/ipc50 w20 s42:  42%|████▏     | 125/300 [1:24:16<1:57:59, 40.45s/ep][A

tin/rn18/el2nbest/sl/ipc50 w20 s42:  42%|████▏     | 126/300 [1:24:57<1:57:18, 40.45s/ep][A

tin/rn18/el2nbest/sl/ipc50 w20 s42:  42%|████▏     | 127/300 [1:25:37<1:56:37, 40.45s/ep][A

tin/rn18/el2nbest/sl/ipc50 w20 s42:  43%|████▎     | 128/300 [1:26:18<1:55:57, 40.45s/ep][A

tin/rn18/el2nbest/sl/ipc50 w20 s42:  43%|████▎     | 129/300 [1:26:58<1:55:16, 40.45s/ep][A

tin/rn18/el2nbest/sl/ipc50 w20 s42:  43%|████▎     | 130/300 [1:27:39<1:54:36, 40.45s/ep][A

tin/rn18/el2nbest/sl/ipc50 w20 s42:  44%|████▎     | 131/300 [1:28:19<1:53:55, 40.45s/ep][A

tin/rn18/el2nbest/sl/ipc50 w20 s42:  44%|████▍     | 132/300 [1:28:59<1:53:15, 40.45s/ep][A

tin/rn18/el2nbest/sl/ipc50 w20 s42:  44%|████▍     | 133/300 [1:29:40<1:52:35, 40.45s/ep][A

tin/rn18/el2nbest/sl/ipc50 w20 s42:  45%|████▍     | 134/300 [1:30:20<1:51:55, 40.46s/ep][A

tin/rn18/el2nbest/sl/ipc50 w20 s42:  45%|████▌     | 135/300 [1:31:01<1:51:16, 40.47s/ep][A

tin/rn18/el2nbest/sl/ipc50 w20 s42:  45%|████▌     | 136/300 [1:31:41<1:50:35, 40.46s/ep][A

tin/rn18/el2nbest/sl/ipc50 w20 s42:  46%|████▌     | 137/300 [1:32:22<1:49:54, 40.46s/ep][A

tin/rn18/el2nbest/sl/ipc50 w20 s42:  46%|████▌     | 138/300 [1:33:02<1:49:14, 40.46s/ep][A

tin/rn18/el2nbest/sl/ipc50 w20 s42:  46%|████▋     | 139/300 [1:33:43<1:48:33, 40.46s/ep][A

tin/rn18/el2nbest/sl/ipc50 w20 s42:  47%|████▋     | 140/300 [1:34:23<1:47:52, 40.45s/ep][A

tin/rn18/el2nbest/sl/ipc50 w20 s42:  47%|████▋     | 141/300 [1:35:04<1:47:12, 40.45s/ep][A

tin/rn18/el2nbest/sl/ipc50 w20 s42:  47%|████▋     | 142/300 [1:35:44<1:46:31, 40.45s/ep][A

tin/rn18/el2nbest/sl/ipc50 w20 s42:  48%|████▊     | 143/300 [1:36:25<1:45:51, 40.46s/ep][A

tin/rn18/el2nbest/sl/ipc50 w20 s42:  48%|████▊     | 144/300 [1:37:05<1:45:10, 40.45s/ep][A

tin/rn18/el2nbest/sl/ipc50 w20 s42:  48%|████▊     | 145/300 [1:37:45<1:44:30, 40.46s/ep][A

tin/rn18/el2nbest/sl/ipc50 w20 s42:  49%|████▊     | 146/300 [1:38:26<1:43:51, 40.46s/ep][A

tin/rn18/el2nbest/sl/ipc50 w20 s42:  49%|████▉     | 147/300 [1:39:06<1:43:10, 40.46s/ep][A

tin/rn18/el2nbest/sl/ipc50 w20 s42:  49%|████▉     | 148/300 [1:39:47<1:42:29, 40.46s/ep][A

tin/rn18/el2nbest/sl/ipc50 w20 s42:  50%|████▉     | 149/300 [1:40:27<1:41:48, 40.45s/ep][A

tin/rn18/el2nbest/sl/ipc50 w20 s42:  50%|█████     | 150/300 [1:41:08<1:41:08, 40.45s/ep][A

tin/rn18/el2nbest/sl/ipc50 w20 s42:  50%|█████     | 151/300 [1:41:48<1:40:28, 40.46s/ep][A

tin/rn18/el2nbest/sl/ipc50 w20 s42:  51%|█████     | 152/300 [1:42:29<1:39:47, 40.45s/ep][A

tin/rn18/el2nbest/sl/ipc50 w20 s42:  51%|█████     | 153/300 [1:43:09<1:39:06, 40.45s/ep][A

tin/rn18/el2nbest/sl/ipc50 w20 s42:  51%|█████▏    | 154/300 [1:43:50<1:38:25, 40.45s/ep][A

tin/rn18/el2nbest/sl/ipc50 w20 s42:  52%|█████▏    | 155/300 [1:44:30<1:37:45, 40.45s/ep][A

tin/rn18/el2nbest/sl/ipc50 w20 s42:  52%|█████▏    | 156/300 [1:45:10<1:37:04, 40.45s/ep][A

tin/rn18/el2nbest/sl/ipc50 w20 s42:  52%|█████▏    | 157/300 [1:45:51<1:36:24, 40.45s/ep][A

tin/rn18/el2nbest/sl/ipc50 w20 s42:  53%|█████▎    | 158/300 [1:46:31<1:35:43, 40.45s/ep][A

tin/rn18/el2nbest/sl/ipc50 w20 s42:  53%|█████▎    | 159/300 [1:47:12<1:35:04, 40.46s/ep][A

tin/rn18/el2nbest/sl/ipc50 w20 s42:  53%|█████▎    | 160/300 [1:47:52<1:34:23, 40.46s/ep][A

tin/rn18/el2nbest/sl/ipc50 w20 s42:  54%|█████▎    | 161/300 [1:48:33<1:33:44, 40.46s/ep][A

tin/rn18/el2nbest/sl/ipc50 w20 s42:  54%|█████▍    | 162/300 [1:49:13<1:33:03, 40.46s/ep][A

tin/rn18/el2nbest/sl/ipc50 w20 s42:  54%|█████▍    | 163/300 [1:49:54<1:32:23, 40.46s/ep][A

tin/rn18/el2nbest/sl/ipc50 w20 s42:  55%|█████▍    | 164/300 [1:50:34<1:31:41, 40.45s/ep][A

tin/rn18/el2nbest/sl/ipc50 w20 s42:  55%|█████▌    | 165/300 [1:51:15<1:31:01, 40.46s/ep][A

tin/rn18/el2nbest/sl/ipc50 w20 s42:  55%|█████▌    | 166/300 [1:51:55<1:30:21, 40.46s/ep][A

tin/rn18/el2nbest/sl/ipc50 w20 s42:  56%|█████▌    | 167/300 [1:52:35<1:29:39, 40.45s/ep][A

tin/rn18/el2nbest/sl/ipc50 w20 s42:  56%|█████▌    | 168/300 [1:53:16<1:29:00, 40.45s/ep][A

tin/rn18/el2nbest/sl/ipc50 w20 s42:  56%|█████▋    | 169/300 [1:53:56<1:28:20, 40.46s/ep][A

tin/rn18/el2nbest/sl/ipc50 w20 s42:  57%|█████▋    | 170/300 [1:54:37<1:27:39, 40.46s/ep][A

tin/rn18/el2nbest/sl/ipc50 w20 s42:  57%|█████▋    | 171/300 [1:55:17<1:26:59, 40.46s/ep][A

tin/rn18/el2nbest/sl/ipc50 w20 s42:  57%|█████▋    | 172/300 [1:55:58<1:26:18, 40.46s/ep][A

tin/rn18/el2nbest/sl/ipc50 w20 s42:  58%|█████▊    | 173/300 [1:56:38<1:25:37, 40.46s/ep][A

tin/rn18/el2nbest/sl/ipc50 w20 s42:  58%|█████▊    | 174/300 [1:57:19<1:24:57, 40.45s/ep][A

tin/rn18/el2nbest/sl/ipc50 w20 s42:  58%|█████▊    | 175/300 [1:57:59<1:24:17, 40.46s/ep][A

tin/rn18/el2nbest/sl/ipc50 w20 s42:  59%|█████▊    | 176/300 [1:58:40<1:23:36, 40.46s/ep][A

tin/rn18/el2nbest/sl/ipc50 w20 s42:  59%|█████▉    | 177/300 [1:59:20<1:22:55, 40.45s/ep][A

tin/rn18/el2nbest/sl/ipc50 w20 s42:  59%|█████▉    | 178/300 [2:00:00<1:22:15, 40.45s/ep][A

tin/rn18/el2nbest/sl/ipc50 w20 s42:  60%|█████▉    | 179/300 [2:00:41<1:21:34, 40.45s/ep][A

tin/rn18/el2nbest/sl/ipc50 w20 s42:  60%|██████    | 180/300 [2:01:21<1:20:53, 40.45s/ep][A

tin/rn18/el2nbest/sl/ipc50 w20 s42:  60%|██████    | 181/300 [2:02:02<1:20:13, 40.45s/ep][A

tin/rn18/el2nbest/sl/ipc50 w20 s42:  61%|██████    | 182/300 [2:02:42<1:19:32, 40.45s/ep][A

tin/rn18/el2nbest/sl/ipc50 w20 s42:  61%|██████    | 183/300 [2:03:23<1:18:53, 40.46s/ep][A

tin/rn18/el2nbest/sl/ipc50 w20 s42:  61%|██████▏   | 184/300 [2:04:03<1:18:12, 40.45s/ep][A

tin/rn18/el2nbest/sl/ipc50 w20 s42:  62%|██████▏   | 185/300 [2:04:44<1:17:32, 40.46s/ep][A

tin/rn18/el2nbest/sl/ipc50 w20 s42:  62%|██████▏   | 186/300 [2:05:24<1:16:51, 40.45s/ep][A

tin/rn18/el2nbest/sl/ipc50 w20 s42:  62%|██████▏   | 187/300 [2:06:05<1:16:10, 40.45s/ep][A

tin/rn18/el2nbest/sl/ipc50 w20 s42:  63%|██████▎   | 188/300 [2:06:45<1:15:29, 40.44s/ep][A

tin/rn18/el2nbest/sl/ipc50 w20 s42:  63%|██████▎   | 189/300 [2:07:25<1:14:49, 40.45s/ep][A

tin/rn18/el2nbest/sl/ipc50 w20 s42:  63%|██████▎   | 190/300 [2:08:06<1:14:09, 40.45s/ep][A

tin/rn18/el2nbest/sl/ipc50 w20 s42:  64%|██████▎   | 191/300 [2:08:46<1:13:28, 40.45s/ep][A

tin/rn18/el2nbest/sl/ipc50 w20 s42:  64%|██████▍   | 192/300 [2:09:27<1:12:48, 40.45s/ep][A

tin/rn18/el2nbest/sl/ipc50 w20 s42:  64%|██████▍   | 193/300 [2:10:07<1:12:08, 40.45s/ep][A

tin/rn18/el2nbest/sl/ipc50 w20 s42:  65%|██████▍   | 194/300 [2:10:48<1:11:28, 40.46s/ep][A

tin/rn18/el2nbest/sl/ipc50 w20 s42:  65%|██████▌   | 195/300 [2:11:28<1:10:47, 40.45s/ep][A

tin/rn18/el2nbest/sl/ipc50 w20 s42:  65%|██████▌   | 196/300 [2:12:09<1:10:07, 40.45s/ep][A

tin/rn18/el2nbest/sl/ipc50 w20 s42:  66%|██████▌   | 197/300 [2:12:49<1:09:26, 40.45s/ep][A

tin/rn18/el2nbest/sl/ipc50 w20 s42:  66%|██████▌   | 198/300 [2:13:29<1:08:46, 40.45s/ep][A

tin/rn18/el2nbest/sl/ipc50 w20 s42:  66%|██████▋   | 199/300 [2:14:10<1:08:05, 40.46s/ep][A

tin/rn18/el2nbest/sl/ipc50 w20 s42:  67%|██████▋   | 200/300 [2:14:50<1:07:25, 40.45s/ep][A

tin/rn18/el2nbest/sl/ipc50 w20 s42:  67%|██████▋   | 201/300 [2:15:31<1:06:44, 40.45s/ep][A

tin/rn18/el2nbest/sl/ipc50 w20 s42:  67%|██████▋   | 202/300 [2:16:11<1:06:04, 40.45s/ep][A

tin/rn18/el2nbest/sl/ipc50 w20 s42:  68%|██████▊   | 203/300 [2:16:52<1:05:24, 40.46s/ep][A

tin/rn18/el2nbest/sl/ipc50 w20 s42:  68%|██████▊   | 204/300 [2:17:32<1:04:43, 40.45s/ep][A

tin/rn18/el2nbest/sl/ipc50 w20 s42:  68%|██████▊   | 205/300 [2:18:13<1:04:03, 40.46s/ep][A

tin/rn18/el2nbest/sl/ipc50 w20 s42:  69%|██████▊   | 206/300 [2:18:53<1:03:22, 40.45s/ep][A

tin/rn18/el2nbest/sl/ipc50 w20 s42:  69%|██████▉   | 207/300 [2:19:34<1:02:42, 40.46s/ep][A

tin/rn18/el2nbest/sl/ipc50 w20 s42:  69%|██████▉   | 208/300 [2:20:14<1:02:02, 40.46s/ep][A

tin/rn18/el2nbest/sl/ipc50 w20 s42:  70%|██████▉   | 209/300 [2:20:54<1:01:21, 40.46s/ep][A

tin/rn18/el2nbest/sl/ipc50 w20 s42:  70%|███████   | 210/300 [2:21:35<1:00:41, 40.46s/ep][A

tin/rn18/el2nbest/sl/ipc50 w20 s42:  70%|███████   | 211/300 [2:22:15<1:00:00, 40.46s/ep][A

tin/rn18/el2nbest/sl/ipc50 w20 s42:  71%|███████   | 212/300 [2:22:56<59:20, 40.46s/ep]  [A

tin/rn18/el2nbest/sl/ipc50 w20 s42:  71%|███████   | 213/300 [2:23:36<58:39, 40.46s/ep][A

tin/rn18/el2nbest/sl/ipc50 w20 s42:  71%|███████▏  | 214/300 [2:24:17<57:58, 40.45s/ep][A

tin/rn18/el2nbest/sl/ipc50 w20 s42:  72%|███████▏  | 215/300 [2:24:57<57:18, 40.45s/ep][A

tin/rn18/el2nbest/sl/ipc50 w20 s42:  72%|███████▏  | 216/300 [2:25:38<56:37, 40.45s/ep][A

tin/rn18/el2nbest/sl/ipc50 w20 s42:  72%|███████▏  | 217/300 [2:26:18<55:57, 40.45s/ep][A

tin/rn18/el2nbest/sl/ipc50 w20 s42:  73%|███████▎  | 218/300 [2:26:59<55:16, 40.45s/ep][A

tin/rn18/el2nbest/sl/ipc50 w20 s42:  73%|███████▎  | 219/300 [2:27:39<54:36, 40.45s/ep][A

tin/rn18/el2nbest/sl/ipc50 w20 s42:  73%|███████▎  | 220/300 [2:28:19<53:56, 40.45s/ep][A

tin/rn18/el2nbest/sl/ipc50 w20 s42:  74%|███████▎  | 221/300 [2:29:00<53:15, 40.45s/ep][A

tin/rn18/el2nbest/sl/ipc50 w20 s42:  74%|███████▍  | 222/300 [2:29:40<52:35, 40.45s/ep][A

tin/rn18/el2nbest/sl/ipc50 w20 s42:  74%|███████▍  | 223/300 [2:30:21<51:54, 40.44s/ep][A

tin/rn18/el2nbest/sl/ipc50 w20 s42:  75%|███████▍  | 224/300 [2:31:01<51:13, 40.45s/ep][A

tin/rn18/el2nbest/sl/ipc50 w20 s42:  75%|███████▌  | 225/300 [2:31:42<50:33, 40.45s/ep][A

tin/rn18/el2nbest/sl/ipc50 w20 s42:  75%|███████▌  | 226/300 [2:32:22<49:53, 40.45s/ep][A

tin/rn18/el2nbest/sl/ipc50 w20 s42:  76%|███████▌  | 227/300 [2:33:03<49:13, 40.47s/ep][A

tin/rn18/el2nbest/sl/ipc50 w20 s42:  76%|███████▌  | 228/300 [2:33:43<48:33, 40.47s/ep][A

tin/rn18/el2nbest/sl/ipc50 w20 s42:  76%|███████▋  | 229/300 [2:34:24<47:52, 40.46s/ep][A

tin/rn18/el2nbest/sl/ipc50 w20 s42:  77%|███████▋  | 230/300 [2:35:04<47:12, 40.47s/ep][A

tin/rn18/el2nbest/sl/ipc50 w20 s42:  77%|███████▋  | 231/300 [2:35:45<46:31, 40.46s/ep][A

tin/rn18/el2nbest/sl/ipc50 w20 s42:  77%|███████▋  | 232/300 [2:36:25<45:51, 40.46s/ep][A

tin/rn18/el2nbest/sl/ipc50 w20 s42:  78%|███████▊  | 233/300 [2:37:05<45:10, 40.46s/ep][A

tin/rn18/el2nbest/sl/ipc50 w20 s42:  78%|███████▊  | 234/300 [2:37:46<44:30, 40.46s/ep][A

tin/rn18/el2nbest/sl/ipc50 w20 s42:  78%|███████▊  | 235/300 [2:38:26<43:49, 40.46s/ep][A

tin/rn18/el2nbest/sl/ipc50 w20 s42:  79%|███████▊  | 236/300 [2:39:07<43:09, 40.46s/ep][A

tin/rn18/el2nbest/sl/ipc50 w20 s42:  79%|███████▉  | 237/300 [2:39:47<42:28, 40.46s/ep][A

tin/rn18/el2nbest/sl/ipc50 w20 s42:  79%|███████▉  | 238/300 [2:40:28<41:47, 40.45s/ep][A

tin/rn18/el2nbest/sl/ipc50 w20 s42:  80%|███████▉  | 239/300 [2:41:08<41:07, 40.45s/ep][A

tin/rn18/el2nbest/sl/ipc50 w20 s42:  80%|████████  | 240/300 [2:41:49<40:27, 40.45s/ep][A

tin/rn18/el2nbest/sl/ipc50 w20 s42:  80%|████████  | 241/300 [2:42:29<39:46, 40.45s/ep][A

tin/rn18/el2nbest/sl/ipc50 w20 s42:  81%|████████  | 242/300 [2:43:09<39:06, 40.45s/ep][A

tin/rn18/el2nbest/sl/ipc50 w20 s42:  81%|████████  | 243/300 [2:43:50<38:25, 40.45s/ep][A

tin/rn18/el2nbest/sl/ipc50 w20 s42:  81%|████████▏ | 244/300 [2:44:30<37:45, 40.45s/ep][A

tin/rn18/el2nbest/sl/ipc50 w20 s42:  82%|████████▏ | 245/300 [2:45:11<37:04, 40.45s/ep][A

tin/rn18/el2nbest/sl/ipc50 w20 s42:  82%|████████▏ | 246/300 [2:45:51<36:24, 40.45s/ep][A

tin/rn18/el2nbest/sl/ipc50 w20 s42:  82%|████████▏ | 247/300 [2:46:32<35:44, 40.46s/ep][A

tin/rn18/el2nbest/sl/ipc50 w20 s42:  83%|████████▎ | 248/300 [2:47:12<35:04, 40.47s/ep][A

tin/rn18/el2nbest/sl/ipc50 w20 s42:  83%|████████▎ | 249/300 [2:47:53<34:23, 40.47s/ep][A

tin/rn18/el2nbest/sl/ipc50 w20 s42:  83%|████████▎ | 250/300 [2:48:33<33:43, 40.46s/ep][A

tin/rn18/el2nbest/sl/ipc50 w20 s42:  84%|████████▎ | 251/300 [2:49:14<33:02, 40.46s/ep][A

tin/rn18/el2nbest/sl/ipc50 w20 s42:  84%|████████▍ | 252/300 [2:49:54<32:21, 40.46s/ep][A

tin/rn18/el2nbest/sl/ipc50 w20 s42:  84%|████████▍ | 253/300 [2:50:35<31:41, 40.45s/ep][A

tin/rn18/el2nbest/sl/ipc50 w20 s42:  85%|████████▍ | 254/300 [2:51:15<31:00, 40.45s/ep][A

tin/rn18/el2nbest/sl/ipc50 w20 s42:  85%|████████▌ | 255/300 [2:51:55<30:20, 40.45s/ep][A

tin/rn18/el2nbest/sl/ipc50 w20 s42:  85%|████████▌ | 256/300 [2:52:36<29:40, 40.46s/ep][A

tin/rn18/el2nbest/sl/ipc50 w20 s42:  86%|████████▌ | 257/300 [2:53:16<28:59, 40.46s/ep][A

tin/rn18/el2nbest/sl/ipc50 w20 s42:  86%|████████▌ | 258/300 [2:53:57<28:19, 40.46s/ep][A

tin/rn18/el2nbest/sl/ipc50 w20 s42:  86%|████████▋ | 259/300 [2:54:37<27:38, 40.46s/ep][A

tin/rn18/el2nbest/sl/ipc50 w20 s42:  87%|████████▋ | 260/300 [2:55:18<26:58, 40.46s/ep][A

tin/rn18/el2nbest/sl/ipc50 w20 s42:  87%|████████▋ | 261/300 [2:55:58<26:17, 40.46s/ep][A

tin/rn18/el2nbest/sl/ipc50 w20 s42:  87%|████████▋ | 262/300 [2:56:39<25:37, 40.46s/ep][A

tin/rn18/el2nbest/sl/ipc50 w20 s42:  88%|████████▊ | 263/300 [2:57:19<24:57, 40.46s/ep][A

tin/rn18/el2nbest/sl/ipc50 w20 s42:  88%|████████▊ | 264/300 [2:58:00<24:16, 40.47s/ep][A

tin/rn18/el2nbest/sl/ipc50 w20 s42:  88%|████████▊ | 265/300 [2:58:40<23:36, 40.46s/ep][A

tin/rn18/el2nbest/sl/ipc50 w20 s42:  89%|████████▊ | 266/300 [2:59:20<22:55, 40.46s/ep][A

tin/rn18/el2nbest/sl/ipc50 w20 s42:  89%|████████▉ | 267/300 [3:00:01<22:14, 40.45s/ep][A

tin/rn18/el2nbest/sl/ipc50 w20 s42:  89%|████████▉ | 268/300 [3:00:41<21:34, 40.46s/ep][A

tin/rn18/el2nbest/sl/ipc50 w20 s42:  90%|████████▉ | 269/300 [3:01:22<20:54, 40.46s/ep][A

tin/rn18/el2nbest/sl/ipc50 w20 s42:  90%|█████████ | 270/300 [3:02:02<20:13, 40.45s/ep][A

tin/rn18/el2nbest/sl/ipc50 w20 s42:  90%|█████████ | 271/300 [3:02:43<19:33, 40.46s/ep][A

tin/rn18/el2nbest/sl/ipc50 w20 s42:  91%|█████████ | 272/300 [3:03:23<18:52, 40.45s/ep][A

tin/rn18/el2nbest/sl/ipc50 w20 s42:  91%|█████████ | 273/300 [3:04:04<18:12, 40.46s/ep][A

tin/rn18/el2nbest/sl/ipc50 w20 s42:  91%|█████████▏| 274/300 [3:04:44<17:31, 40.46s/ep][A

tin/rn18/el2nbest/sl/ipc50 w20 s42:  92%|█████████▏| 275/300 [3:05:25<16:51, 40.46s/ep][A

tin/rn18/el2nbest/sl/ipc50 w20 s42:  92%|█████████▏| 276/300 [3:06:05<16:10, 40.46s/ep][A

tin/rn18/el2nbest/sl/ipc50 w20 s42:  92%|█████████▏| 277/300 [3:06:46<15:30, 40.46s/ep][A

tin/rn18/el2nbest/sl/ipc50 w20 s42:  93%|█████████▎| 278/300 [3:07:26<14:50, 40.45s/ep][A

tin/rn18/el2nbest/sl/ipc50 w20 s42:  93%|█████████▎| 279/300 [3:08:06<14:09, 40.45s/ep][A

tin/rn18/el2nbest/sl/ipc50 w20 s42:  93%|█████████▎| 280/300 [3:08:47<13:29, 40.46s/ep][A

tin/rn18/el2nbest/sl/ipc50 w20 s42:  94%|█████████▎| 281/300 [3:09:27<12:48, 40.45s/ep][A

tin/rn18/el2nbest/sl/ipc50 w20 s42:  94%|█████████▍| 282/300 [3:10:08<12:08, 40.46s/ep][A

tin/rn18/el2nbest/sl/ipc50 w20 s42:  94%|█████████▍| 283/300 [3:10:48<11:27, 40.46s/ep][A

tin/rn18/el2nbest/sl/ipc50 w20 s42:  95%|█████████▍| 284/300 [3:11:29<10:47, 40.46s/ep][A

tin/rn18/el2nbest/sl/ipc50 w20 s42:  95%|█████████▌| 285/300 [3:12:09<10:06, 40.46s/ep][A

tin/rn18/el2nbest/sl/ipc50 w20 s42:  95%|█████████▌| 286/300 [3:12:50<09:26, 40.47s/ep][A

tin/rn18/el2nbest/sl/ipc50 w20 s42:  96%|█████████▌| 287/300 [3:13:30<08:46, 40.46s/ep][A

tin/rn18/el2nbest/sl/ipc50 w20 s42:  96%|█████████▌| 288/300 [3:14:11<08:05, 40.46s/ep][A

tin/rn18/el2nbest/sl/ipc50 w20 s42:  96%|█████████▋| 289/300 [3:14:51<07:25, 40.46s/ep][A

tin/rn18/el2nbest/sl/ipc50 w20 s42:  97%|█████████▋| 290/300 [3:15:31<06:44, 40.46s/ep][A

tin/rn18/el2nbest/sl/ipc50 w20 s42:  97%|█████████▋| 291/300 [3:16:12<06:04, 40.46s/ep][A

tin/rn18/el2nbest/sl/ipc50 w20 s42:  97%|█████████▋| 292/300 [3:16:52<05:23, 40.46s/ep][A

tin/rn18/el2nbest/sl/ipc50 w20 s42:  98%|█████████▊| 293/300 [3:17:33<04:43, 40.46s/ep][A

tin/rn18/el2nbest/sl/ipc50 w20 s42:  98%|█████████▊| 294/300 [3:18:13<04:02, 40.46s/ep][A

tin/rn18/el2nbest/sl/ipc50 w20 s42:  98%|█████████▊| 295/300 [3:18:54<03:22, 40.45s/ep][A

tin/rn18/el2nbest/sl/ipc50 w20 s42:  99%|█████████▊| 296/300 [3:19:34<02:41, 40.46s/ep][A

tin/rn18/el2nbest/sl/ipc50 w20 s42:  99%|█████████▉| 297/300 [3:20:15<02:01, 40.46s/ep][A

tin/rn18/el2nbest/sl/ipc50 w20 s42:  99%|█████████▉| 298/300 [3:20:55<01:20, 40.46s/ep][A

tin/rn18/el2nbest/sl/ipc50 w20 s42: 100%|█████████▉| 299/300 [3:21:36<00:40, 40.45s/ep][A

tin/rn18/el2nbest/sl/ipc50 w20 s42: 100%|██████████| 300/300 [3:22:16<00:00, 40.46s/ep][A

                                                                                       [A[cell] tin/rn18/el2nbest/sl/ipc50 window 20%: 28.44%  (12149s)


tin/rn18/el2nbest/sl/ipc50 w30 s42:   0%|          | 0/300 [00:00<?, ?ep/s][A

tin/rn18/el2nbest/sl/ipc50 w30 s42:   0%|          | 1/300 [00:40<3:21:41, 40.47s/ep][A

tin/rn18/el2nbest/sl/ipc50 w30 s42:   1%|          | 2/300 [01:20<3:20:58, 40.46s/ep][A

tin/rn18/el2nbest/sl/ipc50 w30 s42:   1%|          | 3/300 [02:01<3:20:14, 40.45s/ep][A

tin/rn18/el2nbest/sl/ipc50 w30 s42:   1%|▏         | 4/300 [02:41<3:19:36, 40.46s/ep][A

tin/rn18/el2nbest/sl/ipc50 w30 s42:   2%|▏         | 5/300 [03:22<3:18:53, 40.45s/ep][A

tin/rn18/el2nbest/sl/ipc50 w30 s42:   2%|▏         | 6/300 [04:02<3:18:12, 40.45s/ep][A

tin/rn18/el2nbest/sl/ipc50 w30 s42:   2%|▏         | 7/300 [04:43<3:17:32, 40.45s/ep][A

tin/rn18/el2nbest/sl/ipc50 w30 s42:   3%|▎         | 8/300 [05:23<3:16:51, 40.45s/ep][A

tin/rn18/el2nbest/sl/ipc50 w30 s42:   3%|▎         | 9/300 [06:04<3:16:10, 40.45s/ep][A

tin/rn18/el2nbest/sl/ipc50 w30 s42:   3%|▎         | 10/300 [06:44<3:15:29, 40.45s/ep][A

tin/rn18/el2nbest/sl/ipc50 w30 s42:   4%|▎         | 11/300 [07:24<3:14:50, 40.45s/ep][A

tin/rn18/el2nbest/sl/ipc50 w30 s42:   4%|▍         | 12/300 [08:05<3:14:11, 40.46s/ep][A

tin/rn18/el2nbest/sl/ipc50 w30 s42:   4%|▍         | 13/300 [08:45<3:13:30, 40.45s/ep][A

tin/rn18/el2nbest/sl/ipc50 w30 s42:   5%|▍         | 14/300 [09:26<3:12:48, 40.45s/ep][A

tin/rn18/el2nbest/sl/ipc50 w30 s42:   5%|▌         | 15/300 [10:06<3:12:10, 40.46s/ep][A

tin/rn18/el2nbest/sl/ipc50 w30 s42:   5%|▌         | 16/300 [10:47<3:11:30, 40.46s/ep][A

tin/rn18/el2nbest/sl/ipc50 w30 s42:   6%|▌         | 17/300 [11:27<3:10:50, 40.46s/ep][A

tin/rn18/el2nbest/sl/ipc50 w30 s42:   6%|▌         | 18/300 [12:08<3:10:08, 40.46s/ep][A

tin/rn18/el2nbest/sl/ipc50 w30 s42:   6%|▋         | 19/300 [12:48<3:09:27, 40.46s/ep][A

tin/rn18/el2nbest/sl/ipc50 w30 s42:   7%|▋         | 20/300 [13:29<3:08:47, 40.45s/ep][A

tin/rn18/el2nbest/sl/ipc50 w30 s42:   7%|▋         | 21/300 [14:09<3:08:06, 40.45s/ep][A

tin/rn18/el2nbest/sl/ipc50 w30 s42:   7%|▋         | 22/300 [14:50<3:07:26, 40.46s/ep][A

tin/rn18/el2nbest/sl/ipc50 w30 s42:   8%|▊         | 23/300 [15:30<3:06:46, 40.46s/ep][A

tin/rn18/el2nbest/sl/ipc50 w30 s42:   8%|▊         | 24/300 [16:10<3:06:05, 40.46s/ep][A

tin/rn18/el2nbest/sl/ipc50 w30 s42:   8%|▊         | 25/300 [16:51<3:05:24, 40.45s/ep][A

tin/rn18/el2nbest/sl/ipc50 w30 s42:   9%|▊         | 26/300 [17:31<3:04:45, 40.46s/ep][A

tin/rn18/el2nbest/sl/ipc50 w30 s42:   9%|▉         | 27/300 [18:12<3:04:06, 40.46s/ep][A

tin/rn18/el2nbest/sl/ipc50 w30 s42:   9%|▉         | 28/300 [18:52<3:03:26, 40.47s/ep][A

tin/rn18/el2nbest/sl/ipc50 w30 s42:  10%|▉         | 29/300 [19:33<3:02:47, 40.47s/ep][A

tin/rn18/el2nbest/sl/ipc50 w30 s42:  10%|█         | 30/300 [20:13<3:02:05, 40.46s/ep][A

tin/rn18/el2nbest/sl/ipc50 w30 s42:  10%|█         | 31/300 [20:54<3:01:23, 40.46s/ep][A

tin/rn18/el2nbest/sl/ipc50 w30 s42:  11%|█         | 32/300 [21:34<3:00:43, 40.46s/ep][A

tin/rn18/el2nbest/sl/ipc50 w30 s42:  11%|█         | 33/300 [22:15<3:00:04, 40.47s/ep][A

tin/rn18/el2nbest/sl/ipc50 w30 s42:  11%|█▏        | 34/300 [22:55<2:59:22, 40.46s/ep][A

tin/rn18/el2nbest/sl/ipc50 w30 s42:  12%|█▏        | 35/300 [23:35<2:58:39, 40.45s/ep][A

tin/rn18/el2nbest/sl/ipc50 w30 s42:  12%|█▏        | 36/300 [24:16<2:57:59, 40.45s/ep][A

tin/rn18/el2nbest/sl/ipc50 w30 s42:  12%|█▏        | 37/300 [24:56<2:57:19, 40.45s/ep][A

tin/rn18/el2nbest/sl/ipc50 w30 s42:  13%|█▎        | 38/300 [25:37<2:56:39, 40.45s/ep][A

tin/rn18/el2nbest/sl/ipc50 w30 s42:  13%|█▎        | 39/300 [26:17<2:55:59, 40.46s/ep][A

tin/rn18/el2nbest/sl/ipc50 w30 s42:  13%|█▎        | 40/300 [26:58<2:55:20, 40.46s/ep][A

tin/rn18/el2nbest/sl/ipc50 w30 s42:  14%|█▎        | 41/300 [27:38<2:54:38, 40.46s/ep][A

tin/rn18/el2nbest/sl/ipc50 w30 s42:  14%|█▍        | 42/300 [28:19<2:53:58, 40.46s/ep][A

tin/rn18/el2nbest/sl/ipc50 w30 s42:  14%|█▍        | 43/300 [28:59<2:53:16, 40.45s/ep][A

tin/rn18/el2nbest/sl/ipc50 w30 s42:  15%|█▍        | 44/300 [29:40<2:52:36, 40.46s/ep][A

tin/rn18/el2nbest/sl/ipc50 w30 s42:  15%|█▌        | 45/300 [30:20<2:51:56, 40.46s/ep][A

tin/rn18/el2nbest/sl/ipc50 w30 s42:  15%|█▌        | 46/300 [31:01<2:51:16, 40.46s/ep][A

tin/rn18/el2nbest/sl/ipc50 w30 s42:  16%|█▌        | 47/300 [31:41<2:50:34, 40.45s/ep][A

tin/rn18/el2nbest/sl/ipc50 w30 s42:  16%|█▌        | 48/300 [32:21<2:49:54, 40.46s/ep][A

tin/rn18/el2nbest/sl/ipc50 w30 s42:  16%|█▋        | 49/300 [33:02<2:49:12, 40.45s/ep][A

tin/rn18/el2nbest/sl/ipc50 w30 s42:  17%|█▋        | 50/300 [33:42<2:48:33, 40.45s/ep][A

tin/rn18/el2nbest/sl/ipc50 w30 s42:  17%|█▋        | 51/300 [34:23<2:47:52, 40.45s/ep][A

tin/rn18/el2nbest/sl/ipc50 w30 s42:  17%|█▋        | 52/300 [35:03<2:47:13, 40.46s/ep][A

tin/rn18/el2nbest/sl/ipc50 w30 s42:  18%|█▊        | 53/300 [35:44<2:46:31, 40.45s/ep][A

tin/rn18/el2nbest/sl/ipc50 w30 s42:  18%|█▊        | 54/300 [36:24<2:45:50, 40.45s/ep][A

tin/rn18/el2nbest/sl/ipc50 w30 s42:  18%|█▊        | 55/300 [37:05<2:45:11, 40.45s/ep][A

tin/rn18/el2nbest/sl/ipc50 w30 s42:  19%|█▊        | 56/300 [37:45<2:44:29, 40.45s/ep][A

tin/rn18/el2nbest/sl/ipc50 w30 s42:  19%|█▉        | 57/300 [38:25<2:43:49, 40.45s/ep][A

tin/rn18/el2nbest/sl/ipc50 w30 s42:  19%|█▉        | 58/300 [39:06<2:43:09, 40.45s/ep][A

tin/rn18/el2nbest/sl/ipc50 w30 s42:  20%|█▉        | 59/300 [39:46<2:42:27, 40.45s/ep][A

tin/rn18/el2nbest/sl/ipc50 w30 s42:  20%|██        | 60/300 [40:27<2:41:48, 40.45s/ep][A

tin/rn18/el2nbest/sl/ipc50 w30 s42:  20%|██        | 61/300 [41:07<2:41:07, 40.45s/ep][A

tin/rn18/el2nbest/sl/ipc50 w30 s42:  21%|██        | 62/300 [41:48<2:40:26, 40.45s/ep][A

tin/rn18/el2nbest/sl/ipc50 w30 s42:  21%|██        | 63/300 [42:28<2:39:46, 40.45s/ep][A

tin/rn18/el2nbest/sl/ipc50 w30 s42:  21%|██▏       | 64/300 [43:09<2:39:06, 40.45s/ep][A

tin/rn18/el2nbest/sl/ipc50 w30 s42:  22%|██▏       | 65/300 [43:49<2:38:25, 40.45s/ep][A

tin/rn18/el2nbest/sl/ipc50 w30 s42:  22%|██▏       | 66/300 [44:30<2:37:45, 40.45s/ep][A

tin/rn18/el2nbest/sl/ipc50 w30 s42:  22%|██▏       | 67/300 [45:10<2:37:05, 40.45s/ep][A

tin/rn18/el2nbest/sl/ipc50 w30 s42:  23%|██▎       | 68/300 [45:50<2:36:25, 40.45s/ep][A

tin/rn18/el2nbest/sl/ipc50 w30 s42:  23%|██▎       | 69/300 [46:31<2:35:45, 40.46s/ep][A

tin/rn18/el2nbest/sl/ipc50 w30 s42:  23%|██▎       | 70/300 [47:11<2:35:04, 40.46s/ep][A

tin/rn18/el2nbest/sl/ipc50 w30 s42:  24%|██▎       | 71/300 [47:52<2:34:25, 40.46s/ep][A

tin/rn18/el2nbest/sl/ipc50 w30 s42:  24%|██▍       | 72/300 [48:32<2:33:44, 40.46s/ep][A

tin/rn18/el2nbest/sl/ipc50 w30 s42:  24%|██▍       | 73/300 [49:13<2:33:03, 40.45s/ep][A

tin/rn18/el2nbest/sl/ipc50 w30 s42:  25%|██▍       | 74/300 [49:53<2:32:22, 40.45s/ep][A

tin/rn18/el2nbest/sl/ipc50 w30 s42:  25%|██▌       | 75/300 [50:34<2:31:42, 40.46s/ep][A

tin/rn18/el2nbest/sl/ipc50 w30 s42:  25%|██▌       | 76/300 [51:14<2:31:02, 40.46s/ep][A

tin/rn18/el2nbest/sl/ipc50 w30 s42:  26%|██▌       | 77/300 [51:55<2:30:21, 40.46s/ep][A

tin/rn18/el2nbest/sl/ipc50 w30 s42:  26%|██▌       | 78/300 [52:35<2:29:39, 40.45s/ep][A

tin/rn18/el2nbest/sl/ipc50 w30 s42:  26%|██▋       | 79/300 [53:15<2:29:00, 40.45s/ep][A

tin/rn18/el2nbest/sl/ipc50 w30 s42:  27%|██▋       | 80/300 [53:56<2:28:19, 40.45s/ep][A

tin/rn18/el2nbest/sl/ipc50 w30 s42:  27%|██▋       | 81/300 [54:36<2:27:39, 40.45s/ep][A

tin/rn18/el2nbest/sl/ipc50 w30 s42:  27%|██▋       | 82/300 [55:17<2:26:57, 40.45s/ep][A

tin/rn18/el2nbest/sl/ipc50 w30 s42:  28%|██▊       | 83/300 [55:57<2:26:17, 40.45s/ep][A

tin/rn18/el2nbest/sl/ipc50 w30 s42:  28%|██▊       | 84/300 [56:38<2:25:37, 40.45s/ep][A

tin/rn18/el2nbest/sl/ipc50 w30 s42:  28%|██▊       | 85/300 [57:18<2:24:56, 40.45s/ep][A

tin/rn18/el2nbest/sl/ipc50 w30 s42:  29%|██▊       | 86/300 [57:59<2:24:14, 40.44s/ep][A

tin/rn18/el2nbest/sl/ipc50 w30 s42:  29%|██▉       | 87/300 [58:39<2:23:34, 40.44s/ep][A

tin/rn18/el2nbest/sl/ipc50 w30 s42:  29%|██▉       | 88/300 [59:19<2:22:55, 40.45s/ep][A

tin/rn18/el2nbest/sl/ipc50 w30 s42:  30%|██▉       | 89/300 [1:00:00<2:22:14, 40.45s/ep][A

tin/rn18/el2nbest/sl/ipc50 w30 s42:  30%|███       | 90/300 [1:00:40<2:21:34, 40.45s/ep][A

tin/rn18/el2nbest/sl/ipc50 w30 s42:  30%|███       | 91/300 [1:01:21<2:20:53, 40.45s/ep][A

tin/rn18/el2nbest/sl/ipc50 w30 s42:  31%|███       | 92/300 [1:02:01<2:20:12, 40.45s/ep][A

tin/rn18/el2nbest/sl/ipc50 w30 s42:  31%|███       | 93/300 [1:02:42<2:19:32, 40.45s/ep][A

tin/rn18/el2nbest/sl/ipc50 w30 s42:  31%|███▏      | 94/300 [1:03:22<2:18:51, 40.44s/ep][A

tin/rn18/el2nbest/sl/ipc50 w30 s42:  32%|███▏      | 95/300 [1:04:03<2:18:11, 40.44s/ep][A

tin/rn18/el2nbest/sl/ipc50 w30 s42:  32%|███▏      | 96/300 [1:04:43<2:17:31, 40.45s/ep][A

tin/rn18/el2nbest/sl/ipc50 w30 s42:  32%|███▏      | 97/300 [1:05:23<2:16:51, 40.45s/ep][A

tin/rn18/el2nbest/sl/ipc50 w30 s42:  33%|███▎      | 98/300 [1:06:04<2:16:12, 40.46s/ep][A

tin/rn18/el2nbest/sl/ipc50 w30 s42:  33%|███▎      | 99/300 [1:06:44<2:15:32, 40.46s/ep][A

tin/rn18/el2nbest/sl/ipc50 w30 s42:  33%|███▎      | 100/300 [1:07:25<2:14:50, 40.45s/ep][A

tin/rn18/el2nbest/sl/ipc50 w30 s42:  34%|███▎      | 101/300 [1:08:05<2:14:09, 40.45s/ep][A

tin/rn18/el2nbest/sl/ipc50 w30 s42:  34%|███▍      | 102/300 [1:08:46<2:13:29, 40.45s/ep][A

tin/rn18/el2nbest/sl/ipc50 w30 s42:  34%|███▍      | 103/300 [1:09:26<2:12:50, 40.46s/ep][A

tin/rn18/el2nbest/sl/ipc50 w30 s42:  35%|███▍      | 104/300 [1:10:07<2:12:10, 40.46s/ep][A

tin/rn18/el2nbest/sl/ipc50 w30 s42:  35%|███▌      | 105/300 [1:10:47<2:11:28, 40.46s/ep][A

tin/rn18/el2nbest/sl/ipc50 w30 s42:  35%|███▌      | 106/300 [1:11:28<2:10:47, 40.45s/ep][A

tin/rn18/el2nbest/sl/ipc50 w30 s42:  36%|███▌      | 107/300 [1:12:08<2:10:08, 40.46s/ep][A

tin/rn18/el2nbest/sl/ipc50 w30 s42:  36%|███▌      | 108/300 [1:12:49<2:09:27, 40.45s/ep][A

tin/rn18/el2nbest/sl/ipc50 w30 s42:  36%|███▋      | 109/300 [1:13:29<2:08:45, 40.45s/ep][A

tin/rn18/el2nbest/sl/ipc50 w30 s42:  37%|███▋      | 110/300 [1:14:09<2:08:05, 40.45s/ep][A

tin/rn18/el2nbest/sl/ipc50 w30 s42:  37%|███▋      | 111/300 [1:14:50<2:07:23, 40.44s/ep][A

tin/rn18/el2nbest/sl/ipc50 w30 s42:  37%|███▋      | 112/300 [1:15:30<2:06:44, 40.45s/ep][A

tin/rn18/el2nbest/sl/ipc50 w30 s42:  38%|███▊      | 113/300 [1:16:11<2:06:04, 40.45s/ep][A

tin/rn18/el2nbest/sl/ipc50 w30 s42:  38%|███▊      | 114/300 [1:16:51<2:05:24, 40.46s/ep][A

tin/rn18/el2nbest/sl/ipc50 w30 s42:  38%|███▊      | 115/300 [1:17:32<2:04:44, 40.46s/ep][A

tin/rn18/el2nbest/sl/ipc50 w30 s42:  39%|███▊      | 116/300 [1:18:12<2:04:03, 40.45s/ep][A

tin/rn18/el2nbest/sl/ipc50 w30 s42:  39%|███▉      | 117/300 [1:18:53<2:03:23, 40.45s/ep][A

tin/rn18/el2nbest/sl/ipc50 w30 s42:  39%|███▉      | 118/300 [1:19:33<2:02:42, 40.46s/ep][A

tin/rn18/el2nbest/sl/ipc50 w30 s42:  40%|███▉      | 119/300 [1:20:14<2:02:02, 40.46s/ep][A

tin/rn18/el2nbest/sl/ipc50 w30 s42:  40%|████      | 120/300 [1:20:54<2:01:22, 40.46s/ep][A

tin/rn18/el2nbest/sl/ipc50 w30 s42:  40%|████      | 121/300 [1:21:34<2:00:42, 40.46s/ep][A

tin/rn18/el2nbest/sl/ipc50 w30 s42:  41%|████      | 122/300 [1:22:15<2:00:01, 40.46s/ep][A

tin/rn18/el2nbest/sl/ipc50 w30 s42:  41%|████      | 123/300 [1:22:55<1:59:19, 40.45s/ep][A

tin/rn18/el2nbest/sl/ipc50 w30 s42:  41%|████▏     | 124/300 [1:23:36<1:58:38, 40.45s/ep][A

tin/rn18/el2nbest/sl/ipc50 w30 s42:  42%|████▏     | 125/300 [1:24:16<1:57:58, 40.45s/ep][A

tin/rn18/el2nbest/sl/ipc50 w30 s42:  42%|████▏     | 126/300 [1:24:57<1:57:18, 40.45s/ep][A

tin/rn18/el2nbest/sl/ipc50 w30 s42:  42%|████▏     | 127/300 [1:25:37<1:56:37, 40.45s/ep][A

tin/rn18/el2nbest/sl/ipc50 w30 s42:  43%|████▎     | 128/300 [1:26:18<1:55:57, 40.45s/ep][A

tin/rn18/el2nbest/sl/ipc50 w30 s42:  43%|████▎     | 129/300 [1:26:58<1:55:16, 40.45s/ep][A

tin/rn18/el2nbest/sl/ipc50 w30 s42:  43%|████▎     | 130/300 [1:27:38<1:54:36, 40.45s/ep][A

tin/rn18/el2nbest/sl/ipc50 w30 s42:  44%|████▎     | 131/300 [1:28:19<1:53:55, 40.45s/ep][A

tin/rn18/el2nbest/sl/ipc50 w30 s42:  44%|████▍     | 132/300 [1:28:59<1:53:16, 40.46s/ep][A

tin/rn18/el2nbest/sl/ipc50 w30 s42:  44%|████▍     | 133/300 [1:29:40<1:52:36, 40.46s/ep][A

tin/rn18/el2nbest/sl/ipc50 w30 s42:  45%|████▍     | 134/300 [1:30:20<1:51:55, 40.46s/ep][A

tin/rn18/el2nbest/sl/ipc50 w30 s42:  45%|████▌     | 135/300 [1:31:01<1:51:16, 40.46s/ep][A

tin/rn18/el2nbest/sl/ipc50 w30 s42:  45%|████▌     | 136/300 [1:31:41<1:50:34, 40.46s/ep][A

tin/rn18/el2nbest/sl/ipc50 w30 s42:  46%|████▌     | 137/300 [1:32:22<1:49:54, 40.46s/ep][A

tin/rn18/el2nbest/sl/ipc50 w30 s42:  46%|████▌     | 138/300 [1:33:02<1:49:14, 40.46s/ep][A

tin/rn18/el2nbest/sl/ipc50 w30 s42:  46%|████▋     | 139/300 [1:33:43<1:48:34, 40.46s/ep][A

tin/rn18/el2nbest/sl/ipc50 w30 s42:  47%|████▋     | 140/300 [1:34:23<1:47:52, 40.45s/ep][A

tin/rn18/el2nbest/sl/ipc50 w30 s42:  47%|████▋     | 141/300 [1:35:03<1:47:12, 40.45s/ep][A

tin/rn18/el2nbest/sl/ipc50 w30 s42:  47%|████▋     | 142/300 [1:35:44<1:46:31, 40.45s/ep][A

tin/rn18/el2nbest/sl/ipc50 w30 s42:  48%|████▊     | 143/300 [1:36:24<1:45:51, 40.45s/ep][A

tin/rn18/el2nbest/sl/ipc50 w30 s42:  48%|████▊     | 144/300 [1:37:05<1:45:10, 40.45s/ep][A

tin/rn18/el2nbest/sl/ipc50 w30 s42:  48%|████▊     | 145/300 [1:37:45<1:44:30, 40.45s/ep][A

tin/rn18/el2nbest/sl/ipc50 w30 s42:  49%|████▊     | 146/300 [1:38:26<1:43:50, 40.46s/ep][A

tin/rn18/el2nbest/sl/ipc50 w30 s42:  49%|████▉     | 147/300 [1:39:06<1:43:09, 40.45s/ep][A

tin/rn18/el2nbest/sl/ipc50 w30 s42:  49%|████▉     | 148/300 [1:39:47<1:42:28, 40.45s/ep][A

tin/rn18/el2nbest/sl/ipc50 w30 s42:  50%|████▉     | 149/300 [1:40:27<1:41:47, 40.45s/ep][A

tin/rn18/el2nbest/sl/ipc50 w30 s42:  50%|█████     | 150/300 [1:41:08<1:41:08, 40.45s/ep][A

tin/rn18/el2nbest/sl/ipc50 w30 s42:  50%|█████     | 151/300 [1:41:48<1:40:27, 40.45s/ep][A

tin/rn18/el2nbest/sl/ipc50 w30 s42:  51%|█████     | 152/300 [1:42:28<1:39:47, 40.45s/ep][A

tin/rn18/el2nbest/sl/ipc50 w30 s42:  51%|█████     | 153/300 [1:43:09<1:39:06, 40.45s/ep][A

tin/rn18/el2nbest/sl/ipc50 w30 s42:  51%|█████▏    | 154/300 [1:43:49<1:38:25, 40.45s/ep][A

tin/rn18/el2nbest/sl/ipc50 w30 s42:  52%|█████▏    | 155/300 [1:44:30<1:37:45, 40.45s/ep][A

tin/rn18/el2nbest/sl/ipc50 w30 s42:  52%|█████▏    | 156/300 [1:45:10<1:37:04, 40.45s/ep][A

tin/rn18/el2nbest/sl/ipc50 w30 s42:  52%|█████▏    | 157/300 [1:45:51<1:36:24, 40.45s/ep][A

tin/rn18/el2nbest/sl/ipc50 w30 s42:  53%|█████▎    | 158/300 [1:46:31<1:35:43, 40.44s/ep][A

tin/rn18/el2nbest/sl/ipc50 w30 s42:  53%|█████▎    | 159/300 [1:47:12<1:35:04, 40.46s/ep][A

tin/rn18/el2nbest/sl/ipc50 w30 s42:  53%|█████▎    | 160/300 [1:47:52<1:34:23, 40.45s/ep][A

tin/rn18/el2nbest/sl/ipc50 w30 s42:  54%|█████▎    | 161/300 [1:48:33<1:33:44, 40.46s/ep][A

tin/rn18/el2nbest/sl/ipc50 w30 s42:  54%|█████▍    | 162/300 [1:49:13<1:33:03, 40.46s/ep][A

tin/rn18/el2nbest/sl/ipc50 w30 s42:  54%|█████▍    | 163/300 [1:49:53<1:32:23, 40.46s/ep][A

tin/rn18/el2nbest/sl/ipc50 w30 s42:  55%|█████▍    | 164/300 [1:50:34<1:31:41, 40.45s/ep][A

tin/rn18/el2nbest/sl/ipc50 w30 s42:  55%|█████▌    | 165/300 [1:51:14<1:31:01, 40.46s/ep][A

tin/rn18/el2nbest/sl/ipc50 w30 s42:  55%|█████▌    | 166/300 [1:51:55<1:30:21, 40.46s/ep][A

tin/rn18/el2nbest/sl/ipc50 w30 s42:  56%|█████▌    | 167/300 [1:52:35<1:29:39, 40.45s/ep][A

tin/rn18/el2nbest/sl/ipc50 w30 s42:  56%|█████▌    | 168/300 [1:53:16<1:28:59, 40.45s/ep][A

tin/rn18/el2nbest/sl/ipc50 w30 s42:  56%|█████▋    | 169/300 [1:53:56<1:28:19, 40.45s/ep][A

tin/rn18/el2nbest/sl/ipc50 w30 s42:  57%|█████▋    | 170/300 [1:54:37<1:27:39, 40.46s/ep][A

tin/rn18/el2nbest/sl/ipc50 w30 s42:  57%|█████▋    | 171/300 [1:55:17<1:26:58, 40.46s/ep][A

tin/rn18/el2nbest/sl/ipc50 w30 s42:  57%|█████▋    | 172/300 [1:55:58<1:26:18, 40.46s/ep][A

tin/rn18/el2nbest/sl/ipc50 w30 s42:  58%|█████▊    | 173/300 [1:56:38<1:25:38, 40.46s/ep][A

tin/rn18/el2nbest/sl/ipc50 w30 s42:  58%|█████▊    | 174/300 [1:57:18<1:24:56, 40.45s/ep][A

tin/rn18/el2nbest/sl/ipc50 w30 s42:  58%|█████▊    | 175/300 [1:57:59<1:24:16, 40.46s/ep][A

tin/rn18/el2nbest/sl/ipc50 w30 s42:  59%|█████▊    | 176/300 [1:58:39<1:23:37, 40.46s/ep][A

tin/rn18/el2nbest/sl/ipc50 w30 s42:  59%|█████▉    | 177/300 [1:59:20<1:22:55, 40.45s/ep][A

tin/rn18/el2nbest/sl/ipc50 w30 s42:  59%|█████▉    | 178/300 [2:00:00<1:22:14, 40.45s/ep][A

tin/rn18/el2nbest/sl/ipc50 w30 s42:  60%|█████▉    | 179/300 [2:00:41<1:21:34, 40.45s/ep][A

tin/rn18/el2nbest/sl/ipc50 w30 s42:  60%|██████    | 180/300 [2:01:21<1:20:53, 40.45s/ep][A

tin/rn18/el2nbest/sl/ipc50 w30 s42:  60%|██████    | 181/300 [2:02:02<1:20:13, 40.45s/ep][A

tin/rn18/el2nbest/sl/ipc50 w30 s42:  61%|██████    | 182/300 [2:02:42<1:19:33, 40.45s/ep][A

tin/rn18/el2nbest/sl/ipc50 w30 s42:  61%|██████    | 183/300 [2:03:23<1:18:53, 40.45s/ep][A

tin/rn18/el2nbest/sl/ipc50 w30 s42:  61%|██████▏   | 184/300 [2:04:03<1:18:12, 40.45s/ep][A

tin/rn18/el2nbest/sl/ipc50 w30 s42:  62%|██████▏   | 185/300 [2:04:43<1:17:32, 40.46s/ep][A

tin/rn18/el2nbest/sl/ipc50 w30 s42:  62%|██████▏   | 186/300 [2:05:24<1:16:51, 40.45s/ep][A

tin/rn18/el2nbest/sl/ipc50 w30 s42:  62%|██████▏   | 187/300 [2:06:04<1:16:10, 40.45s/ep][A

tin/rn18/el2nbest/sl/ipc50 w30 s42:  63%|██████▎   | 188/300 [2:06:45<1:15:29, 40.44s/ep][A

tin/rn18/el2nbest/sl/ipc50 w30 s42:  63%|██████▎   | 189/300 [2:07:25<1:14:49, 40.45s/ep][A

tin/rn18/el2nbest/sl/ipc50 w30 s42:  63%|██████▎   | 190/300 [2:08:06<1:14:09, 40.45s/ep][A

tin/rn18/el2nbest/sl/ipc50 w30 s42:  64%|██████▎   | 191/300 [2:08:46<1:13:28, 40.45s/ep][A

tin/rn18/el2nbest/sl/ipc50 w30 s42:  64%|██████▍   | 192/300 [2:09:27<1:12:48, 40.45s/ep][A

tin/rn18/el2nbest/sl/ipc50 w30 s42:  64%|██████▍   | 193/300 [2:10:07<1:12:08, 40.45s/ep][A

tin/rn18/el2nbest/sl/ipc50 w30 s42:  65%|██████▍   | 194/300 [2:10:47<1:11:28, 40.45s/ep][A

tin/rn18/el2nbest/sl/ipc50 w30 s42:  65%|██████▌   | 195/300 [2:11:28<1:10:47, 40.45s/ep][A

tin/rn18/el2nbest/sl/ipc50 w30 s42:  65%|██████▌   | 196/300 [2:12:08<1:10:07, 40.45s/ep][A

tin/rn18/el2nbest/sl/ipc50 w30 s42:  66%|██████▌   | 197/300 [2:12:49<1:09:26, 40.45s/ep][A

tin/rn18/el2nbest/sl/ipc50 w30 s42:  66%|██████▌   | 198/300 [2:13:29<1:08:46, 40.45s/ep][A

tin/rn18/el2nbest/sl/ipc50 w30 s42:  66%|██████▋   | 199/300 [2:14:10<1:08:06, 40.46s/ep][A

tin/rn18/el2nbest/sl/ipc50 w30 s42:  67%|██████▋   | 200/300 [2:14:50<1:07:25, 40.45s/ep][A

tin/rn18/el2nbest/sl/ipc50 w30 s42:  67%|██████▋   | 201/300 [2:15:31<1:06:44, 40.45s/ep][A

tin/rn18/el2nbest/sl/ipc50 w30 s42:  67%|██████▋   | 202/300 [2:16:11<1:06:04, 40.46s/ep][A

tin/rn18/el2nbest/sl/ipc50 w30 s42:  68%|██████▊   | 203/300 [2:16:52<1:05:24, 40.46s/ep][A

tin/rn18/el2nbest/sl/ipc50 w30 s42:  68%|██████▊   | 204/300 [2:17:32<1:04:43, 40.45s/ep][A

tin/rn18/el2nbest/sl/ipc50 w30 s42:  68%|██████▊   | 205/300 [2:18:12<1:04:03, 40.45s/ep][A

tin/rn18/el2nbest/sl/ipc50 w30 s42:  69%|██████▊   | 206/300 [2:18:53<1:03:22, 40.45s/ep][A

tin/rn18/el2nbest/sl/ipc50 w30 s42:  69%|██████▉   | 207/300 [2:19:33<1:02:42, 40.45s/ep][A

tin/rn18/el2nbest/sl/ipc50 w30 s42:  69%|██████▉   | 208/300 [2:20:14<1:02:01, 40.45s/ep][A

tin/rn18/el2nbest/sl/ipc50 w30 s42:  70%|██████▉   | 209/300 [2:20:54<1:01:21, 40.45s/ep][A

tin/rn18/el2nbest/sl/ipc50 w30 s42:  70%|███████   | 210/300 [2:21:35<1:00:41, 40.46s/ep][A

tin/rn18/el2nbest/sl/ipc50 w30 s42:  70%|███████   | 211/300 [2:22:15<1:00:00, 40.46s/ep][A

tin/rn18/el2nbest/sl/ipc50 w30 s42:  71%|███████   | 212/300 [2:22:56<59:20, 40.46s/ep]  [A

tin/rn18/el2nbest/sl/ipc50 w30 s42:  71%|███████   | 213/300 [2:23:36<58:39, 40.46s/ep][A

tin/rn18/el2nbest/sl/ipc50 w30 s42:  71%|███████▏  | 214/300 [2:24:17<57:58, 40.45s/ep][A

tin/rn18/el2nbest/sl/ipc50 w30 s42:  72%|███████▏  | 215/300 [2:24:57<57:19, 40.47s/ep][A

tin/rn18/el2nbest/sl/ipc50 w30 s42:  72%|███████▏  | 216/300 [2:25:38<56:38, 40.46s/ep][A

tin/rn18/el2nbest/sl/ipc50 w30 s42:  72%|███████▏  | 217/300 [2:26:18<55:57, 40.45s/ep][A

tin/rn18/el2nbest/sl/ipc50 w30 s42:  73%|███████▎  | 218/300 [2:26:58<55:17, 40.45s/ep][A

tin/rn18/el2nbest/sl/ipc50 w30 s42:  73%|███████▎  | 219/300 [2:27:39<54:36, 40.46s/ep][A

tin/rn18/el2nbest/sl/ipc50 w30 s42:  73%|███████▎  | 220/300 [2:28:19<53:56, 40.46s/ep][A

tin/rn18/el2nbest/sl/ipc50 w30 s42:  74%|███████▎  | 221/300 [2:29:00<53:15, 40.45s/ep][A

tin/rn18/el2nbest/sl/ipc50 w30 s42:  74%|███████▍  | 222/300 [2:29:40<52:35, 40.45s/ep][A

tin/rn18/el2nbest/sl/ipc50 w30 s42:  74%|███████▍  | 223/300 [2:30:21<51:54, 40.45s/ep][A

tin/rn18/el2nbest/sl/ipc50 w30 s42:  75%|███████▍  | 224/300 [2:31:01<51:13, 40.45s/ep][A

tin/rn18/el2nbest/sl/ipc50 w30 s42:  75%|███████▌  | 225/300 [2:31:42<50:34, 40.46s/ep][A

tin/rn18/el2nbest/sl/ipc50 w30 s42:  75%|███████▌  | 226/300 [2:32:22<49:53, 40.46s/ep][A

tin/rn18/el2nbest/sl/ipc50 w30 s42:  76%|███████▌  | 227/300 [2:33:03<49:14, 40.47s/ep][A

tin/rn18/el2nbest/sl/ipc50 w30 s42:  76%|███████▌  | 228/300 [2:33:43<48:33, 40.47s/ep][A

tin/rn18/el2nbest/sl/ipc50 w30 s42:  76%|███████▋  | 229/300 [2:34:23<47:53, 40.47s/ep][A

tin/rn18/el2nbest/sl/ipc50 w30 s42:  77%|███████▋  | 230/300 [2:35:04<47:12, 40.46s/ep][A

tin/rn18/el2nbest/sl/ipc50 w30 s42:  77%|███████▋  | 231/300 [2:35:44<46:31, 40.46s/ep][A

tin/rn18/el2nbest/sl/ipc50 w30 s42:  77%|███████▋  | 232/300 [2:36:25<45:51, 40.46s/ep][A

tin/rn18/el2nbest/sl/ipc50 w30 s42:  78%|███████▊  | 233/300 [2:37:05<45:11, 40.46s/ep][A

tin/rn18/el2nbest/sl/ipc50 w30 s42:  78%|███████▊  | 234/300 [2:37:46<44:30, 40.46s/ep][A

tin/rn18/el2nbest/sl/ipc50 w30 s42:  78%|███████▊  | 235/300 [2:38:26<43:49, 40.46s/ep][A

tin/rn18/el2nbest/sl/ipc50 w30 s42:  79%|███████▊  | 236/300 [2:39:07<43:09, 40.46s/ep][A

tin/rn18/el2nbest/sl/ipc50 w30 s42:  79%|███████▉  | 237/300 [2:39:47<42:28, 40.45s/ep][A

tin/rn18/el2nbest/sl/ipc50 w30 s42:  79%|███████▉  | 238/300 [2:40:28<41:47, 40.45s/ep][A

tin/rn18/el2nbest/sl/ipc50 w30 s42:  80%|███████▉  | 239/300 [2:41:08<41:07, 40.45s/ep][A

tin/rn18/el2nbest/sl/ipc50 w30 s42:  80%|████████  | 240/300 [2:41:48<40:27, 40.45s/ep][A

tin/rn18/el2nbest/sl/ipc50 w30 s42:  80%|████████  | 241/300 [2:42:29<39:46, 40.45s/ep][A

tin/rn18/el2nbest/sl/ipc50 w30 s42:  81%|████████  | 242/300 [2:43:09<39:05, 40.45s/ep][A

tin/rn18/el2nbest/sl/ipc50 w30 s42:  81%|████████  | 243/300 [2:43:50<38:25, 40.45s/ep][A

tin/rn18/el2nbest/sl/ipc50 w30 s42:  81%|████████▏ | 244/300 [2:44:30<37:45, 40.45s/ep][A

tin/rn18/el2nbest/sl/ipc50 w30 s42:  82%|████████▏ | 245/300 [2:45:11<37:04, 40.45s/ep][A

tin/rn18/el2nbest/sl/ipc50 w30 s42:  82%|████████▏ | 246/300 [2:45:51<36:24, 40.45s/ep][A

tin/rn18/el2nbest/sl/ipc50 w30 s42:  82%|████████▏ | 247/300 [2:46:32<35:44, 40.46s/ep][A

tin/rn18/el2nbest/sl/ipc50 w30 s42:  83%|████████▎ | 248/300 [2:47:12<35:04, 40.47s/ep][A

tin/rn18/el2nbest/sl/ipc50 w30 s42:  83%|████████▎ | 249/300 [2:47:53<34:23, 40.47s/ep][A

tin/rn18/el2nbest/sl/ipc50 w30 s42:  83%|████████▎ | 250/300 [2:48:33<33:43, 40.47s/ep][A

tin/rn18/el2nbest/sl/ipc50 w30 s42:  84%|████████▎ | 251/300 [2:49:14<33:02, 40.46s/ep][A

tin/rn18/el2nbest/sl/ipc50 w30 s42:  84%|████████▍ | 252/300 [2:49:54<32:22, 40.46s/ep][A

tin/rn18/el2nbest/sl/ipc50 w30 s42:  84%|████████▍ | 253/300 [2:50:34<31:41, 40.46s/ep][A

tin/rn18/el2nbest/sl/ipc50 w30 s42:  85%|████████▍ | 254/300 [2:51:15<31:00, 40.46s/ep][A

tin/rn18/el2nbest/sl/ipc50 w30 s42:  85%|████████▌ | 255/300 [2:51:55<30:20, 40.45s/ep][A

tin/rn18/el2nbest/sl/ipc50 w30 s42:  85%|████████▌ | 256/300 [2:52:36<29:40, 40.46s/ep][A

tin/rn18/el2nbest/sl/ipc50 w30 s42:  86%|████████▌ | 257/300 [2:53:16<28:59, 40.46s/ep][A

tin/rn18/el2nbest/sl/ipc50 w30 s42:  86%|████████▌ | 258/300 [2:53:57<28:19, 40.45s/ep][A

tin/rn18/el2nbest/sl/ipc50 w30 s42:  86%|████████▋ | 259/300 [2:54:37<27:38, 40.45s/ep][A

tin/rn18/el2nbest/sl/ipc50 w30 s42:  87%|████████▋ | 260/300 [2:55:18<26:58, 40.45s/ep][A

tin/rn18/el2nbest/sl/ipc50 w30 s42:  87%|████████▋ | 261/300 [2:55:58<26:17, 40.46s/ep][A

tin/rn18/el2nbest/sl/ipc50 w30 s42:  87%|████████▋ | 262/300 [2:56:39<25:37, 40.46s/ep][A

tin/rn18/el2nbest/sl/ipc50 w30 s42:  88%|████████▊ | 263/300 [2:57:19<24:56, 40.46s/ep][A

tin/rn18/el2nbest/sl/ipc50 w30 s42:  88%|████████▊ | 264/300 [2:57:59<24:16, 40.46s/ep][A

tin/rn18/el2nbest/sl/ipc50 w30 s42:  88%|████████▊ | 265/300 [2:58:40<23:35, 40.45s/ep][A

tin/rn18/el2nbest/sl/ipc50 w30 s42:  89%|████████▊ | 266/300 [2:59:20<22:55, 40.46s/ep][A

tin/rn18/el2nbest/sl/ipc50 w30 s42:  89%|████████▉ | 267/300 [3:00:01<22:14, 40.45s/ep][A

tin/rn18/el2nbest/sl/ipc50 w30 s42:  89%|████████▉ | 268/300 [3:00:41<21:34, 40.46s/ep][A

tin/rn18/el2nbest/sl/ipc50 w30 s42:  90%|████████▉ | 269/300 [3:01:22<20:54, 40.47s/ep][A

tin/rn18/el2nbest/sl/ipc50 w30 s42:  90%|█████████ | 270/300 [3:02:02<20:13, 40.46s/ep][A

tin/rn18/el2nbest/sl/ipc50 w30 s42:  90%|█████████ | 271/300 [3:02:43<19:33, 40.46s/ep][A

tin/rn18/el2nbest/sl/ipc50 w30 s42:  91%|█████████ | 272/300 [3:03:23<18:52, 40.46s/ep][A

tin/rn18/el2nbest/sl/ipc50 w30 s42:  91%|█████████ | 273/300 [3:04:04<18:12, 40.46s/ep][A

tin/rn18/el2nbest/sl/ipc50 w30 s42:  91%|█████████▏| 274/300 [3:04:44<17:31, 40.45s/ep][A

tin/rn18/el2nbest/sl/ipc50 w30 s42:  92%|█████████▏| 275/300 [3:05:24<16:51, 40.45s/ep][A

tin/rn18/el2nbest/sl/ipc50 w30 s42:  92%|█████████▏| 276/300 [3:06:05<16:10, 40.45s/ep][A

tin/rn18/el2nbest/sl/ipc50 w30 s42:  92%|█████████▏| 277/300 [3:06:45<15:30, 40.46s/ep][A

tin/rn18/el2nbest/sl/ipc50 w30 s42:  93%|█████████▎| 278/300 [3:07:26<14:50, 40.46s/ep][A

tin/rn18/el2nbest/sl/ipc50 w30 s42:  93%|█████████▎| 279/300 [3:08:06<14:09, 40.45s/ep][A

tin/rn18/el2nbest/sl/ipc50 w30 s42:  93%|█████████▎| 280/300 [3:08:47<13:29, 40.46s/ep][A

tin/rn18/el2nbest/sl/ipc50 w30 s42:  94%|█████████▎| 281/300 [3:09:27<12:48, 40.46s/ep][A

tin/rn18/el2nbest/sl/ipc50 w30 s42:  94%|█████████▍| 282/300 [3:10:08<12:08, 40.46s/ep][A

tin/rn18/el2nbest/sl/ipc50 w30 s42:  94%|█████████▍| 283/300 [3:10:48<11:27, 40.45s/ep][A

tin/rn18/el2nbest/sl/ipc50 w30 s42:  95%|█████████▍| 284/300 [3:11:29<10:47, 40.45s/ep][A

tin/rn18/el2nbest/sl/ipc50 w30 s42:  95%|█████████▌| 285/300 [3:12:09<10:06, 40.46s/ep][A

tin/rn18/el2nbest/sl/ipc50 w30 s42:  95%|█████████▌| 286/300 [3:12:50<09:26, 40.47s/ep][A

tin/rn18/el2nbest/sl/ipc50 w30 s42:  96%|█████████▌| 287/300 [3:13:30<08:46, 40.47s/ep][A

tin/rn18/el2nbest/sl/ipc50 w30 s42:  96%|█████████▌| 288/300 [3:14:10<08:05, 40.46s/ep][A

tin/rn18/el2nbest/sl/ipc50 w30 s42:  96%|█████████▋| 289/300 [3:14:51<07:25, 40.46s/ep][A

tin/rn18/el2nbest/sl/ipc50 w30 s42:  97%|█████████▋| 290/300 [3:15:31<06:44, 40.46s/ep][A

tin/rn18/el2nbest/sl/ipc50 w30 s42:  97%|█████████▋| 291/300 [3:16:12<06:04, 40.46s/ep][A

tin/rn18/el2nbest/sl/ipc50 w30 s42:  97%|█████████▋| 292/300 [3:16:52<05:23, 40.46s/ep][A

tin/rn18/el2nbest/sl/ipc50 w30 s42:  98%|█████████▊| 293/300 [3:17:33<04:43, 40.46s/ep][A

tin/rn18/el2nbest/sl/ipc50 w30 s42:  98%|█████████▊| 294/300 [3:18:13<04:02, 40.46s/ep][A

tin/rn18/el2nbest/sl/ipc50 w30 s42:  98%|█████████▊| 295/300 [3:18:54<03:22, 40.46s/ep][A

tin/rn18/el2nbest/sl/ipc50 w30 s42:  99%|█████████▊| 296/300 [3:19:34<02:41, 40.46s/ep][A

tin/rn18/el2nbest/sl/ipc50 w30 s42:  99%|█████████▉| 297/300 [3:20:15<02:01, 40.46s/ep][A

tin/rn18/el2nbest/sl/ipc50 w30 s42:  99%|█████████▉| 298/300 [3:20:55<01:20, 40.46s/ep][A

tin/rn18/el2nbest/sl/ipc50 w30 s42: 100%|█████████▉| 299/300 [3:21:35<00:40, 40.45s/ep][A

tin/rn18/el2nbest/sl/ipc50 w30 s42: 100%|██████████| 300/300 [3:22:16<00:00, 40.45s/ep][A

                                                                                       [A[cell] tin/rn18/el2nbest/sl/ipc50 window 30%: 30.46%  (12149s)


tin/rn18/el2nbest/sl/ipc50 w40 s42:   0%|          | 0/300 [00:00<?, ?ep/s][A

tin/rn18/el2nbest/sl/ipc50 w40 s42:   0%|          | 1/300 [00:40<3:21:41, 40.47s/ep][A

tin/rn18/el2nbest/sl/ipc50 w40 s42:   1%|          | 2/300 [01:20<3:20:59, 40.47s/ep][A

tin/rn18/el2nbest/sl/ipc50 w40 s42:   1%|          | 3/300 [02:01<3:20:15, 40.46s/ep][A

tin/rn18/el2nbest/sl/ipc50 w40 s42:   1%|▏         | 4/300 [02:41<3:19:37, 40.46s/ep][A

tin/rn18/el2nbest/sl/ipc50 w40 s42:   2%|▏         | 5/300 [03:22<3:18:55, 40.46s/ep][A

tin/rn18/el2nbest/sl/ipc50 w40 s42:   2%|▏         | 6/300 [04:02<3:18:13, 40.45s/ep][A

tin/rn18/el2nbest/sl/ipc50 w40 s42:   2%|▏         | 7/300 [04:43<3:17:34, 40.46s/ep][A

tin/rn18/el2nbest/sl/ipc50 w40 s42:   3%|▎         | 8/300 [05:23<3:16:52, 40.45s/ep][A

tin/rn18/el2nbest/sl/ipc50 w40 s42:   3%|▎         | 9/300 [06:04<3:16:10, 40.45s/ep][A

tin/rn18/el2nbest/sl/ipc50 w40 s42:   3%|▎         | 10/300 [06:44<3:15:29, 40.45s/ep][A

tin/rn18/el2nbest/sl/ipc50 w40 s42:   4%|▎         | 11/300 [07:25<3:14:50, 40.45s/ep][A

tin/rn18/el2nbest/sl/ipc50 w40 s42:   4%|▍         | 12/300 [08:05<3:14:11, 40.46s/ep][A

tin/rn18/el2nbest/sl/ipc50 w40 s42:   4%|▍         | 13/300 [08:45<3:13:32, 40.46s/ep][A

tin/rn18/el2nbest/sl/ipc50 w40 s42:   5%|▍         | 14/300 [09:26<3:12:50, 40.46s/ep][A

tin/rn18/el2nbest/sl/ipc50 w40 s42:   5%|▌         | 15/300 [10:06<3:12:11, 40.46s/ep][A

tin/rn18/el2nbest/sl/ipc50 w40 s42:   5%|▌         | 16/300 [10:47<3:11:31, 40.46s/ep][A

tin/rn18/el2nbest/sl/ipc50 w40 s42:   6%|▌         | 17/300 [11:27<3:10:50, 40.46s/ep][A

tin/rn18/el2nbest/sl/ipc50 w40 s42:   6%|▌         | 18/300 [12:08<3:10:09, 40.46s/ep][A

tin/rn18/el2nbest/sl/ipc50 w40 s42:   6%|▋         | 19/300 [12:48<3:09:28, 40.46s/ep][A

tin/rn18/el2nbest/sl/ipc50 w40 s42:   7%|▋         | 20/300 [13:29<3:08:47, 40.45s/ep][A

tin/rn18/el2nbest/sl/ipc50 w40 s42:   7%|▋         | 21/300 [14:09<3:08:07, 40.46s/ep][A

tin/rn18/el2nbest/sl/ipc50 w40 s42:   7%|▋         | 22/300 [14:50<3:07:27, 40.46s/ep][A

tin/rn18/el2nbest/sl/ipc50 w40 s42:   8%|▊         | 23/300 [15:30<3:06:46, 40.46s/ep][A

tin/rn18/el2nbest/sl/ipc50 w40 s42:   8%|▊         | 24/300 [16:10<3:06:06, 40.46s/ep][A

tin/rn18/el2nbest/sl/ipc50 w40 s42:   8%|▊         | 25/300 [16:51<3:05:25, 40.46s/ep][A

tin/rn18/el2nbest/sl/ipc50 w40 s42:   9%|▊         | 26/300 [17:31<3:04:47, 40.46s/ep][A

tin/rn18/el2nbest/sl/ipc50 w40 s42:   9%|▉         | 27/300 [18:12<3:04:07, 40.47s/ep][A

tin/rn18/el2nbest/sl/ipc50 w40 s42:   9%|▉         | 28/300 [18:52<3:03:27, 40.47s/ep][A

tin/rn18/el2nbest/sl/ipc50 w40 s42:  10%|▉         | 29/300 [19:33<3:02:47, 40.47s/ep][A

tin/rn18/el2nbest/sl/ipc50 w40 s42:  10%|█         | 30/300 [20:13<3:02:06, 40.47s/ep][A

tin/rn18/el2nbest/sl/ipc50 w40 s42:  10%|█         | 31/300 [20:54<3:01:23, 40.46s/ep][A

tin/rn18/el2nbest/sl/ipc50 w40 s42:  11%|█         | 32/300 [21:34<3:00:43, 40.46s/ep][A

tin/rn18/el2nbest/sl/ipc50 w40 s42:  11%|█         | 33/300 [22:15<3:00:03, 40.46s/ep][A

tin/rn18/el2nbest/sl/ipc50 w40 s42:  11%|█▏        | 34/300 [22:55<2:59:21, 40.46s/ep][A

tin/rn18/el2nbest/sl/ipc50 w40 s42:  12%|█▏        | 35/300 [23:36<2:58:39, 40.45s/ep][A

tin/rn18/el2nbest/sl/ipc50 w40 s42:  12%|█▏        | 36/300 [24:16<2:57:59, 40.45s/ep][A

tin/rn18/el2nbest/sl/ipc50 w40 s42:  12%|█▏        | 37/300 [24:56<2:57:19, 40.45s/ep][A

tin/rn18/el2nbest/sl/ipc50 w40 s42:  13%|█▎        | 38/300 [25:37<2:56:39, 40.45s/ep][A

tin/rn18/el2nbest/sl/ipc50 w40 s42:  13%|█▎        | 39/300 [26:17<2:55:58, 40.46s/ep][A

tin/rn18/el2nbest/sl/ipc50 w40 s42:  13%|█▎        | 40/300 [26:58<2:55:19, 40.46s/ep][A

tin/rn18/el2nbest/sl/ipc50 w40 s42:  14%|█▎        | 41/300 [27:38<2:54:38, 40.46s/ep][A

tin/rn18/el2nbest/sl/ipc50 w40 s42:  14%|█▍        | 42/300 [28:19<2:53:57, 40.46s/ep][A

tin/rn18/el2nbest/sl/ipc50 w40 s42:  14%|█▍        | 43/300 [28:59<2:53:15, 40.45s/ep][A

tin/rn18/el2nbest/sl/ipc50 w40 s42:  15%|█▍        | 44/300 [29:40<2:52:36, 40.46s/ep][A

tin/rn18/el2nbest/sl/ipc50 w40 s42:  15%|█▌        | 45/300 [30:20<2:51:56, 40.46s/ep][A

tin/rn18/el2nbest/sl/ipc50 w40 s42:  15%|█▌        | 46/300 [31:01<2:51:16, 40.46s/ep][A

tin/rn18/el2nbest/sl/ipc50 w40 s42:  16%|█▌        | 47/300 [31:41<2:50:34, 40.45s/ep][A

tin/rn18/el2nbest/sl/ipc50 w40 s42:  16%|█▌        | 48/300 [32:21<2:49:54, 40.45s/ep][A

tin/rn18/el2nbest/sl/ipc50 w40 s42:  16%|█▋        | 49/300 [33:02<2:49:13, 40.45s/ep][A

tin/rn18/el2nbest/sl/ipc50 w40 s42:  17%|█▋        | 50/300 [33:42<2:48:33, 40.45s/ep][A

tin/rn18/el2nbest/sl/ipc50 w40 s42:  17%|█▋        | 51/300 [34:23<2:47:53, 40.46s/ep][A

tin/rn18/el2nbest/sl/ipc50 w40 s42:  17%|█▋        | 52/300 [35:03<2:47:14, 40.46s/ep][A

tin/rn18/el2nbest/sl/ipc50 w40 s42:  18%|█▊        | 53/300 [35:44<2:46:33, 40.46s/ep][A

tin/rn18/el2nbest/sl/ipc50 w40 s42:  18%|█▊        | 54/300 [36:24<2:45:50, 40.45s/ep][A

tin/rn18/el2nbest/sl/ipc50 w40 s42:  18%|█▊        | 55/300 [37:05<2:45:11, 40.45s/ep][A

tin/rn18/el2nbest/sl/ipc50 w40 s42:  19%|█▊        | 56/300 [37:45<2:44:29, 40.45s/ep][A

tin/rn18/el2nbest/sl/ipc50 w40 s42:  19%|█▉        | 57/300 [38:26<2:43:49, 40.45s/ep][A

tin/rn18/el2nbest/sl/ipc50 w40 s42:  19%|█▉        | 58/300 [39:06<2:43:09, 40.45s/ep][A

tin/rn18/el2nbest/sl/ipc50 w40 s42:  20%|█▉        | 59/300 [39:46<2:42:28, 40.45s/ep][A

tin/rn18/el2nbest/sl/ipc50 w40 s42:  20%|██        | 60/300 [40:27<2:41:48, 40.45s/ep][A

tin/rn18/el2nbest/sl/ipc50 w40 s42:  20%|██        | 61/300 [41:07<2:41:07, 40.45s/ep][A

tin/rn18/el2nbest/sl/ipc50 w40 s42:  21%|██        | 62/300 [41:48<2:40:25, 40.44s/ep][A

tin/rn18/el2nbest/sl/ipc50 w40 s42:  21%|██        | 63/300 [42:28<2:39:46, 40.45s/ep][A

tin/rn18/el2nbest/sl/ipc50 w40 s42:  21%|██▏       | 64/300 [43:09<2:39:05, 40.45s/ep][A

tin/rn18/el2nbest/sl/ipc50 w40 s42:  22%|██▏       | 65/300 [43:49<2:38:25, 40.45s/ep][A

tin/rn18/el2nbest/sl/ipc50 w40 s42:  22%|██▏       | 66/300 [44:30<2:37:44, 40.45s/ep][A

tin/rn18/el2nbest/sl/ipc50 w40 s42:  22%|██▏       | 67/300 [45:10<2:37:05, 40.45s/ep][A

tin/rn18/el2nbest/sl/ipc50 w40 s42:  23%|██▎       | 68/300 [45:50<2:36:24, 40.45s/ep][A

tin/rn18/el2nbest/sl/ipc50 w40 s42:  23%|██▎       | 69/300 [46:31<2:35:44, 40.45s/ep][A

tin/rn18/el2nbest/sl/ipc50 w40 s42:  23%|██▎       | 70/300 [47:11<2:35:04, 40.45s/ep][A

tin/rn18/el2nbest/sl/ipc50 w40 s42:  24%|██▎       | 71/300 [47:52<2:34:24, 40.46s/ep][A

tin/rn18/el2nbest/sl/ipc50 w40 s42:  24%|██▍       | 72/300 [48:32<2:33:43, 40.45s/ep][A

tin/rn18/el2nbest/sl/ipc50 w40 s42:  24%|██▍       | 73/300 [49:13<2:33:02, 40.45s/ep][A

tin/rn18/el2nbest/sl/ipc50 w40 s42:  25%|██▍       | 74/300 [49:53<2:32:22, 40.46s/ep][A

tin/rn18/el2nbest/sl/ipc50 w40 s42:  25%|██▌       | 75/300 [50:34<2:31:42, 40.45s/ep][A

tin/rn18/el2nbest/sl/ipc50 w40 s42:  25%|██▌       | 76/300 [51:14<2:31:02, 40.46s/ep][A

tin/rn18/el2nbest/sl/ipc50 w40 s42:  26%|██▌       | 77/300 [51:55<2:30:21, 40.46s/ep][A

tin/rn18/el2nbest/sl/ipc50 w40 s42:  26%|██▌       | 78/300 [52:35<2:29:40, 40.45s/ep][A

tin/rn18/el2nbest/sl/ipc50 w40 s42:  26%|██▋       | 79/300 [53:15<2:28:59, 40.45s/ep][A

tin/rn18/el2nbest/sl/ipc50 w40 s42:  27%|██▋       | 80/300 [53:56<2:28:19, 40.45s/ep][A

tin/rn18/el2nbest/sl/ipc50 w40 s42:  27%|██▋       | 81/300 [54:36<2:27:40, 40.46s/ep][A

tin/rn18/el2nbest/sl/ipc50 w40 s42:  27%|██▋       | 82/300 [55:17<2:26:58, 40.45s/ep][A

tin/rn18/el2nbest/sl/ipc50 w40 s42:  28%|██▊       | 83/300 [55:57<2:26:17, 40.45s/ep][A

tin/rn18/el2nbest/sl/ipc50 w40 s42:  28%|██▊       | 84/300 [56:38<2:25:36, 40.45s/ep][A

tin/rn18/el2nbest/sl/ipc50 w40 s42:  28%|██▊       | 85/300 [57:18<2:24:55, 40.45s/ep][A

tin/rn18/el2nbest/sl/ipc50 w40 s42:  29%|██▊       | 86/300 [57:59<2:24:14, 40.44s/ep][A

tin/rn18/el2nbest/sl/ipc50 w40 s42:  29%|██▉       | 87/300 [58:39<2:23:34, 40.44s/ep][A

tin/rn18/el2nbest/sl/ipc50 w40 s42:  29%|██▉       | 88/300 [59:20<2:22:55, 40.45s/ep][A

tin/rn18/el2nbest/sl/ipc50 w40 s42:  30%|██▉       | 89/300 [1:00:00<2:22:14, 40.45s/ep][A

tin/rn18/el2nbest/sl/ipc50 w40 s42:  30%|███       | 90/300 [1:00:40<2:21:34, 40.45s/ep][A

tin/rn18/el2nbest/sl/ipc50 w40 s42:  30%|███       | 91/300 [1:01:21<2:20:53, 40.45s/ep][A

tin/rn18/el2nbest/sl/ipc50 w40 s42:  31%|███       | 92/300 [1:02:01<2:20:12, 40.44s/ep][A

tin/rn18/el2nbest/sl/ipc50 w40 s42:  31%|███       | 93/300 [1:02:42<2:19:31, 40.44s/ep][A

tin/rn18/el2nbest/sl/ipc50 w40 s42:  31%|███▏      | 94/300 [1:03:22<2:18:50, 40.44s/ep][A

tin/rn18/el2nbest/sl/ipc50 w40 s42:  32%|███▏      | 95/300 [1:04:03<2:18:10, 40.44s/ep][A

tin/rn18/el2nbest/sl/ipc50 w40 s42:  32%|███▏      | 96/300 [1:04:43<2:17:30, 40.44s/ep][A

tin/rn18/el2nbest/sl/ipc50 w40 s42:  32%|███▏      | 97/300 [1:05:24<2:16:50, 40.45s/ep][A

tin/rn18/el2nbest/sl/ipc50 w40 s42:  33%|███▎      | 98/300 [1:06:04<2:16:11, 40.45s/ep][A

tin/rn18/el2nbest/sl/ipc50 w40 s42:  33%|███▎      | 99/300 [1:06:44<2:15:32, 40.46s/ep][A

tin/rn18/el2nbest/sl/ipc50 w40 s42:  33%|███▎      | 100/300 [1:07:25<2:14:50, 40.45s/ep][A

tin/rn18/el2nbest/sl/ipc50 w40 s42:  34%|███▎      | 101/300 [1:08:05<2:14:09, 40.45s/ep][A

tin/rn18/el2nbest/sl/ipc50 w40 s42:  34%|███▍      | 102/300 [1:08:46<2:13:29, 40.45s/ep][A

tin/rn18/el2nbest/sl/ipc50 w40 s42:  34%|███▍      | 103/300 [1:09:26<2:12:48, 40.45s/ep][A

tin/rn18/el2nbest/sl/ipc50 w40 s42:  35%|███▍      | 104/300 [1:10:07<2:12:10, 40.46s/ep][A

tin/rn18/el2nbest/sl/ipc50 w40 s42:  35%|███▌      | 105/300 [1:10:47<2:11:28, 40.46s/ep][A

tin/rn18/el2nbest/sl/ipc50 w40 s42:  35%|███▌      | 106/300 [1:11:28<2:10:48, 40.46s/ep][A

tin/rn18/el2nbest/sl/ipc50 w40 s42:  36%|███▌      | 107/300 [1:12:08<2:10:07, 40.46s/ep][A

tin/rn18/el2nbest/sl/ipc50 w40 s42:  36%|███▌      | 108/300 [1:12:49<2:09:27, 40.45s/ep][A

tin/rn18/el2nbest/sl/ipc50 w40 s42:  36%|███▋      | 109/300 [1:13:29<2:08:44, 40.44s/ep][A

tin/rn18/el2nbest/sl/ipc50 w40 s42:  37%|███▋      | 110/300 [1:14:09<2:08:04, 40.45s/ep][A

tin/rn18/el2nbest/sl/ipc50 w40 s42:  37%|███▋      | 111/300 [1:14:50<2:07:23, 40.44s/ep][A

tin/rn18/el2nbest/sl/ipc50 w40 s42:  37%|███▋      | 112/300 [1:15:30<2:06:44, 40.45s/ep][A

tin/rn18/el2nbest/sl/ipc50 w40 s42:  38%|███▊      | 113/300 [1:16:11<2:06:04, 40.45s/ep][A

tin/rn18/el2nbest/sl/ipc50 w40 s42:  38%|███▊      | 114/300 [1:16:51<2:05:24, 40.45s/ep][A

tin/rn18/el2nbest/sl/ipc50 w40 s42:  38%|███▊      | 115/300 [1:17:32<2:04:44, 40.46s/ep][A

tin/rn18/el2nbest/sl/ipc50 w40 s42:  39%|███▊      | 116/300 [1:18:12<2:04:03, 40.46s/ep][A

tin/rn18/el2nbest/sl/ipc50 w40 s42:  39%|███▉      | 117/300 [1:18:53<2:03:23, 40.45s/ep][A

tin/rn18/el2nbest/sl/ipc50 w40 s42:  39%|███▉      | 118/300 [1:19:33<2:02:42, 40.46s/ep][A

tin/rn18/el2nbest/sl/ipc50 w40 s42:  40%|███▉      | 119/300 [1:20:14<2:02:02, 40.46s/ep][A

tin/rn18/el2nbest/sl/ipc50 w40 s42:  40%|████      | 120/300 [1:20:54<2:01:22, 40.46s/ep][A

tin/rn18/el2nbest/sl/ipc50 w40 s42:  40%|████      | 121/300 [1:21:34<2:00:42, 40.46s/ep][A

tin/rn18/el2nbest/sl/ipc50 w40 s42:  41%|████      | 122/300 [1:22:15<2:00:00, 40.45s/ep][A

tin/rn18/el2nbest/sl/ipc50 w40 s42:  41%|████      | 123/300 [1:22:55<1:59:19, 40.45s/ep][A

tin/rn18/el2nbest/sl/ipc50 w40 s42:  41%|████▏     | 124/300 [1:23:36<1:58:38, 40.45s/ep][A

tin/rn18/el2nbest/sl/ipc50 w40 s42:  42%|████▏     | 125/300 [1:24:16<1:57:58, 40.45s/ep][A

tin/rn18/el2nbest/sl/ipc50 w40 s42:  42%|████▏     | 126/300 [1:24:57<1:57:18, 40.45s/ep][A

tin/rn18/el2nbest/sl/ipc50 w40 s42:  42%|████▏     | 127/300 [1:25:37<1:56:37, 40.45s/ep][A

tin/rn18/el2nbest/sl/ipc50 w40 s42:  43%|████▎     | 128/300 [1:26:18<1:55:57, 40.45s/ep][A

tin/rn18/el2nbest/sl/ipc50 w40 s42:  43%|████▎     | 129/300 [1:26:58<1:55:16, 40.45s/ep][A

tin/rn18/el2nbest/sl/ipc50 w40 s42:  43%|████▎     | 130/300 [1:27:38<1:54:36, 40.45s/ep][A

tin/rn18/el2nbest/sl/ipc50 w40 s42:  44%|████▎     | 131/300 [1:28:19<1:53:56, 40.45s/ep][A

tin/rn18/el2nbest/sl/ipc50 w40 s42:  44%|████▍     | 132/300 [1:28:59<1:53:16, 40.46s/ep][A

tin/rn18/el2nbest/sl/ipc50 w40 s42:  44%|████▍     | 133/300 [1:29:40<1:52:35, 40.45s/ep][A

tin/rn18/el2nbest/sl/ipc50 w40 s42:  45%|████▍     | 134/300 [1:30:20<1:51:55, 40.46s/ep][A

tin/rn18/el2nbest/sl/ipc50 w40 s42:  45%|████▌     | 135/300 [1:31:01<1:51:17, 40.47s/ep][A

tin/rn18/el2nbest/sl/ipc50 w40 s42:  45%|████▌     | 136/300 [1:31:41<1:50:35, 40.46s/ep][A

tin/rn18/el2nbest/sl/ipc50 w40 s42:  46%|████▌     | 137/300 [1:32:22<1:49:54, 40.46s/ep][A

tin/rn18/el2nbest/sl/ipc50 w40 s42:  46%|████▌     | 138/300 [1:33:02<1:49:15, 40.46s/ep][A

tin/rn18/el2nbest/sl/ipc50 w40 s42:  46%|████▋     | 139/300 [1:33:43<1:48:34, 40.46s/ep][A

tin/rn18/el2nbest/sl/ipc50 w40 s42:  47%|████▋     | 140/300 [1:34:23<1:47:52, 40.45s/ep][A

tin/rn18/el2nbest/sl/ipc50 w40 s42:  47%|████▋     | 141/300 [1:35:04<1:47:12, 40.46s/ep][A

tin/rn18/el2nbest/sl/ipc50 w40 s42:  47%|████▋     | 142/300 [1:35:44<1:46:31, 40.45s/ep][A

tin/rn18/el2nbest/sl/ipc50 w40 s42:  48%|████▊     | 143/300 [1:36:24<1:45:52, 40.46s/ep][A

tin/rn18/el2nbest/sl/ipc50 w40 s42:  48%|████▊     | 144/300 [1:37:05<1:45:10, 40.45s/ep][A

tin/rn18/el2nbest/sl/ipc50 w40 s42:  48%|████▊     | 145/300 [1:37:45<1:44:30, 40.46s/ep][A

tin/rn18/el2nbest/sl/ipc50 w40 s42:  49%|████▊     | 146/300 [1:38:26<1:43:51, 40.46s/ep][A

tin/rn18/el2nbest/sl/ipc50 w40 s42:  49%|████▉     | 147/300 [1:39:06<1:43:09, 40.45s/ep][A

tin/rn18/el2nbest/sl/ipc50 w40 s42:  49%|████▉     | 148/300 [1:39:47<1:42:28, 40.45s/ep][A

tin/rn18/el2nbest/sl/ipc50 w40 s42:  50%|████▉     | 149/300 [1:40:27<1:41:47, 40.45s/ep][A

tin/rn18/el2nbest/sl/ipc50 w40 s42:  50%|█████     | 150/300 [1:41:08<1:41:07, 40.45s/ep][A

tin/rn18/el2nbest/sl/ipc50 w40 s42:  50%|█████     | 151/300 [1:41:48<1:40:27, 40.45s/ep][A

tin/rn18/el2nbest/sl/ipc50 w40 s42:  51%|█████     | 152/300 [1:42:29<1:39:47, 40.45s/ep][A

tin/rn18/el2nbest/sl/ipc50 w40 s42:  51%|█████     | 153/300 [1:43:09<1:39:07, 40.46s/ep][A

tin/rn18/el2nbest/sl/ipc50 w40 s42:  51%|█████▏    | 154/300 [1:43:49<1:38:26, 40.45s/ep][A

tin/rn18/el2nbest/sl/ipc50 w40 s42:  52%|█████▏    | 155/300 [1:44:30<1:37:45, 40.45s/ep][A

tin/rn18/el2nbest/sl/ipc50 w40 s42:  52%|█████▏    | 156/300 [1:45:10<1:37:04, 40.45s/ep][A

tin/rn18/el2nbest/sl/ipc50 w40 s42:  52%|█████▏    | 157/300 [1:45:51<1:36:24, 40.45s/ep][A

tin/rn18/el2nbest/sl/ipc50 w40 s42:  53%|█████▎    | 158/300 [1:46:31<1:35:43, 40.45s/ep][A

tin/rn18/el2nbest/sl/ipc50 w40 s42:  53%|█████▎    | 159/300 [1:47:12<1:35:03, 40.45s/ep][A

tin/rn18/el2nbest/sl/ipc50 w40 s42:  53%|█████▎    | 160/300 [1:47:52<1:34:23, 40.45s/ep][A

tin/rn18/el2nbest/sl/ipc50 w40 s42:  54%|█████▎    | 161/300 [1:48:33<1:33:44, 40.46s/ep][A

tin/rn18/el2nbest/sl/ipc50 w40 s42:  54%|█████▍    | 162/300 [1:49:13<1:33:03, 40.46s/ep][A

tin/rn18/el2nbest/sl/ipc50 w40 s42:  54%|█████▍    | 163/300 [1:49:54<1:32:22, 40.46s/ep][A

tin/rn18/el2nbest/sl/ipc50 w40 s42:  55%|█████▍    | 164/300 [1:50:34<1:31:41, 40.45s/ep][A

tin/rn18/el2nbest/sl/ipc50 w40 s42:  55%|█████▌    | 165/300 [1:51:14<1:31:01, 40.45s/ep][A

tin/rn18/el2nbest/sl/ipc50 w40 s42:  55%|█████▌    | 166/300 [1:51:55<1:30:21, 40.46s/ep][A

tin/rn18/el2nbest/sl/ipc50 w40 s42:  56%|█████▌    | 167/300 [1:52:35<1:29:39, 40.45s/ep][A

tin/rn18/el2nbest/sl/ipc50 w40 s42:  56%|█████▌    | 168/300 [1:53:16<1:28:59, 40.45s/ep][A

tin/rn18/el2nbest/sl/ipc50 w40 s42:  56%|█████▋    | 169/300 [1:53:56<1:28:19, 40.46s/ep][A

tin/rn18/el2nbest/sl/ipc50 w40 s42:  57%|█████▋    | 170/300 [1:54:37<1:27:39, 40.46s/ep][A

tin/rn18/el2nbest/sl/ipc50 w40 s42:  57%|█████▋    | 171/300 [1:55:17<1:26:58, 40.46s/ep][A

tin/rn18/el2nbest/sl/ipc50 w40 s42:  57%|█████▋    | 172/300 [1:55:58<1:26:19, 40.46s/ep][A

tin/rn18/el2nbest/sl/ipc50 w40 s42:  58%|█████▊    | 173/300 [1:56:38<1:25:38, 40.46s/ep][A

tin/rn18/el2nbest/sl/ipc50 w40 s42:  58%|█████▊    | 174/300 [1:57:19<1:24:57, 40.45s/ep][A

tin/rn18/el2nbest/sl/ipc50 w40 s42:  58%|█████▊    | 175/300 [1:57:59<1:24:17, 40.46s/ep][A

tin/rn18/el2nbest/sl/ipc50 w40 s42:  59%|█████▊    | 176/300 [1:58:39<1:23:36, 40.46s/ep][A

tin/rn18/el2nbest/sl/ipc50 w40 s42:  59%|█████▉    | 177/300 [1:59:20<1:22:55, 40.45s/ep][A

tin/rn18/el2nbest/sl/ipc50 w40 s42:  59%|█████▉    | 178/300 [2:00:00<1:22:15, 40.45s/ep][A

tin/rn18/el2nbest/sl/ipc50 w40 s42:  60%|█████▉    | 179/300 [2:00:41<1:21:34, 40.45s/ep][A

tin/rn18/el2nbest/sl/ipc50 w40 s42:  60%|██████    | 180/300 [2:01:21<1:20:53, 40.45s/ep][A

tin/rn18/el2nbest/sl/ipc50 w40 s42:  60%|██████    | 181/300 [2:02:02<1:20:13, 40.45s/ep][A

tin/rn18/el2nbest/sl/ipc50 w40 s42:  61%|██████    | 182/300 [2:02:42<1:19:32, 40.45s/ep][A

tin/rn18/el2nbest/sl/ipc50 w40 s42:  61%|██████    | 183/300 [2:03:23<1:18:53, 40.46s/ep][A

tin/rn18/el2nbest/sl/ipc50 w40 s42:  61%|██████▏   | 184/300 [2:04:03<1:18:12, 40.45s/ep][A

tin/rn18/el2nbest/sl/ipc50 w40 s42:  62%|██████▏   | 185/300 [2:04:44<1:17:32, 40.46s/ep][A

tin/rn18/el2nbest/sl/ipc50 w40 s42:  62%|██████▏   | 186/300 [2:05:24<1:16:51, 40.45s/ep][A

tin/rn18/el2nbest/sl/ipc50 w40 s42:  62%|██████▏   | 187/300 [2:06:04<1:16:10, 40.45s/ep][A

tin/rn18/el2nbest/sl/ipc50 w40 s42:  63%|██████▎   | 188/300 [2:06:45<1:15:30, 40.45s/ep][A

tin/rn18/el2nbest/sl/ipc50 w40 s42:  63%|██████▎   | 189/300 [2:07:25<1:14:50, 40.45s/ep][A

tin/rn18/el2nbest/sl/ipc50 w40 s42:  63%|██████▎   | 190/300 [2:08:06<1:14:09, 40.45s/ep][A

tin/rn18/el2nbest/sl/ipc50 w40 s42:  64%|██████▎   | 191/300 [2:08:46<1:13:28, 40.45s/ep][A

tin/rn18/el2nbest/sl/ipc50 w40 s42:  64%|██████▍   | 192/300 [2:09:27<1:12:48, 40.45s/ep][A

tin/rn18/el2nbest/sl/ipc50 w40 s42:  64%|██████▍   | 193/300 [2:10:07<1:12:08, 40.45s/ep][A

tin/rn18/el2nbest/sl/ipc50 w40 s42:  65%|██████▍   | 194/300 [2:10:48<1:11:28, 40.46s/ep][A

tin/rn18/el2nbest/sl/ipc50 w40 s42:  65%|██████▌   | 195/300 [2:11:28<1:10:47, 40.45s/ep][A

tin/rn18/el2nbest/sl/ipc50 w40 s42:  65%|██████▌   | 196/300 [2:12:08<1:10:07, 40.46s/ep][A

tin/rn18/el2nbest/sl/ipc50 w40 s42:  66%|██████▌   | 197/300 [2:12:49<1:09:26, 40.45s/ep][A

tin/rn18/el2nbest/sl/ipc50 w40 s42:  66%|██████▌   | 198/300 [2:13:29<1:08:46, 40.45s/ep][A

tin/rn18/el2nbest/sl/ipc50 w40 s42:  66%|██████▋   | 199/300 [2:14:10<1:08:06, 40.46s/ep][A

tin/rn18/el2nbest/sl/ipc50 w40 s42:  67%|██████▋   | 200/300 [2:14:50<1:07:25, 40.45s/ep][A

tin/rn18/el2nbest/sl/ipc50 w40 s42:  67%|██████▋   | 201/300 [2:15:31<1:06:45, 40.46s/ep][A

tin/rn18/el2nbest/sl/ipc50 w40 s42:  67%|██████▋   | 202/300 [2:16:11<1:06:04, 40.46s/ep][A

tin/rn18/el2nbest/sl/ipc50 w40 s42:  68%|██████▊   | 203/300 [2:16:52<1:05:24, 40.46s/ep][A

tin/rn18/el2nbest/sl/ipc50 w40 s42:  68%|██████▊   | 204/300 [2:17:32<1:04:43, 40.45s/ep][A

tin/rn18/el2nbest/sl/ipc50 w40 s42:  68%|██████▊   | 205/300 [2:18:13<1:04:03, 40.46s/ep][A

tin/rn18/el2nbest/sl/ipc50 w40 s42:  69%|██████▊   | 206/300 [2:18:53<1:03:22, 40.45s/ep][A

tin/rn18/el2nbest/sl/ipc50 w40 s42:  69%|██████▉   | 207/300 [2:19:33<1:02:42, 40.45s/ep][A

tin/rn18/el2nbest/sl/ipc50 w40 s42:  69%|██████▉   | 208/300 [2:20:14<1:02:01, 40.46s/ep][A

tin/rn18/el2nbest/sl/ipc50 w40 s42:  70%|██████▉   | 209/300 [2:20:54<1:01:21, 40.46s/ep][A

tin/rn18/el2nbest/sl/ipc50 w40 s42:  70%|███████   | 210/300 [2:21:35<1:00:41, 40.46s/ep][A

tin/rn18/el2nbest/sl/ipc50 w40 s42:  70%|███████   | 211/300 [2:22:15<1:00:01, 40.46s/ep][A

tin/rn18/el2nbest/sl/ipc50 w40 s42:  71%|███████   | 212/300 [2:22:56<59:20, 40.46s/ep]  [A

tin/rn18/el2nbest/sl/ipc50 w40 s42:  71%|███████   | 213/300 [2:23:36<58:39, 40.46s/ep][A

tin/rn18/el2nbest/sl/ipc50 w40 s42:  71%|███████▏  | 214/300 [2:24:17<57:58, 40.45s/ep][A

tin/rn18/el2nbest/sl/ipc50 w40 s42:  72%|███████▏  | 215/300 [2:24:57<57:18, 40.46s/ep][A

tin/rn18/el2nbest/sl/ipc50 w40 s42:  72%|███████▏  | 216/300 [2:25:38<56:37, 40.45s/ep][A

tin/rn18/el2nbest/sl/ipc50 w40 s42:  72%|███████▏  | 217/300 [2:26:18<55:57, 40.45s/ep][A

tin/rn18/el2nbest/sl/ipc50 w40 s42:  73%|███████▎  | 218/300 [2:26:58<55:16, 40.45s/ep][A

tin/rn18/el2nbest/sl/ipc50 w40 s42:  73%|███████▎  | 219/300 [2:27:39<54:36, 40.45s/ep][A

tin/rn18/el2nbest/sl/ipc50 w40 s42:  73%|███████▎  | 220/300 [2:28:19<53:55, 40.45s/ep][A

tin/rn18/el2nbest/sl/ipc50 w40 s42:  74%|███████▎  | 221/300 [2:29:00<53:15, 40.45s/ep][A

tin/rn18/el2nbest/sl/ipc50 w40 s42:  74%|███████▍  | 222/300 [2:29:40<52:35, 40.45s/ep][A

tin/rn18/el2nbest/sl/ipc50 w40 s42:  74%|███████▍  | 223/300 [2:30:21<51:54, 40.44s/ep][A

tin/rn18/el2nbest/sl/ipc50 w40 s42:  75%|███████▍  | 224/300 [2:31:01<51:13, 40.45s/ep][A

tin/rn18/el2nbest/sl/ipc50 w40 s42:  75%|███████▌  | 225/300 [2:31:42<50:33, 40.45s/ep][A

tin/rn18/el2nbest/sl/ipc50 w40 s42:  75%|███████▌  | 226/300 [2:32:22<49:53, 40.45s/ep][A

tin/rn18/el2nbest/sl/ipc50 w40 s42:  76%|███████▌  | 227/300 [2:33:03<49:13, 40.46s/ep][A

tin/rn18/el2nbest/sl/ipc50 w40 s42:  76%|███████▌  | 228/300 [2:33:43<48:33, 40.47s/ep][A

tin/rn18/el2nbest/sl/ipc50 w40 s42:  76%|███████▋  | 229/300 [2:34:24<47:52, 40.46s/ep][A

tin/rn18/el2nbest/sl/ipc50 w40 s42:  77%|███████▋  | 230/300 [2:35:04<47:12, 40.46s/ep][A

tin/rn18/el2nbest/sl/ipc50 w40 s42:  77%|███████▋  | 231/300 [2:35:44<46:31, 40.46s/ep][A

tin/rn18/el2nbest/sl/ipc50 w40 s42:  77%|███████▋  | 232/300 [2:36:25<45:51, 40.46s/ep][A

tin/rn18/el2nbest/sl/ipc50 w40 s42:  78%|███████▊  | 233/300 [2:37:05<45:11, 40.46s/ep][A

tin/rn18/el2nbest/sl/ipc50 w40 s42:  78%|███████▊  | 234/300 [2:37:46<44:30, 40.46s/ep][A

tin/rn18/el2nbest/sl/ipc50 w40 s42:  78%|███████▊  | 235/300 [2:38:26<43:49, 40.45s/ep][A

tin/rn18/el2nbest/sl/ipc50 w40 s42:  79%|███████▊  | 236/300 [2:39:07<43:09, 40.46s/ep][A

tin/rn18/el2nbest/sl/ipc50 w40 s42:  79%|███████▉  | 237/300 [2:39:47<42:28, 40.45s/ep][A

tin/rn18/el2nbest/sl/ipc50 w40 s42:  79%|███████▉  | 238/300 [2:40:28<41:47, 40.45s/ep][A

tin/rn18/el2nbest/sl/ipc50 w40 s42:  80%|███████▉  | 239/300 [2:41:08<41:07, 40.45s/ep][A

tin/rn18/el2nbest/sl/ipc50 w40 s42:  80%|████████  | 240/300 [2:41:48<40:26, 40.45s/ep][A

tin/rn18/el2nbest/sl/ipc50 w40 s42:  80%|████████  | 241/300 [2:42:29<39:46, 40.45s/ep][A

tin/rn18/el2nbest/sl/ipc50 w40 s42:  81%|████████  | 242/300 [2:43:09<39:05, 40.45s/ep][A

tin/rn18/el2nbest/sl/ipc50 w40 s42:  81%|████████  | 243/300 [2:43:50<38:25, 40.45s/ep][A

tin/rn18/el2nbest/sl/ipc50 w40 s42:  81%|████████▏ | 244/300 [2:44:30<37:45, 40.45s/ep][A

tin/rn18/el2nbest/sl/ipc50 w40 s42:  82%|████████▏ | 245/300 [2:45:11<37:04, 40.45s/ep][A

tin/rn18/el2nbest/sl/ipc50 w40 s42:  82%|████████▏ | 246/300 [2:45:51<36:24, 40.45s/ep][A

tin/rn18/el2nbest/sl/ipc50 w40 s42:  82%|████████▏ | 247/300 [2:46:32<35:44, 40.46s/ep][A

tin/rn18/el2nbest/sl/ipc50 w40 s42:  83%|████████▎ | 248/300 [2:47:12<35:04, 40.47s/ep][A

tin/rn18/el2nbest/sl/ipc50 w40 s42:  83%|████████▎ | 249/300 [2:47:53<34:23, 40.46s/ep][A

tin/rn18/el2nbest/sl/ipc50 w40 s42:  83%|████████▎ | 250/300 [2:48:33<33:43, 40.46s/ep][A

tin/rn18/el2nbest/sl/ipc50 w40 s42:  84%|████████▎ | 251/300 [2:49:14<33:02, 40.46s/ep][A

tin/rn18/el2nbest/sl/ipc50 w40 s42:  84%|████████▍ | 252/300 [2:49:54<32:21, 40.46s/ep][A

tin/rn18/el2nbest/sl/ipc50 w40 s42:  84%|████████▍ | 253/300 [2:50:34<31:41, 40.45s/ep][A

tin/rn18/el2nbest/sl/ipc50 w40 s42:  85%|████████▍ | 254/300 [2:51:15<31:01, 40.46s/ep][A

tin/rn18/el2nbest/sl/ipc50 w40 s42:  85%|████████▌ | 255/300 [2:51:55<30:20, 40.46s/ep][A

tin/rn18/el2nbest/sl/ipc50 w40 s42:  85%|████████▌ | 256/300 [2:52:36<29:40, 40.46s/ep][A

tin/rn18/el2nbest/sl/ipc50 w40 s42:  86%|████████▌ | 257/300 [2:53:16<28:59, 40.46s/ep][A

tin/rn18/el2nbest/sl/ipc50 w40 s42:  86%|████████▌ | 258/300 [2:53:57<28:19, 40.46s/ep][A

tin/rn18/el2nbest/sl/ipc50 w40 s42:  86%|████████▋ | 259/300 [2:54:37<27:38, 40.46s/ep][A

tin/rn18/el2nbest/sl/ipc50 w40 s42:  87%|████████▋ | 260/300 [2:55:18<26:58, 40.46s/ep][A

tin/rn18/el2nbest/sl/ipc50 w40 s42:  87%|████████▋ | 261/300 [2:55:58<26:18, 40.46s/ep][A

tin/rn18/el2nbest/sl/ipc50 w40 s42:  87%|████████▋ | 262/300 [2:56:39<25:37, 40.46s/ep][A

tin/rn18/el2nbest/sl/ipc50 w40 s42:  88%|████████▊ | 263/300 [2:57:19<24:57, 40.46s/ep][A

tin/rn18/el2nbest/sl/ipc50 w40 s42:  88%|████████▊ | 264/300 [2:57:59<24:16, 40.46s/ep][A

tin/rn18/el2nbest/sl/ipc50 w40 s42:  88%|████████▊ | 265/300 [2:58:40<23:35, 40.46s/ep][A

tin/rn18/el2nbest/sl/ipc50 w40 s42:  89%|████████▊ | 266/300 [2:59:20<22:55, 40.46s/ep][A

tin/rn18/el2nbest/sl/ipc50 w40 s42:  89%|████████▉ | 267/300 [3:00:01<22:15, 40.45s/ep][A

tin/rn18/el2nbest/sl/ipc50 w40 s42:  89%|████████▉ | 268/300 [3:00:41<21:34, 40.46s/ep][A

tin/rn18/el2nbest/sl/ipc50 w40 s42:  90%|████████▉ | 269/300 [3:01:22<20:54, 40.47s/ep][A

tin/rn18/el2nbest/sl/ipc50 w40 s42:  90%|█████████ | 270/300 [3:02:02<20:13, 40.46s/ep][A

tin/rn18/el2nbest/sl/ipc50 w40 s42:  90%|█████████ | 271/300 [3:02:43<19:33, 40.46s/ep][A

tin/rn18/el2nbest/sl/ipc50 w40 s42:  91%|█████████ | 272/300 [3:03:23<18:52, 40.46s/ep][A

tin/rn18/el2nbest/sl/ipc50 w40 s42:  91%|█████████ | 273/300 [3:04:04<18:12, 40.46s/ep][A

tin/rn18/el2nbest/sl/ipc50 w40 s42:  91%|█████████▏| 274/300 [3:04:44<17:31, 40.46s/ep][A

tin/rn18/el2nbest/sl/ipc50 w40 s42:  92%|█████████▏| 275/300 [3:05:24<16:51, 40.45s/ep][A

tin/rn18/el2nbest/sl/ipc50 w40 s42:  92%|█████████▏| 276/300 [3:06:05<16:10, 40.46s/ep][A

tin/rn18/el2nbest/sl/ipc50 w40 s42:  92%|█████████▏| 277/300 [3:06:45<15:30, 40.45s/ep][A

tin/rn18/el2nbest/sl/ipc50 w40 s42:  93%|█████████▎| 278/300 [3:07:26<14:49, 40.45s/ep][A

tin/rn18/el2nbest/sl/ipc50 w40 s42:  93%|█████████▎| 279/300 [3:08:06<14:09, 40.45s/ep][A

tin/rn18/el2nbest/sl/ipc50 w40 s42:  93%|█████████▎| 280/300 [3:08:47<13:29, 40.45s/ep][A

tin/rn18/el2nbest/sl/ipc50 w40 s42:  94%|█████████▎| 281/300 [3:09:27<12:48, 40.45s/ep][A

tin/rn18/el2nbest/sl/ipc50 w40 s42:  94%|█████████▍| 282/300 [3:10:08<12:08, 40.45s/ep][A

tin/rn18/el2nbest/sl/ipc50 w40 s42:  94%|█████████▍| 283/300 [3:10:48<11:27, 40.46s/ep][A

tin/rn18/el2nbest/sl/ipc50 w40 s42:  95%|█████████▍| 284/300 [3:11:29<10:47, 40.46s/ep][A

tin/rn18/el2nbest/sl/ipc50 w40 s42:  95%|█████████▌| 285/300 [3:12:09<10:06, 40.46s/ep][A

tin/rn18/el2nbest/sl/ipc50 w40 s42:  95%|█████████▌| 286/300 [3:12:50<09:26, 40.46s/ep][A

tin/rn18/el2nbest/sl/ipc50 w40 s42:  96%|█████████▌| 287/300 [3:13:30<08:45, 40.46s/ep][A

tin/rn18/el2nbest/sl/ipc50 w40 s42:  96%|█████████▌| 288/300 [3:14:10<08:05, 40.46s/ep][A

tin/rn18/el2nbest/sl/ipc50 w40 s42:  96%|█████████▋| 289/300 [3:14:51<07:25, 40.46s/ep][A

tin/rn18/el2nbest/sl/ipc50 w40 s42:  97%|█████████▋| 290/300 [3:15:31<06:44, 40.46s/ep][A

tin/rn18/el2nbest/sl/ipc50 w40 s42:  97%|█████████▋| 291/300 [3:16:12<06:04, 40.46s/ep][A

tin/rn18/el2nbest/sl/ipc50 w40 s42:  97%|█████████▋| 292/300 [3:16:52<05:23, 40.46s/ep][A

tin/rn18/el2nbest/sl/ipc50 w40 s42:  98%|█████████▊| 293/300 [3:17:33<04:43, 40.46s/ep][A

tin/rn18/el2nbest/sl/ipc50 w40 s42:  98%|█████████▊| 294/300 [3:18:13<04:02, 40.46s/ep][A

tin/rn18/el2nbest/sl/ipc50 w40 s42:  98%|█████████▊| 295/300 [3:18:54<03:22, 40.45s/ep][A

tin/rn18/el2nbest/sl/ipc50 w40 s42:  99%|█████████▊| 296/300 [3:19:34<02:41, 40.46s/ep][A

tin/rn18/el2nbest/sl/ipc50 w40 s42:  99%|█████████▉| 297/300 [3:20:15<02:01, 40.46s/ep][A

tin/rn18/el2nbest/sl/ipc50 w40 s42:  99%|█████████▉| 298/300 [3:20:55<01:20, 40.45s/ep][A

tin/rn18/el2nbest/sl/ipc50 w40 s42: 100%|█████████▉| 299/300 [3:21:35<00:40, 40.45s/ep][A

tin/rn18/el2nbest/sl/ipc50 w40 s42: 100%|██████████| 300/300 [3:22:16<00:00, 40.46s/ep][A

                                                                                       [A[cell] tin/rn18/el2nbest/sl/ipc50 window 40%: 34.10%  (12149s)


tin/rn18/el2nbest/sl/ipc50 w50 s42:   0%|          | 0/300 [00:00<?, ?ep/s][A

tin/rn18/el2nbest/sl/ipc50 w50 s42:   0%|          | 1/300 [00:40<3:21:41, 40.47s/ep][A

tin/rn18/el2nbest/sl/ipc50 w50 s42:   1%|          | 2/300 [01:20<3:20:58, 40.46s/ep][A

tin/rn18/el2nbest/sl/ipc50 w50 s42:   1%|          | 3/300 [02:01<3:20:14, 40.45s/ep][A

tin/rn18/el2nbest/sl/ipc50 w50 s42:   1%|▏         | 4/300 [02:41<3:19:36, 40.46s/ep][A

tin/rn18/el2nbest/sl/ipc50 w50 s42:   2%|▏         | 5/300 [03:22<3:18:53, 40.45s/ep][A

tin/rn18/el2nbest/sl/ipc50 w50 s42:   2%|▏         | 6/300 [04:02<3:18:12, 40.45s/ep][A

tin/rn18/el2nbest/sl/ipc50 w50 s42:   2%|▏         | 7/300 [04:43<3:17:32, 40.45s/ep][A

tin/rn18/el2nbest/sl/ipc50 w50 s42:   3%|▎         | 8/300 [05:23<3:16:51, 40.45s/ep][A

tin/rn18/el2nbest/sl/ipc50 w50 s42:   3%|▎         | 9/300 [06:04<3:16:10, 40.45s/ep][A

tin/rn18/el2nbest/sl/ipc50 w50 s42:   3%|▎         | 10/300 [06:44<3:15:29, 40.45s/ep][A

tin/rn18/el2nbest/sl/ipc50 w50 s42:   4%|▎         | 11/300 [07:24<3:14:50, 40.45s/ep][A

tin/rn18/el2nbest/sl/ipc50 w50 s42:   4%|▍         | 12/300 [08:05<3:14:10, 40.45s/ep][A

tin/rn18/el2nbest/sl/ipc50 w50 s42:   4%|▍         | 13/300 [08:45<3:13:30, 40.46s/ep][A

tin/rn18/el2nbest/sl/ipc50 w50 s42:   5%|▍         | 14/300 [09:26<3:12:49, 40.45s/ep][A

tin/rn18/el2nbest/sl/ipc50 w50 s42:   5%|▌         | 15/300 [10:06<3:12:10, 40.46s/ep][A

tin/rn18/el2nbest/sl/ipc50 w50 s42:   5%|▌         | 16/300 [10:47<3:11:31, 40.46s/ep][A

tin/rn18/el2nbest/sl/ipc50 w50 s42:   6%|▌         | 17/300 [11:27<3:10:50, 40.46s/ep][A

tin/rn18/el2nbest/sl/ipc50 w50 s42:   6%|▌         | 18/300 [12:08<3:10:09, 40.46s/ep][A

tin/rn18/el2nbest/sl/ipc50 w50 s42:   6%|▋         | 19/300 [12:48<3:09:28, 40.46s/ep][A

tin/rn18/el2nbest/sl/ipc50 w50 s42:   7%|▋         | 20/300 [13:29<3:08:47, 40.45s/ep][A

tin/rn18/el2nbest/sl/ipc50 w50 s42:   7%|▋         | 21/300 [14:09<3:08:07, 40.46s/ep][A

tin/rn18/el2nbest/sl/ipc50 w50 s42:   7%|▋         | 22/300 [14:50<3:07:27, 40.46s/ep][A

tin/rn18/el2nbest/sl/ipc50 w50 s42:   8%|▊         | 23/300 [15:30<3:06:46, 40.46s/ep][A

tin/rn18/el2nbest/sl/ipc50 w50 s42:   8%|▊         | 24/300 [16:10<3:06:07, 40.46s/ep][A

tin/rn18/el2nbest/sl/ipc50 w50 s42:   8%|▊         | 25/300 [16:51<3:05:26, 40.46s/ep][A

tin/rn18/el2nbest/sl/ipc50 w50 s42:   9%|▊         | 26/300 [17:31<3:04:48, 40.47s/ep][A

tin/rn18/el2nbest/sl/ipc50 w50 s42:   9%|▉         | 27/300 [18:12<3:04:07, 40.47s/ep][A

tin/rn18/el2nbest/sl/ipc50 w50 s42:   9%|▉         | 28/300 [18:52<3:03:27, 40.47s/ep][A

tin/rn18/el2nbest/sl/ipc50 w50 s42:  10%|▉         | 29/300 [19:33<3:02:48, 40.47s/ep][A

tin/rn18/el2nbest/sl/ipc50 w50 s42:  10%|█         | 30/300 [20:13<3:02:06, 40.47s/ep][A

tin/rn18/el2nbest/sl/ipc50 w50 s42:  10%|█         | 31/300 [20:54<3:01:22, 40.46s/ep][A

tin/rn18/el2nbest/sl/ipc50 w50 s42:  11%|█         | 32/300 [21:34<3:00:43, 40.46s/ep][A

tin/rn18/el2nbest/sl/ipc50 w50 s42:  11%|█         | 33/300 [22:15<3:00:05, 40.47s/ep][A

tin/rn18/el2nbest/sl/ipc50 w50 s42:  11%|█▏        | 34/300 [22:55<2:59:22, 40.46s/ep][A

tin/rn18/el2nbest/sl/ipc50 w50 s42:  12%|█▏        | 35/300 [23:36<2:58:40, 40.45s/ep][A

tin/rn18/el2nbest/sl/ipc50 w50 s42:  12%|█▏        | 36/300 [24:16<2:57:59, 40.45s/ep][A

tin/rn18/el2nbest/sl/ipc50 w50 s42:  12%|█▏        | 37/300 [24:56<2:57:19, 40.46s/ep][A

tin/rn18/el2nbest/sl/ipc50 w50 s42:  13%|█▎        | 38/300 [25:37<2:56:38, 40.45s/ep][A

tin/rn18/el2nbest/sl/ipc50 w50 s42:  13%|█▎        | 39/300 [26:17<2:55:59, 40.46s/ep][A

tin/rn18/el2nbest/sl/ipc50 w50 s42:  13%|█▎        | 40/300 [26:58<2:55:20, 40.46s/ep][A

tin/rn18/el2nbest/sl/ipc50 w50 s42:  14%|█▎        | 41/300 [27:38<2:54:38, 40.46s/ep][A

tin/rn18/el2nbest/sl/ipc50 w50 s42:  14%|█▍        | 42/300 [28:19<2:53:57, 40.46s/ep][A

tin/rn18/el2nbest/sl/ipc50 w50 s42:  14%|█▍        | 43/300 [28:59<2:53:16, 40.45s/ep][A

tin/rn18/el2nbest/sl/ipc50 w50 s42:  15%|█▍        | 44/300 [29:40<2:52:36, 40.46s/ep][A

tin/rn18/el2nbest/sl/ipc50 w50 s42:  15%|█▌        | 45/300 [30:20<2:51:55, 40.45s/ep][A

tin/rn18/el2nbest/sl/ipc50 w50 s42:  15%|█▌        | 46/300 [31:01<2:51:16, 40.46s/ep][A

tin/rn18/el2nbest/sl/ipc50 w50 s42:  16%|█▌        | 47/300 [31:41<2:50:34, 40.45s/ep][A

tin/rn18/el2nbest/sl/ipc50 w50 s42:  16%|█▌        | 48/300 [32:21<2:49:54, 40.45s/ep][A

tin/rn18/el2nbest/sl/ipc50 w50 s42:  16%|█▋        | 49/300 [33:02<2:49:12, 40.45s/ep][A

tin/rn18/el2nbest/sl/ipc50 w50 s42:  17%|█▋        | 50/300 [33:42<2:48:33, 40.45s/ep][A

tin/rn18/el2nbest/sl/ipc50 w50 s42:  17%|█▋        | 51/300 [34:23<2:47:52, 40.45s/ep][A

tin/rn18/el2nbest/sl/ipc50 w50 s42:  17%|█▋        | 52/300 [35:03<2:47:13, 40.46s/ep][A

tin/rn18/el2nbest/sl/ipc50 w50 s42:  18%|█▊        | 53/300 [35:44<2:46:32, 40.45s/ep][A

tin/rn18/el2nbest/sl/ipc50 w50 s42:  18%|█▊        | 54/300 [36:24<2:45:51, 40.45s/ep][A

tin/rn18/el2nbest/sl/ipc50 w50 s42:  18%|█▊        | 55/300 [37:05<2:45:11, 40.46s/ep][A

tin/rn18/el2nbest/sl/ipc50 w50 s42:  19%|█▊        | 56/300 [37:45<2:44:29, 40.45s/ep][A

tin/rn18/el2nbest/sl/ipc50 w50 s42:  19%|█▉        | 57/300 [38:26<2:43:50, 40.45s/ep][A

tin/rn18/el2nbest/sl/ipc50 w50 s42:  19%|█▉        | 58/300 [39:06<2:43:09, 40.45s/ep][A

tin/rn18/el2nbest/sl/ipc50 w50 s42:  20%|█▉        | 59/300 [39:46<2:42:28, 40.45s/ep][A

tin/rn18/el2nbest/sl/ipc50 w50 s42:  20%|██        | 60/300 [40:27<2:41:49, 40.46s/ep][A

tin/rn18/el2nbest/sl/ipc50 w50 s42:  20%|██        | 61/300 [41:07<2:41:08, 40.45s/ep][A

tin/rn18/el2nbest/sl/ipc50 w50 s42:  21%|██        | 62/300 [41:48<2:40:26, 40.45s/ep][A

tin/rn18/el2nbest/sl/ipc50 w50 s42:  21%|██        | 63/300 [42:28<2:39:46, 40.45s/ep][A

tin/rn18/el2nbest/sl/ipc50 w50 s42:  21%|██▏       | 64/300 [43:09<2:39:06, 40.45s/ep][A

tin/rn18/el2nbest/sl/ipc50 w50 s42:  22%|██▏       | 65/300 [43:49<2:38:25, 40.45s/ep][A

tin/rn18/el2nbest/sl/ipc50 w50 s42:  22%|██▏       | 66/300 [44:30<2:37:44, 40.45s/ep][A

tin/rn18/el2nbest/sl/ipc50 w50 s42:  22%|██▏       | 67/300 [45:10<2:37:04, 40.45s/ep][A

tin/rn18/el2nbest/sl/ipc50 w50 s42:  23%|██▎       | 68/300 [45:50<2:36:24, 40.45s/ep][A

tin/rn18/el2nbest/sl/ipc50 w50 s42:  23%|██▎       | 69/300 [46:31<2:35:45, 40.46s/ep][A

tin/rn18/el2nbest/sl/ipc50 w50 s42:  23%|██▎       | 70/300 [47:11<2:35:04, 40.46s/ep][A

tin/rn18/el2nbest/sl/ipc50 w50 s42:  24%|██▎       | 71/300 [47:52<2:34:25, 40.46s/ep][A

tin/rn18/el2nbest/sl/ipc50 w50 s42:  24%|██▍       | 72/300 [48:32<2:33:43, 40.46s/ep][A

tin/rn18/el2nbest/sl/ipc50 w50 s42:  24%|██▍       | 73/300 [49:13<2:33:03, 40.46s/ep][A

tin/rn18/el2nbest/sl/ipc50 w50 s42:  25%|██▍       | 74/300 [49:53<2:32:22, 40.45s/ep][A

tin/rn18/el2nbest/sl/ipc50 w50 s42:  25%|██▌       | 75/300 [50:34<2:31:41, 40.45s/ep][A

tin/rn18/el2nbest/sl/ipc50 w50 s42:  25%|██▌       | 76/300 [51:14<2:31:01, 40.46s/ep][A

tin/rn18/el2nbest/sl/ipc50 w50 s42:  26%|██▌       | 77/300 [51:55<2:30:21, 40.45s/ep][A

tin/rn18/el2nbest/sl/ipc50 w50 s42:  26%|██▌       | 78/300 [52:35<2:29:40, 40.45s/ep][A

tin/rn18/el2nbest/sl/ipc50 w50 s42:  26%|██▋       | 79/300 [53:15<2:29:00, 40.45s/ep][A

tin/rn18/el2nbest/sl/ipc50 w50 s42:  27%|██▋       | 80/300 [53:56<2:28:19, 40.45s/ep][A

tin/rn18/el2nbest/sl/ipc50 w50 s42:  27%|██▋       | 81/300 [54:36<2:27:39, 40.46s/ep][A

tin/rn18/el2nbest/sl/ipc50 w50 s42:  27%|██▋       | 82/300 [55:17<2:26:57, 40.45s/ep][A

tin/rn18/el2nbest/sl/ipc50 w50 s42:  28%|██▊       | 83/300 [55:57<2:26:17, 40.45s/ep][A

tin/rn18/el2nbest/sl/ipc50 w50 s42:  28%|██▊       | 84/300 [56:38<2:25:37, 40.45s/ep][A

tin/rn18/el2nbest/sl/ipc50 w50 s42:  28%|██▊       | 85/300 [57:18<2:24:56, 40.45s/ep][A

tin/rn18/el2nbest/sl/ipc50 w50 s42:  29%|██▊       | 86/300 [57:59<2:24:15, 40.44s/ep][A

tin/rn18/el2nbest/sl/ipc50 w50 s42:  29%|██▉       | 87/300 [58:39<2:23:34, 40.45s/ep][A

tin/rn18/el2nbest/sl/ipc50 w50 s42:  29%|██▉       | 88/300 [59:20<2:22:55, 40.45s/ep][A

tin/rn18/el2nbest/sl/ipc50 w50 s42:  30%|██▉       | 89/300 [1:00:00<2:22:15, 40.45s/ep][A

tin/rn18/el2nbest/sl/ipc50 w50 s42:  30%|███       | 90/300 [1:00:40<2:21:35, 40.45s/ep][A

tin/rn18/el2nbest/sl/ipc50 w50 s42:  30%|███       | 91/300 [1:01:21<2:20:53, 40.45s/ep][A

tin/rn18/el2nbest/sl/ipc50 w50 s42:  31%|███       | 92/300 [1:02:01<2:20:13, 40.45s/ep][A

tin/rn18/el2nbest/sl/ipc50 w50 s42:  31%|███       | 93/300 [1:02:42<2:19:31, 40.44s/ep][A

tin/rn18/el2nbest/sl/ipc50 w50 s42:  31%|███▏      | 94/300 [1:03:22<2:18:51, 40.44s/ep][A

tin/rn18/el2nbest/sl/ipc50 w50 s42:  32%|███▏      | 95/300 [1:04:03<2:18:11, 40.45s/ep][A

tin/rn18/el2nbest/sl/ipc50 w50 s42:  32%|███▏      | 96/300 [1:04:43<2:17:30, 40.44s/ep][A

tin/rn18/el2nbest/sl/ipc50 w50 s42:  32%|███▏      | 97/300 [1:05:24<2:16:50, 40.45s/ep][A

tin/rn18/el2nbest/sl/ipc50 w50 s42:  33%|███▎      | 98/300 [1:06:04<2:16:12, 40.46s/ep][A

tin/rn18/el2nbest/sl/ipc50 w50 s42:  33%|███▎      | 99/300 [1:06:44<2:15:32, 40.46s/ep][A

tin/rn18/el2nbest/sl/ipc50 w50 s42:  33%|███▎      | 100/300 [1:07:25<2:14:50, 40.45s/ep][A

tin/rn18/el2nbest/sl/ipc50 w50 s42:  34%|███▎      | 101/300 [1:08:05<2:14:09, 40.45s/ep][A

tin/rn18/el2nbest/sl/ipc50 w50 s42:  34%|███▍      | 102/300 [1:08:46<2:13:29, 40.45s/ep][A

tin/rn18/el2nbest/sl/ipc50 w50 s42:  34%|███▍      | 103/300 [1:09:26<2:12:49, 40.45s/ep][A

tin/rn18/el2nbest/sl/ipc50 w50 s42:  35%|███▍      | 104/300 [1:10:07<2:12:09, 40.46s/ep][A

tin/rn18/el2nbest/sl/ipc50 w50 s42:  35%|███▌      | 105/300 [1:10:47<2:11:29, 40.46s/ep][A

tin/rn18/el2nbest/sl/ipc50 w50 s42:  35%|███▌      | 106/300 [1:11:28<2:10:47, 40.45s/ep][A

tin/rn18/el2nbest/sl/ipc50 w50 s42:  36%|███▌      | 107/300 [1:12:08<2:10:07, 40.45s/ep][A

tin/rn18/el2nbest/sl/ipc50 w50 s42:  36%|███▌      | 108/300 [1:12:49<2:09:27, 40.46s/ep][A

tin/rn18/el2nbest/sl/ipc50 w50 s42:  36%|███▋      | 109/300 [1:13:29<2:08:45, 40.45s/ep][A

tin/rn18/el2nbest/sl/ipc50 w50 s42:  37%|███▋      | 110/300 [1:14:09<2:08:05, 40.45s/ep][A

tin/rn18/el2nbest/sl/ipc50 w50 s42:  37%|███▋      | 111/300 [1:14:50<2:07:23, 40.44s/ep][A

tin/rn18/el2nbest/sl/ipc50 w50 s42:  37%|███▋      | 112/300 [1:15:30<2:06:44, 40.45s/ep][A

tin/rn18/el2nbest/sl/ipc50 w50 s42:  38%|███▊      | 113/300 [1:16:11<2:06:04, 40.45s/ep][A

tin/rn18/el2nbest/sl/ipc50 w50 s42:  38%|███▊      | 114/300 [1:16:51<2:05:24, 40.45s/ep][A

tin/rn18/el2nbest/sl/ipc50 w50 s42:  38%|███▊      | 115/300 [1:17:32<2:04:44, 40.46s/ep][A

tin/rn18/el2nbest/sl/ipc50 w50 s42:  39%|███▊      | 116/300 [1:18:12<2:04:03, 40.45s/ep][A

tin/rn18/el2nbest/sl/ipc50 w50 s42:  39%|███▉      | 117/300 [1:18:53<2:03:23, 40.45s/ep][A

tin/rn18/el2nbest/sl/ipc50 w50 s42:  39%|███▉      | 118/300 [1:19:33<2:02:43, 40.46s/ep][A

tin/rn18/el2nbest/sl/ipc50 w50 s42:  40%|███▉      | 119/300 [1:20:14<2:02:02, 40.46s/ep][A

tin/rn18/el2nbest/sl/ipc50 w50 s42:  40%|████      | 120/300 [1:20:54<2:01:22, 40.46s/ep][A

tin/rn18/el2nbest/sl/ipc50 w50 s42:  40%|████      | 121/300 [1:21:34<2:00:42, 40.46s/ep][A

tin/rn18/el2nbest/sl/ipc50 w50 s42:  41%|████      | 122/300 [1:22:15<2:00:01, 40.46s/ep][A

tin/rn18/el2nbest/sl/ipc50 w50 s42:  41%|████      | 123/300 [1:22:55<1:59:19, 40.45s/ep][A

tin/rn18/el2nbest/sl/ipc50 w50 s42:  41%|████▏     | 124/300 [1:23:36<1:58:38, 40.45s/ep][A

tin/rn18/el2nbest/sl/ipc50 w50 s42:  42%|████▏     | 125/300 [1:24:16<1:57:58, 40.45s/ep][A

tin/rn18/el2nbest/sl/ipc50 w50 s42:  42%|████▏     | 126/300 [1:24:57<1:57:18, 40.45s/ep][A

tin/rn18/el2nbest/sl/ipc50 w50 s42:  42%|████▏     | 127/300 [1:25:37<1:56:38, 40.45s/ep][A

tin/rn18/el2nbest/sl/ipc50 w50 s42:  43%|████▎     | 128/300 [1:26:18<1:55:57, 40.45s/ep][A

tin/rn18/el2nbest/sl/ipc50 w50 s42:  43%|████▎     | 129/300 [1:26:58<1:55:16, 40.45s/ep][A

tin/rn18/el2nbest/sl/ipc50 w50 s42:  43%|████▎     | 130/300 [1:27:39<1:54:37, 40.45s/ep][A

tin/rn18/el2nbest/sl/ipc50 w50 s42:  44%|████▎     | 131/300 [1:28:19<1:53:55, 40.45s/ep][A

tin/rn18/el2nbest/sl/ipc50 w50 s42:  44%|████▍     | 132/300 [1:28:59<1:53:15, 40.45s/ep][A

tin/rn18/el2nbest/sl/ipc50 w50 s42:  44%|████▍     | 133/300 [1:29:40<1:52:35, 40.45s/ep][A

tin/rn18/el2nbest/sl/ipc50 w50 s42:  45%|████▍     | 134/300 [1:30:20<1:51:55, 40.45s/ep][A

tin/rn18/el2nbest/sl/ipc50 w50 s42:  45%|████▌     | 135/300 [1:31:01<1:51:16, 40.46s/ep][A

tin/rn18/el2nbest/sl/ipc50 w50 s42:  45%|████▌     | 136/300 [1:31:41<1:50:34, 40.45s/ep][A

tin/rn18/el2nbest/sl/ipc50 w50 s42:  46%|████▌     | 137/300 [1:32:22<1:49:54, 40.46s/ep][A

tin/rn18/el2nbest/sl/ipc50 w50 s42:  46%|████▌     | 138/300 [1:33:02<1:49:14, 40.46s/ep][A

tin/rn18/el2nbest/sl/ipc50 w50 s42:  46%|████▋     | 139/300 [1:33:43<1:48:33, 40.46s/ep][A

tin/rn18/el2nbest/sl/ipc50 w50 s42:  47%|████▋     | 140/300 [1:34:23<1:47:52, 40.45s/ep][A

tin/rn18/el2nbest/sl/ipc50 w50 s42:  47%|████▋     | 141/300 [1:35:04<1:47:12, 40.46s/ep][A

tin/rn18/el2nbest/sl/ipc50 w50 s42:  47%|████▋     | 142/300 [1:35:44<1:46:31, 40.45s/ep][A

tin/rn18/el2nbest/sl/ipc50 w50 s42:  48%|████▊     | 143/300 [1:36:24<1:45:51, 40.46s/ep][A

tin/rn18/el2nbest/sl/ipc50 w50 s42:  48%|████▊     | 144/300 [1:37:05<1:45:10, 40.45s/ep][A

tin/rn18/el2nbest/sl/ipc50 w50 s42:  48%|████▊     | 145/300 [1:37:45<1:44:30, 40.46s/ep][A

tin/rn18/el2nbest/sl/ipc50 w50 s42:  49%|████▊     | 146/300 [1:38:26<1:43:50, 40.46s/ep][A

tin/rn18/el2nbest/sl/ipc50 w50 s42:  49%|████▉     | 147/300 [1:39:06<1:43:09, 40.45s/ep][A

tin/rn18/el2nbest/sl/ipc50 w50 s42:  49%|████▉     | 148/300 [1:39:47<1:42:28, 40.45s/ep][A

tin/rn18/el2nbest/sl/ipc50 w50 s42:  50%|████▉     | 149/300 [1:40:27<1:41:47, 40.45s/ep][A

tin/rn18/el2nbest/sl/ipc50 w50 s42:  50%|█████     | 150/300 [1:41:08<1:41:08, 40.45s/ep][A

tin/rn18/el2nbest/sl/ipc50 w50 s42:  50%|█████     | 151/300 [1:41:48<1:40:27, 40.45s/ep][A

tin/rn18/el2nbest/sl/ipc50 w50 s42:  51%|█████     | 152/300 [1:42:29<1:39:47, 40.45s/ep][A

tin/rn18/el2nbest/sl/ipc50 w50 s42:  51%|█████     | 153/300 [1:43:09<1:39:07, 40.46s/ep][A

tin/rn18/el2nbest/sl/ipc50 w50 s42:  51%|█████▏    | 154/300 [1:43:49<1:38:26, 40.46s/ep][A

tin/rn18/el2nbest/sl/ipc50 w50 s42:  52%|█████▏    | 155/300 [1:44:30<1:37:45, 40.45s/ep][A

tin/rn18/el2nbest/sl/ipc50 w50 s42:  52%|█████▏    | 156/300 [1:45:10<1:37:04, 40.45s/ep][A

tin/rn18/el2nbest/sl/ipc50 w50 s42:  52%|█████▏    | 157/300 [1:45:51<1:36:24, 40.45s/ep][A

tin/rn18/el2nbest/sl/ipc50 w50 s42:  53%|█████▎    | 158/300 [1:46:31<1:35:42, 40.44s/ep][A

tin/rn18/el2nbest/sl/ipc50 w50 s42:  53%|█████▎    | 159/300 [1:47:12<1:35:03, 40.45s/ep][A

tin/rn18/el2nbest/sl/ipc50 w50 s42:  53%|█████▎    | 160/300 [1:47:52<1:34:23, 40.45s/ep][A

tin/rn18/el2nbest/sl/ipc50 w50 s42:  54%|█████▎    | 161/300 [1:48:33<1:33:43, 40.46s/ep][A

tin/rn18/el2nbest/sl/ipc50 w50 s42:  54%|█████▍    | 162/300 [1:49:13<1:33:02, 40.45s/ep][A

tin/rn18/el2nbest/sl/ipc50 w50 s42:  54%|█████▍    | 163/300 [1:49:54<1:32:22, 40.46s/ep][A

tin/rn18/el2nbest/sl/ipc50 w50 s42:  55%|█████▍    | 164/300 [1:50:34<1:31:41, 40.45s/ep][A

tin/rn18/el2nbest/sl/ipc50 w50 s42:  55%|█████▌    | 165/300 [1:51:14<1:31:01, 40.46s/ep][A

tin/rn18/el2nbest/sl/ipc50 w50 s42:  55%|█████▌    | 166/300 [1:51:55<1:30:21, 40.46s/ep][A

tin/rn18/el2nbest/sl/ipc50 w50 s42:  56%|█████▌    | 167/300 [1:52:35<1:29:39, 40.45s/ep][A

tin/rn18/el2nbest/sl/ipc50 w50 s42:  56%|█████▌    | 168/300 [1:53:16<1:28:59, 40.45s/ep][A

tin/rn18/el2nbest/sl/ipc50 w50 s42:  56%|█████▋    | 169/300 [1:53:56<1:28:19, 40.46s/ep][A

tin/rn18/el2nbest/sl/ipc50 w50 s42:  57%|█████▋    | 170/300 [1:54:37<1:27:39, 40.46s/ep][A

tin/rn18/el2nbest/sl/ipc50 w50 s42:  57%|█████▋    | 171/300 [1:55:17<1:26:58, 40.45s/ep][A

tin/rn18/el2nbest/sl/ipc50 w50 s42:  57%|█████▋    | 172/300 [1:55:58<1:26:19, 40.46s/ep][A

tin/rn18/el2nbest/sl/ipc50 w50 s42:  58%|█████▊    | 173/300 [1:56:38<1:25:38, 40.46s/ep][A

tin/rn18/el2nbest/sl/ipc50 w50 s42:  58%|█████▊    | 174/300 [1:57:19<1:24:57, 40.45s/ep][A

tin/rn18/el2nbest/sl/ipc50 w50 s42:  58%|█████▊    | 175/300 [1:57:59<1:24:17, 40.46s/ep][A

tin/rn18/el2nbest/sl/ipc50 w50 s42:  59%|█████▊    | 176/300 [1:58:39<1:23:37, 40.46s/ep][A

tin/rn18/el2nbest/sl/ipc50 w50 s42:  59%|█████▉    | 177/300 [1:59:20<1:22:56, 40.46s/ep][A

tin/rn18/el2nbest/sl/ipc50 w50 s42:  59%|█████▉    | 178/300 [2:00:00<1:22:15, 40.45s/ep][A

tin/rn18/el2nbest/sl/ipc50 w50 s42:  60%|█████▉    | 179/300 [2:00:41<1:21:34, 40.45s/ep][A

tin/rn18/el2nbest/sl/ipc50 w50 s42:  60%|██████    | 180/300 [2:01:21<1:20:53, 40.45s/ep][A

tin/rn18/el2nbest/sl/ipc50 w50 s42:  60%|██████    | 181/300 [2:02:02<1:20:13, 40.45s/ep][A

tin/rn18/el2nbest/sl/ipc50 w50 s42:  61%|██████    | 182/300 [2:02:42<1:19:33, 40.45s/ep][A

tin/rn18/el2nbest/sl/ipc50 w50 s42:  61%|██████    | 183/300 [2:03:23<1:18:53, 40.46s/ep][A

tin/rn18/el2nbest/sl/ipc50 w50 s42:  61%|██████▏   | 184/300 [2:04:03<1:18:12, 40.45s/ep][A

tin/rn18/el2nbest/sl/ipc50 w50 s42:  62%|██████▏   | 185/300 [2:04:44<1:17:32, 40.46s/ep][A

tin/rn18/el2nbest/sl/ipc50 w50 s42:  62%|██████▏   | 186/300 [2:05:24<1:16:51, 40.45s/ep][A

tin/rn18/el2nbest/sl/ipc50 w50 s42:  62%|██████▏   | 187/300 [2:06:04<1:16:10, 40.45s/ep][A

tin/rn18/el2nbest/sl/ipc50 w50 s42:  63%|██████▎   | 188/300 [2:06:45<1:15:29, 40.44s/ep][A

tin/rn18/el2nbest/sl/ipc50 w50 s42:  63%|██████▎   | 189/300 [2:07:25<1:14:50, 40.45s/ep][A

tin/rn18/el2nbest/sl/ipc50 w50 s42:  63%|██████▎   | 190/300 [2:08:06<1:14:09, 40.45s/ep][A

tin/rn18/el2nbest/sl/ipc50 w50 s42:  64%|██████▎   | 191/300 [2:08:46<1:13:28, 40.45s/ep][A

tin/rn18/el2nbest/sl/ipc50 w50 s42:  64%|██████▍   | 192/300 [2:09:27<1:12:48, 40.45s/ep][A

tin/rn18/el2nbest/sl/ipc50 w50 s42:  64%|██████▍   | 193/300 [2:10:07<1:12:08, 40.45s/ep][A

tin/rn18/el2nbest/sl/ipc50 w50 s42:  65%|██████▍   | 194/300 [2:10:48<1:11:28, 40.46s/ep][A

tin/rn18/el2nbest/sl/ipc50 w50 s42:  65%|██████▌   | 195/300 [2:11:28<1:10:47, 40.45s/ep][A

tin/rn18/el2nbest/sl/ipc50 w50 s42:  65%|██████▌   | 196/300 [2:12:08<1:10:07, 40.45s/ep][A

tin/rn18/el2nbest/sl/ipc50 w50 s42:  66%|██████▌   | 197/300 [2:12:49<1:09:26, 40.46s/ep][A

tin/rn18/el2nbest/sl/ipc50 w50 s42:  66%|██████▌   | 198/300 [2:13:29<1:08:46, 40.45s/ep][A

tin/rn18/el2nbest/sl/ipc50 w50 s42:  66%|██████▋   | 199/300 [2:14:10<1:08:06, 40.46s/ep][A

tin/rn18/el2nbest/sl/ipc50 w50 s42:  67%|██████▋   | 200/300 [2:14:50<1:07:25, 40.45s/ep][A

tin/rn18/el2nbest/sl/ipc50 w50 s42:  67%|██████▋   | 201/300 [2:15:31<1:06:44, 40.45s/ep][A

tin/rn18/el2nbest/sl/ipc50 w50 s42:  67%|██████▋   | 202/300 [2:16:11<1:06:04, 40.46s/ep][A

tin/rn18/el2nbest/sl/ipc50 w50 s42:  68%|██████▊   | 203/300 [2:16:52<1:05:24, 40.46s/ep][A

tin/rn18/el2nbest/sl/ipc50 w50 s42:  68%|██████▊   | 204/300 [2:17:32<1:04:43, 40.46s/ep][A

tin/rn18/el2nbest/sl/ipc50 w50 s42:  68%|██████▊   | 205/300 [2:18:13<1:04:03, 40.46s/ep][A

tin/rn18/el2nbest/sl/ipc50 w50 s42:  69%|██████▊   | 206/300 [2:18:53<1:03:22, 40.45s/ep][A

tin/rn18/el2nbest/sl/ipc50 w50 s42:  69%|██████▉   | 207/300 [2:19:33<1:02:41, 40.45s/ep][A

tin/rn18/el2nbest/sl/ipc50 w50 s42:  69%|██████▉   | 208/300 [2:20:14<1:02:01, 40.45s/ep][A

tin/rn18/el2nbest/sl/ipc50 w50 s42:  70%|██████▉   | 209/300 [2:20:54<1:01:21, 40.45s/ep][A

tin/rn18/el2nbest/sl/ipc50 w50 s42:  70%|███████   | 210/300 [2:21:35<1:00:41, 40.46s/ep][A

tin/rn18/el2nbest/sl/ipc50 w50 s42:  70%|███████   | 211/300 [2:22:15<1:00:00, 40.46s/ep][A

tin/rn18/el2nbest/sl/ipc50 w50 s42:  71%|███████   | 212/300 [2:22:56<59:20, 40.46s/ep]  [A

tin/rn18/el2nbest/sl/ipc50 w50 s42:  71%|███████   | 213/300 [2:23:36<58:39, 40.46s/ep][A

tin/rn18/el2nbest/sl/ipc50 w50 s42:  71%|███████▏  | 214/300 [2:24:17<57:58, 40.45s/ep][A

tin/rn18/el2nbest/sl/ipc50 w50 s42:  72%|███████▏  | 215/300 [2:24:57<57:18, 40.46s/ep][A

tin/rn18/el2nbest/sl/ipc50 w50 s42:  72%|███████▏  | 216/300 [2:25:38<56:37, 40.45s/ep][A

tin/rn18/el2nbest/sl/ipc50 w50 s42:  72%|███████▏  | 217/300 [2:26:18<55:57, 40.45s/ep][A

tin/rn18/el2nbest/sl/ipc50 w50 s42:  73%|███████▎  | 218/300 [2:26:58<55:16, 40.45s/ep][A

tin/rn18/el2nbest/sl/ipc50 w50 s42:  73%|███████▎  | 219/300 [2:27:39<54:36, 40.45s/ep][A

tin/rn18/el2nbest/sl/ipc50 w50 s42:  73%|███████▎  | 220/300 [2:28:19<53:56, 40.45s/ep][A

tin/rn18/el2nbest/sl/ipc50 w50 s42:  74%|███████▎  | 221/300 [2:29:00<53:15, 40.45s/ep][A

tin/rn18/el2nbest/sl/ipc50 w50 s42:  74%|███████▍  | 222/300 [2:29:40<52:35, 40.45s/ep][A

tin/rn18/el2nbest/sl/ipc50 w50 s42:  74%|███████▍  | 223/300 [2:30:21<51:54, 40.45s/ep][A

tin/rn18/el2nbest/sl/ipc50 w50 s42:  75%|███████▍  | 224/300 [2:31:01<51:13, 40.45s/ep][A

tin/rn18/el2nbest/sl/ipc50 w50 s42:  75%|███████▌  | 225/300 [2:31:42<50:33, 40.45s/ep][A

tin/rn18/el2nbest/sl/ipc50 w50 s42:  75%|███████▌  | 226/300 [2:32:22<49:53, 40.45s/ep][A

tin/rn18/el2nbest/sl/ipc50 w50 s42:  76%|███████▌  | 227/300 [2:33:03<49:13, 40.46s/ep][A

tin/rn18/el2nbest/sl/ipc50 w50 s42:  76%|███████▌  | 228/300 [2:33:43<48:33, 40.47s/ep][A

tin/rn18/el2nbest/sl/ipc50 w50 s42:  76%|███████▋  | 229/300 [2:34:24<47:53, 40.47s/ep][A

tin/rn18/el2nbest/sl/ipc50 w50 s42:  77%|███████▋  | 230/300 [2:35:04<47:12, 40.46s/ep][A

tin/rn18/el2nbest/sl/ipc50 w50 s42:  77%|███████▋  | 231/300 [2:35:44<46:31, 40.46s/ep][A

tin/rn18/el2nbest/sl/ipc50 w50 s42:  77%|███████▋  | 232/300 [2:36:25<45:51, 40.46s/ep][A

tin/rn18/el2nbest/sl/ipc50 w50 s42:  78%|███████▊  | 233/300 [2:37:05<45:11, 40.46s/ep][A

tin/rn18/el2nbest/sl/ipc50 w50 s42:  78%|███████▊  | 234/300 [2:37:46<44:30, 40.46s/ep][A

tin/rn18/el2nbest/sl/ipc50 w50 s42:  78%|███████▊  | 235/300 [2:38:26<43:49, 40.46s/ep][A

tin/rn18/el2nbest/sl/ipc50 w50 s42:  79%|███████▊  | 236/300 [2:39:07<43:09, 40.46s/ep][A

tin/rn18/el2nbest/sl/ipc50 w50 s42:  79%|███████▉  | 237/300 [2:39:47<42:28, 40.46s/ep][A

tin/rn18/el2nbest/sl/ipc50 w50 s42:  79%|███████▉  | 238/300 [2:40:28<41:47, 40.45s/ep][A

tin/rn18/el2nbest/sl/ipc50 w50 s42:  80%|███████▉  | 239/300 [2:41:08<41:07, 40.45s/ep][A

tin/rn18/el2nbest/sl/ipc50 w50 s42:  80%|████████  | 240/300 [2:41:48<40:26, 40.45s/ep][A

tin/rn18/el2nbest/sl/ipc50 w50 s42:  80%|████████  | 241/300 [2:42:29<39:46, 40.45s/ep][A

tin/rn18/el2nbest/sl/ipc50 w50 s42:  81%|████████  | 242/300 [2:43:09<39:06, 40.45s/ep][A

tin/rn18/el2nbest/sl/ipc50 w50 s42:  81%|████████  | 243/300 [2:43:50<38:25, 40.45s/ep][A

tin/rn18/el2nbest/sl/ipc50 w50 s42:  81%|████████▏ | 244/300 [2:44:30<37:45, 40.46s/ep][A

tin/rn18/el2nbest/sl/ipc50 w50 s42:  82%|████████▏ | 245/300 [2:45:11<37:04, 40.45s/ep][A

tin/rn18/el2nbest/sl/ipc50 w50 s42:  82%|████████▏ | 246/300 [2:45:51<36:24, 40.45s/ep][A

tin/rn18/el2nbest/sl/ipc50 w50 s42:  82%|████████▏ | 247/300 [2:46:32<35:44, 40.46s/ep][A

tin/rn18/el2nbest/sl/ipc50 w50 s42:  83%|████████▎ | 248/300 [2:47:12<35:04, 40.47s/ep][A

tin/rn18/el2nbest/sl/ipc50 w50 s42:  83%|████████▎ | 249/300 [2:47:53<34:23, 40.47s/ep][A

tin/rn18/el2nbest/sl/ipc50 w50 s42:  83%|████████▎ | 250/300 [2:48:33<33:43, 40.46s/ep][A

tin/rn18/el2nbest/sl/ipc50 w50 s42:  84%|████████▎ | 251/300 [2:49:14<33:02, 40.46s/ep][A

tin/rn18/el2nbest/sl/ipc50 w50 s42:  84%|████████▍ | 252/300 [2:49:54<32:21, 40.46s/ep][A

tin/rn18/el2nbest/sl/ipc50 w50 s42:  84%|████████▍ | 253/300 [2:50:34<31:41, 40.46s/ep][A

tin/rn18/el2nbest/sl/ipc50 w50 s42:  85%|████████▍ | 254/300 [2:51:15<31:01, 40.46s/ep][A

tin/rn18/el2nbest/sl/ipc50 w50 s42:  85%|████████▌ | 255/300 [2:51:55<30:20, 40.46s/ep][A

tin/rn18/el2nbest/sl/ipc50 w50 s42:  85%|████████▌ | 256/300 [2:52:36<29:40, 40.46s/ep][A

tin/rn18/el2nbest/sl/ipc50 w50 s42:  86%|████████▌ | 257/300 [2:53:16<28:59, 40.46s/ep][A

tin/rn18/el2nbest/sl/ipc50 w50 s42:  86%|████████▌ | 258/300 [2:53:57<28:19, 40.46s/ep][A

tin/rn18/el2nbest/sl/ipc50 w50 s42:  86%|████████▋ | 259/300 [2:54:37<27:38, 40.46s/ep][A

tin/rn18/el2nbest/sl/ipc50 w50 s42:  87%|████████▋ | 260/300 [2:55:18<26:58, 40.46s/ep][A

tin/rn18/el2nbest/sl/ipc50 w50 s42:  87%|████████▋ | 261/300 [2:55:58<26:17, 40.46s/ep][A

tin/rn18/el2nbest/sl/ipc50 w50 s42:  87%|████████▋ | 262/300 [2:56:39<25:37, 40.46s/ep][A

tin/rn18/el2nbest/sl/ipc50 w50 s42:  88%|████████▊ | 263/300 [2:57:19<24:57, 40.46s/ep][A

tin/rn18/el2nbest/sl/ipc50 w50 s42:  88%|████████▊ | 264/300 [2:58:00<24:16, 40.46s/ep][A

tin/rn18/el2nbest/sl/ipc50 w50 s42:  88%|████████▊ | 265/300 [2:58:40<23:35, 40.46s/ep][A

tin/rn18/el2nbest/sl/ipc50 w50 s42:  89%|████████▊ | 266/300 [2:59:20<22:55, 40.46s/ep][A

tin/rn18/el2nbest/sl/ipc50 w50 s42:  89%|████████▉ | 267/300 [3:00:01<22:14, 40.45s/ep][A

tin/rn18/el2nbest/sl/ipc50 w50 s42:  89%|████████▉ | 268/300 [3:00:41<21:34, 40.46s/ep][A

tin/rn18/el2nbest/sl/ipc50 w50 s42:  90%|████████▉ | 269/300 [3:01:22<20:54, 40.46s/ep][A

tin/rn18/el2nbest/sl/ipc50 w50 s42:  90%|█████████ | 270/300 [3:02:02<20:13, 40.45s/ep][A

tin/rn18/el2nbest/sl/ipc50 w50 s42:  90%|█████████ | 271/300 [3:02:43<19:33, 40.46s/ep][A

tin/rn18/el2nbest/sl/ipc50 w50 s42:  91%|█████████ | 272/300 [3:03:23<18:52, 40.45s/ep][A

tin/rn18/el2nbest/sl/ipc50 w50 s42:  91%|█████████ | 273/300 [3:04:04<18:12, 40.45s/ep][A

tin/rn18/el2nbest/sl/ipc50 w50 s42:  91%|█████████▏| 274/300 [3:04:44<17:31, 40.45s/ep][A

tin/rn18/el2nbest/sl/ipc50 w50 s42:  92%|█████████▏| 275/300 [3:05:24<16:51, 40.45s/ep][A

tin/rn18/el2nbest/sl/ipc50 w50 s42:  92%|█████████▏| 276/300 [3:06:05<16:10, 40.45s/ep][A

tin/rn18/el2nbest/sl/ipc50 w50 s42:  92%|█████████▏| 277/300 [3:06:45<15:30, 40.45s/ep][A

tin/rn18/el2nbest/sl/ipc50 w50 s42:  93%|█████████▎| 278/300 [3:07:26<14:50, 40.46s/ep][A

tin/rn18/el2nbest/sl/ipc50 w50 s42:  93%|█████████▎| 279/300 [3:08:06<14:09, 40.45s/ep][A

tin/rn18/el2nbest/sl/ipc50 w50 s42:  93%|█████████▎| 280/300 [3:08:47<13:29, 40.46s/ep][A

tin/rn18/el2nbest/sl/ipc50 w50 s42:  94%|█████████▎| 281/300 [3:09:27<12:48, 40.45s/ep][A

tin/rn18/el2nbest/sl/ipc50 w50 s42:  94%|█████████▍| 282/300 [3:10:08<12:08, 40.46s/ep][A

tin/rn18/el2nbest/sl/ipc50 w50 s42:  94%|█████████▍| 283/300 [3:10:48<11:27, 40.46s/ep][A

tin/rn18/el2nbest/sl/ipc50 w50 s42:  95%|█████████▍| 284/300 [3:11:29<10:47, 40.46s/ep][A

tin/rn18/el2nbest/sl/ipc50 w50 s42:  95%|█████████▌| 285/300 [3:12:09<10:06, 40.46s/ep][A

tin/rn18/el2nbest/sl/ipc50 w50 s42:  95%|█████████▌| 286/300 [3:12:50<09:26, 40.47s/ep][A

tin/rn18/el2nbest/sl/ipc50 w50 s42:  96%|█████████▌| 287/300 [3:13:30<08:46, 40.46s/ep][A

tin/rn18/el2nbest/sl/ipc50 w50 s42:  96%|█████████▌| 288/300 [3:14:10<08:05, 40.46s/ep][A

tin/rn18/el2nbest/sl/ipc50 w50 s42:  96%|█████████▋| 289/300 [3:14:51<07:25, 40.46s/ep][A

tin/rn18/el2nbest/sl/ipc50 w50 s42:  97%|█████████▋| 290/300 [3:15:31<06:44, 40.46s/ep][A

tin/rn18/el2nbest/sl/ipc50 w50 s42:  97%|█████████▋| 291/300 [3:16:12<06:04, 40.46s/ep][A

tin/rn18/el2nbest/sl/ipc50 w50 s42:  97%|█████████▋| 292/300 [3:16:52<05:23, 40.46s/ep][A

tin/rn18/el2nbest/sl/ipc50 w50 s42:  98%|█████████▊| 293/300 [3:17:33<04:43, 40.46s/ep][A

tin/rn18/el2nbest/sl/ipc50 w50 s42:  98%|█████████▊| 294/300 [3:18:13<04:02, 40.46s/ep][A

tin/rn18/el2nbest/sl/ipc50 w50 s42:  98%|█████████▊| 295/300 [3:18:54<03:22, 40.46s/ep][A

tin/rn18/el2nbest/sl/ipc50 w50 s42:  99%|█████████▊| 296/300 [3:19:34<02:41, 40.46s/ep][A

tin/rn18/el2nbest/sl/ipc50 w50 s42:  99%|█████████▉| 297/300 [3:20:15<02:01, 40.46s/ep][A

tin/rn18/el2nbest/sl/ipc50 w50 s42:  99%|█████████▉| 298/300 [3:20:55<01:20, 40.45s/ep][A

tin/rn18/el2nbest/sl/ipc50 w50 s42: 100%|█████████▉| 299/300 [3:21:35<00:40, 40.45s/ep][A

tin/rn18/el2nbest/sl/ipc50 w50 s42: 100%|██████████| 300/300 [3:22:16<00:00, 40.46s/ep][A

                                                                                       [A[cell] tin/rn18/el2nbest/sl/ipc50 window 50%: 34.10%  (12149s)


tin/rn18/el2nbest/sl/ipc50 w60 s42:   0%|          | 0/300 [00:00<?, ?ep/s][A

tin/rn18/el2nbest/sl/ipc50 w60 s42:   0%|          | 1/300 [00:40<3:21:44, 40.48s/ep][A

tin/rn18/el2nbest/sl/ipc50 w60 s42:   1%|          | 2/300 [01:20<3:21:01, 40.48s/ep][A

tin/rn18/el2nbest/sl/ipc50 w60 s42:   1%|          | 3/300 [02:01<3:20:16, 40.46s/ep][A

tin/rn18/el2nbest/sl/ipc50 w60 s42:   1%|▏         | 4/300 [02:41<3:19:37, 40.47s/ep][A

tin/rn18/el2nbest/sl/ipc50 w60 s42:   2%|▏         | 5/300 [03:22<3:18:55, 40.46s/ep][A

tin/rn18/el2nbest/sl/ipc50 w60 s42:   2%|▏         | 6/300 [04:02<3:18:14, 40.46s/ep][A

tin/rn18/el2nbest/sl/ipc50 w60 s42:   2%|▏         | 7/300 [04:43<3:17:34, 40.46s/ep][A

tin/rn18/el2nbest/sl/ipc50 w60 s42:   3%|▎         | 8/300 [05:23<3:16:53, 40.46s/ep][A

tin/rn18/el2nbest/sl/ipc50 w60 s42:   3%|▎         | 9/300 [06:04<3:16:11, 40.45s/ep][A

tin/rn18/el2nbest/sl/ipc50 w60 s42:   3%|▎         | 10/300 [06:44<3:15:30, 40.45s/ep][A

tin/rn18/el2nbest/sl/ipc50 w60 s42:   4%|▎         | 11/300 [07:25<3:14:50, 40.45s/ep][A

tin/rn18/el2nbest/sl/ipc50 w60 s42:   4%|▍         | 12/300 [08:05<3:14:11, 40.46s/ep][A

tin/rn18/el2nbest/sl/ipc50 w60 s42:   4%|▍         | 13/300 [08:45<3:13:31, 40.46s/ep][A

tin/rn18/el2nbest/sl/ipc50 w60 s42:   5%|▍         | 14/300 [09:26<3:12:49, 40.45s/ep][A

tin/rn18/el2nbest/sl/ipc50 w60 s42:   5%|▌         | 15/300 [10:06<3:12:09, 40.46s/ep][A

tin/rn18/el2nbest/sl/ipc50 w60 s42:   5%|▌         | 16/300 [10:47<3:11:30, 40.46s/ep][A

tin/rn18/el2nbest/sl/ipc50 w60 s42:   6%|▌         | 17/300 [11:27<3:10:50, 40.46s/ep][A

tin/rn18/el2nbest/sl/ipc50 w60 s42:   6%|▌         | 18/300 [12:08<3:10:09, 40.46s/ep][A

tin/rn18/el2nbest/sl/ipc50 w60 s42:   6%|▋         | 19/300 [12:48<3:09:27, 40.46s/ep][A

tin/rn18/el2nbest/sl/ipc50 w60 s42:   7%|▋         | 20/300 [13:29<3:08:46, 40.45s/ep][A

tin/rn18/el2nbest/sl/ipc50 w60 s42:   7%|▋         | 21/300 [14:09<3:08:06, 40.45s/ep][A

tin/rn18/el2nbest/sl/ipc50 w60 s42:   7%|▋         | 22/300 [14:50<3:07:27, 40.46s/ep][A

tin/rn18/el2nbest/sl/ipc50 w60 s42:   8%|▊         | 23/300 [15:30<3:06:45, 40.45s/ep][A

tin/rn18/el2nbest/sl/ipc50 w60 s42:   8%|▊         | 24/300 [16:10<3:06:06, 40.46s/ep][A

tin/rn18/el2nbest/sl/ipc50 w60 s42:   8%|▊         | 25/300 [16:51<3:05:24, 40.45s/ep][A

tin/rn18/el2nbest/sl/ipc50 w60 s42:   9%|▊         | 26/300 [17:31<3:04:46, 40.46s/ep][A

tin/rn18/el2nbest/sl/ipc50 w60 s42:   9%|▉         | 27/300 [18:12<3:04:06, 40.46s/ep][A

tin/rn18/el2nbest/sl/ipc50 w60 s42:   9%|▉         | 28/300 [18:52<3:03:27, 40.47s/ep][A

tin/rn18/el2nbest/sl/ipc50 w60 s42:  10%|▉         | 29/300 [19:33<3:02:47, 40.47s/ep][A

tin/rn18/el2nbest/sl/ipc50 w60 s42:  10%|█         | 30/300 [20:13<3:02:05, 40.46s/ep][A

tin/rn18/el2nbest/sl/ipc50 w60 s42:  10%|█         | 31/300 [20:54<3:01:23, 40.46s/ep][A

tin/rn18/el2nbest/sl/ipc50 w60 s42:  11%|█         | 32/300 [21:34<3:00:43, 40.46s/ep][A

tin/rn18/el2nbest/sl/ipc50 w60 s42:  11%|█         | 33/300 [22:15<3:00:05, 40.47s/ep][A

tin/rn18/el2nbest/sl/ipc50 w60 s42:  11%|█▏        | 34/300 [22:55<2:59:23, 40.46s/ep][A

tin/rn18/el2nbest/sl/ipc50 w60 s42:  12%|█▏        | 35/300 [23:36<2:58:40, 40.46s/ep][A

tin/rn18/el2nbest/sl/ipc50 w60 s42:  12%|█▏        | 36/300 [24:16<2:58:00, 40.46s/ep][A

tin/rn18/el2nbest/sl/ipc50 w60 s42:  12%|█▏        | 37/300 [24:56<2:57:20, 40.46s/ep][A

tin/rn18/el2nbest/sl/ipc50 w60 s42:  13%|█▎        | 38/300 [25:37<2:56:39, 40.46s/ep][A

tin/rn18/el2nbest/sl/ipc50 w60 s42:  13%|█▎        | 39/300 [26:17<2:56:00, 40.46s/ep][A

tin/rn18/el2nbest/sl/ipc50 w60 s42:  13%|█▎        | 40/300 [26:58<2:55:21, 40.47s/ep][A

tin/rn18/el2nbest/sl/ipc50 w60 s42:  14%|█▎        | 41/300 [27:38<2:54:39, 40.46s/ep][A

tin/rn18/el2nbest/sl/ipc50 w60 s42:  14%|█▍        | 42/300 [28:19<2:53:58, 40.46s/ep][A

tin/rn18/el2nbest/sl/ipc50 w60 s42:  14%|█▍        | 43/300 [28:59<2:53:16, 40.45s/ep][A

tin/rn18/el2nbest/sl/ipc50 w60 s42:  15%|█▍        | 44/300 [29:40<2:52:36, 40.46s/ep][A

tin/rn18/el2nbest/sl/ipc50 w60 s42:  15%|█▌        | 45/300 [30:20<2:51:56, 40.46s/ep][A

tin/rn18/el2nbest/sl/ipc50 w60 s42:  15%|█▌        | 46/300 [31:01<2:51:16, 40.46s/ep][A

tin/rn18/el2nbest/sl/ipc50 w60 s42:  16%|█▌        | 47/300 [31:41<2:50:35, 40.46s/ep][A

tin/rn18/el2nbest/sl/ipc50 w60 s42:  16%|█▌        | 48/300 [32:22<2:49:55, 40.46s/ep][A

tin/rn18/el2nbest/sl/ipc50 w60 s42:  16%|█▋        | 49/300 [33:02<2:49:13, 40.45s/ep][A

tin/rn18/el2nbest/sl/ipc50 w60 s42:  17%|█▋        | 50/300 [33:42<2:48:33, 40.45s/ep][A

tin/rn18/el2nbest/sl/ipc50 w60 s42:  17%|█▋        | 51/300 [34:23<2:47:53, 40.45s/ep][A

tin/rn18/el2nbest/sl/ipc50 w60 s42:  17%|█▋        | 52/300 [35:03<2:47:14, 40.46s/ep][A

tin/rn18/el2nbest/sl/ipc50 w60 s42:  18%|█▊        | 53/300 [35:44<2:46:32, 40.46s/ep][A

tin/rn18/el2nbest/sl/ipc50 w60 s42:  18%|█▊        | 54/300 [36:24<2:45:50, 40.45s/ep][A

tin/rn18/el2nbest/sl/ipc50 w60 s42:  18%|█▊        | 55/300 [37:05<2:45:10, 40.45s/ep][A

tin/rn18/el2nbest/sl/ipc50 w60 s42:  19%|█▊        | 56/300 [37:45<2:44:29, 40.45s/ep][A

tin/rn18/el2nbest/sl/ipc50 w60 s42:  19%|█▉        | 57/300 [38:26<2:43:49, 40.45s/ep][A

tin/rn18/el2nbest/sl/ipc50 w60 s42:  19%|█▉        | 58/300 [39:06<2:43:09, 40.45s/ep][A

tin/rn18/el2nbest/sl/ipc50 w60 s42:  20%|█▉        | 59/300 [39:46<2:42:27, 40.45s/ep][A

tin/rn18/el2nbest/sl/ipc50 w60 s42:  20%|██        | 60/300 [40:27<2:41:48, 40.45s/ep][A

tin/rn18/el2nbest/sl/ipc50 w60 s42:  20%|██        | 61/300 [41:07<2:41:07, 40.45s/ep][A

tin/rn18/el2nbest/sl/ipc50 w60 s42:  21%|██        | 62/300 [41:48<2:40:25, 40.44s/ep][A

tin/rn18/el2nbest/sl/ipc50 w60 s42:  21%|██        | 63/300 [42:28<2:39:46, 40.45s/ep][A

tin/rn18/el2nbest/sl/ipc50 w60 s42:  21%|██▏       | 64/300 [43:09<2:39:05, 40.45s/ep][A

tin/rn18/el2nbest/sl/ipc50 w60 s42:  22%|██▏       | 65/300 [43:49<2:38:26, 40.45s/ep][A

tin/rn18/el2nbest/sl/ipc50 w60 s42:  22%|██▏       | 66/300 [44:30<2:37:44, 40.45s/ep][A

tin/rn18/el2nbest/sl/ipc50 w60 s42:  22%|██▏       | 67/300 [45:10<2:37:05, 40.45s/ep][A

tin/rn18/el2nbest/sl/ipc50 w60 s42:  23%|██▎       | 68/300 [45:51<2:36:24, 40.45s/ep][A

tin/rn18/el2nbest/sl/ipc50 w60 s42:  23%|██▎       | 69/300 [46:31<2:35:45, 40.46s/ep][A

tin/rn18/el2nbest/sl/ipc50 w60 s42:  23%|██▎       | 70/300 [47:11<2:35:05, 40.46s/ep][A

tin/rn18/el2nbest/sl/ipc50 w60 s42:  24%|██▎       | 71/300 [47:52<2:34:25, 40.46s/ep][A

tin/rn18/el2nbest/sl/ipc50 w60 s42:  24%|██▍       | 72/300 [48:32<2:33:44, 40.46s/ep][A

tin/rn18/el2nbest/sl/ipc50 w60 s42:  24%|██▍       | 73/300 [49:13<2:33:03, 40.45s/ep][A

tin/rn18/el2nbest/sl/ipc50 w60 s42:  25%|██▍       | 74/300 [49:53<2:32:22, 40.45s/ep][A

tin/rn18/el2nbest/sl/ipc50 w60 s42:  25%|██▌       | 75/300 [50:34<2:31:41, 40.45s/ep][A

tin/rn18/el2nbest/sl/ipc50 w60 s42:  25%|██▌       | 76/300 [51:14<2:31:02, 40.46s/ep][A

tin/rn18/el2nbest/sl/ipc50 w60 s42:  26%|██▌       | 77/300 [51:55<2:30:21, 40.45s/ep][A

tin/rn18/el2nbest/sl/ipc50 w60 s42:  26%|██▌       | 78/300 [52:35<2:29:40, 40.45s/ep][A

tin/rn18/el2nbest/sl/ipc50 w60 s42:  26%|██▋       | 79/300 [53:16<2:29:00, 40.46s/ep][A

tin/rn18/el2nbest/sl/ipc50 w60 s42:  27%|██▋       | 80/300 [53:56<2:28:19, 40.45s/ep][A

tin/rn18/el2nbest/sl/ipc50 w60 s42:  27%|██▋       | 81/300 [54:36<2:27:41, 40.46s/ep][A

tin/rn18/el2nbest/sl/ipc50 w60 s42:  27%|██▋       | 82/300 [55:17<2:26:58, 40.45s/ep][A

tin/rn18/el2nbest/sl/ipc50 w60 s42:  28%|██▊       | 83/300 [55:57<2:26:17, 40.45s/ep][A

tin/rn18/el2nbest/sl/ipc50 w60 s42:  28%|██▊       | 84/300 [56:38<2:25:38, 40.45s/ep][A

tin/rn18/el2nbest/sl/ipc50 w60 s42:  28%|██▊       | 85/300 [57:18<2:24:56, 40.45s/ep][A

tin/rn18/el2nbest/sl/ipc50 w60 s42:  29%|██▊       | 86/300 [57:59<2:24:14, 40.44s/ep][A

tin/rn18/el2nbest/sl/ipc50 w60 s42:  29%|██▉       | 87/300 [58:39<2:23:35, 40.45s/ep][A

tin/rn18/el2nbest/sl/ipc50 w60 s42:  29%|██▉       | 88/300 [59:20<2:22:55, 40.45s/ep][A

tin/rn18/el2nbest/sl/ipc50 w60 s42:  30%|██▉       | 89/300 [1:00:00<2:22:15, 40.45s/ep][A

tin/rn18/el2nbest/sl/ipc50 w60 s42:  30%|███       | 90/300 [1:00:41<2:21:35, 40.45s/ep][A

tin/rn18/el2nbest/sl/ipc50 w60 s42:  30%|███       | 91/300 [1:01:21<2:20:53, 40.45s/ep][A

tin/rn18/el2nbest/sl/ipc50 w60 s42:  31%|███       | 92/300 [1:02:01<2:20:13, 40.45s/ep][A

tin/rn18/el2nbest/sl/ipc50 w60 s42:  31%|███       | 93/300 [1:02:42<2:19:31, 40.44s/ep][A

tin/rn18/el2nbest/sl/ipc50 w60 s42:  31%|███▏      | 94/300 [1:03:22<2:18:51, 40.44s/ep][A

tin/rn18/el2nbest/sl/ipc50 w60 s42:  32%|███▏      | 95/300 [1:04:03<2:18:10, 40.44s/ep][A

tin/rn18/el2nbest/sl/ipc50 w60 s42:  32%|███▏      | 96/300 [1:04:43<2:17:31, 40.45s/ep][A

tin/rn18/el2nbest/sl/ipc50 w60 s42:  32%|███▏      | 97/300 [1:05:24<2:16:50, 40.45s/ep][A

tin/rn18/el2nbest/sl/ipc50 w60 s42:  33%|███▎      | 98/300 [1:06:04<2:16:12, 40.46s/ep][A

tin/rn18/el2nbest/sl/ipc50 w60 s42:  33%|███▎      | 99/300 [1:06:45<2:15:33, 40.46s/ep][A

tin/rn18/el2nbest/sl/ipc50 w60 s42:  33%|███▎      | 100/300 [1:07:25<2:14:51, 40.46s/ep][A

tin/rn18/el2nbest/sl/ipc50 w60 s42:  34%|███▎      | 101/300 [1:08:05<2:14:09, 40.45s/ep][A

tin/rn18/el2nbest/sl/ipc50 w60 s42:  34%|███▍      | 102/300 [1:08:46<2:13:30, 40.46s/ep][A

tin/rn18/el2nbest/sl/ipc50 w60 s42:  34%|███▍      | 103/300 [1:09:26<2:12:50, 40.46s/ep][A

tin/rn18/el2nbest/sl/ipc50 w60 s42:  35%|███▍      | 104/300 [1:10:07<2:12:10, 40.46s/ep][A

tin/rn18/el2nbest/sl/ipc50 w60 s42:  35%|███▌      | 105/300 [1:10:47<2:11:30, 40.46s/ep][A

tin/rn18/el2nbest/sl/ipc50 w60 s42:  35%|███▌      | 106/300 [1:11:28<2:10:49, 40.46s/ep][A

tin/rn18/el2nbest/sl/ipc50 w60 s42:  36%|███▌      | 107/300 [1:12:08<2:10:08, 40.46s/ep][A

tin/rn18/el2nbest/sl/ipc50 w60 s42:  36%|███▌      | 108/300 [1:12:49<2:09:27, 40.46s/ep][A

tin/rn18/el2nbest/sl/ipc50 w60 s42:  36%|███▋      | 109/300 [1:13:29<2:08:45, 40.45s/ep][A

tin/rn18/el2nbest/sl/ipc50 w60 s42:  37%|███▋      | 110/300 [1:14:10<2:08:05, 40.45s/ep][A

tin/rn18/el2nbest/sl/ipc50 w60 s42:  37%|███▋      | 111/300 [1:14:50<2:07:23, 40.44s/ep][A

tin/rn18/el2nbest/sl/ipc50 w60 s42:  37%|███▋      | 112/300 [1:15:30<2:06:44, 40.45s/ep][A

tin/rn18/el2nbest/sl/ipc50 w60 s42:  38%|███▊      | 113/300 [1:16:11<2:06:04, 40.45s/ep][A

tin/rn18/el2nbest/sl/ipc50 w60 s42:  38%|███▊      | 114/300 [1:16:51<2:05:24, 40.46s/ep][A

tin/rn18/el2nbest/sl/ipc50 w60 s42:  38%|███▊      | 115/300 [1:17:32<2:04:44, 40.46s/ep][A

tin/rn18/el2nbest/sl/ipc50 w60 s42:  39%|███▊      | 116/300 [1:18:12<2:04:03, 40.46s/ep][A

tin/rn18/el2nbest/sl/ipc50 w60 s42:  39%|███▉      | 117/300 [1:18:53<2:03:23, 40.46s/ep][A

tin/rn18/el2nbest/sl/ipc50 w60 s42:  39%|███▉      | 118/300 [1:19:33<2:02:43, 40.46s/ep][A

tin/rn18/el2nbest/sl/ipc50 w60 s42:  40%|███▉      | 119/300 [1:20:14<2:02:02, 40.46s/ep][A

tin/rn18/el2nbest/sl/ipc50 w60 s42:  40%|████      | 120/300 [1:20:54<2:01:22, 40.46s/ep][A

tin/rn18/el2nbest/sl/ipc50 w60 s42:  40%|████      | 121/300 [1:21:35<2:00:42, 40.46s/ep][A

tin/rn18/el2nbest/sl/ipc50 w60 s42:  41%|████      | 122/300 [1:22:15<2:00:01, 40.46s/ep][A

tin/rn18/el2nbest/sl/ipc50 w60 s42:  41%|████      | 123/300 [1:22:55<1:59:19, 40.45s/ep][A

tin/rn18/el2nbest/sl/ipc50 w60 s42:  41%|████▏     | 124/300 [1:23:36<1:58:38, 40.45s/ep][A

tin/rn18/el2nbest/sl/ipc50 w60 s42:  42%|████▏     | 125/300 [1:24:16<1:57:58, 40.45s/ep][A

tin/rn18/el2nbest/sl/ipc50 w60 s42:  42%|████▏     | 126/300 [1:24:57<1:57:18, 40.45s/ep][A

tin/rn18/el2nbest/sl/ipc50 w60 s42:  42%|████▏     | 127/300 [1:25:37<1:56:37, 40.45s/ep][A

tin/rn18/el2nbest/sl/ipc50 w60 s42:  43%|████▎     | 128/300 [1:26:18<1:55:56, 40.45s/ep][A

tin/rn18/el2nbest/sl/ipc50 w60 s42:  43%|████▎     | 129/300 [1:26:58<1:55:16, 40.45s/ep][A

tin/rn18/el2nbest/sl/ipc50 w60 s42:  43%|████▎     | 130/300 [1:27:39<1:54:36, 40.45s/ep][A

tin/rn18/el2nbest/sl/ipc50 w60 s42:  44%|████▎     | 131/300 [1:28:19<1:53:56, 40.45s/ep][A

tin/rn18/el2nbest/sl/ipc50 w60 s42:  44%|████▍     | 132/300 [1:29:00<1:53:16, 40.45s/ep][A

tin/rn18/el2nbest/sl/ipc50 w60 s42:  44%|████▍     | 133/300 [1:29:40<1:52:35, 40.45s/ep][A

tin/rn18/el2nbest/sl/ipc50 w60 s42:  45%|████▍     | 134/300 [1:30:20<1:51:56, 40.46s/ep][A

tin/rn18/el2nbest/sl/ipc50 w60 s42:  45%|████▌     | 135/300 [1:31:01<1:51:16, 40.46s/ep][A

tin/rn18/el2nbest/sl/ipc50 w60 s42:  45%|████▌     | 136/300 [1:31:41<1:50:35, 40.46s/ep][A

tin/rn18/el2nbest/sl/ipc50 w60 s42:  46%|████▌     | 137/300 [1:32:22<1:49:54, 40.46s/ep][A

tin/rn18/el2nbest/sl/ipc50 w60 s42:  46%|████▌     | 138/300 [1:33:02<1:49:14, 40.46s/ep][A

tin/rn18/el2nbest/sl/ipc50 w60 s42:  46%|████▋     | 139/300 [1:33:43<1:48:33, 40.46s/ep][A

tin/rn18/el2nbest/sl/ipc50 w60 s42:  47%|████▋     | 140/300 [1:34:23<1:47:52, 40.45s/ep][A

tin/rn18/el2nbest/sl/ipc50 w60 s42:  47%|████▋     | 141/300 [1:35:04<1:47:12, 40.45s/ep][A

tin/rn18/el2nbest/sl/ipc50 w60 s42:  47%|████▋     | 142/300 [1:35:44<1:46:31, 40.45s/ep][A

tin/rn18/el2nbest/sl/ipc50 w60 s42:  48%|████▊     | 143/300 [1:36:25<1:45:51, 40.46s/ep][A

tin/rn18/el2nbest/sl/ipc50 w60 s42:  48%|████▊     | 144/300 [1:37:05<1:45:11, 40.46s/ep][A

tin/rn18/el2nbest/sl/ipc50 w60 s42:  48%|████▊     | 145/300 [1:37:45<1:44:31, 40.46s/ep][A

tin/rn18/el2nbest/sl/ipc50 w60 s42:  49%|████▊     | 146/300 [1:38:26<1:43:50, 40.46s/ep][A

tin/rn18/el2nbest/sl/ipc50 w60 s42:  49%|████▉     | 147/300 [1:39:06<1:43:09, 40.45s/ep][A

tin/rn18/el2nbest/sl/ipc50 w60 s42:  49%|████▉     | 148/300 [1:39:47<1:42:28, 40.45s/ep][A

tin/rn18/el2nbest/sl/ipc50 w60 s42:  50%|████▉     | 149/300 [1:40:27<1:41:47, 40.45s/ep][A

tin/rn18/el2nbest/sl/ipc50 w60 s42:  50%|█████     | 150/300 [1:41:08<1:41:08, 40.45s/ep][A

tin/rn18/el2nbest/sl/ipc50 w60 s42:  50%|█████     | 151/300 [1:41:48<1:40:27, 40.46s/ep][A

tin/rn18/el2nbest/sl/ipc50 w60 s42:  51%|█████     | 152/300 [1:42:29<1:39:47, 40.45s/ep][A

tin/rn18/el2nbest/sl/ipc50 w60 s42:  51%|█████     | 153/300 [1:43:09<1:39:06, 40.46s/ep][A

tin/rn18/el2nbest/sl/ipc50 w60 s42:  51%|█████▏    | 154/300 [1:43:50<1:38:26, 40.45s/ep][A

tin/rn18/el2nbest/sl/ipc50 w60 s42:  52%|█████▏    | 155/300 [1:44:30<1:37:45, 40.45s/ep][A

tin/rn18/el2nbest/sl/ipc50 w60 s42:  52%|█████▏    | 156/300 [1:45:10<1:37:04, 40.45s/ep][A

tin/rn18/el2nbest/sl/ipc50 w60 s42:  52%|█████▏    | 157/300 [1:45:51<1:36:24, 40.45s/ep][A

tin/rn18/el2nbest/sl/ipc50 w60 s42:  53%|█████▎    | 158/300 [1:46:31<1:35:43, 40.45s/ep][A

tin/rn18/el2nbest/sl/ipc50 w60 s42:  53%|█████▎    | 159/300 [1:47:12<1:35:04, 40.46s/ep][A

tin/rn18/el2nbest/sl/ipc50 w60 s42:  53%|█████▎    | 160/300 [1:47:52<1:34:23, 40.45s/ep][A

tin/rn18/el2nbest/sl/ipc50 w60 s42:  54%|█████▎    | 161/300 [1:48:33<1:33:43, 40.46s/ep][A

tin/rn18/el2nbest/sl/ipc50 w60 s42:  54%|█████▍    | 162/300 [1:49:13<1:33:02, 40.45s/ep][A

tin/rn18/el2nbest/sl/ipc50 w60 s42:  54%|█████▍    | 163/300 [1:49:54<1:32:22, 40.46s/ep][A

tin/rn18/el2nbest/sl/ipc50 w60 s42:  55%|█████▍    | 164/300 [1:50:34<1:31:41, 40.45s/ep][A

tin/rn18/el2nbest/sl/ipc50 w60 s42:  55%|█████▌    | 165/300 [1:51:15<1:31:01, 40.46s/ep][A

tin/rn18/el2nbest/sl/ipc50 w60 s42:  55%|█████▌    | 166/300 [1:51:55<1:30:21, 40.46s/ep][A

tin/rn18/el2nbest/sl/ipc50 w60 s42:  56%|█████▌    | 167/300 [1:52:35<1:29:39, 40.45s/ep][A

tin/rn18/el2nbest/sl/ipc50 w60 s42:  56%|█████▌    | 168/300 [1:53:16<1:28:59, 40.45s/ep][A

tin/rn18/el2nbest/sl/ipc50 w60 s42:  56%|█████▋    | 169/300 [1:53:56<1:28:19, 40.45s/ep][A

tin/rn18/el2nbest/sl/ipc50 w60 s42:  57%|█████▋    | 170/300 [1:54:37<1:27:39, 40.46s/ep][A

tin/rn18/el2nbest/sl/ipc50 w60 s42:  57%|█████▋    | 171/300 [1:55:17<1:26:58, 40.45s/ep][A

tin/rn18/el2nbest/sl/ipc50 w60 s42:  57%|█████▋    | 172/300 [1:55:58<1:26:18, 40.46s/ep][A

tin/rn18/el2nbest/sl/ipc50 w60 s42:  58%|█████▊    | 173/300 [1:56:38<1:25:37, 40.45s/ep][A

tin/rn18/el2nbest/sl/ipc50 w60 s42:  58%|█████▊    | 174/300 [1:57:19<1:24:56, 40.45s/ep][A

tin/rn18/el2nbest/sl/ipc50 w60 s42:  58%|█████▊    | 175/300 [1:57:59<1:24:16, 40.45s/ep][A

tin/rn18/el2nbest/sl/ipc50 w60 s42:  59%|█████▊    | 176/300 [1:58:40<1:23:36, 40.46s/ep][A

tin/rn18/el2nbest/sl/ipc50 w60 s42:  59%|█████▉    | 177/300 [1:59:20<1:22:55, 40.46s/ep][A

tin/rn18/el2nbest/sl/ipc50 w60 s42:  59%|█████▉    | 178/300 [2:00:00<1:22:15, 40.45s/ep][A

tin/rn18/el2nbest/sl/ipc50 w60 s42:  60%|█████▉    | 179/300 [2:00:41<1:21:34, 40.45s/ep][A

tin/rn18/el2nbest/sl/ipc50 w60 s42:  60%|██████    | 180/300 [2:01:21<1:20:53, 40.45s/ep][A

tin/rn18/el2nbest/sl/ipc50 w60 s42:  60%|██████    | 181/300 [2:02:02<1:20:13, 40.45s/ep][A

tin/rn18/el2nbest/sl/ipc50 w60 s42:  61%|██████    | 182/300 [2:02:42<1:19:32, 40.45s/ep][A

tin/rn18/el2nbest/sl/ipc50 w60 s42:  61%|██████    | 183/300 [2:03:23<1:18:53, 40.45s/ep][A

tin/rn18/el2nbest/sl/ipc50 w60 s42:  61%|██████▏   | 184/300 [2:04:03<1:18:12, 40.45s/ep][A

tin/rn18/el2nbest/sl/ipc50 w60 s42:  62%|██████▏   | 185/300 [2:04:44<1:17:32, 40.45s/ep][A

tin/rn18/el2nbest/sl/ipc50 w60 s42:  62%|██████▏   | 186/300 [2:05:24<1:16:51, 40.45s/ep][A

tin/rn18/el2nbest/sl/ipc50 w60 s42:  62%|██████▏   | 187/300 [2:06:04<1:16:10, 40.45s/ep][A

tin/rn18/el2nbest/sl/ipc50 w60 s42:  63%|██████▎   | 188/300 [2:06:45<1:15:29, 40.45s/ep][A

tin/rn18/el2nbest/sl/ipc50 w60 s42:  63%|██████▎   | 189/300 [2:07:25<1:14:49, 40.45s/ep][A

tin/rn18/el2nbest/sl/ipc50 w60 s42:  63%|██████▎   | 190/300 [2:08:06<1:14:09, 40.45s/ep][A

tin/rn18/el2nbest/sl/ipc50 w60 s42:  64%|██████▎   | 191/300 [2:08:46<1:13:28, 40.45s/ep][A

tin/rn18/el2nbest/sl/ipc50 w60 s42:  64%|██████▍   | 192/300 [2:09:27<1:12:48, 40.45s/ep][A

tin/rn18/el2nbest/sl/ipc50 w60 s42:  64%|██████▍   | 193/300 [2:10:07<1:12:08, 40.45s/ep][A

tin/rn18/el2nbest/sl/ipc50 w60 s42:  65%|██████▍   | 194/300 [2:10:48<1:11:28, 40.45s/ep][A

tin/rn18/el2nbest/sl/ipc50 w60 s42:  65%|██████▌   | 195/300 [2:11:28<1:10:47, 40.45s/ep][A

tin/rn18/el2nbest/sl/ipc50 w60 s42:  65%|██████▌   | 196/300 [2:12:09<1:10:07, 40.45s/ep][A

tin/rn18/el2nbest/sl/ipc50 w60 s42:  66%|██████▌   | 197/300 [2:12:49<1:09:26, 40.45s/ep][A

tin/rn18/el2nbest/sl/ipc50 w60 s42:  66%|██████▌   | 198/300 [2:13:29<1:08:46, 40.45s/ep][A

tin/rn18/el2nbest/sl/ipc50 w60 s42:  66%|██████▋   | 199/300 [2:14:10<1:08:05, 40.45s/ep][A

tin/rn18/el2nbest/sl/ipc50 w60 s42:  67%|██████▋   | 200/300 [2:14:50<1:07:25, 40.45s/ep][A

tin/rn18/el2nbest/sl/ipc50 w60 s42:  67%|██████▋   | 201/300 [2:15:31<1:06:45, 40.46s/ep][A

tin/rn18/el2nbest/sl/ipc50 w60 s42:  67%|██████▋   | 202/300 [2:16:11<1:06:04, 40.46s/ep][A

tin/rn18/el2nbest/sl/ipc50 w60 s42:  68%|██████▊   | 203/300 [2:16:52<1:05:24, 40.46s/ep][A

tin/rn18/el2nbest/sl/ipc50 w60 s42:  68%|██████▊   | 204/300 [2:17:32<1:04:43, 40.45s/ep][A

tin/rn18/el2nbest/sl/ipc50 w60 s42:  68%|██████▊   | 205/300 [2:18:13<1:04:03, 40.46s/ep][A

tin/rn18/el2nbest/sl/ipc50 w60 s42:  69%|██████▊   | 206/300 [2:18:53<1:03:23, 40.46s/ep][A

tin/rn18/el2nbest/sl/ipc50 w60 s42:  69%|██████▉   | 207/300 [2:19:34<1:02:42, 40.46s/ep][A

tin/rn18/el2nbest/sl/ipc50 w60 s42:  69%|██████▉   | 208/300 [2:20:14<1:02:02, 40.46s/ep][A

tin/rn18/el2nbest/sl/ipc50 w60 s42:  70%|██████▉   | 209/300 [2:20:54<1:01:21, 40.46s/ep][A

tin/rn18/el2nbest/sl/ipc50 w60 s42:  70%|███████   | 210/300 [2:21:35<1:00:41, 40.46s/ep][A

tin/rn18/el2nbest/sl/ipc50 w60 s42:  70%|███████   | 211/300 [2:22:15<1:00:00, 40.46s/ep][A

tin/rn18/el2nbest/sl/ipc50 w60 s42:  71%|███████   | 212/300 [2:22:56<59:20, 40.46s/ep]  [A

tin/rn18/el2nbest/sl/ipc50 w60 s42:  71%|███████   | 213/300 [2:23:36<58:39, 40.45s/ep][A

tin/rn18/el2nbest/sl/ipc50 w60 s42:  71%|███████▏  | 214/300 [2:24:17<57:58, 40.45s/ep][A

tin/rn18/el2nbest/sl/ipc50 w60 s42:  72%|███████▏  | 215/300 [2:24:57<57:18, 40.46s/ep][A

tin/rn18/el2nbest/sl/ipc50 w60 s42:  72%|███████▏  | 216/300 [2:25:38<56:37, 40.45s/ep][A

tin/rn18/el2nbest/sl/ipc50 w60 s42:  72%|███████▏  | 217/300 [2:26:18<55:57, 40.45s/ep][A

tin/rn18/el2nbest/sl/ipc50 w60 s42:  73%|███████▎  | 218/300 [2:26:59<55:17, 40.45s/ep][A

tin/rn18/el2nbest/sl/ipc50 w60 s42:  73%|███████▎  | 219/300 [2:27:39<54:36, 40.45s/ep][A

tin/rn18/el2nbest/sl/ipc50 w60 s42:  73%|███████▎  | 220/300 [2:28:19<53:55, 40.45s/ep][A

tin/rn18/el2nbest/sl/ipc50 w60 s42:  74%|███████▎  | 221/300 [2:29:00<53:15, 40.45s/ep][A

tin/rn18/el2nbest/sl/ipc50 w60 s42:  74%|███████▍  | 222/300 [2:29:40<52:35, 40.45s/ep][A

tin/rn18/el2nbest/sl/ipc50 w60 s42:  74%|███████▍  | 223/300 [2:30:21<51:54, 40.45s/ep][A

tin/rn18/el2nbest/sl/ipc50 w60 s42:  75%|███████▍  | 224/300 [2:31:01<51:14, 40.45s/ep][A

tin/rn18/el2nbest/sl/ipc50 w60 s42:  75%|███████▌  | 225/300 [2:31:42<50:34, 40.45s/ep][A

tin/rn18/el2nbest/sl/ipc50 w60 s42:  75%|███████▌  | 226/300 [2:32:22<49:53, 40.45s/ep][A

tin/rn18/el2nbest/sl/ipc50 w60 s42:  76%|███████▌  | 227/300 [2:33:03<49:13, 40.46s/ep][A

tin/rn18/el2nbest/sl/ipc50 w60 s42:  76%|███████▌  | 228/300 [2:33:43<48:33, 40.47s/ep][A

tin/rn18/el2nbest/sl/ipc50 w60 s42:  76%|███████▋  | 229/300 [2:34:24<47:53, 40.47s/ep][A

tin/rn18/el2nbest/sl/ipc50 w60 s42:  77%|███████▋  | 230/300 [2:35:04<47:12, 40.47s/ep][A

tin/rn18/el2nbest/sl/ipc50 w60 s42:  77%|███████▋  | 231/300 [2:35:45<46:31, 40.46s/ep][A

tin/rn18/el2nbest/sl/ipc50 w60 s42:  77%|███████▋  | 232/300 [2:36:25<45:51, 40.46s/ep][A

tin/rn18/el2nbest/sl/ipc50 w60 s42:  78%|███████▊  | 233/300 [2:37:05<45:10, 40.46s/ep][A

tin/rn18/el2nbest/sl/ipc50 w60 s42:  78%|███████▊  | 234/300 [2:37:46<44:30, 40.46s/ep][A

tin/rn18/el2nbest/sl/ipc50 w60 s42:  78%|███████▊  | 235/300 [2:38:26<43:49, 40.46s/ep][A

tin/rn18/el2nbest/sl/ipc50 w60 s42:  79%|███████▊  | 236/300 [2:39:07<43:09, 40.46s/ep][A

tin/rn18/el2nbest/sl/ipc50 w60 s42:  79%|███████▉  | 237/300 [2:39:47<42:28, 40.45s/ep][A

tin/rn18/el2nbest/sl/ipc50 w60 s42:  79%|███████▉  | 238/300 [2:40:28<41:47, 40.45s/ep][A

tin/rn18/el2nbest/sl/ipc50 w60 s42:  80%|███████▉  | 239/300 [2:41:08<41:07, 40.45s/ep][A

tin/rn18/el2nbest/sl/ipc50 w60 s42:  80%|████████  | 240/300 [2:41:49<40:27, 40.45s/ep][A

tin/rn18/el2nbest/sl/ipc50 w60 s42:  80%|████████  | 241/300 [2:42:29<39:46, 40.45s/ep][A

tin/rn18/el2nbest/sl/ipc50 w60 s42:  81%|████████  | 242/300 [2:43:09<39:06, 40.45s/ep][A

tin/rn18/el2nbest/sl/ipc50 w60 s42:  81%|████████  | 243/300 [2:43:50<38:25, 40.45s/ep][A

tin/rn18/el2nbest/sl/ipc50 w60 s42:  81%|████████▏ | 244/300 [2:44:30<37:45, 40.45s/ep][A

tin/rn18/el2nbest/sl/ipc50 w60 s42:  82%|████████▏ | 245/300 [2:45:11<37:04, 40.45s/ep][A

tin/rn18/el2nbest/sl/ipc50 w60 s42:  82%|████████▏ | 246/300 [2:45:51<36:24, 40.45s/ep][A

tin/rn18/el2nbest/sl/ipc50 w60 s42:  82%|████████▏ | 247/300 [2:46:32<35:44, 40.46s/ep][A

tin/rn18/el2nbest/sl/ipc50 w60 s42:  83%|████████▎ | 248/300 [2:47:12<35:04, 40.47s/ep][A

tin/rn18/el2nbest/sl/ipc50 w60 s42:  83%|████████▎ | 249/300 [2:47:53<34:23, 40.47s/ep][A

tin/rn18/el2nbest/sl/ipc50 w60 s42:  83%|████████▎ | 250/300 [2:48:33<33:43, 40.46s/ep][A

tin/rn18/el2nbest/sl/ipc50 w60 s42:  84%|████████▎ | 251/300 [2:49:14<33:02, 40.46s/ep][A

tin/rn18/el2nbest/sl/ipc50 w60 s42:  84%|████████▍ | 252/300 [2:49:54<32:21, 40.46s/ep][A

tin/rn18/el2nbest/sl/ipc50 w60 s42:  84%|████████▍ | 253/300 [2:50:35<31:41, 40.46s/ep][A

tin/rn18/el2nbest/sl/ipc50 w60 s42:  85%|████████▍ | 254/300 [2:51:15<31:00, 40.46s/ep][A

tin/rn18/el2nbest/sl/ipc50 w60 s42:  85%|████████▌ | 255/300 [2:51:55<30:20, 40.46s/ep][A

tin/rn18/el2nbest/sl/ipc50 w60 s42:  85%|████████▌ | 256/300 [2:52:36<29:40, 40.46s/ep][A

tin/rn18/el2nbest/sl/ipc50 w60 s42:  86%|████████▌ | 257/300 [2:53:16<28:59, 40.46s/ep][A

tin/rn18/el2nbest/sl/ipc50 w60 s42:  86%|████████▌ | 258/300 [2:53:57<28:19, 40.46s/ep][A

tin/rn18/el2nbest/sl/ipc50 w60 s42:  86%|████████▋ | 259/300 [2:54:37<27:38, 40.46s/ep][A

tin/rn18/el2nbest/sl/ipc50 w60 s42:  87%|████████▋ | 260/300 [2:55:18<26:58, 40.46s/ep][A

tin/rn18/el2nbest/sl/ipc50 w60 s42:  87%|████████▋ | 261/300 [2:55:58<26:17, 40.46s/ep][A

tin/rn18/el2nbest/sl/ipc50 w60 s42:  87%|████████▋ | 262/300 [2:56:39<25:37, 40.46s/ep][A

tin/rn18/el2nbest/sl/ipc50 w60 s42:  88%|████████▊ | 263/300 [2:57:19<24:56, 40.46s/ep][A

tin/rn18/el2nbest/sl/ipc50 w60 s42:  88%|████████▊ | 264/300 [2:58:00<24:16, 40.46s/ep][A

tin/rn18/el2nbest/sl/ipc50 w60 s42:  88%|████████▊ | 265/300 [2:58:40<23:36, 40.46s/ep][A

tin/rn18/el2nbest/sl/ipc50 w60 s42:  89%|████████▊ | 266/300 [2:59:21<22:55, 40.46s/ep][A

tin/rn18/el2nbest/sl/ipc50 w60 s42:  89%|████████▉ | 267/300 [3:00:01<22:14, 40.45s/ep][A

tin/rn18/el2nbest/sl/ipc50 w60 s42:  89%|████████▉ | 268/300 [3:00:41<21:34, 40.46s/ep][A

tin/rn18/el2nbest/sl/ipc50 w60 s42:  90%|████████▉ | 269/300 [3:01:22<20:54, 40.46s/ep][A

tin/rn18/el2nbest/sl/ipc50 w60 s42:  90%|█████████ | 270/300 [3:02:02<20:13, 40.45s/ep][A

tin/rn18/el2nbest/sl/ipc50 w60 s42:  90%|█████████ | 271/300 [3:02:43<19:33, 40.46s/ep][A

tin/rn18/el2nbest/sl/ipc50 w60 s42:  91%|█████████ | 272/300 [3:03:23<18:52, 40.46s/ep][A

tin/rn18/el2nbest/sl/ipc50 w60 s42:  91%|█████████ | 273/300 [3:04:04<18:12, 40.46s/ep][A

tin/rn18/el2nbest/sl/ipc50 w60 s42:  91%|█████████▏| 274/300 [3:04:44<17:31, 40.45s/ep][A

tin/rn18/el2nbest/sl/ipc50 w60 s42:  92%|█████████▏| 275/300 [3:05:25<16:51, 40.45s/ep][A

tin/rn18/el2nbest/sl/ipc50 w60 s42:  92%|█████████▏| 276/300 [3:06:05<16:10, 40.45s/ep][A

tin/rn18/el2nbest/sl/ipc50 w60 s42:  92%|█████████▏| 277/300 [3:06:46<15:30, 40.45s/ep][A

tin/rn18/el2nbest/sl/ipc50 w60 s42:  93%|█████████▎| 278/300 [3:07:26<14:49, 40.45s/ep][A

tin/rn18/el2nbest/sl/ipc50 w60 s42:  93%|█████████▎| 279/300 [3:08:06<14:09, 40.45s/ep][A

tin/rn18/el2nbest/sl/ipc50 w60 s42:  93%|█████████▎| 280/300 [3:08:47<13:29, 40.45s/ep][A

tin/rn18/el2nbest/sl/ipc50 w60 s42:  94%|█████████▎| 281/300 [3:09:27<12:48, 40.46s/ep][A

tin/rn18/el2nbest/sl/ipc50 w60 s42:  94%|█████████▍| 282/300 [3:10:08<12:08, 40.46s/ep][A

tin/rn18/el2nbest/sl/ipc50 w60 s42:  94%|█████████▍| 283/300 [3:10:48<11:27, 40.46s/ep][A

tin/rn18/el2nbest/sl/ipc50 w60 s42:  95%|█████████▍| 284/300 [3:11:29<10:47, 40.46s/ep][A

tin/rn18/el2nbest/sl/ipc50 w60 s42:  95%|█████████▌| 285/300 [3:12:09<10:06, 40.46s/ep][A

tin/rn18/el2nbest/sl/ipc50 w60 s42:  95%|█████████▌| 286/300 [3:12:50<09:26, 40.47s/ep][A

tin/rn18/el2nbest/sl/ipc50 w60 s42:  96%|█████████▌| 287/300 [3:13:30<08:45, 40.46s/ep][A

tin/rn18/el2nbest/sl/ipc50 w60 s42:  96%|█████████▌| 288/300 [3:14:11<08:05, 40.46s/ep][A

tin/rn18/el2nbest/sl/ipc50 w60 s42:  96%|█████████▋| 289/300 [3:14:51<07:25, 40.46s/ep][A

tin/rn18/el2nbest/sl/ipc50 w60 s42:  97%|█████████▋| 290/300 [3:15:31<06:44, 40.46s/ep][A

tin/rn18/el2nbest/sl/ipc50 w60 s42:  97%|█████████▋| 291/300 [3:16:12<06:04, 40.46s/ep][A

tin/rn18/el2nbest/sl/ipc50 w60 s42:  97%|█████████▋| 292/300 [3:16:52<05:23, 40.46s/ep][A

tin/rn18/el2nbest/sl/ipc50 w60 s42:  98%|█████████▊| 293/300 [3:17:33<04:43, 40.46s/ep][A

tin/rn18/el2nbest/sl/ipc50 w60 s42:  98%|█████████▊| 294/300 [3:18:13<04:02, 40.46s/ep][A

tin/rn18/el2nbest/sl/ipc50 w60 s42:  98%|█████████▊| 295/300 [3:18:54<03:22, 40.45s/ep][A

tin/rn18/el2nbest/sl/ipc50 w60 s42:  99%|█████████▊| 296/300 [3:19:34<02:41, 40.46s/ep][A

tin/rn18/el2nbest/sl/ipc50 w60 s42:  99%|█████████▉| 297/300 [3:20:15<02:01, 40.46s/ep][A

tin/rn18/el2nbest/sl/ipc50 w60 s42:  99%|█████████▉| 298/300 [3:20:55<01:20, 40.45s/ep][A

tin/rn18/el2nbest/sl/ipc50 w60 s42: 100%|█████████▉| 299/300 [3:21:36<00:40, 40.45s/ep][A

tin/rn18/el2nbest/sl/ipc50 w60 s42: 100%|██████████| 300/300 [3:22:16<00:00, 40.46s/ep][A

                                                                                       [A[cell] tin/rn18/el2nbest/sl/ipc50 window 60%: 34.86%  (12149s)


tin/rn18/el2nbest/sl/ipc50 w70 s42:   0%|          | 0/300 [00:00<?, ?ep/s][A

tin/rn18/el2nbest/sl/ipc50 w70 s42:   0%|          | 1/300 [00:40<3:21:43, 40.48s/ep][A

tin/rn18/el2nbest/sl/ipc50 w70 s42:   1%|          | 2/300 [01:20<3:20:59, 40.47s/ep][A

tin/rn18/el2nbest/sl/ipc50 w70 s42:   1%|          | 3/300 [02:01<3:20:14, 40.45s/ep][A

tin/rn18/el2nbest/sl/ipc50 w70 s42:   1%|▏         | 4/300 [02:41<3:19:36, 40.46s/ep][A

tin/rn18/el2nbest/sl/ipc50 w70 s42:   2%|▏         | 5/300 [03:22<3:18:54, 40.46s/ep][A

tin/rn18/el2nbest/sl/ipc50 w70 s42:   2%|▏         | 6/300 [04:02<3:18:12, 40.45s/ep][A

tin/rn18/el2nbest/sl/ipc50 w70 s42:   2%|▏         | 7/300 [04:43<3:17:33, 40.45s/ep][A

tin/rn18/el2nbest/sl/ipc50 w70 s42:   3%|▎         | 8/300 [05:23<3:16:51, 40.45s/ep][A

tin/rn18/el2nbest/sl/ipc50 w70 s42:   3%|▎         | 9/300 [06:04<3:16:10, 40.45s/ep][A

tin/rn18/el2nbest/sl/ipc50 w70 s42:   3%|▎         | 10/300 [06:44<3:15:29, 40.45s/ep][A

tin/rn18/el2nbest/sl/ipc50 w70 s42:   4%|▎         | 11/300 [07:24<3:14:50, 40.45s/ep][A

tin/rn18/el2nbest/sl/ipc50 w70 s42:   4%|▍         | 12/300 [08:05<3:14:11, 40.46s/ep][A

tin/rn18/el2nbest/sl/ipc50 w70 s42:   4%|▍         | 13/300 [08:45<3:13:31, 40.46s/ep][A

tin/rn18/el2nbest/sl/ipc50 w70 s42:   5%|▍         | 14/300 [09:26<3:12:49, 40.45s/ep][A

tin/rn18/el2nbest/sl/ipc50 w70 s42:   5%|▌         | 15/300 [10:06<3:12:11, 40.46s/ep][A

tin/rn18/el2nbest/sl/ipc50 w70 s42:   5%|▌         | 16/300 [10:47<3:11:32, 40.47s/ep][A

tin/rn18/el2nbest/sl/ipc50 w70 s42:   6%|▌         | 17/300 [11:27<3:10:51, 40.46s/ep][A

tin/rn18/el2nbest/sl/ipc50 w70 s42:   6%|▌         | 18/300 [12:08<3:10:09, 40.46s/ep][A

tin/rn18/el2nbest/sl/ipc50 w70 s42:   6%|▋         | 19/300 [12:48<3:09:28, 40.46s/ep][A

tin/rn18/el2nbest/sl/ipc50 w70 s42:   7%|▋         | 20/300 [13:29<3:08:47, 40.45s/ep][A

tin/rn18/el2nbest/sl/ipc50 w70 s42:   7%|▋         | 21/300 [14:09<3:08:06, 40.45s/ep][A

tin/rn18/el2nbest/sl/ipc50 w70 s42:   7%|▋         | 22/300 [14:50<3:07:27, 40.46s/ep][A

tin/rn18/el2nbest/sl/ipc50 w70 s42:   8%|▊         | 23/300 [15:30<3:06:47, 40.46s/ep][A

tin/rn18/el2nbest/sl/ipc50 w70 s42:   8%|▊         | 24/300 [16:10<3:06:06, 40.46s/ep][A

tin/rn18/el2nbest/sl/ipc50 w70 s42:   8%|▊         | 25/300 [16:51<3:05:25, 40.46s/ep][A

tin/rn18/el2nbest/sl/ipc50 w70 s42:   9%|▊         | 26/300 [17:31<3:04:45, 40.46s/ep][A

tin/rn18/el2nbest/sl/ipc50 w70 s42:   9%|▉         | 27/300 [18:12<3:04:06, 40.46s/ep][A

tin/rn18/el2nbest/sl/ipc50 w70 s42:   9%|▉         | 28/300 [18:52<3:03:27, 40.47s/ep][A

tin/rn18/el2nbest/sl/ipc50 w70 s42:  10%|▉         | 29/300 [19:33<3:02:47, 40.47s/ep][A

tin/rn18/el2nbest/sl/ipc50 w70 s42:  10%|█         | 30/300 [20:13<3:02:05, 40.46s/ep][A

tin/rn18/el2nbest/sl/ipc50 w70 s42:  10%|█         | 31/300 [20:54<3:01:23, 40.46s/ep][A

tin/rn18/el2nbest/sl/ipc50 w70 s42:  11%|█         | 32/300 [21:34<3:00:43, 40.46s/ep][A

tin/rn18/el2nbest/sl/ipc50 w70 s42:  11%|█         | 33/300 [22:15<3:00:03, 40.46s/ep][A

tin/rn18/el2nbest/sl/ipc50 w70 s42:  11%|█▏        | 34/300 [22:55<2:59:22, 40.46s/ep][A

tin/rn18/el2nbest/sl/ipc50 w70 s42:  12%|█▏        | 35/300 [23:36<2:58:39, 40.45s/ep][A

tin/rn18/el2nbest/sl/ipc50 w70 s42:  12%|█▏        | 36/300 [24:16<2:57:59, 40.45s/ep][A

tin/rn18/el2nbest/sl/ipc50 w70 s42:  12%|█▏        | 37/300 [24:56<2:57:18, 40.45s/ep][A

tin/rn18/el2nbest/sl/ipc50 w70 s42:  13%|█▎        | 38/300 [25:37<2:56:39, 40.45s/ep][A

tin/rn18/el2nbest/sl/ipc50 w70 s42:  13%|█▎        | 39/300 [26:17<2:55:59, 40.46s/ep][A

tin/rn18/el2nbest/sl/ipc50 w70 s42:  13%|█▎        | 40/300 [26:58<2:55:20, 40.46s/ep][A

tin/rn18/el2nbest/sl/ipc50 w70 s42:  14%|█▎        | 41/300 [27:38<2:54:38, 40.46s/ep][A

tin/rn18/el2nbest/sl/ipc50 w70 s42:  14%|█▍        | 42/300 [28:19<2:53:57, 40.46s/ep][A

tin/rn18/el2nbest/sl/ipc50 w70 s42:  14%|█▍        | 43/300 [28:59<2:53:16, 40.45s/ep][A

tin/rn18/el2nbest/sl/ipc50 w70 s42:  15%|█▍        | 44/300 [29:40<2:52:37, 40.46s/ep][A

tin/rn18/el2nbest/sl/ipc50 w70 s42:  15%|█▌        | 45/300 [30:20<2:51:56, 40.46s/ep][A

tin/rn18/el2nbest/sl/ipc50 w70 s42:  15%|█▌        | 46/300 [31:01<2:51:16, 40.46s/ep][A

tin/rn18/el2nbest/sl/ipc50 w70 s42:  16%|█▌        | 47/300 [31:41<2:50:35, 40.46s/ep][A

tin/rn18/el2nbest/sl/ipc50 w70 s42:  16%|█▌        | 48/300 [32:21<2:49:55, 40.46s/ep][A

tin/rn18/el2nbest/sl/ipc50 w70 s42:  16%|█▋        | 49/300 [33:02<2:49:13, 40.45s/ep][A

tin/rn18/el2nbest/sl/ipc50 w70 s42:  17%|█▋        | 50/300 [33:42<2:48:33, 40.45s/ep][A

tin/rn18/el2nbest/sl/ipc50 w70 s42:  17%|█▋        | 51/300 [34:23<2:47:52, 40.45s/ep][A

tin/rn18/el2nbest/sl/ipc50 w70 s42:  17%|█▋        | 52/300 [35:03<2:47:13, 40.46s/ep][A

tin/rn18/el2nbest/sl/ipc50 w70 s42:  18%|█▊        | 53/300 [35:44<2:46:32, 40.46s/ep][A

tin/rn18/el2nbest/sl/ipc50 w70 s42:  18%|█▊        | 54/300 [36:24<2:45:51, 40.45s/ep][A

tin/rn18/el2nbest/sl/ipc50 w70 s42:  18%|█▊        | 55/300 [37:05<2:45:11, 40.45s/ep][A

tin/rn18/el2nbest/sl/ipc50 w70 s42:  19%|█▊        | 56/300 [37:45<2:44:29, 40.45s/ep][A

tin/rn18/el2nbest/sl/ipc50 w70 s42:  19%|█▉        | 57/300 [38:26<2:43:49, 40.45s/ep][A

tin/rn18/el2nbest/sl/ipc50 w70 s42:  19%|█▉        | 58/300 [39:06<2:43:09, 40.45s/ep][A

tin/rn18/el2nbest/sl/ipc50 w70 s42:  20%|█▉        | 59/300 [39:46<2:42:27, 40.45s/ep][A

tin/rn18/el2nbest/sl/ipc50 w70 s42:  20%|██        | 60/300 [40:27<2:41:48, 40.45s/ep][A

tin/rn18/el2nbest/sl/ipc50 w70 s42:  20%|██        | 61/300 [41:07<2:41:06, 40.45s/ep][A

tin/rn18/el2nbest/sl/ipc50 w70 s42:  21%|██        | 62/300 [41:48<2:40:25, 40.44s/ep][A

tin/rn18/el2nbest/sl/ipc50 w70 s42:  21%|██        | 63/300 [42:28<2:39:46, 40.45s/ep][A

tin/rn18/el2nbest/sl/ipc50 w70 s42:  21%|██▏       | 64/300 [43:09<2:39:05, 40.45s/ep][A

tin/rn18/el2nbest/sl/ipc50 w70 s42:  22%|██▏       | 65/300 [43:49<2:38:25, 40.45s/ep][A

tin/rn18/el2nbest/sl/ipc50 w70 s42:  22%|██▏       | 66/300 [44:30<2:37:45, 40.45s/ep][A

tin/rn18/el2nbest/sl/ipc50 w70 s42:  22%|██▏       | 67/300 [45:10<2:37:05, 40.45s/ep][A

tin/rn18/el2nbest/sl/ipc50 w70 s42:  23%|██▎       | 68/300 [45:50<2:36:24, 40.45s/ep][A

tin/rn18/el2nbest/sl/ipc50 w70 s42:  23%|██▎       | 69/300 [46:31<2:35:45, 40.46s/ep][A

tin/rn18/el2nbest/sl/ipc50 w70 s42:  23%|██▎       | 70/300 [47:11<2:35:04, 40.45s/ep][A

tin/rn18/el2nbest/sl/ipc50 w70 s42:  24%|██▎       | 71/300 [47:52<2:34:24, 40.46s/ep][A

tin/rn18/el2nbest/sl/ipc50 w70 s42:  24%|██▍       | 72/300 [48:32<2:33:43, 40.45s/ep][A

tin/rn18/el2nbest/sl/ipc50 w70 s42:  24%|██▍       | 73/300 [49:13<2:33:02, 40.45s/ep][A

tin/rn18/el2nbest/sl/ipc50 w70 s42:  25%|██▍       | 74/300 [49:53<2:32:22, 40.45s/ep][A

tin/rn18/el2nbest/sl/ipc50 w70 s42:  25%|██▌       | 75/300 [50:34<2:31:41, 40.45s/ep][A

tin/rn18/el2nbest/sl/ipc50 w70 s42:  25%|██▌       | 76/300 [51:14<2:31:01, 40.45s/ep][A

tin/rn18/el2nbest/sl/ipc50 w70 s42:  26%|██▌       | 77/300 [51:55<2:30:21, 40.45s/ep][A

tin/rn18/el2nbest/sl/ipc50 w70 s42:  26%|██▌       | 78/300 [52:35<2:29:39, 40.45s/ep][A

tin/rn18/el2nbest/sl/ipc50 w70 s42:  26%|██▋       | 79/300 [53:15<2:28:59, 40.45s/ep][A

tin/rn18/el2nbest/sl/ipc50 w70 s42:  27%|██▋       | 80/300 [53:56<2:28:19, 40.45s/ep][A

tin/rn18/el2nbest/sl/ipc50 w70 s42:  27%|██▋       | 81/300 [54:36<2:27:39, 40.46s/ep][A

tin/rn18/el2nbest/sl/ipc50 w70 s42:  27%|██▋       | 82/300 [55:17<2:26:58, 40.45s/ep][A

tin/rn18/el2nbest/sl/ipc50 w70 s42:  28%|██▊       | 83/300 [55:57<2:26:17, 40.45s/ep][A

tin/rn18/el2nbest/sl/ipc50 w70 s42:  28%|██▊       | 84/300 [56:38<2:25:37, 40.45s/ep][A

tin/rn18/el2nbest/sl/ipc50 w70 s42:  28%|██▊       | 85/300 [57:18<2:24:56, 40.45s/ep][A

tin/rn18/el2nbest/sl/ipc50 w70 s42:  29%|██▊       | 86/300 [57:59<2:24:15, 40.45s/ep][A

tin/rn18/el2nbest/sl/ipc50 w70 s42:  29%|██▉       | 87/300 [58:39<2:23:35, 40.45s/ep][A

tin/rn18/el2nbest/sl/ipc50 w70 s42:  29%|██▉       | 88/300 [59:19<2:22:55, 40.45s/ep][A

tin/rn18/el2nbest/sl/ipc50 w70 s42:  30%|██▉       | 89/300 [1:00:00<2:22:14, 40.45s/ep][A

tin/rn18/el2nbest/sl/ipc50 w70 s42:  30%|███       | 90/300 [1:00:40<2:21:34, 40.45s/ep][A

tin/rn18/el2nbest/sl/ipc50 w70 s42:  30%|███       | 91/300 [1:01:21<2:20:53, 40.45s/ep][A

tin/rn18/el2nbest/sl/ipc50 w70 s42:  31%|███       | 92/300 [1:02:01<2:20:13, 40.45s/ep][A

tin/rn18/el2nbest/sl/ipc50 w70 s42:  31%|███       | 93/300 [1:02:42<2:19:31, 40.44s/ep][A

tin/rn18/el2nbest/sl/ipc50 w70 s42:  31%|███▏      | 94/300 [1:03:22<2:18:50, 40.44s/ep][A

tin/rn18/el2nbest/sl/ipc50 w70 s42:  32%|███▏      | 95/300 [1:04:03<2:18:10, 40.44s/ep][A

tin/rn18/el2nbest/sl/ipc50 w70 s42:  32%|███▏      | 96/300 [1:04:43<2:17:31, 40.45s/ep][A

tin/rn18/el2nbest/sl/ipc50 w70 s42:  32%|███▏      | 97/300 [1:05:24<2:16:50, 40.45s/ep][A

tin/rn18/el2nbest/sl/ipc50 w70 s42:  33%|███▎      | 98/300 [1:06:04<2:16:11, 40.45s/ep][A

tin/rn18/el2nbest/sl/ipc50 w70 s42:  33%|███▎      | 99/300 [1:06:44<2:15:32, 40.46s/ep][A

tin/rn18/el2nbest/sl/ipc50 w70 s42:  33%|███▎      | 100/300 [1:07:25<2:14:51, 40.46s/ep][A

tin/rn18/el2nbest/sl/ipc50 w70 s42:  34%|███▎      | 101/300 [1:08:05<2:14:09, 40.45s/ep][A

tin/rn18/el2nbest/sl/ipc50 w70 s42:  34%|███▍      | 102/300 [1:08:46<2:13:30, 40.45s/ep][A

tin/rn18/el2nbest/sl/ipc50 w70 s42:  34%|███▍      | 103/300 [1:09:26<2:12:49, 40.45s/ep][A

tin/rn18/el2nbest/sl/ipc50 w70 s42:  35%|███▍      | 104/300 [1:10:07<2:12:10, 40.46s/ep][A

tin/rn18/el2nbest/sl/ipc50 w70 s42:  35%|███▌      | 105/300 [1:10:47<2:11:29, 40.46s/ep][A

tin/rn18/el2nbest/sl/ipc50 w70 s42:  35%|███▌      | 106/300 [1:11:28<2:10:48, 40.46s/ep][A

tin/rn18/el2nbest/sl/ipc50 w70 s42:  36%|███▌      | 107/300 [1:12:08<2:10:08, 40.46s/ep][A

tin/rn18/el2nbest/sl/ipc50 w70 s42:  36%|███▌      | 108/300 [1:12:49<2:09:27, 40.45s/ep][A

tin/rn18/el2nbest/sl/ipc50 w70 s42:  36%|███▋      | 109/300 [1:13:29<2:08:45, 40.45s/ep][A

tin/rn18/el2nbest/sl/ipc50 w70 s42:  37%|███▋      | 110/300 [1:14:09<2:08:04, 40.45s/ep][A

tin/rn18/el2nbest/sl/ipc50 w70 s42:  37%|███▋      | 111/300 [1:14:50<2:07:23, 40.44s/ep][A

tin/rn18/el2nbest/sl/ipc50 w70 s42:  37%|███▋      | 112/300 [1:15:30<2:06:44, 40.45s/ep][A

tin/rn18/el2nbest/sl/ipc50 w70 s42:  38%|███▊      | 113/300 [1:16:11<2:06:04, 40.45s/ep][A

tin/rn18/el2nbest/sl/ipc50 w70 s42:  38%|███▊      | 114/300 [1:16:51<2:05:24, 40.45s/ep][A

tin/rn18/el2nbest/sl/ipc50 w70 s42:  38%|███▊      | 115/300 [1:17:32<2:04:44, 40.46s/ep][A

tin/rn18/el2nbest/sl/ipc50 w70 s42:  39%|███▊      | 116/300 [1:18:12<2:04:03, 40.46s/ep][A

tin/rn18/el2nbest/sl/ipc50 w70 s42:  39%|███▉      | 117/300 [1:18:53<2:03:23, 40.46s/ep][A

tin/rn18/el2nbest/sl/ipc50 w70 s42:  39%|███▉      | 118/300 [1:19:33<2:02:43, 40.46s/ep][A

tin/rn18/el2nbest/sl/ipc50 w70 s42:  40%|███▉      | 119/300 [1:20:14<2:02:02, 40.46s/ep][A

tin/rn18/el2nbest/sl/ipc50 w70 s42:  40%|████      | 120/300 [1:20:54<2:01:22, 40.46s/ep][A

tin/rn18/el2nbest/sl/ipc50 w70 s42:  40%|████      | 121/300 [1:21:34<2:00:41, 40.46s/ep][A

tin/rn18/el2nbest/sl/ipc50 w70 s42:  41%|████      | 122/300 [1:22:15<2:00:00, 40.45s/ep][A

tin/rn18/el2nbest/sl/ipc50 w70 s42:  41%|████      | 123/300 [1:22:55<1:59:20, 40.45s/ep][A

tin/rn18/el2nbest/sl/ipc50 w70 s42:  41%|████▏     | 124/300 [1:23:36<1:58:39, 40.45s/ep][A

tin/rn18/el2nbest/sl/ipc50 w70 s42:  42%|████▏     | 125/300 [1:24:16<1:57:59, 40.45s/ep][A

tin/rn18/el2nbest/sl/ipc50 w70 s42:  42%|████▏     | 126/300 [1:24:57<1:57:18, 40.45s/ep][A

tin/rn18/el2nbest/sl/ipc50 w70 s42:  42%|████▏     | 127/300 [1:25:37<1:56:37, 40.45s/ep][A

tin/rn18/el2nbest/sl/ipc50 w70 s42:  43%|████▎     | 128/300 [1:26:18<1:55:56, 40.45s/ep][A

tin/rn18/el2nbest/sl/ipc50 w70 s42:  43%|████▎     | 129/300 [1:26:58<1:55:16, 40.45s/ep][A

tin/rn18/el2nbest/sl/ipc50 w70 s42:  43%|████▎     | 130/300 [1:27:38<1:54:36, 40.45s/ep][A

tin/rn18/el2nbest/sl/ipc50 w70 s42:  44%|████▎     | 131/300 [1:28:19<1:53:55, 40.45s/ep][A

tin/rn18/el2nbest/sl/ipc50 w70 s42:  44%|████▍     | 132/300 [1:28:59<1:53:15, 40.45s/ep][A

tin/rn18/el2nbest/sl/ipc50 w70 s42:  44%|████▍     | 133/300 [1:29:40<1:52:35, 40.45s/ep][A

tin/rn18/el2nbest/sl/ipc50 w70 s42:  45%|████▍     | 134/300 [1:30:20<1:51:55, 40.46s/ep][A

tin/rn18/el2nbest/sl/ipc50 w70 s42:  45%|████▌     | 135/300 [1:31:01<1:51:16, 40.46s/ep][A

tin/rn18/el2nbest/sl/ipc50 w70 s42:  45%|████▌     | 136/300 [1:31:41<1:50:34, 40.46s/ep][A

tin/rn18/el2nbest/sl/ipc50 w70 s42:  46%|████▌     | 137/300 [1:32:22<1:49:54, 40.46s/ep][A

tin/rn18/el2nbest/sl/ipc50 w70 s42:  46%|████▌     | 138/300 [1:33:02<1:49:15, 40.46s/ep][A

tin/rn18/el2nbest/sl/ipc50 w70 s42:  46%|████▋     | 139/300 [1:33:43<1:48:33, 40.46s/ep][A

tin/rn18/el2nbest/sl/ipc50 w70 s42:  47%|████▋     | 140/300 [1:34:23<1:47:52, 40.45s/ep][A

tin/rn18/el2nbest/sl/ipc50 w70 s42:  47%|████▋     | 141/300 [1:35:03<1:47:12, 40.45s/ep][A

tin/rn18/el2nbest/sl/ipc50 w70 s42:  47%|████▋     | 142/300 [1:35:44<1:46:31, 40.45s/ep][A

tin/rn18/el2nbest/sl/ipc50 w70 s42:  48%|████▊     | 143/300 [1:36:24<1:45:51, 40.46s/ep][A

tin/rn18/el2nbest/sl/ipc50 w70 s42:  48%|████▊     | 144/300 [1:37:05<1:45:10, 40.45s/ep][A

tin/rn18/el2nbest/sl/ipc50 w70 s42:  48%|████▊     | 145/300 [1:37:45<1:44:30, 40.45s/ep][A

tin/rn18/el2nbest/sl/ipc50 w70 s42:  49%|████▊     | 146/300 [1:38:26<1:43:50, 40.46s/ep][A

tin/rn18/el2nbest/sl/ipc50 w70 s42:  49%|████▉     | 147/300 [1:39:06<1:43:09, 40.45s/ep][A

tin/rn18/el2nbest/sl/ipc50 w70 s42:  49%|████▉     | 148/300 [1:39:47<1:42:28, 40.45s/ep][A

tin/rn18/el2nbest/sl/ipc50 w70 s42:  50%|████▉     | 149/300 [1:40:27<1:41:47, 40.45s/ep][A

tin/rn18/el2nbest/sl/ipc50 w70 s42:  50%|█████     | 150/300 [1:41:08<1:41:07, 40.45s/ep][A

tin/rn18/el2nbest/sl/ipc50 w70 s42:  50%|█████     | 151/300 [1:41:48<1:40:27, 40.45s/ep][A

tin/rn18/el2nbest/sl/ipc50 w70 s42:  51%|█████     | 152/300 [1:42:28<1:39:47, 40.46s/ep][A

tin/rn18/el2nbest/sl/ipc50 w70 s42:  51%|█████     | 153/300 [1:43:09<1:39:07, 40.46s/ep][A

tin/rn18/el2nbest/sl/ipc50 w70 s42:  51%|█████▏    | 154/300 [1:43:49<1:38:26, 40.45s/ep][A

tin/rn18/el2nbest/sl/ipc50 w70 s42:  52%|█████▏    | 155/300 [1:44:30<1:37:45, 40.45s/ep][A

tin/rn18/el2nbest/sl/ipc50 w70 s42:  52%|█████▏    | 156/300 [1:45:10<1:37:04, 40.45s/ep][A

tin/rn18/el2nbest/sl/ipc50 w70 s42:  52%|█████▏    | 157/300 [1:45:51<1:36:24, 40.45s/ep][A

tin/rn18/el2nbest/sl/ipc50 w70 s42:  53%|█████▎    | 158/300 [1:46:31<1:35:42, 40.44s/ep][A

tin/rn18/el2nbest/sl/ipc50 w70 s42:  53%|█████▎    | 159/300 [1:47:12<1:35:04, 40.45s/ep][A

tin/rn18/el2nbest/sl/ipc50 w70 s42:  53%|█████▎    | 160/300 [1:47:52<1:34:23, 40.45s/ep][A

tin/rn18/el2nbest/sl/ipc50 w70 s42:  54%|█████▎    | 161/300 [1:48:33<1:33:43, 40.46s/ep][A

tin/rn18/el2nbest/sl/ipc50 w70 s42:  54%|█████▍    | 162/300 [1:49:13<1:33:02, 40.46s/ep][A

tin/rn18/el2nbest/sl/ipc50 w70 s42:  54%|█████▍    | 163/300 [1:49:53<1:32:22, 40.46s/ep][A

tin/rn18/el2nbest/sl/ipc50 w70 s42:  55%|█████▍    | 164/300 [1:50:34<1:31:41, 40.45s/ep][A

tin/rn18/el2nbest/sl/ipc50 w70 s42:  55%|█████▌    | 165/300 [1:51:14<1:31:01, 40.46s/ep][A

tin/rn18/el2nbest/sl/ipc50 w70 s42:  55%|█████▌    | 166/300 [1:51:55<1:30:21, 40.46s/ep][A

tin/rn18/el2nbest/sl/ipc50 w70 s42:  56%|█████▌    | 167/300 [1:52:35<1:29:39, 40.45s/ep][A

tin/rn18/el2nbest/sl/ipc50 w70 s42:  56%|█████▌    | 168/300 [1:53:16<1:28:59, 40.45s/ep][A

tin/rn18/el2nbest/sl/ipc50 w70 s42:  56%|█████▋    | 169/300 [1:53:56<1:28:19, 40.45s/ep][A

tin/rn18/el2nbest/sl/ipc50 w70 s42:  57%|█████▋    | 170/300 [1:54:37<1:27:38, 40.45s/ep][A

tin/rn18/el2nbest/sl/ipc50 w70 s42:  57%|█████▋    | 171/300 [1:55:17<1:26:58, 40.45s/ep][A

tin/rn18/el2nbest/sl/ipc50 w70 s42:  57%|█████▋    | 172/300 [1:55:58<1:26:18, 40.46s/ep][A

tin/rn18/el2nbest/sl/ipc50 w70 s42:  58%|█████▊    | 173/300 [1:56:38<1:25:37, 40.45s/ep][A

tin/rn18/el2nbest/sl/ipc50 w70 s42:  58%|█████▊    | 174/300 [1:57:18<1:24:56, 40.45s/ep][A

tin/rn18/el2nbest/sl/ipc50 w70 s42:  58%|█████▊    | 175/300 [1:57:59<1:24:16, 40.45s/ep][A

tin/rn18/el2nbest/sl/ipc50 w70 s42:  59%|█████▊    | 176/300 [1:58:39<1:23:36, 40.46s/ep][A

tin/rn18/el2nbest/sl/ipc50 w70 s42:  59%|█████▉    | 177/300 [1:59:20<1:22:55, 40.45s/ep][A

tin/rn18/el2nbest/sl/ipc50 w70 s42:  59%|█████▉    | 178/300 [2:00:00<1:22:15, 40.45s/ep][A

tin/rn18/el2nbest/sl/ipc50 w70 s42:  60%|█████▉    | 179/300 [2:00:41<1:21:34, 40.45s/ep][A

tin/rn18/el2nbest/sl/ipc50 w70 s42:  60%|██████    | 180/300 [2:01:21<1:20:53, 40.45s/ep][A

tin/rn18/el2nbest/sl/ipc50 w70 s42:  60%|██████    | 181/300 [2:02:02<1:20:13, 40.45s/ep][A

tin/rn18/el2nbest/sl/ipc50 w70 s42:  61%|██████    | 182/300 [2:02:42<1:19:32, 40.45s/ep][A

tin/rn18/el2nbest/sl/ipc50 w70 s42:  61%|██████    | 183/300 [2:03:22<1:18:52, 40.45s/ep][A

tin/rn18/el2nbest/sl/ipc50 w70 s42:  61%|██████▏   | 184/300 [2:04:03<1:18:12, 40.45s/ep][A

tin/rn18/el2nbest/sl/ipc50 w70 s42:  62%|██████▏   | 185/300 [2:04:43<1:17:32, 40.46s/ep][A

tin/rn18/el2nbest/sl/ipc50 w70 s42:  62%|██████▏   | 186/300 [2:05:24<1:16:51, 40.45s/ep][A

tin/rn18/el2nbest/sl/ipc50 w70 s42:  62%|██████▏   | 187/300 [2:06:04<1:16:10, 40.45s/ep][A

tin/rn18/el2nbest/sl/ipc50 w70 s42:  63%|██████▎   | 188/300 [2:06:45<1:15:29, 40.44s/ep][A

tin/rn18/el2nbest/sl/ipc50 w70 s42:  63%|██████▎   | 189/300 [2:07:25<1:14:49, 40.45s/ep][A

tin/rn18/el2nbest/sl/ipc50 w70 s42:  63%|██████▎   | 190/300 [2:08:06<1:14:09, 40.45s/ep][A

tin/rn18/el2nbest/sl/ipc50 w70 s42:  64%|██████▎   | 191/300 [2:08:46<1:13:28, 40.45s/ep][A

tin/rn18/el2nbest/sl/ipc50 w70 s42:  64%|██████▍   | 192/300 [2:09:27<1:12:48, 40.45s/ep][A

tin/rn18/el2nbest/sl/ipc50 w70 s42:  64%|██████▍   | 193/300 [2:10:07<1:12:08, 40.45s/ep][A

tin/rn18/el2nbest/sl/ipc50 w70 s42:  65%|██████▍   | 194/300 [2:10:47<1:11:28, 40.45s/ep][A

tin/rn18/el2nbest/sl/ipc50 w70 s42:  65%|██████▌   | 195/300 [2:11:28<1:10:47, 40.45s/ep][A

tin/rn18/el2nbest/sl/ipc50 w70 s42:  65%|██████▌   | 196/300 [2:12:08<1:10:07, 40.45s/ep][A

tin/rn18/el2nbest/sl/ipc50 w70 s42:  66%|██████▌   | 197/300 [2:12:49<1:09:26, 40.45s/ep][A

tin/rn18/el2nbest/sl/ipc50 w70 s42:  66%|██████▌   | 198/300 [2:13:29<1:08:46, 40.45s/ep][A

tin/rn18/el2nbest/sl/ipc50 w70 s42:  66%|██████▋   | 199/300 [2:14:10<1:08:06, 40.46s/ep][A

tin/rn18/el2nbest/sl/ipc50 w70 s42:  67%|██████▋   | 200/300 [2:14:50<1:07:25, 40.45s/ep][A

tin/rn18/el2nbest/sl/ipc50 w70 s42:  67%|██████▋   | 201/300 [2:15:31<1:06:44, 40.45s/ep][A

tin/rn18/el2nbest/sl/ipc50 w70 s42:  67%|██████▋   | 202/300 [2:16:11<1:06:04, 40.46s/ep][A

tin/rn18/el2nbest/sl/ipc50 w70 s42:  68%|██████▊   | 203/300 [2:16:52<1:05:24, 40.46s/ep][A

tin/rn18/el2nbest/sl/ipc50 w70 s42:  68%|██████▊   | 204/300 [2:17:32<1:04:43, 40.45s/ep][A

tin/rn18/el2nbest/sl/ipc50 w70 s42:  68%|██████▊   | 205/300 [2:18:12<1:04:03, 40.46s/ep][A

tin/rn18/el2nbest/sl/ipc50 w70 s42:  69%|██████▊   | 206/300 [2:18:53<1:03:22, 40.46s/ep][A

tin/rn18/el2nbest/sl/ipc50 w70 s42:  69%|██████▉   | 207/300 [2:19:33<1:02:42, 40.45s/ep][A

tin/rn18/el2nbest/sl/ipc50 w70 s42:  69%|██████▉   | 208/300 [2:20:14<1:02:02, 40.46s/ep][A

tin/rn18/el2nbest/sl/ipc50 w70 s42:  70%|██████▉   | 209/300 [2:20:54<1:01:21, 40.46s/ep][A

tin/rn18/el2nbest/sl/ipc50 w70 s42:  70%|███████   | 210/300 [2:21:35<1:00:41, 40.46s/ep][A

tin/rn18/el2nbest/sl/ipc50 w70 s42:  70%|███████   | 211/300 [2:22:15<1:00:01, 40.46s/ep][A

tin/rn18/el2nbest/sl/ipc50 w70 s42:  71%|███████   | 212/300 [2:22:56<59:20, 40.46s/ep]  [A

tin/rn18/el2nbest/sl/ipc50 w70 s42:  71%|███████   | 213/300 [2:23:36<58:39, 40.45s/ep][A

tin/rn18/el2nbest/sl/ipc50 w70 s42:  71%|███████▏  | 214/300 [2:24:17<57:58, 40.45s/ep][A

tin/rn18/el2nbest/sl/ipc50 w70 s42:  72%|███████▏  | 215/300 [2:24:57<57:18, 40.45s/ep][A

tin/rn18/el2nbest/sl/ipc50 w70 s42:  72%|███████▏  | 216/300 [2:25:37<56:37, 40.45s/ep][A

tin/rn18/el2nbest/sl/ipc50 w70 s42:  72%|███████▏  | 217/300 [2:26:18<55:57, 40.45s/ep][A

tin/rn18/el2nbest/sl/ipc50 w70 s42:  73%|███████▎  | 218/300 [2:26:58<55:16, 40.45s/ep][A

tin/rn18/el2nbest/sl/ipc50 w70 s42:  73%|███████▎  | 219/300 [2:27:39<54:36, 40.45s/ep][A

tin/rn18/el2nbest/sl/ipc50 w70 s42:  73%|███████▎  | 220/300 [2:28:19<53:56, 40.45s/ep][A

tin/rn18/el2nbest/sl/ipc50 w70 s42:  74%|███████▎  | 221/300 [2:29:00<53:15, 40.45s/ep][A

tin/rn18/el2nbest/sl/ipc50 w70 s42:  74%|███████▍  | 222/300 [2:29:40<52:35, 40.45s/ep][A

tin/rn18/el2nbest/sl/ipc50 w70 s42:  74%|███████▍  | 223/300 [2:30:21<51:54, 40.44s/ep][A

tin/rn18/el2nbest/sl/ipc50 w70 s42:  75%|███████▍  | 224/300 [2:31:01<51:13, 40.44s/ep][A

tin/rn18/el2nbest/sl/ipc50 w70 s42:  75%|███████▌  | 225/300 [2:31:41<50:33, 40.45s/ep][A

tin/rn18/el2nbest/sl/ipc50 w70 s42:  75%|███████▌  | 226/300 [2:32:22<49:53, 40.45s/ep][A

tin/rn18/el2nbest/sl/ipc50 w70 s42:  76%|███████▌  | 227/300 [2:33:02<49:13, 40.46s/ep][A

tin/rn18/el2nbest/sl/ipc50 w70 s42:  76%|███████▌  | 228/300 [2:33:43<48:33, 40.47s/ep][A

tin/rn18/el2nbest/sl/ipc50 w70 s42:  76%|███████▋  | 229/300 [2:34:23<47:52, 40.46s/ep][A

tin/rn18/el2nbest/sl/ipc50 w70 s42:  77%|███████▋  | 230/300 [2:35:04<47:12, 40.46s/ep][A

tin/rn18/el2nbest/sl/ipc50 w70 s42:  77%|███████▋  | 231/300 [2:35:44<46:31, 40.46s/ep][A

tin/rn18/el2nbest/sl/ipc50 w70 s42:  77%|███████▋  | 232/300 [2:36:25<45:50, 40.46s/ep][A

tin/rn18/el2nbest/sl/ipc50 w70 s42:  78%|███████▊  | 233/300 [2:37:05<45:10, 40.46s/ep][A

tin/rn18/el2nbest/sl/ipc50 w70 s42:  78%|███████▊  | 234/300 [2:37:46<44:30, 40.46s/ep][A

tin/rn18/el2nbest/sl/ipc50 w70 s42:  78%|███████▊  | 235/300 [2:38:26<43:49, 40.45s/ep][A

tin/rn18/el2nbest/sl/ipc50 w70 s42:  79%|███████▊  | 236/300 [2:39:07<43:09, 40.46s/ep][A

tin/rn18/el2nbest/sl/ipc50 w70 s42:  79%|███████▉  | 237/300 [2:39:47<42:28, 40.45s/ep][A

tin/rn18/el2nbest/sl/ipc50 w70 s42:  79%|███████▉  | 238/300 [2:40:27<41:47, 40.45s/ep][A

tin/rn18/el2nbest/sl/ipc50 w70 s42:  80%|███████▉  | 239/300 [2:41:08<41:07, 40.45s/ep][A

tin/rn18/el2nbest/sl/ipc50 w70 s42:  80%|████████  | 240/300 [2:41:48<40:26, 40.45s/ep][A

tin/rn18/el2nbest/sl/ipc50 w70 s42:  80%|████████  | 241/300 [2:42:29<39:46, 40.45s/ep][A

tin/rn18/el2nbest/sl/ipc50 w70 s42:  81%|████████  | 242/300 [2:43:09<39:05, 40.45s/ep][A

tin/rn18/el2nbest/sl/ipc50 w70 s42:  81%|████████  | 243/300 [2:43:50<38:25, 40.45s/ep][A

tin/rn18/el2nbest/sl/ipc50 w70 s42:  81%|████████▏ | 244/300 [2:44:30<37:45, 40.45s/ep][A

tin/rn18/el2nbest/sl/ipc50 w70 s42:  82%|████████▏ | 245/300 [2:45:11<37:04, 40.45s/ep][A

tin/rn18/el2nbest/sl/ipc50 w70 s42:  82%|████████▏ | 246/300 [2:45:51<36:24, 40.45s/ep][A

tin/rn18/el2nbest/sl/ipc50 w70 s42:  82%|████████▏ | 247/300 [2:46:31<35:44, 40.46s/ep][A

tin/rn18/el2nbest/sl/ipc50 w70 s42:  83%|████████▎ | 248/300 [2:47:12<35:04, 40.47s/ep][A

tin/rn18/el2nbest/sl/ipc50 w70 s42:  83%|████████▎ | 249/300 [2:47:52<34:23, 40.47s/ep][A

tin/rn18/el2nbest/sl/ipc50 w70 s42:  83%|████████▎ | 250/300 [2:48:33<33:43, 40.47s/ep][A

tin/rn18/el2nbest/sl/ipc50 w70 s42:  84%|████████▎ | 251/300 [2:49:13<33:02, 40.46s/ep][A

tin/rn18/el2nbest/sl/ipc50 w70 s42:  84%|████████▍ | 252/300 [2:49:54<32:22, 40.46s/ep][A

tin/rn18/el2nbest/sl/ipc50 w70 s42:  84%|████████▍ | 253/300 [2:50:34<31:41, 40.46s/ep][A

tin/rn18/el2nbest/sl/ipc50 w70 s42:  85%|████████▍ | 254/300 [2:51:15<31:00, 40.46s/ep][A

tin/rn18/el2nbest/sl/ipc50 w70 s42:  85%|████████▌ | 255/300 [2:51:55<30:20, 40.46s/ep][A

tin/rn18/el2nbest/sl/ipc50 w70 s42:  85%|████████▌ | 256/300 [2:52:36<29:40, 40.46s/ep][A

tin/rn18/el2nbest/sl/ipc50 w70 s42:  86%|████████▌ | 257/300 [2:53:16<28:59, 40.46s/ep][A

tin/rn18/el2nbest/sl/ipc50 w70 s42:  86%|████████▌ | 258/300 [2:53:57<28:19, 40.46s/ep][A

tin/rn18/el2nbest/sl/ipc50 w70 s42:  86%|████████▋ | 259/300 [2:54:37<27:38, 40.45s/ep][A

tin/rn18/el2nbest/sl/ipc50 w70 s42:  87%|████████▋ | 260/300 [2:55:17<26:58, 40.45s/ep][A

tin/rn18/el2nbest/sl/ipc50 w70 s42:  87%|████████▋ | 261/300 [2:55:58<26:17, 40.46s/ep][A

tin/rn18/el2nbest/sl/ipc50 w70 s42:  87%|████████▋ | 262/300 [2:56:38<25:37, 40.46s/ep][A

tin/rn18/el2nbest/sl/ipc50 w70 s42:  88%|████████▊ | 263/300 [2:57:19<24:56, 40.46s/ep][A

tin/rn18/el2nbest/sl/ipc50 w70 s42:  88%|████████▊ | 264/300 [2:57:59<24:16, 40.46s/ep][A

tin/rn18/el2nbest/sl/ipc50 w70 s42:  88%|████████▊ | 265/300 [2:58:40<23:35, 40.46s/ep][A

tin/rn18/el2nbest/sl/ipc50 w70 s42:  89%|████████▊ | 266/300 [2:59:20<22:55, 40.46s/ep][A

tin/rn18/el2nbest/sl/ipc50 w70 s42:  89%|████████▉ | 267/300 [3:00:01<22:14, 40.45s/ep][A

tin/rn18/el2nbest/sl/ipc50 w70 s42:  89%|████████▉ | 268/300 [3:00:41<21:34, 40.46s/ep][A

tin/rn18/el2nbest/sl/ipc50 w70 s42:  90%|████████▉ | 269/300 [3:01:22<20:54, 40.46s/ep][A

tin/rn18/el2nbest/sl/ipc50 w70 s42:  90%|█████████ | 270/300 [3:02:02<20:13, 40.45s/ep][A

tin/rn18/el2nbest/sl/ipc50 w70 s42:  90%|█████████ | 271/300 [3:02:42<19:33, 40.46s/ep][A

tin/rn18/el2nbest/sl/ipc50 w70 s42:  91%|█████████ | 272/300 [3:03:23<18:52, 40.46s/ep][A

tin/rn18/el2nbest/sl/ipc50 w70 s42:  91%|█████████ | 273/300 [3:04:03<18:12, 40.45s/ep][A

tin/rn18/el2nbest/sl/ipc50 w70 s42:  91%|█████████▏| 274/300 [3:04:44<17:31, 40.45s/ep][A

tin/rn18/el2nbest/sl/ipc50 w70 s42:  92%|█████████▏| 275/300 [3:05:24<16:51, 40.45s/ep][A

tin/rn18/el2nbest/sl/ipc50 w70 s42:  92%|█████████▏| 276/300 [3:06:05<16:11, 40.47s/ep][A

tin/rn18/el2nbest/sl/ipc50 w70 s42:  92%|█████████▏| 277/300 [3:06:45<15:30, 40.46s/ep][A

tin/rn18/el2nbest/sl/ipc50 w70 s42:  93%|█████████▎| 278/300 [3:07:26<14:50, 40.46s/ep][A

tin/rn18/el2nbest/sl/ipc50 w70 s42:  93%|█████████▎| 279/300 [3:08:06<14:09, 40.45s/ep][A

tin/rn18/el2nbest/sl/ipc50 w70 s42:  93%|█████████▎| 280/300 [3:08:47<13:29, 40.46s/ep][A

tin/rn18/el2nbest/sl/ipc50 w70 s42:  94%|█████████▎| 281/300 [3:09:27<12:48, 40.46s/ep][A

tin/rn18/el2nbest/sl/ipc50 w70 s42:  94%|█████████▍| 282/300 [3:10:07<12:08, 40.46s/ep][A

tin/rn18/el2nbest/sl/ipc50 w70 s42:  94%|█████████▍| 283/300 [3:10:48<11:27, 40.46s/ep][A

tin/rn18/el2nbest/sl/ipc50 w70 s42:  95%|█████████▍| 284/300 [3:11:28<10:47, 40.46s/ep][A

tin/rn18/el2nbest/sl/ipc50 w70 s42:  95%|█████████▌| 285/300 [3:12:09<10:06, 40.46s/ep][A

tin/rn18/el2nbest/sl/ipc50 w70 s42:  95%|█████████▌| 286/300 [3:12:49<09:26, 40.46s/ep][A

tin/rn18/el2nbest/sl/ipc50 w70 s42:  96%|█████████▌| 287/300 [3:13:30<08:45, 40.46s/ep][A

tin/rn18/el2nbest/sl/ipc50 w70 s42:  96%|█████████▌| 288/300 [3:14:10<08:05, 40.46s/ep][A

tin/rn18/el2nbest/sl/ipc50 w70 s42:  96%|█████████▋| 289/300 [3:14:51<07:25, 40.46s/ep][A

tin/rn18/el2nbest/sl/ipc50 w70 s42:  97%|█████████▋| 290/300 [3:15:31<06:44, 40.46s/ep][A

tin/rn18/el2nbest/sl/ipc50 w70 s42:  97%|█████████▋| 291/300 [3:16:12<06:04, 40.46s/ep][A

tin/rn18/el2nbest/sl/ipc50 w70 s42:  97%|█████████▋| 292/300 [3:16:52<05:23, 40.46s/ep][A

tin/rn18/el2nbest/sl/ipc50 w70 s42:  98%|█████████▊| 293/300 [3:17:33<04:43, 40.46s/ep][A

tin/rn18/el2nbest/sl/ipc50 w70 s42:  98%|█████████▊| 294/300 [3:18:13<04:02, 40.46s/ep][A

tin/rn18/el2nbest/sl/ipc50 w70 s42:  98%|█████████▊| 295/300 [3:18:53<03:22, 40.45s/ep][A

tin/rn18/el2nbest/sl/ipc50 w70 s42:  99%|█████████▊| 296/300 [3:19:34<02:41, 40.46s/ep][A

tin/rn18/el2nbest/sl/ipc50 w70 s42:  99%|█████████▉| 297/300 [3:20:14<02:01, 40.46s/ep][A

tin/rn18/el2nbest/sl/ipc50 w70 s42:  99%|█████████▉| 298/300 [3:20:55<01:20, 40.46s/ep][A

tin/rn18/el2nbest/sl/ipc50 w70 s42: 100%|█████████▉| 299/300 [3:21:35<00:40, 40.45s/ep][A

tin/rn18/el2nbest/sl/ipc50 w70 s42: 100%|██████████| 300/300 [3:22:16<00:00, 40.46s/ep][A

                                                                                       [A[cell] tin/rn18/el2nbest/sl/ipc50 window 70%: 36.68%  (12149s)


tin/rn18/el2nbest/sl/ipc50 w80 s42:   0%|          | 0/300 [00:00<?, ?ep/s][A

tin/rn18/el2nbest/sl/ipc50 w80 s42:   0%|          | 1/300 [00:40<3:21:45, 40.49s/ep][A

tin/rn18/el2nbest/sl/ipc50 w80 s42:   1%|          | 2/300 [01:20<3:21:02, 40.48s/ep][A

tin/rn18/el2nbest/sl/ipc50 w80 s42:   1%|          | 3/300 [02:01<3:20:15, 40.46s/ep][A

tin/rn18/el2nbest/sl/ipc50 w80 s42:   1%|▏         | 4/300 [02:41<3:19:37, 40.46s/ep][A

tin/rn18/el2nbest/sl/ipc50 w80 s42:   2%|▏         | 5/300 [03:22<3:18:55, 40.46s/ep][A

tin/rn18/el2nbest/sl/ipc50 w80 s42:   2%|▏         | 6/300 [04:02<3:18:13, 40.45s/ep][A

tin/rn18/el2nbest/sl/ipc50 w80 s42:   2%|▏         | 7/300 [04:43<3:17:33, 40.46s/ep][A

tin/rn18/el2nbest/sl/ipc50 w80 s42:   3%|▎         | 8/300 [05:23<3:16:51, 40.45s/ep][A

tin/rn18/el2nbest/sl/ipc50 w80 s42:   3%|▎         | 9/300 [06:04<3:16:10, 40.45s/ep][A

tin/rn18/el2nbest/sl/ipc50 w80 s42:   3%|▎         | 10/300 [06:44<3:15:29, 40.45s/ep][A

tin/rn18/el2nbest/sl/ipc50 w80 s42:   4%|▎         | 11/300 [07:25<3:14:50, 40.45s/ep][A

tin/rn18/el2nbest/sl/ipc50 w80 s42:   4%|▍         | 12/300 [08:05<3:14:10, 40.45s/ep][A

tin/rn18/el2nbest/sl/ipc50 w80 s42:   4%|▍         | 13/300 [08:45<3:13:30, 40.45s/ep][A

tin/rn18/el2nbest/sl/ipc50 w80 s42:   5%|▍         | 14/300 [09:26<3:12:48, 40.45s/ep][A

tin/rn18/el2nbest/sl/ipc50 w80 s42:   5%|▌         | 15/300 [10:06<3:12:10, 40.46s/ep][A

tin/rn18/el2nbest/sl/ipc50 w80 s42:   5%|▌         | 16/300 [10:47<3:11:29, 40.46s/ep][A

tin/rn18/el2nbest/sl/ipc50 w80 s42:   6%|▌         | 17/300 [11:27<3:10:50, 40.46s/ep][A

tin/rn18/el2nbest/sl/ipc50 w80 s42:   6%|▌         | 18/300 [12:08<3:10:08, 40.45s/ep][A

tin/rn18/el2nbest/sl/ipc50 w80 s42:   6%|▋         | 19/300 [12:48<3:09:27, 40.45s/ep][A

tin/rn18/el2nbest/sl/ipc50 w80 s42:   7%|▋         | 20/300 [13:29<3:08:47, 40.45s/ep][A

tin/rn18/el2nbest/sl/ipc50 w80 s42:   7%|▋         | 21/300 [14:09<3:08:07, 40.46s/ep][A

tin/rn18/el2nbest/sl/ipc50 w80 s42:   7%|▋         | 22/300 [14:50<3:07:27, 40.46s/ep][A

tin/rn18/el2nbest/sl/ipc50 w80 s42:   8%|▊         | 23/300 [15:30<3:06:46, 40.46s/ep][A

tin/rn18/el2nbest/sl/ipc50 w80 s42:   8%|▊         | 24/300 [16:10<3:06:06, 40.46s/ep][A

tin/rn18/el2nbest/sl/ipc50 w80 s42:   8%|▊         | 25/300 [16:51<3:05:25, 40.46s/ep][A

tin/rn18/el2nbest/sl/ipc50 w80 s42:   9%|▊         | 26/300 [17:31<3:04:46, 40.46s/ep][A

tin/rn18/el2nbest/sl/ipc50 w80 s42:   9%|▉         | 27/300 [18:12<3:04:06, 40.46s/ep][A

tin/rn18/el2nbest/sl/ipc50 w80 s42:   9%|▉         | 28/300 [18:52<3:03:28, 40.47s/ep][A

tin/rn18/el2nbest/sl/ipc50 w80 s42:  10%|▉         | 29/300 [19:33<3:02:47, 40.47s/ep][A

tin/rn18/el2nbest/sl/ipc50 w80 s42:  10%|█         | 30/300 [20:13<3:02:06, 40.47s/ep][A

tin/rn18/el2nbest/sl/ipc50 w80 s42:  10%|█         | 31/300 [20:54<3:01:24, 40.46s/ep][A

tin/rn18/el2nbest/sl/ipc50 w80 s42:  11%|█         | 32/300 [21:34<3:00:44, 40.46s/ep][A

tin/rn18/el2nbest/sl/ipc50 w80 s42:  11%|█         | 33/300 [22:15<3:00:04, 40.47s/ep][A

tin/rn18/el2nbest/sl/ipc50 w80 s42:  11%|█▏        | 34/300 [22:55<2:59:22, 40.46s/ep][A

tin/rn18/el2nbest/sl/ipc50 w80 s42:  12%|█▏        | 35/300 [23:36<2:58:40, 40.45s/ep][A

tin/rn18/el2nbest/sl/ipc50 w80 s42:  12%|█▏        | 36/300 [24:16<2:58:00, 40.45s/ep][A

tin/rn18/el2nbest/sl/ipc50 w80 s42:  12%|█▏        | 37/300 [24:56<2:57:19, 40.45s/ep][A

tin/rn18/el2nbest/sl/ipc50 w80 s42:  13%|█▎        | 38/300 [25:37<2:56:39, 40.46s/ep][A

tin/rn18/el2nbest/sl/ipc50 w80 s42:  13%|█▎        | 39/300 [26:17<2:56:00, 40.46s/ep][A

tin/rn18/el2nbest/sl/ipc50 w80 s42:  13%|█▎        | 40/300 [26:58<2:55:20, 40.46s/ep][A

tin/rn18/el2nbest/sl/ipc50 w80 s42:  14%|█▎        | 41/300 [27:38<2:54:38, 40.46s/ep][A

tin/rn18/el2nbest/sl/ipc50 w80 s42:  14%|█▍        | 42/300 [28:19<2:53:58, 40.46s/ep][A

tin/rn18/el2nbest/sl/ipc50 w80 s42:  14%|█▍        | 43/300 [28:59<2:53:16, 40.45s/ep][A

tin/rn18/el2nbest/sl/ipc50 w80 s42:  15%|█▍        | 44/300 [29:40<2:52:37, 40.46s/ep][A

tin/rn18/el2nbest/sl/ipc50 w80 s42:  15%|█▌        | 45/300 [30:20<2:51:57, 40.46s/ep][A

tin/rn18/el2nbest/sl/ipc50 w80 s42:  15%|█▌        | 46/300 [31:01<2:51:19, 40.47s/ep][A

tin/rn18/el2nbest/sl/ipc50 w80 s42:  16%|█▌        | 47/300 [31:41<2:50:37, 40.46s/ep][A

tin/rn18/el2nbest/sl/ipc50 w80 s42:  16%|█▌        | 48/300 [32:22<2:49:57, 40.47s/ep][A

tin/rn18/el2nbest/sl/ipc50 w80 s42:  16%|█▋        | 49/300 [33:02<2:49:14, 40.46s/ep][A

tin/rn18/el2nbest/sl/ipc50 w80 s42:  17%|█▋        | 50/300 [33:42<2:48:37, 40.47s/ep][A

tin/rn18/el2nbest/sl/ipc50 w80 s42:  17%|█▋        | 51/300 [34:23<2:47:58, 40.48s/ep][A

tin/rn18/el2nbest/sl/ipc50 w80 s42:  17%|█▋        | 52/300 [35:03<2:47:18, 40.48s/ep][A

tin/rn18/el2nbest/sl/ipc50 w80 s42:  18%|█▊        | 53/300 [35:44<2:46:35, 40.47s/ep][A

tin/rn18/el2nbest/sl/ipc50 w80 s42:  18%|█▊        | 54/300 [36:24<2:45:53, 40.46s/ep][A

tin/rn18/el2nbest/sl/ipc50 w80 s42:  18%|█▊        | 55/300 [37:05<2:45:13, 40.46s/ep][A

tin/rn18/el2nbest/sl/ipc50 w80 s42:  19%|█▊        | 56/300 [37:45<2:44:31, 40.46s/ep][A

tin/rn18/el2nbest/sl/ipc50 w80 s42:  19%|█▉        | 57/300 [38:26<2:43:50, 40.46s/ep][A

tin/rn18/el2nbest/sl/ipc50 w80 s42:  19%|█▉        | 58/300 [39:06<2:43:10, 40.46s/ep][A

tin/rn18/el2nbest/sl/ipc50 w80 s42:  20%|█▉        | 59/300 [39:47<2:42:28, 40.45s/ep][A

tin/rn18/el2nbest/sl/ipc50 w80 s42:  20%|██        | 60/300 [40:27<2:41:48, 40.45s/ep][A

tin/rn18/el2nbest/sl/ipc50 w80 s42:  20%|██        | 61/300 [41:07<2:41:07, 40.45s/ep][A

tin/rn18/el2nbest/sl/ipc50 w80 s42:  21%|██        | 62/300 [41:48<2:40:25, 40.44s/ep][A

tin/rn18/el2nbest/sl/ipc50 w80 s42:  21%|██        | 63/300 [42:28<2:39:46, 40.45s/ep][A

tin/rn18/el2nbest/sl/ipc50 w80 s42:  21%|██▏       | 64/300 [43:09<2:39:05, 40.45s/ep][A

tin/rn18/el2nbest/sl/ipc50 w80 s42:  22%|██▏       | 65/300 [43:49<2:38:25, 40.45s/ep][A

tin/rn18/el2nbest/sl/ipc50 w80 s42:  22%|██▏       | 66/300 [44:30<2:37:45, 40.45s/ep][A

tin/rn18/el2nbest/sl/ipc50 w80 s42:  22%|██▏       | 67/300 [45:10<2:37:05, 40.45s/ep][A

tin/rn18/el2nbest/sl/ipc50 w80 s42:  23%|██▎       | 68/300 [45:51<2:36:24, 40.45s/ep][A

tin/rn18/el2nbest/sl/ipc50 w80 s42:  23%|██▎       | 69/300 [46:31<2:35:45, 40.46s/ep][A

tin/rn18/el2nbest/sl/ipc50 w80 s42:  23%|██▎       | 70/300 [47:12<2:35:04, 40.45s/ep][A

tin/rn18/el2nbest/sl/ipc50 w80 s42:  24%|██▎       | 71/300 [47:52<2:34:24, 40.46s/ep][A

tin/rn18/el2nbest/sl/ipc50 w80 s42:  24%|██▍       | 72/300 [48:32<2:33:44, 40.46s/ep][A

tin/rn18/el2nbest/sl/ipc50 w80 s42:  24%|██▍       | 73/300 [49:13<2:33:03, 40.46s/ep][A

tin/rn18/el2nbest/sl/ipc50 w80 s42:  25%|██▍       | 74/300 [49:53<2:32:23, 40.46s/ep][A

tin/rn18/el2nbest/sl/ipc50 w80 s42:  25%|██▌       | 75/300 [50:34<2:31:41, 40.45s/ep][A

tin/rn18/el2nbest/sl/ipc50 w80 s42:  25%|██▌       | 76/300 [51:14<2:31:01, 40.45s/ep][A

tin/rn18/el2nbest/sl/ipc50 w80 s42:  26%|██▌       | 77/300 [51:55<2:30:23, 40.46s/ep][A

tin/rn18/el2nbest/sl/ipc50 w80 s42:  26%|██▌       | 78/300 [52:35<2:29:41, 40.46s/ep][A

tin/rn18/el2nbest/sl/ipc50 w80 s42:  26%|██▋       | 79/300 [53:16<2:29:00, 40.46s/ep][A

tin/rn18/el2nbest/sl/ipc50 w80 s42:  27%|██▋       | 80/300 [53:56<2:28:19, 40.45s/ep][A

tin/rn18/el2nbest/sl/ipc50 w80 s42:  27%|██▋       | 81/300 [54:37<2:27:40, 40.46s/ep][A

tin/rn18/el2nbest/sl/ipc50 w80 s42:  27%|██▋       | 82/300 [55:17<2:26:58, 40.45s/ep][A

tin/rn18/el2nbest/sl/ipc50 w80 s42:  28%|██▊       | 83/300 [55:57<2:26:17, 40.45s/ep][A

tin/rn18/el2nbest/sl/ipc50 w80 s42:  28%|██▊       | 84/300 [56:38<2:25:37, 40.45s/ep][A

tin/rn18/el2nbest/sl/ipc50 w80 s42:  28%|██▊       | 85/300 [57:18<2:24:56, 40.45s/ep][A

tin/rn18/el2nbest/sl/ipc50 w80 s42:  29%|██▊       | 86/300 [57:59<2:24:14, 40.44s/ep][A

tin/rn18/el2nbest/sl/ipc50 w80 s42:  29%|██▉       | 87/300 [58:39<2:23:35, 40.45s/ep][A

tin/rn18/el2nbest/sl/ipc50 w80 s42:  29%|██▉       | 88/300 [59:20<2:22:55, 40.45s/ep][A

tin/rn18/el2nbest/sl/ipc50 w80 s42:  30%|██▉       | 89/300 [1:00:00<2:22:14, 40.45s/ep][A

tin/rn18/el2nbest/sl/ipc50 w80 s42:  30%|███       | 90/300 [1:00:41<2:21:34, 40.45s/ep][A

tin/rn18/el2nbest/sl/ipc50 w80 s42:  30%|███       | 91/300 [1:01:21<2:20:53, 40.45s/ep][A

tin/rn18/el2nbest/sl/ipc50 w80 s42:  31%|███       | 92/300 [1:02:01<2:20:12, 40.44s/ep][A

tin/rn18/el2nbest/sl/ipc50 w80 s42:  31%|███       | 93/300 [1:02:42<2:19:31, 40.44s/ep][A

tin/rn18/el2nbest/sl/ipc50 w80 s42:  31%|███▏      | 94/300 [1:03:22<2:18:50, 40.44s/ep][A

tin/rn18/el2nbest/sl/ipc50 w80 s42:  32%|███▏      | 95/300 [1:04:03<2:18:10, 40.44s/ep][A

tin/rn18/el2nbest/sl/ipc50 w80 s42:  32%|███▏      | 96/300 [1:04:43<2:17:30, 40.44s/ep][A

tin/rn18/el2nbest/sl/ipc50 w80 s42:  32%|███▏      | 97/300 [1:05:24<2:16:50, 40.45s/ep][A

tin/rn18/el2nbest/sl/ipc50 w80 s42:  33%|███▎      | 98/300 [1:06:04<2:16:11, 40.45s/ep][A

tin/rn18/el2nbest/sl/ipc50 w80 s42:  33%|███▎      | 99/300 [1:06:45<2:15:32, 40.46s/ep][A

tin/rn18/el2nbest/sl/ipc50 w80 s42:  33%|███▎      | 100/300 [1:07:25<2:14:50, 40.45s/ep][A

tin/rn18/el2nbest/sl/ipc50 w80 s42:  34%|███▎      | 101/300 [1:08:06<2:14:10, 40.45s/ep][A

tin/rn18/el2nbest/sl/ipc50 w80 s42:  34%|███▍      | 102/300 [1:08:46<2:13:30, 40.46s/ep][A

tin/rn18/el2nbest/sl/ipc50 w80 s42:  34%|███▍      | 103/300 [1:09:26<2:12:49, 40.46s/ep][A

tin/rn18/el2nbest/sl/ipc50 w80 s42:  35%|███▍      | 104/300 [1:10:07<2:12:10, 40.46s/ep][A

tin/rn18/el2nbest/sl/ipc50 w80 s42:  35%|███▌      | 105/300 [1:10:47<2:11:29, 40.46s/ep][A

tin/rn18/el2nbest/sl/ipc50 w80 s42:  35%|███▌      | 106/300 [1:11:28<2:10:49, 40.46s/ep][A

tin/rn18/el2nbest/sl/ipc50 w80 s42:  36%|███▌      | 107/300 [1:12:08<2:10:07, 40.46s/ep][A

tin/rn18/el2nbest/sl/ipc50 w80 s42:  36%|███▌      | 108/300 [1:12:49<2:09:27, 40.45s/ep][A

tin/rn18/el2nbest/sl/ipc50 w80 s42:  36%|███▋      | 109/300 [1:13:29<2:08:45, 40.45s/ep][A

tin/rn18/el2nbest/sl/ipc50 w80 s42:  37%|███▋      | 110/300 [1:14:10<2:08:05, 40.45s/ep][A

tin/rn18/el2nbest/sl/ipc50 w80 s42:  37%|███▋      | 111/300 [1:14:50<2:07:23, 40.44s/ep][A

tin/rn18/el2nbest/sl/ipc50 w80 s42:  37%|███▋      | 112/300 [1:15:31<2:06:44, 40.45s/ep][A

tin/rn18/el2nbest/sl/ipc50 w80 s42:  38%|███▊      | 113/300 [1:16:11<2:06:04, 40.45s/ep][A

tin/rn18/el2nbest/sl/ipc50 w80 s42:  38%|███▊      | 114/300 [1:16:51<2:05:24, 40.45s/ep][A

tin/rn18/el2nbest/sl/ipc50 w80 s42:  38%|███▊      | 115/300 [1:17:32<2:04:46, 40.46s/ep][A

tin/rn18/el2nbest/sl/ipc50 w80 s42:  39%|███▊      | 116/300 [1:18:12<2:04:04, 40.46s/ep][A

tin/rn18/el2nbest/sl/ipc50 w80 s42:  39%|███▉      | 117/300 [1:18:53<2:03:23, 40.46s/ep][A

tin/rn18/el2nbest/sl/ipc50 w80 s42:  39%|███▉      | 118/300 [1:19:33<2:02:43, 40.46s/ep][A

tin/rn18/el2nbest/sl/ipc50 w80 s42:  40%|███▉      | 119/300 [1:20:14<2:02:02, 40.46s/ep][A

tin/rn18/el2nbest/sl/ipc50 w80 s42:  40%|████      | 120/300 [1:20:54<2:01:22, 40.46s/ep][A

tin/rn18/el2nbest/sl/ipc50 w80 s42:  40%|████      | 121/300 [1:21:35<2:00:42, 40.46s/ep][A

tin/rn18/el2nbest/sl/ipc50 w80 s42:  41%|████      | 122/300 [1:22:15<2:00:00, 40.45s/ep][A

tin/rn18/el2nbest/sl/ipc50 w80 s42:  41%|████      | 123/300 [1:22:56<1:59:19, 40.45s/ep][A

tin/rn18/el2nbest/sl/ipc50 w80 s42:  41%|████▏     | 124/300 [1:23:36<1:58:38, 40.45s/ep][A

tin/rn18/el2nbest/sl/ipc50 w80 s42:  42%|████▏     | 125/300 [1:24:16<1:57:59, 40.45s/ep][A

tin/rn18/el2nbest/sl/ipc50 w80 s42:  42%|████▏     | 126/300 [1:24:57<1:57:18, 40.45s/ep][A

tin/rn18/el2nbest/sl/ipc50 w80 s42:  42%|████▏     | 127/300 [1:25:37<1:56:37, 40.45s/ep][A

tin/rn18/el2nbest/sl/ipc50 w80 s42:  43%|████▎     | 128/300 [1:26:18<1:55:57, 40.45s/ep][A

tin/rn18/el2nbest/sl/ipc50 w80 s42:  43%|████▎     | 129/300 [1:26:58<1:55:16, 40.45s/ep][A

tin/rn18/el2nbest/sl/ipc50 w80 s42:  43%|████▎     | 130/300 [1:27:39<1:54:36, 40.45s/ep][A

tin/rn18/el2nbest/sl/ipc50 w80 s42:  44%|████▎     | 131/300 [1:28:19<1:53:56, 40.45s/ep][A

tin/rn18/el2nbest/sl/ipc50 w80 s42:  44%|████▍     | 132/300 [1:29:00<1:53:16, 40.46s/ep][A

tin/rn18/el2nbest/sl/ipc50 w80 s42:  44%|████▍     | 133/300 [1:29:40<1:52:35, 40.45s/ep][A

tin/rn18/el2nbest/sl/ipc50 w80 s42:  45%|████▍     | 134/300 [1:30:21<1:51:55, 40.46s/ep][A

tin/rn18/el2nbest/sl/ipc50 w80 s42:  45%|████▌     | 135/300 [1:31:01<1:51:17, 40.47s/ep][A

tin/rn18/el2nbest/sl/ipc50 w80 s42:  45%|████▌     | 136/300 [1:31:41<1:50:35, 40.46s/ep][A

tin/rn18/el2nbest/sl/ipc50 w80 s42:  46%|████▌     | 137/300 [1:32:22<1:49:54, 40.46s/ep][A

tin/rn18/el2nbest/sl/ipc50 w80 s42:  46%|████▌     | 138/300 [1:33:02<1:49:14, 40.46s/ep][A

tin/rn18/el2nbest/sl/ipc50 w80 s42:  46%|████▋     | 139/300 [1:33:43<1:48:34, 40.46s/ep][A

tin/rn18/el2nbest/sl/ipc50 w80 s42:  47%|████▋     | 140/300 [1:34:23<1:47:52, 40.45s/ep][A

tin/rn18/el2nbest/sl/ipc50 w80 s42:  47%|████▋     | 141/300 [1:35:04<1:47:12, 40.46s/ep][A

tin/rn18/el2nbest/sl/ipc50 w80 s42:  47%|████▋     | 142/300 [1:35:44<1:46:32, 40.46s/ep][A

tin/rn18/el2nbest/sl/ipc50 w80 s42:  48%|████▊     | 143/300 [1:36:25<1:45:52, 40.46s/ep][A

tin/rn18/el2nbest/sl/ipc50 w80 s42:  48%|████▊     | 144/300 [1:37:05<1:45:11, 40.46s/ep][A

tin/rn18/el2nbest/sl/ipc50 w80 s42:  48%|████▊     | 145/300 [1:37:46<1:44:30, 40.46s/ep][A

tin/rn18/el2nbest/sl/ipc50 w80 s42:  49%|████▊     | 146/300 [1:38:26<1:43:50, 40.46s/ep][A

tin/rn18/el2nbest/sl/ipc50 w80 s42:  49%|████▉     | 147/300 [1:39:07<1:43:09, 40.45s/ep][A

tin/rn18/el2nbest/sl/ipc50 w80 s42:  49%|████▉     | 148/300 [1:39:47<1:42:28, 40.45s/ep][A

tin/rn18/el2nbest/sl/ipc50 w80 s42:  50%|████▉     | 149/300 [1:40:27<1:41:48, 40.45s/ep][A

tin/rn18/el2nbest/sl/ipc50 w80 s42:  50%|█████     | 150/300 [1:41:08<1:41:08, 40.45s/ep][A

tin/rn18/el2nbest/sl/ipc50 w80 s42:  50%|█████     | 151/300 [1:41:48<1:40:27, 40.46s/ep][A

tin/rn18/el2nbest/sl/ipc50 w80 s42:  51%|█████     | 152/300 [1:42:29<1:39:47, 40.46s/ep][A

tin/rn18/el2nbest/sl/ipc50 w80 s42:  51%|█████     | 153/300 [1:43:09<1:39:06, 40.45s/ep][A

tin/rn18/el2nbest/sl/ipc50 w80 s42:  51%|█████▏    | 154/300 [1:43:50<1:38:26, 40.45s/ep][A

tin/rn18/el2nbest/sl/ipc50 w80 s42:  52%|█████▏    | 155/300 [1:44:30<1:37:45, 40.45s/ep][A

tin/rn18/el2nbest/sl/ipc50 w80 s42:  52%|█████▏    | 156/300 [1:45:11<1:37:04, 40.45s/ep][A

tin/rn18/el2nbest/sl/ipc50 w80 s42:  52%|█████▏    | 157/300 [1:45:51<1:36:24, 40.45s/ep][A

tin/rn18/el2nbest/sl/ipc50 w80 s42:  53%|█████▎    | 158/300 [1:46:31<1:35:42, 40.44s/ep][A

tin/rn18/el2nbest/sl/ipc50 w80 s42:  53%|█████▎    | 159/300 [1:47:12<1:35:03, 40.45s/ep][A

tin/rn18/el2nbest/sl/ipc50 w80 s42:  53%|█████▎    | 160/300 [1:47:52<1:34:23, 40.45s/ep][A

tin/rn18/el2nbest/sl/ipc50 w80 s42:  54%|█████▎    | 161/300 [1:48:33<1:33:44, 40.46s/ep][A

tin/rn18/el2nbest/sl/ipc50 w80 s42:  54%|█████▍    | 162/300 [1:49:13<1:33:02, 40.45s/ep][A

tin/rn18/el2nbest/sl/ipc50 w80 s42:  54%|█████▍    | 163/300 [1:49:54<1:32:23, 40.46s/ep][A

tin/rn18/el2nbest/sl/ipc50 w80 s42:  55%|█████▍    | 164/300 [1:50:34<1:31:41, 40.45s/ep][A

tin/rn18/el2nbest/sl/ipc50 w80 s42:  55%|█████▌    | 165/300 [1:51:15<1:31:02, 40.46s/ep][A

tin/rn18/el2nbest/sl/ipc50 w80 s42:  55%|█████▌    | 166/300 [1:51:55<1:30:21, 40.46s/ep][A

tin/rn18/el2nbest/sl/ipc50 w80 s42:  56%|█████▌    | 167/300 [1:52:36<1:29:40, 40.45s/ep][A

tin/rn18/el2nbest/sl/ipc50 w80 s42:  56%|█████▌    | 168/300 [1:53:16<1:29:00, 40.46s/ep][A

tin/rn18/el2nbest/sl/ipc50 w80 s42:  56%|█████▋    | 169/300 [1:53:57<1:28:20, 40.46s/ep][A

tin/rn18/el2nbest/sl/ipc50 w80 s42:  57%|█████▋    | 170/300 [1:54:37<1:27:39, 40.46s/ep][A

tin/rn18/el2nbest/sl/ipc50 w80 s42:  57%|█████▋    | 171/300 [1:55:17<1:26:59, 40.46s/ep][A

tin/rn18/el2nbest/sl/ipc50 w80 s42:  57%|█████▋    | 172/300 [1:55:58<1:26:18, 40.46s/ep][A

tin/rn18/el2nbest/sl/ipc50 w80 s42:  58%|█████▊    | 173/300 [1:56:38<1:25:37, 40.46s/ep][A

tin/rn18/el2nbest/sl/ipc50 w80 s42:  58%|█████▊    | 174/300 [1:57:19<1:24:57, 40.45s/ep][A

tin/rn18/el2nbest/sl/ipc50 w80 s42:  58%|█████▊    | 175/300 [1:57:59<1:24:16, 40.46s/ep][A

tin/rn18/el2nbest/sl/ipc50 w80 s42:  59%|█████▊    | 176/300 [1:58:40<1:23:36, 40.46s/ep][A

tin/rn18/el2nbest/sl/ipc50 w80 s42:  59%|█████▉    | 177/300 [1:59:20<1:22:55, 40.46s/ep][A

tin/rn18/el2nbest/sl/ipc50 w80 s42:  59%|█████▉    | 178/300 [2:00:01<1:22:14, 40.45s/ep][A

tin/rn18/el2nbest/sl/ipc50 w80 s42:  60%|█████▉    | 179/300 [2:00:41<1:21:34, 40.45s/ep][A

tin/rn18/el2nbest/sl/ipc50 w80 s42:  60%|██████    | 180/300 [2:01:21<1:20:53, 40.45s/ep][A

tin/rn18/el2nbest/sl/ipc50 w80 s42:  60%|██████    | 181/300 [2:02:02<1:20:13, 40.45s/ep][A

tin/rn18/el2nbest/sl/ipc50 w80 s42:  61%|██████    | 182/300 [2:02:42<1:19:33, 40.45s/ep][A

tin/rn18/el2nbest/sl/ipc50 w80 s42:  61%|██████    | 183/300 [2:03:23<1:18:53, 40.45s/ep][A

tin/rn18/el2nbest/sl/ipc50 w80 s42:  61%|██████▏   | 184/300 [2:04:03<1:18:12, 40.45s/ep][A

tin/rn18/el2nbest/sl/ipc50 w80 s42:  62%|██████▏   | 185/300 [2:04:44<1:17:32, 40.46s/ep][A

tin/rn18/el2nbest/sl/ipc50 w80 s42:  62%|██████▏   | 186/300 [2:05:24<1:16:51, 40.45s/ep][A

tin/rn18/el2nbest/sl/ipc50 w80 s42:  62%|██████▏   | 187/300 [2:06:05<1:16:10, 40.45s/ep][A

tin/rn18/el2nbest/sl/ipc50 w80 s42:  63%|██████▎   | 188/300 [2:06:45<1:15:29, 40.45s/ep][A

tin/rn18/el2nbest/sl/ipc50 w80 s42:  63%|██████▎   | 189/300 [2:07:26<1:14:50, 40.45s/ep][A

tin/rn18/el2nbest/sl/ipc50 w80 s42:  63%|██████▎   | 190/300 [2:08:06<1:14:09, 40.45s/ep][A

tin/rn18/el2nbest/sl/ipc50 w80 s42:  64%|██████▎   | 191/300 [2:08:46<1:13:28, 40.45s/ep][A

tin/rn18/el2nbest/sl/ipc50 w80 s42:  64%|██████▍   | 192/300 [2:09:27<1:12:48, 40.45s/ep][A

tin/rn18/el2nbest/sl/ipc50 w80 s42:  64%|██████▍   | 193/300 [2:10:07<1:12:08, 40.45s/ep][A

tin/rn18/el2nbest/sl/ipc50 w80 s42:  65%|██████▍   | 194/300 [2:10:48<1:11:28, 40.45s/ep][A

tin/rn18/el2nbest/sl/ipc50 w80 s42:  65%|██████▌   | 195/300 [2:11:28<1:10:47, 40.45s/ep][A

tin/rn18/el2nbest/sl/ipc50 w80 s42:  65%|██████▌   | 196/300 [2:12:09<1:10:07, 40.46s/ep][A

tin/rn18/el2nbest/sl/ipc50 w80 s42:  66%|██████▌   | 197/300 [2:12:49<1:09:26, 40.45s/ep][A

tin/rn18/el2nbest/sl/ipc50 w80 s42:  66%|██████▌   | 198/300 [2:13:30<1:08:46, 40.46s/ep][A

tin/rn18/el2nbest/sl/ipc50 w80 s42:  66%|██████▋   | 199/300 [2:14:10<1:08:06, 40.46s/ep][A

tin/rn18/el2nbest/sl/ipc50 w80 s42:  67%|██████▋   | 200/300 [2:14:51<1:07:25, 40.45s/ep][A

tin/rn18/el2nbest/sl/ipc50 w80 s42:  67%|██████▋   | 201/300 [2:15:31<1:06:44, 40.45s/ep][A

tin/rn18/el2nbest/sl/ipc50 w80 s42:  67%|██████▋   | 202/300 [2:16:11<1:06:04, 40.45s/ep][A

tin/rn18/el2nbest/sl/ipc50 w80 s42:  68%|██████▊   | 203/300 [2:16:52<1:05:24, 40.45s/ep][A

tin/rn18/el2nbest/sl/ipc50 w80 s42:  68%|██████▊   | 204/300 [2:17:32<1:04:43, 40.45s/ep][A

tin/rn18/el2nbest/sl/ipc50 w80 s42:  68%|██████▊   | 205/300 [2:18:13<1:04:03, 40.46s/ep][A

tin/rn18/el2nbest/sl/ipc50 w80 s42:  69%|██████▊   | 206/300 [2:18:53<1:03:22, 40.45s/ep][A

tin/rn18/el2nbest/sl/ipc50 w80 s42:  69%|██████▉   | 207/300 [2:19:34<1:02:41, 40.45s/ep][A

tin/rn18/el2nbest/sl/ipc50 w80 s42:  69%|██████▉   | 208/300 [2:20:14<1:02:01, 40.45s/ep][A

tin/rn18/el2nbest/sl/ipc50 w80 s42:  70%|██████▉   | 209/300 [2:20:55<1:01:21, 40.45s/ep][A

tin/rn18/el2nbest/sl/ipc50 w80 s42:  70%|███████   | 210/300 [2:21:35<1:00:40, 40.46s/ep][A

tin/rn18/el2nbest/sl/ipc50 w80 s42:  70%|███████   | 211/300 [2:22:16<1:00:00, 40.46s/ep][A

tin/rn18/el2nbest/sl/ipc50 w80 s42:  71%|███████   | 212/300 [2:22:56<59:20, 40.46s/ep]  [A

tin/rn18/el2nbest/sl/ipc50 w80 s42:  71%|███████   | 213/300 [2:23:36<58:39, 40.46s/ep][A

tin/rn18/el2nbest/sl/ipc50 w80 s42:  71%|███████▏  | 214/300 [2:24:17<57:58, 40.45s/ep][A

tin/rn18/el2nbest/sl/ipc50 w80 s42:  72%|███████▏  | 215/300 [2:24:57<57:18, 40.46s/ep][A

tin/rn18/el2nbest/sl/ipc50 w80 s42:  72%|███████▏  | 216/300 [2:25:38<56:37, 40.45s/ep][A

tin/rn18/el2nbest/sl/ipc50 w80 s42:  72%|███████▏  | 217/300 [2:26:18<55:57, 40.45s/ep][A

tin/rn18/el2nbest/sl/ipc50 w80 s42:  73%|███████▎  | 218/300 [2:26:59<55:17, 40.45s/ep][A

tin/rn18/el2nbest/sl/ipc50 w80 s42:  73%|███████▎  | 219/300 [2:27:39<54:36, 40.46s/ep][A

tin/rn18/el2nbest/sl/ipc50 w80 s42:  73%|███████▎  | 220/300 [2:28:20<53:56, 40.45s/ep][A

tin/rn18/el2nbest/sl/ipc50 w80 s42:  74%|███████▎  | 221/300 [2:29:00<53:15, 40.45s/ep][A

tin/rn18/el2nbest/sl/ipc50 w80 s42:  74%|███████▍  | 222/300 [2:29:41<52:35, 40.45s/ep][A

tin/rn18/el2nbest/sl/ipc50 w80 s42:  74%|███████▍  | 223/300 [2:30:21<51:54, 40.45s/ep][A

tin/rn18/el2nbest/sl/ipc50 w80 s42:  75%|███████▍  | 224/300 [2:31:01<51:13, 40.44s/ep][A

tin/rn18/el2nbest/sl/ipc50 w80 s42:  75%|███████▌  | 225/300 [2:31:42<50:33, 40.45s/ep][A

tin/rn18/el2nbest/sl/ipc50 w80 s42:  75%|███████▌  | 226/300 [2:32:22<49:53, 40.45s/ep][A

tin/rn18/el2nbest/sl/ipc50 w80 s42:  76%|███████▌  | 227/300 [2:33:03<49:13, 40.46s/ep][A

tin/rn18/el2nbest/sl/ipc50 w80 s42:  76%|███████▌  | 228/300 [2:33:43<48:33, 40.46s/ep][A

tin/rn18/el2nbest/sl/ipc50 w80 s42:  76%|███████▋  | 229/300 [2:34:24<47:52, 40.46s/ep][A

tin/rn18/el2nbest/sl/ipc50 w80 s42:  77%|███████▋  | 230/300 [2:35:04<47:12, 40.46s/ep][A

tin/rn18/el2nbest/sl/ipc50 w80 s42:  77%|███████▋  | 231/300 [2:35:45<46:31, 40.46s/ep][A

tin/rn18/el2nbest/sl/ipc50 w80 s42:  77%|███████▋  | 232/300 [2:36:25<45:51, 40.46s/ep][A

tin/rn18/el2nbest/sl/ipc50 w80 s42:  78%|███████▊  | 233/300 [2:37:06<45:11, 40.46s/ep][A

tin/rn18/el2nbest/sl/ipc50 w80 s42:  78%|███████▊  | 234/300 [2:37:46<44:30, 40.46s/ep][A

tin/rn18/el2nbest/sl/ipc50 w80 s42:  78%|███████▊  | 235/300 [2:38:26<43:49, 40.46s/ep][A

tin/rn18/el2nbest/sl/ipc50 w80 s42:  79%|███████▊  | 236/300 [2:39:07<43:09, 40.46s/ep][A

tin/rn18/el2nbest/sl/ipc50 w80 s42:  79%|███████▉  | 237/300 [2:39:47<42:28, 40.45s/ep][A

tin/rn18/el2nbest/sl/ipc50 w80 s42:  79%|███████▉  | 238/300 [2:40:28<41:47, 40.45s/ep][A

tin/rn18/el2nbest/sl/ipc50 w80 s42:  80%|███████▉  | 239/300 [2:41:08<41:07, 40.46s/ep][A

tin/rn18/el2nbest/sl/ipc50 w80 s42:  80%|████████  | 240/300 [2:41:49<40:27, 40.45s/ep][A

tin/rn18/el2nbest/sl/ipc50 w80 s42:  80%|████████  | 241/300 [2:42:29<39:46, 40.45s/ep][A

tin/rn18/el2nbest/sl/ipc50 w80 s42:  81%|████████  | 242/300 [2:43:10<39:06, 40.45s/ep][A

tin/rn18/el2nbest/sl/ipc50 w80 s42:  81%|████████  | 243/300 [2:43:50<38:25, 40.45s/ep][A

tin/rn18/el2nbest/sl/ipc50 w80 s42:  81%|████████▏ | 244/300 [2:44:31<37:45, 40.45s/ep][A

tin/rn18/el2nbest/sl/ipc50 w80 s42:  82%|████████▏ | 245/300 [2:45:11<37:04, 40.45s/ep][A

tin/rn18/el2nbest/sl/ipc50 w80 s42:  82%|████████▏ | 246/300 [2:45:51<36:24, 40.45s/ep][A

tin/rn18/el2nbest/sl/ipc50 w80 s42:  82%|████████▏ | 247/300 [2:46:32<35:44, 40.46s/ep][A

tin/rn18/el2nbest/sl/ipc50 w80 s42:  83%|████████▎ | 248/300 [2:47:12<35:04, 40.47s/ep][A

tin/rn18/el2nbest/sl/ipc50 w80 s42:  83%|████████▎ | 249/300 [2:47:53<34:23, 40.47s/ep][A

tin/rn18/el2nbest/sl/ipc50 w80 s42:  83%|████████▎ | 250/300 [2:48:33<33:43, 40.46s/ep][A

tin/rn18/el2nbest/sl/ipc50 w80 s42:  84%|████████▎ | 251/300 [2:49:14<33:02, 40.46s/ep][A

tin/rn18/el2nbest/sl/ipc50 w80 s42:  84%|████████▍ | 252/300 [2:49:54<32:21, 40.46s/ep][A

tin/rn18/el2nbest/sl/ipc50 w80 s42:  84%|████████▍ | 253/300 [2:50:35<31:41, 40.46s/ep][A

tin/rn18/el2nbest/sl/ipc50 w80 s42:  85%|████████▍ | 254/300 [2:51:15<31:00, 40.46s/ep][A

tin/rn18/el2nbest/sl/ipc50 w80 s42:  85%|████████▌ | 255/300 [2:51:56<30:20, 40.46s/ep][A

tin/rn18/el2nbest/sl/ipc50 w80 s42:  85%|████████▌ | 256/300 [2:52:36<29:40, 40.46s/ep][A

tin/rn18/el2nbest/sl/ipc50 w80 s42:  86%|████████▌ | 257/300 [2:53:17<28:59, 40.46s/ep][A

tin/rn18/el2nbest/sl/ipc50 w80 s42:  86%|████████▌ | 258/300 [2:53:57<28:19, 40.46s/ep][A

tin/rn18/el2nbest/sl/ipc50 w80 s42:  86%|████████▋ | 259/300 [2:54:37<27:38, 40.46s/ep][A

tin/rn18/el2nbest/sl/ipc50 w80 s42:  87%|████████▋ | 260/300 [2:55:18<26:58, 40.46s/ep][A

tin/rn18/el2nbest/sl/ipc50 w80 s42:  87%|████████▋ | 261/300 [2:55:58<26:17, 40.46s/ep][A

tin/rn18/el2nbest/sl/ipc50 w80 s42:  87%|████████▋ | 262/300 [2:56:39<25:37, 40.46s/ep][A

tin/rn18/el2nbest/sl/ipc50 w80 s42:  88%|████████▊ | 263/300 [2:57:19<24:57, 40.46s/ep][A

tin/rn18/el2nbest/sl/ipc50 w80 s42:  88%|████████▊ | 264/300 [2:58:00<24:16, 40.47s/ep][A

tin/rn18/el2nbest/sl/ipc50 w80 s42:  88%|████████▊ | 265/300 [2:58:40<23:35, 40.45s/ep][A

tin/rn18/el2nbest/sl/ipc50 w80 s42:  89%|████████▊ | 266/300 [2:59:21<22:55, 40.46s/ep][A

tin/rn18/el2nbest/sl/ipc50 w80 s42:  89%|████████▉ | 267/300 [3:00:01<22:15, 40.46s/ep][A

tin/rn18/el2nbest/sl/ipc50 w80 s42:  89%|████████▉ | 268/300 [3:00:42<21:34, 40.46s/ep][A

tin/rn18/el2nbest/sl/ipc50 w80 s42:  90%|████████▉ | 269/300 [3:01:22<20:54, 40.46s/ep][A

tin/rn18/el2nbest/sl/ipc50 w80 s42:  90%|█████████ | 270/300 [3:02:02<20:13, 40.46s/ep][A

tin/rn18/el2nbest/sl/ipc50 w80 s42:  90%|█████████ | 271/300 [3:02:43<19:33, 40.46s/ep][A

tin/rn18/el2nbest/sl/ipc50 w80 s42:  91%|█████████ | 272/300 [3:03:23<18:52, 40.46s/ep][A

tin/rn18/el2nbest/sl/ipc50 w80 s42:  91%|█████████ | 273/300 [3:04:04<18:12, 40.46s/ep][A

tin/rn18/el2nbest/sl/ipc50 w80 s42:  91%|█████████▏| 274/300 [3:04:44<17:31, 40.45s/ep][A

tin/rn18/el2nbest/sl/ipc50 w80 s42:  92%|█████████▏| 275/300 [3:05:25<16:51, 40.45s/ep][A

tin/rn18/el2nbest/sl/ipc50 w80 s42:  92%|█████████▏| 276/300 [3:06:05<16:10, 40.45s/ep][A

tin/rn18/el2nbest/sl/ipc50 w80 s42:  92%|█████████▏| 277/300 [3:06:46<15:30, 40.45s/ep][A

tin/rn18/el2nbest/sl/ipc50 w80 s42:  93%|█████████▎| 278/300 [3:07:26<14:49, 40.45s/ep][A

tin/rn18/el2nbest/sl/ipc50 w80 s42:  93%|█████████▎| 279/300 [3:08:07<14:09, 40.45s/ep][A

tin/rn18/el2nbest/sl/ipc50 w80 s42:  93%|█████████▎| 280/300 [3:08:47<13:29, 40.46s/ep][A

tin/rn18/el2nbest/sl/ipc50 w80 s42:  94%|█████████▎| 281/300 [3:09:27<12:48, 40.46s/ep][A

tin/rn18/el2nbest/sl/ipc50 w80 s42:  94%|█████████▍| 282/300 [3:10:08<12:08, 40.46s/ep][A

tin/rn18/el2nbest/sl/ipc50 w80 s42:  94%|█████████▍| 283/300 [3:10:48<11:27, 40.46s/ep][A

tin/rn18/el2nbest/sl/ipc50 w80 s42:  95%|█████████▍| 284/300 [3:11:29<10:47, 40.46s/ep][A

tin/rn18/el2nbest/sl/ipc50 w80 s42:  95%|█████████▌| 285/300 [3:12:09<10:06, 40.46s/ep][A

tin/rn18/el2nbest/sl/ipc50 w80 s42:  95%|█████████▌| 286/300 [3:12:50<09:26, 40.47s/ep][A

tin/rn18/el2nbest/sl/ipc50 w80 s42:  96%|█████████▌| 287/300 [3:13:30<08:46, 40.46s/ep][A

tin/rn18/el2nbest/sl/ipc50 w80 s42:  96%|█████████▌| 288/300 [3:14:11<08:05, 40.46s/ep][A

tin/rn18/el2nbest/sl/ipc50 w80 s42:  96%|█████████▋| 289/300 [3:14:51<07:25, 40.46s/ep][A

tin/rn18/el2nbest/sl/ipc50 w80 s42:  97%|█████████▋| 290/300 [3:15:32<06:44, 40.46s/ep][A

tin/rn18/el2nbest/sl/ipc50 w80 s42:  97%|█████████▋| 291/300 [3:16:12<06:04, 40.46s/ep][A

tin/rn18/el2nbest/sl/ipc50 w80 s42:  97%|█████████▋| 292/300 [3:16:53<05:23, 40.46s/ep][A

tin/rn18/el2nbest/sl/ipc50 w80 s42:  98%|█████████▊| 293/300 [3:17:33<04:43, 40.47s/ep][A

tin/rn18/el2nbest/sl/ipc50 w80 s42:  98%|█████████▊| 294/300 [3:18:13<04:02, 40.46s/ep][A

tin/rn18/el2nbest/sl/ipc50 w80 s42:  98%|█████████▊| 295/300 [3:18:54<03:22, 40.46s/ep][A

tin/rn18/el2nbest/sl/ipc50 w80 s42:  99%|█████████▊| 296/300 [3:19:34<02:41, 40.46s/ep][A

tin/rn18/el2nbest/sl/ipc50 w80 s42:  99%|█████████▉| 297/300 [3:20:15<02:01, 40.46s/ep][A

tin/rn18/el2nbest/sl/ipc50 w80 s42:  99%|█████████▉| 298/300 [3:20:55<01:20, 40.45s/ep][A

tin/rn18/el2nbest/sl/ipc50 w80 s42: 100%|█████████▉| 299/300 [3:21:36<00:40, 40.45s/ep][A

tin/rn18/el2nbest/sl/ipc50 w80 s42: 100%|██████████| 300/300 [3:22:16<00:00, 40.46s/ep][A

                                                                                       [A[cell] tin/rn18/el2nbest/sl/ipc50 window 80%: 36.29%  (12149s)


tin/rn18/el2nbest/sl/ipc50 w90 s42:   0%|          | 0/300 [00:00<?, ?ep/s][A

tin/rn18/el2nbest/sl/ipc50 w90 s42:   0%|          | 1/300 [00:40<3:21:44, 40.48s/ep][A

tin/rn18/el2nbest/sl/ipc50 w90 s42:   1%|          | 2/300 [01:20<3:20:59, 40.47s/ep][A

tin/rn18/el2nbest/sl/ipc50 w90 s42:   1%|          | 3/300 [02:01<3:20:14, 40.45s/ep][A

tin/rn18/el2nbest/sl/ipc50 w90 s42:   1%|▏         | 4/300 [02:41<3:19:37, 40.46s/ep][A

tin/rn18/el2nbest/sl/ipc50 w90 s42:   2%|▏         | 5/300 [03:22<3:18:54, 40.45s/ep][A

tin/rn18/el2nbest/sl/ipc50 w90 s42:   2%|▏         | 6/300 [04:02<3:18:12, 40.45s/ep][A

tin/rn18/el2nbest/sl/ipc50 w90 s42:   2%|▏         | 7/300 [04:43<3:17:33, 40.45s/ep][A

tin/rn18/el2nbest/sl/ipc50 w90 s42:   3%|▎         | 8/300 [05:23<3:16:50, 40.45s/ep][A

tin/rn18/el2nbest/sl/ipc50 w90 s42:   3%|▎         | 9/300 [06:04<3:16:10, 40.45s/ep][A

tin/rn18/el2nbest/sl/ipc50 w90 s42:   3%|▎         | 10/300 [06:44<3:15:29, 40.45s/ep][A

tin/rn18/el2nbest/sl/ipc50 w90 s42:   4%|▎         | 11/300 [07:24<3:14:50, 40.45s/ep][A

tin/rn18/el2nbest/sl/ipc50 w90 s42:   4%|▍         | 12/300 [08:05<3:14:12, 40.46s/ep][A

tin/rn18/el2nbest/sl/ipc50 w90 s42:   4%|▍         | 13/300 [08:45<3:13:32, 40.46s/ep][A

tin/rn18/el2nbest/sl/ipc50 w90 s42:   5%|▍         | 14/300 [09:26<3:12:49, 40.45s/ep][A

tin/rn18/el2nbest/sl/ipc50 w90 s42:   5%|▌         | 15/300 [10:06<3:12:10, 40.46s/ep][A

tin/rn18/el2nbest/sl/ipc50 w90 s42:   5%|▌         | 16/300 [10:47<3:11:30, 40.46s/ep][A

tin/rn18/el2nbest/sl/ipc50 w90 s42:   6%|▌         | 17/300 [11:27<3:10:50, 40.46s/ep][A

tin/rn18/el2nbest/sl/ipc50 w90 s42:   6%|▌         | 18/300 [12:08<3:10:08, 40.46s/ep][A

tin/rn18/el2nbest/sl/ipc50 w90 s42:   6%|▋         | 19/300 [12:48<3:09:27, 40.46s/ep][A

tin/rn18/el2nbest/sl/ipc50 w90 s42:   7%|▋         | 20/300 [13:29<3:08:46, 40.45s/ep][A

tin/rn18/el2nbest/sl/ipc50 w90 s42:   7%|▋         | 21/300 [14:09<3:08:06, 40.45s/ep][A

tin/rn18/el2nbest/sl/ipc50 w90 s42:   7%|▋         | 22/300 [14:50<3:07:26, 40.46s/ep][A

tin/rn18/el2nbest/sl/ipc50 w90 s42:   8%|▊         | 23/300 [15:30<3:06:46, 40.46s/ep][A

tin/rn18/el2nbest/sl/ipc50 w90 s42:   8%|▊         | 24/300 [16:10<3:06:06, 40.46s/ep][A

tin/rn18/el2nbest/sl/ipc50 w90 s42:   8%|▊         | 25/300 [16:51<3:05:25, 40.46s/ep][A

tin/rn18/el2nbest/sl/ipc50 w90 s42:   9%|▊         | 26/300 [17:31<3:04:47, 40.46s/ep][A

tin/rn18/el2nbest/sl/ipc50 w90 s42:   9%|▉         | 27/300 [18:12<3:04:07, 40.47s/ep][A

tin/rn18/el2nbest/sl/ipc50 w90 s42:   9%|▉         | 28/300 [18:52<3:03:28, 40.47s/ep][A

tin/rn18/el2nbest/sl/ipc50 w90 s42:  10%|▉         | 29/300 [19:33<3:02:47, 40.47s/ep][A

tin/rn18/el2nbest/sl/ipc50 w90 s42:  10%|█         | 30/300 [20:13<3:02:06, 40.47s/ep][A

tin/rn18/el2nbest/sl/ipc50 w90 s42:  10%|█         | 31/300 [20:54<3:01:23, 40.46s/ep][A

tin/rn18/el2nbest/sl/ipc50 w90 s42:  11%|█         | 32/300 [21:34<3:00:43, 40.46s/ep][A

tin/rn18/el2nbest/sl/ipc50 w90 s42:  11%|█         | 33/300 [22:15<3:00:04, 40.47s/ep][A

tin/rn18/el2nbest/sl/ipc50 w90 s42:  11%|█▏        | 34/300 [22:55<2:59:22, 40.46s/ep][A

tin/rn18/el2nbest/sl/ipc50 w90 s42:  12%|█▏        | 35/300 [23:36<2:58:39, 40.45s/ep][A

tin/rn18/el2nbest/sl/ipc50 w90 s42:  12%|█▏        | 36/300 [24:16<2:58:00, 40.46s/ep][A

tin/rn18/el2nbest/sl/ipc50 w90 s42:  12%|█▏        | 37/300 [24:56<2:57:18, 40.45s/ep][A

tin/rn18/el2nbest/sl/ipc50 w90 s42:  13%|█▎        | 38/300 [25:37<2:56:39, 40.46s/ep][A

tin/rn18/el2nbest/sl/ipc50 w90 s42:  13%|█▎        | 39/300 [26:17<2:56:00, 40.46s/ep][A

tin/rn18/el2nbest/sl/ipc50 w90 s42:  13%|█▎        | 40/300 [26:58<2:55:20, 40.46s/ep][A

tin/rn18/el2nbest/sl/ipc50 w90 s42:  14%|█▎        | 41/300 [27:38<2:54:38, 40.46s/ep][A

tin/rn18/el2nbest/sl/ipc50 w90 s42:  14%|█▍        | 42/300 [28:19<2:53:57, 40.46s/ep][A

tin/rn18/el2nbest/sl/ipc50 w90 s42:  14%|█▍        | 43/300 [28:59<2:53:16, 40.45s/ep][A

tin/rn18/el2nbest/sl/ipc50 w90 s42:  15%|█▍        | 44/300 [29:40<2:52:37, 40.46s/ep][A

tin/rn18/el2nbest/sl/ipc50 w90 s42:  15%|█▌        | 45/300 [30:20<2:51:56, 40.46s/ep][A

tin/rn18/el2nbest/sl/ipc50 w90 s42:  15%|█▌        | 46/300 [31:01<2:51:16, 40.46s/ep][A

tin/rn18/el2nbest/sl/ipc50 w90 s42:  16%|█▌        | 47/300 [31:41<2:50:34, 40.45s/ep][A

tin/rn18/el2nbest/sl/ipc50 w90 s42:  16%|█▌        | 48/300 [32:21<2:49:56, 40.46s/ep][A

tin/rn18/el2nbest/sl/ipc50 w90 s42:  16%|█▋        | 49/300 [33:02<2:49:13, 40.45s/ep][A

tin/rn18/el2nbest/sl/ipc50 w90 s42:  17%|█▋        | 50/300 [33:42<2:48:33, 40.46s/ep][A

tin/rn18/el2nbest/sl/ipc50 w90 s42:  17%|█▋        | 51/300 [34:23<2:47:52, 40.45s/ep][A

tin/rn18/el2nbest/sl/ipc50 w90 s42:  17%|█▋        | 52/300 [35:03<2:47:13, 40.46s/ep][A

tin/rn18/el2nbest/sl/ipc50 w90 s42:  18%|█▊        | 53/300 [35:44<2:46:32, 40.46s/ep][A

tin/rn18/el2nbest/sl/ipc50 w90 s42:  18%|█▊        | 54/300 [36:24<2:45:50, 40.45s/ep][A

tin/rn18/el2nbest/sl/ipc50 w90 s42:  18%|█▊        | 55/300 [37:05<2:45:11, 40.45s/ep][A

tin/rn18/el2nbest/sl/ipc50 w90 s42:  19%|█▊        | 56/300 [37:45<2:44:29, 40.45s/ep][A

tin/rn18/el2nbest/sl/ipc50 w90 s42:  19%|█▉        | 57/300 [38:26<2:43:49, 40.45s/ep][A

tin/rn18/el2nbest/sl/ipc50 w90 s42:  19%|█▉        | 58/300 [39:06<2:43:09, 40.45s/ep][A

tin/rn18/el2nbest/sl/ipc50 w90 s42:  20%|█▉        | 59/300 [39:46<2:42:27, 40.45s/ep][A

tin/rn18/el2nbest/sl/ipc50 w90 s42:  20%|██        | 60/300 [40:27<2:41:47, 40.45s/ep][A

tin/rn18/el2nbest/sl/ipc50 w90 s42:  20%|██        | 61/300 [41:07<2:41:06, 40.45s/ep][A

tin/rn18/el2nbest/sl/ipc50 w90 s42:  21%|██        | 62/300 [41:48<2:40:25, 40.44s/ep][A

tin/rn18/el2nbest/sl/ipc50 w90 s42:  21%|██        | 63/300 [42:28<2:39:46, 40.45s/ep][A

tin/rn18/el2nbest/sl/ipc50 w90 s42:  21%|██▏       | 64/300 [43:09<2:39:05, 40.45s/ep][A

tin/rn18/el2nbest/sl/ipc50 w90 s42:  22%|██▏       | 65/300 [43:49<2:38:25, 40.45s/ep][A

tin/rn18/el2nbest/sl/ipc50 w90 s42:  22%|██▏       | 66/300 [44:30<2:37:45, 40.45s/ep][A

tin/rn18/el2nbest/sl/ipc50 w90 s42:  22%|██▏       | 67/300 [45:10<2:37:04, 40.45s/ep][A

tin/rn18/el2nbest/sl/ipc50 w90 s42:  23%|██▎       | 68/300 [45:50<2:36:24, 40.45s/ep][A

tin/rn18/el2nbest/sl/ipc50 w90 s42:  23%|██▎       | 69/300 [46:31<2:35:44, 40.45s/ep][A

tin/rn18/el2nbest/sl/ipc50 w90 s42:  23%|██▎       | 70/300 [47:11<2:35:04, 40.45s/ep][A

tin/rn18/el2nbest/sl/ipc50 w90 s42:  24%|██▎       | 71/300 [47:52<2:34:24, 40.46s/ep][A

tin/rn18/el2nbest/sl/ipc50 w90 s42:  24%|██▍       | 72/300 [48:32<2:33:43, 40.45s/ep][A

tin/rn18/el2nbest/sl/ipc50 w90 s42:  24%|██▍       | 73/300 [49:13<2:33:03, 40.45s/ep][A

tin/rn18/el2nbest/sl/ipc50 w90 s42:  25%|██▍       | 74/300 [49:53<2:32:22, 40.45s/ep][A

tin/rn18/el2nbest/sl/ipc50 w90 s42:  25%|██▌       | 75/300 [50:34<2:31:41, 40.45s/ep][A

tin/rn18/el2nbest/sl/ipc50 w90 s42:  25%|██▌       | 76/300 [51:14<2:31:01, 40.45s/ep][A

tin/rn18/el2nbest/sl/ipc50 w90 s42:  26%|██▌       | 77/300 [51:55<2:30:21, 40.45s/ep][A

tin/rn18/el2nbest/sl/ipc50 w90 s42:  26%|██▌       | 78/300 [52:35<2:29:40, 40.45s/ep][A

tin/rn18/el2nbest/sl/ipc50 w90 s42:  26%|██▋       | 79/300 [53:15<2:28:59, 40.45s/ep][A

tin/rn18/el2nbest/sl/ipc50 w90 s42:  27%|██▋       | 80/300 [53:56<2:28:19, 40.45s/ep][A

tin/rn18/el2nbest/sl/ipc50 w90 s42:  27%|██▋       | 81/300 [54:36<2:27:40, 40.46s/ep][A

tin/rn18/el2nbest/sl/ipc50 w90 s42:  27%|██▋       | 82/300 [55:17<2:26:58, 40.45s/ep][A

tin/rn18/el2nbest/sl/ipc50 w90 s42:  28%|██▊       | 83/300 [55:57<2:26:17, 40.45s/ep][A

tin/rn18/el2nbest/sl/ipc50 w90 s42:  28%|██▊       | 84/300 [56:38<2:25:37, 40.45s/ep][A

tin/rn18/el2nbest/sl/ipc50 w90 s42:  28%|██▊       | 85/300 [57:18<2:24:56, 40.45s/ep][A

tin/rn18/el2nbest/sl/ipc50 w90 s42:  29%|██▊       | 86/300 [57:59<2:24:15, 40.45s/ep][A

tin/rn18/el2nbest/sl/ipc50 w90 s42:  29%|██▉       | 87/300 [58:39<2:23:35, 40.45s/ep][A

tin/rn18/el2nbest/sl/ipc50 w90 s42:  29%|██▉       | 88/300 [59:20<2:22:55, 40.45s/ep][A

tin/rn18/el2nbest/sl/ipc50 w90 s42:  30%|██▉       | 89/300 [1:00:00<2:22:14, 40.45s/ep][A

tin/rn18/el2nbest/sl/ipc50 w90 s42:  30%|███       | 90/300 [1:00:40<2:21:34, 40.45s/ep][A

tin/rn18/el2nbest/sl/ipc50 w90 s42:  30%|███       | 91/300 [1:01:21<2:20:53, 40.45s/ep][A

tin/rn18/el2nbest/sl/ipc50 w90 s42:  31%|███       | 92/300 [1:02:01<2:20:12, 40.45s/ep][A

tin/rn18/el2nbest/sl/ipc50 w90 s42:  31%|███       | 93/300 [1:02:42<2:19:31, 40.44s/ep][A

tin/rn18/el2nbest/sl/ipc50 w90 s42:  31%|███▏      | 94/300 [1:03:22<2:18:51, 40.44s/ep][A

tin/rn18/el2nbest/sl/ipc50 w90 s42:  32%|███▏      | 95/300 [1:04:03<2:18:10, 40.44s/ep][A

tin/rn18/el2nbest/sl/ipc50 w90 s42:  32%|███▏      | 96/300 [1:04:43<2:17:30, 40.44s/ep][A

tin/rn18/el2nbest/sl/ipc50 w90 s42:  32%|███▏      | 97/300 [1:05:24<2:16:50, 40.45s/ep][A

tin/rn18/el2nbest/sl/ipc50 w90 s42:  33%|███▎      | 98/300 [1:06:04<2:16:11, 40.46s/ep][A

tin/rn18/el2nbest/sl/ipc50 w90 s42:  33%|███▎      | 99/300 [1:06:44<2:15:32, 40.46s/ep][A

tin/rn18/el2nbest/sl/ipc50 w90 s42:  33%|███▎      | 100/300 [1:07:25<2:14:51, 40.46s/ep][A

tin/rn18/el2nbest/sl/ipc50 w90 s42:  34%|███▎      | 101/300 [1:08:05<2:14:10, 40.45s/ep][A

tin/rn18/el2nbest/sl/ipc50 w90 s42:  34%|███▍      | 102/300 [1:08:46<2:13:30, 40.46s/ep][A

tin/rn18/el2nbest/sl/ipc50 w90 s42:  34%|███▍      | 103/300 [1:09:26<2:12:49, 40.45s/ep][A

tin/rn18/el2nbest/sl/ipc50 w90 s42:  35%|███▍      | 104/300 [1:10:07<2:12:09, 40.46s/ep][A

tin/rn18/el2nbest/sl/ipc50 w90 s42:  35%|███▌      | 105/300 [1:10:47<2:11:29, 40.46s/ep][A

tin/rn18/el2nbest/sl/ipc50 w90 s42:  35%|███▌      | 106/300 [1:11:28<2:10:49, 40.46s/ep][A

tin/rn18/el2nbest/sl/ipc50 w90 s42:  36%|███▌      | 107/300 [1:12:08<2:10:08, 40.46s/ep][A

tin/rn18/el2nbest/sl/ipc50 w90 s42:  36%|███▌      | 108/300 [1:12:49<2:09:27, 40.45s/ep][A

tin/rn18/el2nbest/sl/ipc50 w90 s42:  36%|███▋      | 109/300 [1:13:29<2:08:45, 40.45s/ep][A

tin/rn18/el2nbest/sl/ipc50 w90 s42:  37%|███▋      | 110/300 [1:14:09<2:08:05, 40.45s/ep][A

tin/rn18/el2nbest/sl/ipc50 w90 s42:  37%|███▋      | 111/300 [1:14:50<2:07:23, 40.44s/ep][A

tin/rn18/el2nbest/sl/ipc50 w90 s42:  37%|███▋      | 112/300 [1:15:30<2:06:44, 40.45s/ep][A

tin/rn18/el2nbest/sl/ipc50 w90 s42:  38%|███▊      | 113/300 [1:16:11<2:06:04, 40.45s/ep][A

tin/rn18/el2nbest/sl/ipc50 w90 s42:  38%|███▊      | 114/300 [1:16:51<2:05:24, 40.46s/ep][A

tin/rn18/el2nbest/sl/ipc50 w90 s42:  38%|███▊      | 115/300 [1:17:32<2:04:44, 40.46s/ep][A

tin/rn18/el2nbest/sl/ipc50 w90 s42:  39%|███▊      | 116/300 [1:18:12<2:04:03, 40.46s/ep][A

tin/rn18/el2nbest/sl/ipc50 w90 s42:  39%|███▉      | 117/300 [1:18:53<2:03:23, 40.45s/ep][A

tin/rn18/el2nbest/sl/ipc50 w90 s42:  39%|███▉      | 118/300 [1:19:33<2:02:42, 40.46s/ep][A

tin/rn18/el2nbest/sl/ipc50 w90 s42:  40%|███▉      | 119/300 [1:20:14<2:02:02, 40.45s/ep][A

tin/rn18/el2nbest/sl/ipc50 w90 s42:  40%|████      | 120/300 [1:20:54<2:01:23, 40.46s/ep][A

tin/rn18/el2nbest/sl/ipc50 w90 s42:  40%|████      | 121/300 [1:21:34<2:00:42, 40.46s/ep][A

tin/rn18/el2nbest/sl/ipc50 w90 s42:  41%|████      | 122/300 [1:22:15<2:00:01, 40.46s/ep][A

tin/rn18/el2nbest/sl/ipc50 w90 s42:  41%|████      | 123/300 [1:22:55<1:59:19, 40.45s/ep][A

tin/rn18/el2nbest/sl/ipc50 w90 s42:  41%|████▏     | 124/300 [1:23:36<1:58:38, 40.45s/ep][A

tin/rn18/el2nbest/sl/ipc50 w90 s42:  42%|████▏     | 125/300 [1:24:16<1:57:58, 40.45s/ep][A

tin/rn18/el2nbest/sl/ipc50 w90 s42:  42%|████▏     | 126/300 [1:24:57<1:57:18, 40.45s/ep][A

tin/rn18/el2nbest/sl/ipc50 w90 s42:  42%|████▏     | 127/300 [1:25:37<1:56:37, 40.45s/ep][A

tin/rn18/el2nbest/sl/ipc50 w90 s42:  43%|████▎     | 128/300 [1:26:18<1:55:56, 40.44s/ep][A

tin/rn18/el2nbest/sl/ipc50 w90 s42:  43%|████▎     | 129/300 [1:26:58<1:55:16, 40.44s/ep][A

tin/rn18/el2nbest/sl/ipc50 w90 s42:  43%|████▎     | 130/300 [1:27:38<1:54:36, 40.45s/ep][A

tin/rn18/el2nbest/sl/ipc50 w90 s42:  44%|████▎     | 131/300 [1:28:19<1:53:55, 40.45s/ep][A

tin/rn18/el2nbest/sl/ipc50 w90 s42:  44%|████▍     | 132/300 [1:28:59<1:53:15, 40.45s/ep][A

tin/rn18/el2nbest/sl/ipc50 w90 s42:  44%|████▍     | 133/300 [1:29:40<1:52:35, 40.45s/ep][A

tin/rn18/el2nbest/sl/ipc50 w90 s42:  45%|████▍     | 134/300 [1:30:20<1:51:55, 40.46s/ep][A

tin/rn18/el2nbest/sl/ipc50 w90 s42:  45%|████▌     | 135/300 [1:31:01<1:51:16, 40.46s/ep][A

tin/rn18/el2nbest/sl/ipc50 w90 s42:  45%|████▌     | 136/300 [1:31:41<1:50:34, 40.46s/ep][A

tin/rn18/el2nbest/sl/ipc50 w90 s42:  46%|████▌     | 137/300 [1:32:22<1:49:54, 40.46s/ep][A

tin/rn18/el2nbest/sl/ipc50 w90 s42:  46%|████▌     | 138/300 [1:33:02<1:49:14, 40.46s/ep][A

tin/rn18/el2nbest/sl/ipc50 w90 s42:  46%|████▋     | 139/300 [1:33:43<1:48:33, 40.46s/ep][A

tin/rn18/el2nbest/sl/ipc50 w90 s42:  47%|████▋     | 140/300 [1:34:23<1:47:52, 40.45s/ep][A

tin/rn18/el2nbest/sl/ipc50 w90 s42:  47%|████▋     | 141/300 [1:35:04<1:47:12, 40.45s/ep][A

tin/rn18/el2nbest/sl/ipc50 w90 s42:  47%|████▋     | 142/300 [1:35:44<1:46:31, 40.45s/ep][A

tin/rn18/el2nbest/sl/ipc50 w90 s42:  48%|████▊     | 143/300 [1:36:24<1:45:51, 40.46s/ep][A

tin/rn18/el2nbest/sl/ipc50 w90 s42:  48%|████▊     | 144/300 [1:37:05<1:45:10, 40.45s/ep][A

tin/rn18/el2nbest/sl/ipc50 w90 s42:  48%|████▊     | 145/300 [1:37:45<1:44:30, 40.46s/ep][A

tin/rn18/el2nbest/sl/ipc50 w90 s42:  49%|████▊     | 146/300 [1:38:26<1:43:51, 40.46s/ep][A

tin/rn18/el2nbest/sl/ipc50 w90 s42:  49%|████▉     | 147/300 [1:39:06<1:43:09, 40.45s/ep][A

tin/rn18/el2nbest/sl/ipc50 w90 s42:  49%|████▉     | 148/300 [1:39:47<1:42:29, 40.46s/ep][A

tin/rn18/el2nbest/sl/ipc50 w90 s42:  50%|████▉     | 149/300 [1:40:27<1:41:48, 40.45s/ep][A

tin/rn18/el2nbest/sl/ipc50 w90 s42:  50%|█████     | 150/300 [1:41:08<1:41:08, 40.46s/ep][A

tin/rn18/el2nbest/sl/ipc50 w90 s42:  50%|█████     | 151/300 [1:41:48<1:40:27, 40.45s/ep][A

tin/rn18/el2nbest/sl/ipc50 w90 s42:  51%|█████     | 152/300 [1:42:29<1:39:47, 40.45s/ep][A

tin/rn18/el2nbest/sl/ipc50 w90 s42:  51%|█████     | 153/300 [1:43:09<1:39:06, 40.45s/ep][A

tin/rn18/el2nbest/sl/ipc50 w90 s42:  51%|█████▏    | 154/300 [1:43:49<1:38:25, 40.45s/ep][A

tin/rn18/el2nbest/sl/ipc50 w90 s42:  52%|█████▏    | 155/300 [1:44:30<1:37:45, 40.45s/ep][A

tin/rn18/el2nbest/sl/ipc50 w90 s42:  52%|█████▏    | 156/300 [1:45:10<1:37:04, 40.45s/ep][A

tin/rn18/el2nbest/sl/ipc50 w90 s42:  52%|█████▏    | 157/300 [1:45:51<1:36:24, 40.45s/ep][A

tin/rn18/el2nbest/sl/ipc50 w90 s42:  53%|█████▎    | 158/300 [1:46:31<1:35:43, 40.44s/ep][A

tin/rn18/el2nbest/sl/ipc50 w90 s42:  53%|█████▎    | 159/300 [1:47:12<1:35:03, 40.45s/ep][A

tin/rn18/el2nbest/sl/ipc50 w90 s42:  53%|█████▎    | 160/300 [1:47:52<1:34:23, 40.45s/ep][A

tin/rn18/el2nbest/sl/ipc50 w90 s42:  54%|█████▎    | 161/300 [1:48:33<1:33:43, 40.46s/ep][A

tin/rn18/el2nbest/sl/ipc50 w90 s42:  54%|█████▍    | 162/300 [1:49:13<1:33:02, 40.46s/ep][A

tin/rn18/el2nbest/sl/ipc50 w90 s42:  54%|█████▍    | 163/300 [1:49:54<1:32:22, 40.46s/ep][A

tin/rn18/el2nbest/sl/ipc50 w90 s42:  55%|█████▍    | 164/300 [1:50:34<1:31:41, 40.45s/ep][A

tin/rn18/el2nbest/sl/ipc50 w90 s42:  55%|█████▌    | 165/300 [1:51:14<1:31:01, 40.45s/ep][A

tin/rn18/el2nbest/sl/ipc50 w90 s42:  55%|█████▌    | 166/300 [1:51:55<1:30:21, 40.46s/ep][A

tin/rn18/el2nbest/sl/ipc50 w90 s42:  56%|█████▌    | 167/300 [1:52:35<1:29:39, 40.45s/ep][A

tin/rn18/el2nbest/sl/ipc50 w90 s42:  56%|█████▌    | 168/300 [1:53:16<1:28:59, 40.45s/ep][A

tin/rn18/el2nbest/sl/ipc50 w90 s42:  56%|█████▋    | 169/300 [1:53:56<1:28:19, 40.46s/ep][A

tin/rn18/el2nbest/sl/ipc50 w90 s42:  57%|█████▋    | 170/300 [1:54:37<1:27:39, 40.46s/ep][A

tin/rn18/el2nbest/sl/ipc50 w90 s42:  57%|█████▋    | 171/300 [1:55:17<1:26:58, 40.46s/ep][A

tin/rn18/el2nbest/sl/ipc50 w90 s42:  57%|█████▋    | 172/300 [1:55:58<1:26:18, 40.46s/ep][A

tin/rn18/el2nbest/sl/ipc50 w90 s42:  58%|█████▊    | 173/300 [1:56:38<1:25:38, 40.46s/ep][A

tin/rn18/el2nbest/sl/ipc50 w90 s42:  58%|█████▊    | 174/300 [1:57:19<1:24:57, 40.45s/ep][A

tin/rn18/el2nbest/sl/ipc50 w90 s42:  58%|█████▊    | 175/300 [1:57:59<1:24:16, 40.46s/ep][A

tin/rn18/el2nbest/sl/ipc50 w90 s42:  59%|█████▊    | 176/300 [1:58:39<1:23:37, 40.46s/ep][A

tin/rn18/el2nbest/sl/ipc50 w90 s42:  59%|█████▉    | 177/300 [1:59:20<1:22:56, 40.46s/ep][A

tin/rn18/el2nbest/sl/ipc50 w90 s42:  59%|█████▉    | 178/300 [2:00:00<1:22:15, 40.45s/ep][A

tin/rn18/el2nbest/sl/ipc50 w90 s42:  60%|█████▉    | 179/300 [2:00:41<1:21:35, 40.46s/ep][A

tin/rn18/el2nbest/sl/ipc50 w90 s42:  60%|██████    | 180/300 [2:01:21<1:20:54, 40.45s/ep][A

tin/rn18/el2nbest/sl/ipc50 w90 s42:  60%|██████    | 181/300 [2:02:02<1:20:13, 40.45s/ep][A

tin/rn18/el2nbest/sl/ipc50 w90 s42:  61%|██████    | 182/300 [2:02:42<1:19:33, 40.45s/ep][A

tin/rn18/el2nbest/sl/ipc50 w90 s42:  61%|██████    | 183/300 [2:03:23<1:18:53, 40.46s/ep][A

tin/rn18/el2nbest/sl/ipc50 w90 s42:  61%|██████▏   | 184/300 [2:04:03<1:18:12, 40.46s/ep][A

tin/rn18/el2nbest/sl/ipc50 w90 s42:  62%|██████▏   | 185/300 [2:04:44<1:17:32, 40.46s/ep][A

tin/rn18/el2nbest/sl/ipc50 w90 s42:  62%|██████▏   | 186/300 [2:05:24<1:16:51, 40.46s/ep][A

tin/rn18/el2nbest/sl/ipc50 w90 s42:  62%|██████▏   | 187/300 [2:06:04<1:16:10, 40.45s/ep][A

tin/rn18/el2nbest/sl/ipc50 w90 s42:  63%|██████▎   | 188/300 [2:06:45<1:15:29, 40.45s/ep][A

tin/rn18/el2nbest/sl/ipc50 w90 s42:  63%|██████▎   | 189/300 [2:07:25<1:14:50, 40.45s/ep][A

tin/rn18/el2nbest/sl/ipc50 w90 s42:  63%|██████▎   | 190/300 [2:08:06<1:14:09, 40.45s/ep][A

tin/rn18/el2nbest/sl/ipc50 w90 s42:  64%|██████▎   | 191/300 [2:08:46<1:13:28, 40.45s/ep][A

tin/rn18/el2nbest/sl/ipc50 w90 s42:  64%|██████▍   | 192/300 [2:09:27<1:12:48, 40.45s/ep][A

tin/rn18/el2nbest/sl/ipc50 w90 s42:  64%|██████▍   | 193/300 [2:10:07<1:12:08, 40.45s/ep][A

tin/rn18/el2nbest/sl/ipc50 w90 s42:  65%|██████▍   | 194/300 [2:10:48<1:11:28, 40.45s/ep][A

tin/rn18/el2nbest/sl/ipc50 w90 s42:  65%|██████▌   | 195/300 [2:11:28<1:10:47, 40.45s/ep][A

tin/rn18/el2nbest/sl/ipc50 w90 s42:  65%|██████▌   | 196/300 [2:12:08<1:10:07, 40.46s/ep][A

tin/rn18/el2nbest/sl/ipc50 w90 s42:  66%|██████▌   | 197/300 [2:12:49<1:09:27, 40.46s/ep][A

tin/rn18/el2nbest/sl/ipc50 w90 s42:  66%|██████▌   | 198/300 [2:13:29<1:08:46, 40.46s/ep][A

tin/rn18/el2nbest/sl/ipc50 w90 s42:  66%|██████▋   | 199/300 [2:14:10<1:08:05, 40.45s/ep][A

tin/rn18/el2nbest/sl/ipc50 w90 s42:  67%|██████▋   | 200/300 [2:14:50<1:07:25, 40.45s/ep][A

tin/rn18/el2nbest/sl/ipc50 w90 s42:  67%|██████▋   | 201/300 [2:15:31<1:06:44, 40.45s/ep][A

tin/rn18/el2nbest/sl/ipc50 w90 s42:  67%|██████▋   | 202/300 [2:16:11<1:06:04, 40.46s/ep][A

tin/rn18/el2nbest/sl/ipc50 w90 s42:  68%|██████▊   | 203/300 [2:16:52<1:05:24, 40.46s/ep][A

tin/rn18/el2nbest/sl/ipc50 w90 s42:  68%|██████▊   | 204/300 [2:17:32<1:04:43, 40.45s/ep][A

tin/rn18/el2nbest/sl/ipc50 w90 s42:  68%|██████▊   | 205/300 [2:18:13<1:04:03, 40.46s/ep][A

tin/rn18/el2nbest/sl/ipc50 w90 s42:  69%|██████▊   | 206/300 [2:18:53<1:03:22, 40.46s/ep][A

tin/rn18/el2nbest/sl/ipc50 w90 s42:  69%|██████▉   | 207/300 [2:19:33<1:02:42, 40.45s/ep][A

tin/rn18/el2nbest/sl/ipc50 w90 s42:  69%|██████▉   | 208/300 [2:20:14<1:02:01, 40.45s/ep][A

tin/rn18/el2nbest/sl/ipc50 w90 s42:  70%|██████▉   | 209/300 [2:20:54<1:01:21, 40.45s/ep][A

tin/rn18/el2nbest/sl/ipc50 w90 s42:  70%|███████   | 210/300 [2:21:35<1:00:41, 40.46s/ep][A

tin/rn18/el2nbest/sl/ipc50 w90 s42:  70%|███████   | 211/300 [2:22:15<1:00:01, 40.46s/ep][A

tin/rn18/el2nbest/sl/ipc50 w90 s42:  71%|███████   | 212/300 [2:22:56<59:20, 40.46s/ep]  [A

tin/rn18/el2nbest/sl/ipc50 w90 s42:  71%|███████   | 213/300 [2:23:36<58:39, 40.46s/ep][A

tin/rn18/el2nbest/sl/ipc50 w90 s42:  71%|███████▏  | 214/300 [2:24:17<57:58, 40.45s/ep][A

tin/rn18/el2nbest/sl/ipc50 w90 s42:  72%|███████▏  | 215/300 [2:24:57<57:18, 40.45s/ep][A

tin/rn18/el2nbest/sl/ipc50 w90 s42:  72%|███████▏  | 216/300 [2:25:38<56:37, 40.45s/ep][A

tin/rn18/el2nbest/sl/ipc50 w90 s42:  72%|███████▏  | 217/300 [2:26:18<55:57, 40.45s/ep][A

tin/rn18/el2nbest/sl/ipc50 w90 s42:  73%|███████▎  | 218/300 [2:26:58<55:17, 40.45s/ep][A

tin/rn18/el2nbest/sl/ipc50 w90 s42:  73%|███████▎  | 219/300 [2:27:39<54:36, 40.45s/ep][A

tin/rn18/el2nbest/sl/ipc50 w90 s42:  73%|███████▎  | 220/300 [2:28:19<53:56, 40.45s/ep][A

tin/rn18/el2nbest/sl/ipc50 w90 s42:  74%|███████▎  | 221/300 [2:29:00<53:15, 40.45s/ep][A

tin/rn18/el2nbest/sl/ipc50 w90 s42:  74%|███████▍  | 222/300 [2:29:40<52:35, 40.45s/ep][A

tin/rn18/el2nbest/sl/ipc50 w90 s42:  74%|███████▍  | 223/300 [2:30:21<51:54, 40.44s/ep][A

tin/rn18/el2nbest/sl/ipc50 w90 s42:  75%|███████▍  | 224/300 [2:31:01<51:13, 40.45s/ep][A

tin/rn18/el2nbest/sl/ipc50 w90 s42:  75%|███████▌  | 225/300 [2:31:42<50:33, 40.45s/ep][A

tin/rn18/el2nbest/sl/ipc50 w90 s42:  75%|███████▌  | 226/300 [2:32:22<49:53, 40.45s/ep][A

tin/rn18/el2nbest/sl/ipc50 w90 s42:  76%|███████▌  | 227/300 [2:33:03<49:14, 40.47s/ep][A

tin/rn18/el2nbest/sl/ipc50 w90 s42:  76%|███████▌  | 228/300 [2:33:43<48:33, 40.47s/ep][A

tin/rn18/el2nbest/sl/ipc50 w90 s42:  76%|███████▋  | 229/300 [2:34:24<47:53, 40.46s/ep][A

tin/rn18/el2nbest/sl/ipc50 w90 s42:  77%|███████▋  | 230/300 [2:35:04<47:12, 40.46s/ep][A

tin/rn18/el2nbest/sl/ipc50 w90 s42:  77%|███████▋  | 231/300 [2:35:44<46:31, 40.46s/ep][A

tin/rn18/el2nbest/sl/ipc50 w90 s42:  77%|███████▋  | 232/300 [2:36:25<45:51, 40.46s/ep][A

tin/rn18/el2nbest/sl/ipc50 w90 s42:  78%|███████▊  | 233/300 [2:37:05<45:10, 40.46s/ep][A

tin/rn18/el2nbest/sl/ipc50 w90 s42:  78%|███████▊  | 234/300 [2:37:46<44:30, 40.46s/ep][A

tin/rn18/el2nbest/sl/ipc50 w90 s42:  78%|███████▊  | 235/300 [2:38:26<43:49, 40.46s/ep][A

tin/rn18/el2nbest/sl/ipc50 w90 s42:  79%|███████▊  | 236/300 [2:39:07<43:09, 40.46s/ep][A

tin/rn18/el2nbest/sl/ipc50 w90 s42:  79%|███████▉  | 237/300 [2:39:47<42:28, 40.46s/ep][A

tin/rn18/el2nbest/sl/ipc50 w90 s42:  79%|███████▉  | 238/300 [2:40:28<41:47, 40.45s/ep][A

tin/rn18/el2nbest/sl/ipc50 w90 s42:  80%|███████▉  | 239/300 [2:41:08<41:07, 40.46s/ep][A

tin/rn18/el2nbest/sl/ipc50 w90 s42:  80%|████████  | 240/300 [2:41:49<40:27, 40.45s/ep][A

tin/rn18/el2nbest/sl/ipc50 w90 s42:  80%|████████  | 241/300 [2:42:29<39:46, 40.45s/ep][A

tin/rn18/el2nbest/sl/ipc50 w90 s42:  81%|████████  | 242/300 [2:43:09<39:06, 40.45s/ep][A

tin/rn18/el2nbest/sl/ipc50 w90 s42:  81%|████████  | 243/300 [2:43:50<38:25, 40.45s/ep][A

tin/rn18/el2nbest/sl/ipc50 w90 s42:  81%|████████▏ | 244/300 [2:44:30<37:45, 40.45s/ep][A

tin/rn18/el2nbest/sl/ipc50 w90 s42:  82%|████████▏ | 245/300 [2:45:11<37:04, 40.45s/ep][A

tin/rn18/el2nbest/sl/ipc50 w90 s42:  82%|████████▏ | 246/300 [2:45:51<36:24, 40.45s/ep][A

tin/rn18/el2nbest/sl/ipc50 w90 s42:  82%|████████▏ | 247/300 [2:46:32<35:44, 40.46s/ep][A

tin/rn18/el2nbest/sl/ipc50 w90 s42:  83%|████████▎ | 248/300 [2:47:12<35:04, 40.47s/ep][A

tin/rn18/el2nbest/sl/ipc50 w90 s42:  83%|████████▎ | 249/300 [2:47:53<34:23, 40.46s/ep][A

tin/rn18/el2nbest/sl/ipc50 w90 s42:  83%|████████▎ | 250/300 [2:48:33<33:43, 40.46s/ep][A

tin/rn18/el2nbest/sl/ipc50 w90 s42:  84%|████████▎ | 251/300 [2:49:14<33:02, 40.46s/ep][A

tin/rn18/el2nbest/sl/ipc50 w90 s42:  84%|████████▍ | 252/300 [2:49:54<32:21, 40.46s/ep][A

tin/rn18/el2nbest/sl/ipc50 w90 s42:  84%|████████▍ | 253/300 [2:50:34<31:41, 40.46s/ep][A

tin/rn18/el2nbest/sl/ipc50 w90 s42:  85%|████████▍ | 254/300 [2:51:15<31:00, 40.45s/ep][A

tin/rn18/el2nbest/sl/ipc50 w90 s42:  85%|████████▌ | 255/300 [2:51:55<30:20, 40.46s/ep][A

tin/rn18/el2nbest/sl/ipc50 w90 s42:  85%|████████▌ | 256/300 [2:52:36<29:40, 40.46s/ep][A

tin/rn18/el2nbest/sl/ipc50 w90 s42:  86%|████████▌ | 257/300 [2:53:16<28:59, 40.46s/ep][A

tin/rn18/el2nbest/sl/ipc50 w90 s42:  86%|████████▌ | 258/300 [2:53:57<28:19, 40.46s/ep][A

tin/rn18/el2nbest/sl/ipc50 w90 s42:  86%|████████▋ | 259/300 [2:54:37<27:38, 40.46s/ep][A

tin/rn18/el2nbest/sl/ipc50 w90 s42:  87%|████████▋ | 260/300 [2:55:18<26:58, 40.46s/ep][A

tin/rn18/el2nbest/sl/ipc50 w90 s42:  87%|████████▋ | 261/300 [2:55:58<26:18, 40.46s/ep][A

tin/rn18/el2nbest/sl/ipc50 w90 s42:  87%|████████▋ | 262/300 [2:56:39<25:37, 40.46s/ep][A

tin/rn18/el2nbest/sl/ipc50 w90 s42:  88%|████████▊ | 263/300 [2:57:19<24:57, 40.46s/ep][A

tin/rn18/el2nbest/sl/ipc50 w90 s42:  88%|████████▊ | 264/300 [2:58:00<24:16, 40.47s/ep][A

tin/rn18/el2nbest/sl/ipc50 w90 s42:  88%|████████▊ | 265/300 [2:58:40<23:36, 40.46s/ep][A

tin/rn18/el2nbest/sl/ipc50 w90 s42:  89%|████████▊ | 266/300 [2:59:20<22:55, 40.46s/ep][A

tin/rn18/el2nbest/sl/ipc50 w90 s42:  89%|████████▉ | 267/300 [3:00:01<22:15, 40.46s/ep][A

tin/rn18/el2nbest/sl/ipc50 w90 s42:  89%|████████▉ | 268/300 [3:00:41<21:34, 40.46s/ep][A

tin/rn18/el2nbest/sl/ipc50 w90 s42:  90%|████████▉ | 269/300 [3:01:22<20:54, 40.46s/ep][A

tin/rn18/el2nbest/sl/ipc50 w90 s42:  90%|█████████ | 270/300 [3:02:02<20:13, 40.46s/ep][A

tin/rn18/el2nbest/sl/ipc50 w90 s42:  90%|█████████ | 271/300 [3:02:43<19:33, 40.46s/ep][A

tin/rn18/el2nbest/sl/ipc50 w90 s42:  91%|█████████ | 272/300 [3:03:23<18:52, 40.46s/ep][A

tin/rn18/el2nbest/sl/ipc50 w90 s42:  91%|█████████ | 273/300 [3:04:04<18:12, 40.46s/ep][A

tin/rn18/el2nbest/sl/ipc50 w90 s42:  91%|█████████▏| 274/300 [3:04:44<17:31, 40.46s/ep][A

tin/rn18/el2nbest/sl/ipc50 w90 s42:  92%|█████████▏| 275/300 [3:05:25<16:51, 40.45s/ep][A

tin/rn18/el2nbest/sl/ipc50 w90 s42:  92%|█████████▏| 276/300 [3:06:05<16:10, 40.45s/ep][A

tin/rn18/el2nbest/sl/ipc50 w90 s42:  92%|█████████▏| 277/300 [3:06:45<15:30, 40.45s/ep][A

tin/rn18/el2nbest/sl/ipc50 w90 s42:  93%|█████████▎| 278/300 [3:07:26<14:50, 40.45s/ep][A

tin/rn18/el2nbest/sl/ipc50 w90 s42:  93%|█████████▎| 279/300 [3:08:06<14:09, 40.45s/ep][A

tin/rn18/el2nbest/sl/ipc50 w90 s42:  93%|█████████▎| 280/300 [3:08:47<13:29, 40.46s/ep][A

tin/rn18/el2nbest/sl/ipc50 w90 s42:  94%|█████████▎| 281/300 [3:09:27<12:48, 40.45s/ep][A

tin/rn18/el2nbest/sl/ipc50 w90 s42:  94%|█████████▍| 282/300 [3:10:08<12:08, 40.45s/ep][A

tin/rn18/el2nbest/sl/ipc50 w90 s42:  94%|█████████▍| 283/300 [3:10:48<11:27, 40.46s/ep][A

tin/rn18/el2nbest/sl/ipc50 w90 s42:  95%|█████████▍| 284/300 [3:11:29<10:47, 40.46s/ep][A

tin/rn18/el2nbest/sl/ipc50 w90 s42:  95%|█████████▌| 285/300 [3:12:09<10:06, 40.46s/ep][A

tin/rn18/el2nbest/sl/ipc50 w90 s42:  95%|█████████▌| 286/300 [3:12:50<09:26, 40.46s/ep][A

tin/rn18/el2nbest/sl/ipc50 w90 s42:  96%|█████████▌| 287/300 [3:13:30<08:45, 40.46s/ep][A

tin/rn18/el2nbest/sl/ipc50 w90 s42:  96%|█████████▌| 288/300 [3:14:11<08:05, 40.46s/ep][A

tin/rn18/el2nbest/sl/ipc50 w90 s42:  96%|█████████▋| 289/300 [3:14:51<07:25, 40.46s/ep][A

tin/rn18/el2nbest/sl/ipc50 w90 s42:  97%|█████████▋| 290/300 [3:15:31<06:44, 40.46s/ep][A

tin/rn18/el2nbest/sl/ipc50 w90 s42:  97%|█████████▋| 291/300 [3:16:12<06:04, 40.46s/ep][A

tin/rn18/el2nbest/sl/ipc50 w90 s42:  97%|█████████▋| 292/300 [3:16:52<05:23, 40.46s/ep][A

tin/rn18/el2nbest/sl/ipc50 w90 s42:  98%|█████████▊| 293/300 [3:17:33<04:43, 40.46s/ep][A

tin/rn18/el2nbest/sl/ipc50 w90 s42:  98%|█████████▊| 294/300 [3:18:13<04:02, 40.46s/ep][A

tin/rn18/el2nbest/sl/ipc50 w90 s42:  98%|█████████▊| 295/300 [3:18:54<03:22, 40.45s/ep][A

tin/rn18/el2nbest/sl/ipc50 w90 s42:  99%|█████████▊| 296/300 [3:19:34<02:41, 40.46s/ep][A

tin/rn18/el2nbest/sl/ipc50 w90 s42:  99%|█████████▉| 297/300 [3:20:15<02:01, 40.46s/ep][A

tin/rn18/el2nbest/sl/ipc50 w90 s42:  99%|█████████▉| 298/300 [3:20:55<01:20, 40.45s/ep][A

tin/rn18/el2nbest/sl/ipc50 w90 s42: 100%|█████████▉| 299/300 [3:21:36<00:40, 40.45s/ep][A

tin/rn18/el2nbest/sl/ipc50 w90 s42: 100%|██████████| 300/300 [3:22:16<00:00, 40.46s/ep][A

                                                                                       [A[cell] tin/rn18/el2nbest/sl/ipc50 window 90%: 36.28%  (12149s)


tin/rn18/el2nbest/sl/ipc50 s45:   0%|          | 0/300 [00:00<?, ?ep/s][A

tin/rn18/el2nbest/sl/ipc50 s45:   0%|          | 1/300 [00:40<3:21:47, 40.49s/ep][A

tin/rn18/el2nbest/sl/ipc50 s45:   1%|          | 2/300 [01:20<3:20:59, 40.47s/ep][A

tin/rn18/el2nbest/sl/ipc50 s45:   1%|          | 3/300 [02:01<3:20:18, 40.47s/ep][A

tin/rn18/el2nbest/sl/ipc50 s45:   1%|▏         | 4/300 [02:41<3:19:35, 40.46s/ep][A

tin/rn18/el2nbest/sl/ipc50 s45:   2%|▏         | 5/300 [03:22<3:18:54, 40.46s/ep][A

tin/rn18/el2nbest/sl/ipc50 s45:   2%|▏         | 6/300 [04:02<3:18:11, 40.45s/ep][A

tin/rn18/el2nbest/sl/ipc50 s45:   2%|▏         | 7/300 [04:43<3:17:30, 40.45s/ep][A

tin/rn18/el2nbest/sl/ipc50 s45:   3%|▎         | 8/300 [05:23<3:16:48, 40.44s/ep][A

tin/rn18/el2nbest/sl/ipc50 s45:   3%|▎         | 9/300 [06:04<3:16:11, 40.45s/ep][A

tin/rn18/el2nbest/sl/ipc50 s45:   3%|▎         | 10/300 [06:44<3:15:33, 40.46s/ep][A

tin/rn18/el2nbest/sl/ipc50 s45:   4%|▎         | 11/300 [07:25<3:14:52, 40.46s/ep][A

tin/rn18/el2nbest/sl/ipc50 s45:   4%|▍         | 12/300 [08:05<3:14:10, 40.45s/ep][A

tin/rn18/el2nbest/sl/ipc50 s45:   4%|▍         | 13/300 [08:45<3:13:27, 40.44s/ep][A

tin/rn18/el2nbest/sl/ipc50 s45:   5%|▍         | 14/300 [09:26<3:12:47, 40.45s/ep][A

tin/rn18/el2nbest/sl/ipc50 s45:   5%|▌         | 15/300 [10:06<3:12:07, 40.45s/ep][A

tin/rn18/el2nbest/sl/ipc50 s45:   5%|▌         | 16/300 [10:47<3:11:26, 40.45s/ep][A

tin/rn18/el2nbest/sl/ipc50 s45:   6%|▌         | 17/300 [11:27<3:10:46, 40.45s/ep][A

tin/rn18/el2nbest/sl/ipc50 s45:   6%|▌         | 18/300 [12:08<3:10:09, 40.46s/ep][A

tin/rn18/el2nbest/sl/ipc50 s45:   6%|▋         | 19/300 [12:48<3:09:28, 40.46s/ep][A

tin/rn18/el2nbest/sl/ipc50 s45:   7%|▋         | 20/300 [13:29<3:08:48, 40.46s/ep][A

tin/rn18/el2nbest/sl/ipc50 s45:   7%|▋         | 21/300 [14:09<3:08:08, 40.46s/ep][A

tin/rn18/el2nbest/sl/ipc50 s45:   7%|▋         | 22/300 [14:50<3:07:28, 40.46s/ep][A

tin/rn18/el2nbest/sl/ipc50 s45:   8%|▊         | 23/300 [15:30<3:06:48, 40.46s/ep][A

tin/rn18/el2nbest/sl/ipc50 s45:   8%|▊         | 24/300 [16:10<3:06:08, 40.47s/ep][A

tin/rn18/el2nbest/sl/ipc50 s45:   8%|▊         | 25/300 [16:51<3:05:26, 40.46s/ep][A

tin/rn18/el2nbest/sl/ipc50 s45:   9%|▊         | 26/300 [17:31<3:04:45, 40.46s/ep][A

tin/rn18/el2nbest/sl/ipc50 s45:   9%|▉         | 27/300 [18:12<3:04:04, 40.46s/ep][A

tin/rn18/el2nbest/sl/ipc50 s45:   9%|▉         | 28/300 [18:52<3:03:23, 40.46s/ep][A

tin/rn18/el2nbest/sl/ipc50 s45:  10%|▉         | 29/300 [19:33<3:02:44, 40.46s/ep][A

tin/rn18/el2nbest/sl/ipc50 s45:  10%|█         | 30/300 [20:13<3:02:02, 40.45s/ep][A

tin/rn18/el2nbest/sl/ipc50 s45:  10%|█         | 31/300 [20:54<3:01:24, 40.46s/ep][A

tin/rn18/el2nbest/sl/ipc50 s45:  11%|█         | 32/300 [21:34<3:00:41, 40.45s/ep][A

tin/rn18/el2nbest/sl/ipc50 s45:  11%|█         | 33/300 [22:15<3:00:00, 40.45s/ep][A

tin/rn18/el2nbest/sl/ipc50 s45:  11%|█▏        | 34/300 [22:55<2:59:21, 40.46s/ep][A

tin/rn18/el2nbest/sl/ipc50 s45:  12%|█▏        | 35/300 [23:35<2:58:40, 40.46s/ep][A

tin/rn18/el2nbest/sl/ipc50 s45:  12%|█▏        | 36/300 [24:16<2:57:58, 40.45s/ep][A

tin/rn18/el2nbest/sl/ipc50 s45:  12%|█▏        | 37/300 [24:56<2:57:18, 40.45s/ep][A

tin/rn18/el2nbest/sl/ipc50 s45:  13%|█▎        | 38/300 [25:37<2:56:40, 40.46s/ep][A

tin/rn18/el2nbest/sl/ipc50 s45:  13%|█▎        | 39/300 [26:17<2:56:00, 40.46s/ep][A

tin/rn18/el2nbest/sl/ipc50 s45:  13%|█▎        | 40/300 [26:58<2:55:18, 40.46s/ep][A

tin/rn18/el2nbest/sl/ipc50 s45:  14%|█▎        | 41/300 [27:38<2:54:38, 40.46s/ep][A

tin/rn18/el2nbest/sl/ipc50 s45:  14%|█▍        | 42/300 [28:19<2:53:57, 40.46s/ep][A

tin/rn18/el2nbest/sl/ipc50 s45:  14%|█▍        | 43/300 [28:59<2:53:17, 40.46s/ep][A

tin/rn18/el2nbest/sl/ipc50 s45:  15%|█▍        | 44/300 [29:40<2:52:36, 40.46s/ep][A

tin/rn18/el2nbest/sl/ipc50 s45:  15%|█▌        | 45/300 [30:20<2:51:55, 40.45s/ep][A

tin/rn18/el2nbest/sl/ipc50 s45:  15%|█▌        | 46/300 [31:00<2:51:15, 40.46s/ep][A

tin/rn18/el2nbest/sl/ipc50 s45:  16%|█▌        | 47/300 [31:41<2:50:35, 40.46s/ep][A

tin/rn18/el2nbest/sl/ipc50 s45:  16%|█▌        | 48/300 [32:21<2:49:56, 40.46s/ep][A

tin/rn18/el2nbest/sl/ipc50 s45:  16%|█▋        | 49/300 [33:02<2:49:15, 40.46s/ep][A

tin/rn18/el2nbest/sl/ipc50 s45:  17%|█▋        | 50/300 [33:42<2:48:35, 40.46s/ep][A

tin/rn18/el2nbest/sl/ipc50 s45:  17%|█▋        | 51/300 [34:23<2:47:55, 40.47s/ep][A

tin/rn18/el2nbest/sl/ipc50 s45:  17%|█▋        | 52/300 [35:03<2:47:13, 40.46s/ep][A

tin/rn18/el2nbest/sl/ipc50 s45:  18%|█▊        | 53/300 [35:44<2:46:33, 40.46s/ep][A

tin/rn18/el2nbest/sl/ipc50 s45:  18%|█▊        | 54/300 [36:24<2:45:52, 40.46s/ep][A

tin/rn18/el2nbest/sl/ipc50 s45:  18%|█▊        | 55/300 [37:05<2:45:11, 40.45s/ep][A

tin/rn18/el2nbest/sl/ipc50 s45:  19%|█▊        | 56/300 [37:45<2:44:31, 40.46s/ep][A

tin/rn18/el2nbest/sl/ipc50 s45:  19%|█▉        | 57/300 [38:26<2:43:52, 40.46s/ep][A

tin/rn18/el2nbest/sl/ipc50 s45:  19%|█▉        | 58/300 [39:06<2:43:11, 40.46s/ep][A

tin/rn18/el2nbest/sl/ipc50 s45:  20%|█▉        | 59/300 [39:46<2:42:29, 40.46s/ep][A

tin/rn18/el2nbest/sl/ipc50 s45:  20%|██        | 60/300 [40:27<2:41:48, 40.45s/ep][A

tin/rn18/el2nbest/sl/ipc50 s45:  20%|██        | 61/300 [41:07<2:41:08, 40.45s/ep][A

tin/rn18/el2nbest/sl/ipc50 s45:  21%|██        | 62/300 [41:48<2:40:28, 40.46s/ep][A

tin/rn18/el2nbest/sl/ipc50 s45:  21%|██        | 63/300 [42:28<2:39:48, 40.46s/ep][A

tin/rn18/el2nbest/sl/ipc50 s45:  21%|██▏       | 64/300 [43:09<2:39:07, 40.46s/ep][A

tin/rn18/el2nbest/sl/ipc50 s45:  22%|██▏       | 65/300 [43:49<2:38:27, 40.46s/ep][A

tin/rn18/el2nbest/sl/ipc50 s45:  22%|██▏       | 66/300 [44:30<2:37:47, 40.46s/ep][A

tin/rn18/el2nbest/sl/ipc50 s45:  22%|██▏       | 67/300 [45:10<2:37:05, 40.45s/ep][A

tin/rn18/el2nbest/sl/ipc50 s45:  23%|██▎       | 68/300 [45:51<2:36:27, 40.46s/ep][A

tin/rn18/el2nbest/sl/ipc50 s45:  23%|██▎       | 69/300 [46:31<2:35:46, 40.46s/ep][A

tin/rn18/el2nbest/sl/ipc50 s45:  23%|██▎       | 70/300 [47:11<2:35:05, 40.46s/ep][A

tin/rn18/el2nbest/sl/ipc50 s45:  24%|██▎       | 71/300 [47:52<2:34:24, 40.46s/ep][A

tin/rn18/el2nbest/sl/ipc50 s45:  24%|██▍       | 72/300 [48:32<2:33:45, 40.46s/ep][A

tin/rn18/el2nbest/sl/ipc50 s45:  24%|██▍       | 73/300 [49:13<2:33:04, 40.46s/ep][A

tin/rn18/el2nbest/sl/ipc50 s45:  25%|██▍       | 74/300 [49:53<2:32:24, 40.46s/ep][A

tin/rn18/el2nbest/sl/ipc50 s45:  25%|██▌       | 75/300 [50:34<2:31:43, 40.46s/ep][A

tin/rn18/el2nbest/sl/ipc50 s45:  25%|██▌       | 76/300 [51:14<2:31:01, 40.45s/ep][A

tin/rn18/el2nbest/sl/ipc50 s45:  26%|██▌       | 77/300 [51:55<2:30:19, 40.44s/ep][A

tin/rn18/el2nbest/sl/ipc50 s45:  26%|██▌       | 78/300 [52:35<2:29:39, 40.45s/ep][A

tin/rn18/el2nbest/sl/ipc50 s45:  26%|██▋       | 79/300 [53:16<2:28:59, 40.45s/ep][A

tin/rn18/el2nbest/sl/ipc50 s45:  27%|██▋       | 80/300 [53:56<2:28:18, 40.45s/ep][A

tin/rn18/el2nbest/sl/ipc50 s45:  27%|██▋       | 81/300 [54:36<2:27:37, 40.44s/ep][A

tin/rn18/el2nbest/sl/ipc50 s45:  27%|██▋       | 82/300 [55:17<2:26:57, 40.45s/ep][A

tin/rn18/el2nbest/sl/ipc50 s45:  28%|██▊       | 83/300 [55:57<2:26:19, 40.46s/ep][A

tin/rn18/el2nbest/sl/ipc50 s45:  28%|██▊       | 84/300 [56:38<2:25:39, 40.46s/ep][A

tin/rn18/el2nbest/sl/ipc50 s45:  28%|██▊       | 85/300 [57:18<2:24:59, 40.46s/ep][A

tin/rn18/el2nbest/sl/ipc50 s45:  29%|██▊       | 86/300 [57:59<2:24:18, 40.46s/ep][A

tin/rn18/el2nbest/sl/ipc50 s45:  29%|██▉       | 87/300 [58:39<2:23:38, 40.46s/ep][A

tin/rn18/el2nbest/sl/ipc50 s45:  29%|██▉       | 88/300 [59:20<2:22:57, 40.46s/ep][A

tin/rn18/el2nbest/sl/ipc50 s45:  30%|██▉       | 89/300 [1:00:00<2:22:16, 40.46s/ep][A

tin/rn18/el2nbest/sl/ipc50 s45:  30%|███       | 90/300 [1:00:41<2:21:35, 40.46s/ep][A

tin/rn18/el2nbest/sl/ipc50 s45:  30%|███       | 91/300 [1:01:21<2:20:54, 40.45s/ep][A

tin/rn18/el2nbest/sl/ipc50 s45:  31%|███       | 92/300 [1:02:01<2:20:14, 40.46s/ep][A

tin/rn18/el2nbest/sl/ipc50 s45:  31%|███       | 93/300 [1:02:42<2:19:34, 40.46s/ep][A

tin/rn18/el2nbest/sl/ipc50 s45:  31%|███▏      | 94/300 [1:03:22<2:18:54, 40.46s/ep][A

tin/rn18/el2nbest/sl/ipc50 s45:  32%|███▏      | 95/300 [1:04:03<2:18:14, 40.46s/ep][A

tin/rn18/el2nbest/sl/ipc50 s45:  32%|███▏      | 96/300 [1:04:43<2:17:33, 40.46s/ep][A

tin/rn18/el2nbest/sl/ipc50 s45:  32%|███▏      | 97/300 [1:05:24<2:16:54, 40.46s/ep][A

tin/rn18/el2nbest/sl/ipc50 s45:  33%|███▎      | 98/300 [1:06:04<2:16:12, 40.46s/ep][A

tin/rn18/el2nbest/sl/ipc50 s45:  33%|███▎      | 99/300 [1:06:45<2:15:30, 40.45s/ep][A

tin/rn18/el2nbest/sl/ipc50 s45:  33%|███▎      | 100/300 [1:07:25<2:14:50, 40.45s/ep][A

tin/rn18/el2nbest/sl/ipc50 s45:  34%|███▎      | 101/300 [1:08:06<2:14:09, 40.45s/ep][A

tin/rn18/el2nbest/sl/ipc50 s45:  34%|███▍      | 102/300 [1:08:46<2:13:29, 40.45s/ep][A

tin/rn18/el2nbest/sl/ipc50 s45:  34%|███▍      | 103/300 [1:09:26<2:12:49, 40.45s/ep][A

tin/rn18/el2nbest/sl/ipc50 s45:  35%|███▍      | 104/300 [1:10:07<2:12:07, 40.45s/ep][A

tin/rn18/el2nbest/sl/ipc50 s45:  35%|███▌      | 105/300 [1:10:47<2:11:28, 40.45s/ep][A

tin/rn18/el2nbest/sl/ipc50 s45:  35%|███▌      | 106/300 [1:11:28<2:10:48, 40.46s/ep][A

tin/rn18/el2nbest/sl/ipc50 s45:  36%|███▌      | 107/300 [1:12:08<2:10:06, 40.45s/ep][A

tin/rn18/el2nbest/sl/ipc50 s45:  36%|███▌      | 108/300 [1:12:49<2:09:26, 40.45s/ep][A

tin/rn18/el2nbest/sl/ipc50 s45:  36%|███▋      | 109/300 [1:13:29<2:08:45, 40.45s/ep][A

tin/rn18/el2nbest/sl/ipc50 s45:  37%|███▋      | 110/300 [1:14:10<2:08:07, 40.46s/ep][A

tin/rn18/el2nbest/sl/ipc50 s45:  37%|███▋      | 111/300 [1:14:50<2:07:27, 40.46s/ep][A

tin/rn18/el2nbest/sl/ipc50 s45:  37%|███▋      | 112/300 [1:15:31<2:06:46, 40.46s/ep][A

tin/rn18/el2nbest/sl/ipc50 s45:  38%|███▊      | 113/300 [1:16:11<2:06:05, 40.45s/ep][A

tin/rn18/el2nbest/sl/ipc50 s45:  38%|███▊      | 114/300 [1:16:52<2:05:25, 40.46s/ep][A

tin/rn18/el2nbest/sl/ipc50 s45:  38%|███▊      | 115/300 [1:17:32<2:04:44, 40.46s/ep][A

tin/rn18/el2nbest/sl/ipc50 s45:  39%|███▊      | 116/300 [1:18:12<2:04:03, 40.45s/ep][A

tin/rn18/el2nbest/sl/ipc50 s45:  39%|███▉      | 117/300 [1:18:53<2:03:23, 40.46s/ep][A

tin/rn18/el2nbest/sl/ipc50 s45:  39%|███▉      | 118/300 [1:19:33<2:02:43, 40.46s/ep][A

tin/rn18/el2nbest/sl/ipc50 s45:  40%|███▉      | 119/300 [1:20:14<2:02:03, 40.46s/ep][A

tin/rn18/el2nbest/sl/ipc50 s45:  40%|████      | 120/300 [1:20:54<2:01:22, 40.46s/ep][A

tin/rn18/el2nbest/sl/ipc50 s45:  40%|████      | 121/300 [1:21:35<2:00:41, 40.46s/ep][A

tin/rn18/el2nbest/sl/ipc50 s45:  41%|████      | 122/300 [1:22:15<2:00:02, 40.46s/ep][A

tin/rn18/el2nbest/sl/ipc50 s45:  41%|████      | 123/300 [1:22:56<1:59:22, 40.47s/ep][A

tin/rn18/el2nbest/sl/ipc50 s45:  41%|████▏     | 124/300 [1:23:36<1:58:41, 40.47s/ep][A

tin/rn18/el2nbest/sl/ipc50 s45:  42%|████▏     | 125/300 [1:24:17<1:58:00, 40.46s/ep][A

tin/rn18/el2nbest/sl/ipc50 s45:  42%|████▏     | 126/300 [1:24:57<1:57:19, 40.46s/ep][A

tin/rn18/el2nbest/sl/ipc50 s45:  42%|████▏     | 127/300 [1:25:37<1:56:39, 40.46s/ep][A

tin/rn18/el2nbest/sl/ipc50 s45:  43%|████▎     | 128/300 [1:26:18<1:55:58, 40.46s/ep][A

tin/rn18/el2nbest/sl/ipc50 s45:  43%|████▎     | 129/300 [1:26:58<1:55:18, 40.46s/ep][A

tin/rn18/el2nbest/sl/ipc50 s45:  43%|████▎     | 130/300 [1:27:39<1:54:37, 40.46s/ep][A

tin/rn18/el2nbest/sl/ipc50 s45:  44%|████▎     | 131/300 [1:28:19<1:53:57, 40.46s/ep][A

tin/rn18/el2nbest/sl/ipc50 s45:  44%|████▍     | 132/300 [1:29:00<1:53:16, 40.46s/ep][A

tin/rn18/el2nbest/sl/ipc50 s45:  44%|████▍     | 133/300 [1:29:40<1:52:35, 40.45s/ep][A

tin/rn18/el2nbest/sl/ipc50 s45:  45%|████▍     | 134/300 [1:30:21<1:51:55, 40.45s/ep][A

tin/rn18/el2nbest/sl/ipc50 s45:  45%|████▌     | 135/300 [1:31:01<1:51:14, 40.45s/ep][A

tin/rn18/el2nbest/sl/ipc50 s45:  45%|████▌     | 136/300 [1:31:42<1:50:34, 40.46s/ep][A

tin/rn18/el2nbest/sl/ipc50 s45:  46%|████▌     | 137/300 [1:32:22<1:49:55, 40.46s/ep][A

tin/rn18/el2nbest/sl/ipc50 s45:  46%|████▌     | 138/300 [1:33:02<1:49:13, 40.45s/ep][A

tin/rn18/el2nbest/sl/ipc50 s45:  46%|████▋     | 139/300 [1:33:43<1:48:33, 40.46s/ep][A

tin/rn18/el2nbest/sl/ipc50 s45:  47%|████▋     | 140/300 [1:34:23<1:47:52, 40.45s/ep][A

tin/rn18/el2nbest/sl/ipc50 s45:  47%|████▋     | 141/300 [1:35:04<1:47:12, 40.45s/ep][A

tin/rn18/el2nbest/sl/ipc50 s45:  47%|████▋     | 142/300 [1:35:44<1:46:32, 40.46s/ep][A

tin/rn18/el2nbest/sl/ipc50 s45:  48%|████▊     | 143/300 [1:36:25<1:45:52, 40.46s/ep][A

tin/rn18/el2nbest/sl/ipc50 s45:  48%|████▊     | 144/300 [1:37:05<1:45:10, 40.45s/ep][A

tin/rn18/el2nbest/sl/ipc50 s45:  48%|████▊     | 145/300 [1:37:46<1:44:29, 40.45s/ep][A

tin/rn18/el2nbest/sl/ipc50 s45:  49%|████▊     | 146/300 [1:38:26<1:43:50, 40.45s/ep][A

tin/rn18/el2nbest/sl/ipc50 s45:  49%|████▉     | 147/300 [1:39:07<1:43:10, 40.46s/ep][A

tin/rn18/el2nbest/sl/ipc50 s45:  49%|████▉     | 148/300 [1:39:47<1:42:29, 40.46s/ep][A

tin/rn18/el2nbest/sl/ipc50 s45:  50%|████▉     | 149/300 [1:40:27<1:41:48, 40.46s/ep][A

tin/rn18/el2nbest/sl/ipc50 s45:  50%|█████     | 150/300 [1:41:08<1:41:08, 40.46s/ep][A

tin/rn18/el2nbest/sl/ipc50 s45:  50%|█████     | 151/300 [1:41:48<1:40:28, 40.46s/ep][A

tin/rn18/el2nbest/sl/ipc50 s45:  51%|█████     | 152/300 [1:42:29<1:39:47, 40.46s/ep][A

tin/rn18/el2nbest/sl/ipc50 s45:  51%|█████     | 153/300 [1:43:09<1:39:06, 40.45s/ep][A

tin/rn18/el2nbest/sl/ipc50 s45:  51%|█████▏    | 154/300 [1:43:50<1:38:25, 40.45s/ep][A

tin/rn18/el2nbest/sl/ipc50 s45:  52%|█████▏    | 155/300 [1:44:30<1:37:45, 40.45s/ep][A

tin/rn18/el2nbest/sl/ipc50 s45:  52%|█████▏    | 156/300 [1:45:11<1:37:05, 40.45s/ep][A

tin/rn18/el2nbest/sl/ipc50 s45:  52%|█████▏    | 157/300 [1:45:51<1:36:24, 40.45s/ep][A

tin/rn18/el2nbest/sl/ipc50 s45:  53%|█████▎    | 158/300 [1:46:32<1:35:43, 40.45s/ep][A

tin/rn18/el2nbest/sl/ipc50 s45:  53%|█████▎    | 159/300 [1:47:12<1:35:03, 40.45s/ep][A

tin/rn18/el2nbest/sl/ipc50 s45:  53%|█████▎    | 160/300 [1:47:52<1:34:22, 40.45s/ep][A

tin/rn18/el2nbest/sl/ipc50 s45:  54%|█████▎    | 161/300 [1:48:33<1:33:42, 40.45s/ep][A

tin/rn18/el2nbest/sl/ipc50 s45:  54%|█████▍    | 162/300 [1:49:13<1:33:02, 40.45s/ep][A

tin/rn18/el2nbest/sl/ipc50 s45:  54%|█████▍    | 163/300 [1:49:54<1:32:22, 40.45s/ep][A

tin/rn18/el2nbest/sl/ipc50 s45:  55%|█████▍    | 164/300 [1:50:34<1:31:40, 40.45s/ep][A

tin/rn18/el2nbest/sl/ipc50 s45:  55%|█████▌    | 165/300 [1:51:15<1:31:00, 40.45s/ep][A

tin/rn18/el2nbest/sl/ipc50 s45:  55%|█████▌    | 166/300 [1:51:55<1:30:20, 40.45s/ep][A

tin/rn18/el2nbest/sl/ipc50 s45:  56%|█████▌    | 167/300 [1:52:36<1:29:40, 40.45s/ep][A

tin/rn18/el2nbest/sl/ipc50 s45:  56%|█████▌    | 168/300 [1:53:16<1:28:59, 40.45s/ep][A

tin/rn18/el2nbest/sl/ipc50 s45:  56%|█████▋    | 169/300 [1:53:57<1:28:18, 40.45s/ep][A

tin/rn18/el2nbest/sl/ipc50 s45:  57%|█████▋    | 170/300 [1:54:37<1:27:39, 40.45s/ep][A

tin/rn18/el2nbest/sl/ipc50 s45:  57%|█████▋    | 171/300 [1:55:17<1:26:58, 40.45s/ep][A

tin/rn18/el2nbest/sl/ipc50 s45:  57%|█████▋    | 172/300 [1:55:58<1:26:18, 40.45s/ep][A

tin/rn18/el2nbest/sl/ipc50 s45:  58%|█████▊    | 173/300 [1:56:38<1:25:38, 40.46s/ep][A

tin/rn18/el2nbest/sl/ipc50 s45:  58%|█████▊    | 174/300 [1:57:19<1:24:56, 40.45s/ep][A

tin/rn18/el2nbest/sl/ipc50 s45:  58%|█████▊    | 175/300 [1:57:59<1:24:16, 40.45s/ep][A

tin/rn18/el2nbest/sl/ipc50 s45:  59%|█████▊    | 176/300 [1:58:40<1:23:35, 40.45s/ep][A

tin/rn18/el2nbest/sl/ipc50 s45:  59%|█████▉    | 177/300 [1:59:20<1:22:55, 40.45s/ep][A

tin/rn18/el2nbest/sl/ipc50 s45:  59%|█████▉    | 178/300 [2:00:01<1:22:14, 40.45s/ep][A

tin/rn18/el2nbest/sl/ipc50 s45:  60%|█████▉    | 179/300 [2:00:41<1:21:35, 40.46s/ep][A

tin/rn18/el2nbest/sl/ipc50 s45:  60%|██████    | 180/300 [2:01:22<1:20:54, 40.46s/ep][A

tin/rn18/el2nbest/sl/ipc50 s45:  60%|██████    | 181/300 [2:02:02<1:20:14, 40.46s/ep][A

tin/rn18/el2nbest/sl/ipc50 s45:  61%|██████    | 182/300 [2:02:42<1:19:34, 40.46s/ep][A

tin/rn18/el2nbest/sl/ipc50 s45:  61%|██████    | 183/300 [2:03:23<1:18:53, 40.46s/ep][A

tin/rn18/el2nbest/sl/ipc50 s45:  61%|██████▏   | 184/300 [2:04:03<1:18:13, 40.46s/ep][A

tin/rn18/el2nbest/sl/ipc50 s45:  62%|██████▏   | 185/300 [2:04:44<1:17:31, 40.45s/ep][A

tin/rn18/el2nbest/sl/ipc50 s45:  62%|██████▏   | 186/300 [2:05:24<1:16:51, 40.45s/ep][A

tin/rn18/el2nbest/sl/ipc50 s45:  62%|██████▏   | 187/300 [2:06:05<1:16:11, 40.45s/ep][A

tin/rn18/el2nbest/sl/ipc50 s45:  63%|██████▎   | 188/300 [2:06:45<1:15:30, 40.45s/ep][A

tin/rn18/el2nbest/sl/ipc50 s45:  63%|██████▎   | 189/300 [2:07:26<1:14:50, 40.46s/ep][A

tin/rn18/el2nbest/sl/ipc50 s45:  63%|██████▎   | 190/300 [2:08:06<1:14:10, 40.46s/ep][A

tin/rn18/el2nbest/sl/ipc50 s45:  64%|██████▎   | 191/300 [2:08:47<1:13:30, 40.46s/ep][A

tin/rn18/el2nbest/sl/ipc50 s45:  64%|██████▍   | 192/300 [2:09:27<1:12:49, 40.46s/ep][A

tin/rn18/el2nbest/sl/ipc50 s45:  64%|██████▍   | 193/300 [2:10:07<1:12:08, 40.46s/ep][A

tin/rn18/el2nbest/sl/ipc50 s45:  65%|██████▍   | 194/300 [2:10:48<1:11:28, 40.45s/ep][A

tin/rn18/el2nbest/sl/ipc50 s45:  65%|██████▌   | 195/300 [2:11:28<1:10:47, 40.46s/ep][A

tin/rn18/el2nbest/sl/ipc50 s45:  65%|██████▌   | 196/300 [2:12:09<1:10:07, 40.45s/ep][A

tin/rn18/el2nbest/sl/ipc50 s45:  66%|██████▌   | 197/300 [2:12:49<1:09:26, 40.45s/ep][A

tin/rn18/el2nbest/sl/ipc50 s45:  66%|██████▌   | 198/300 [2:13:30<1:08:46, 40.45s/ep][A

tin/rn18/el2nbest/sl/ipc50 s45:  66%|██████▋   | 199/300 [2:14:10<1:08:05, 40.45s/ep][A

tin/rn18/el2nbest/sl/ipc50 s45:  67%|██████▋   | 200/300 [2:14:51<1:07:24, 40.45s/ep][A

tin/rn18/el2nbest/sl/ipc50 s45:  67%|██████▋   | 201/300 [2:15:31<1:06:44, 40.45s/ep][A

tin/rn18/el2nbest/sl/ipc50 s45:  67%|██████▋   | 202/300 [2:16:12<1:06:04, 40.45s/ep][A

tin/rn18/el2nbest/sl/ipc50 s45:  68%|██████▊   | 203/300 [2:16:52<1:05:23, 40.45s/ep][A

tin/rn18/el2nbest/sl/ipc50 s45:  68%|██████▊   | 204/300 [2:17:32<1:04:43, 40.46s/ep][A

tin/rn18/el2nbest/sl/ipc50 s45:  68%|██████▊   | 205/300 [2:18:13<1:04:03, 40.45s/ep][A

tin/rn18/el2nbest/sl/ipc50 s45:  69%|██████▊   | 206/300 [2:18:53<1:03:23, 40.46s/ep][A

tin/rn18/el2nbest/sl/ipc50 s45:  69%|██████▉   | 207/300 [2:19:34<1:02:43, 40.46s/ep][A

tin/rn18/el2nbest/sl/ipc50 s45:  69%|██████▉   | 208/300 [2:20:14<1:02:02, 40.47s/ep][A

tin/rn18/el2nbest/sl/ipc50 s45:  70%|██████▉   | 209/300 [2:20:55<1:01:21, 40.46s/ep][A

tin/rn18/el2nbest/sl/ipc50 s45:  70%|███████   | 210/300 [2:21:35<1:00:40, 40.45s/ep][A

tin/rn18/el2nbest/sl/ipc50 s45:  70%|███████   | 211/300 [2:22:16<59:59, 40.45s/ep]  [A

tin/rn18/el2nbest/sl/ipc50 s45:  71%|███████   | 212/300 [2:22:56<59:19, 40.45s/ep][A

tin/rn18/el2nbest/sl/ipc50 s45:  71%|███████   | 213/300 [2:23:37<58:39, 40.45s/ep][A

tin/rn18/el2nbest/sl/ipc50 s45:  71%|███████▏  | 214/300 [2:24:17<57:58, 40.45s/ep][A

tin/rn18/el2nbest/sl/ipc50 s45:  72%|███████▏  | 215/300 [2:24:57<57:17, 40.44s/ep][A

tin/rn18/el2nbest/sl/ipc50 s45:  72%|███████▏  | 216/300 [2:25:38<56:36, 40.44s/ep][A

tin/rn18/el2nbest/sl/ipc50 s45:  72%|███████▏  | 217/300 [2:26:18<55:56, 40.44s/ep][A

tin/rn18/el2nbest/sl/ipc50 s45:  73%|███████▎  | 218/300 [2:26:59<55:16, 40.45s/ep][A

tin/rn18/el2nbest/sl/ipc50 s45:  73%|███████▎  | 219/300 [2:27:39<54:36, 40.45s/ep][A

tin/rn18/el2nbest/sl/ipc50 s45:  73%|███████▎  | 220/300 [2:28:20<53:56, 40.45s/ep][A

tin/rn18/el2nbest/sl/ipc50 s45:  74%|███████▎  | 221/300 [2:29:00<53:15, 40.45s/ep][A

tin/rn18/el2nbest/sl/ipc50 s45:  74%|███████▍  | 222/300 [2:29:41<52:35, 40.45s/ep][A

tin/rn18/el2nbest/sl/ipc50 s45:  74%|███████▍  | 223/300 [2:30:21<51:54, 40.45s/ep][A

tin/rn18/el2nbest/sl/ipc50 s45:  75%|███████▍  | 224/300 [2:31:01<51:14, 40.45s/ep][A

tin/rn18/el2nbest/sl/ipc50 s45:  75%|███████▌  | 225/300 [2:31:42<50:34, 40.45s/ep][A

tin/rn18/el2nbest/sl/ipc50 s45:  75%|███████▌  | 226/300 [2:32:22<49:53, 40.46s/ep][A

tin/rn18/el2nbest/sl/ipc50 s45:  76%|███████▌  | 227/300 [2:33:03<49:12, 40.45s/ep][A

tin/rn18/el2nbest/sl/ipc50 s45:  76%|███████▌  | 228/300 [2:33:43<48:31, 40.44s/ep][A

tin/rn18/el2nbest/sl/ipc50 s45:  76%|███████▋  | 229/300 [2:34:24<47:51, 40.44s/ep][A

tin/rn18/el2nbest/sl/ipc50 s45:  77%|███████▋  | 230/300 [2:35:04<47:11, 40.45s/ep][A

tin/rn18/el2nbest/sl/ipc50 s45:  77%|███████▋  | 231/300 [2:35:45<46:31, 40.45s/ep][A

tin/rn18/el2nbest/sl/ipc50 s45:  77%|███████▋  | 232/300 [2:36:25<45:50, 40.45s/ep][A

tin/rn18/el2nbest/sl/ipc50 s45:  78%|███████▊  | 233/300 [2:37:05<45:10, 40.45s/ep][A

tin/rn18/el2nbest/sl/ipc50 s45:  78%|███████▊  | 234/300 [2:37:46<44:29, 40.45s/ep][A

tin/rn18/el2nbest/sl/ipc50 s45:  78%|███████▊  | 235/300 [2:38:26<43:49, 40.45s/ep][A

tin/rn18/el2nbest/sl/ipc50 s45:  79%|███████▊  | 236/300 [2:39:07<43:08, 40.45s/ep][A

tin/rn18/el2nbest/sl/ipc50 s45:  79%|███████▉  | 237/300 [2:39:47<42:28, 40.45s/ep][A

tin/rn18/el2nbest/sl/ipc50 s45:  79%|███████▉  | 238/300 [2:40:28<41:47, 40.45s/ep][A

tin/rn18/el2nbest/sl/ipc50 s45:  80%|███████▉  | 239/300 [2:41:08<41:07, 40.45s/ep][A

tin/rn18/el2nbest/sl/ipc50 s45:  80%|████████  | 240/300 [2:41:49<40:26, 40.44s/ep][A

tin/rn18/el2nbest/sl/ipc50 s45:  80%|████████  | 241/300 [2:42:29<39:46, 40.45s/ep][A

tin/rn18/el2nbest/sl/ipc50 s45:  81%|████████  | 242/300 [2:43:09<39:06, 40.45s/ep][A

tin/rn18/el2nbest/sl/ipc50 s45:  81%|████████  | 243/300 [2:43:50<38:25, 40.45s/ep][A

tin/rn18/el2nbest/sl/ipc50 s45:  81%|████████▏ | 244/300 [2:44:30<37:45, 40.45s/ep][A

tin/rn18/el2nbest/sl/ipc50 s45:  82%|████████▏ | 245/300 [2:45:11<37:04, 40.45s/ep][A

tin/rn18/el2nbest/sl/ipc50 s45:  82%|████████▏ | 246/300 [2:45:51<36:24, 40.45s/ep][A

tin/rn18/el2nbest/sl/ipc50 s45:  82%|████████▏ | 247/300 [2:46:32<35:43, 40.45s/ep][A

tin/rn18/el2nbest/sl/ipc50 s45:  83%|████████▎ | 248/300 [2:47:12<35:03, 40.44s/ep][A

tin/rn18/el2nbest/sl/ipc50 s45:  83%|████████▎ | 249/300 [2:47:53<34:22, 40.45s/ep][A

tin/rn18/el2nbest/sl/ipc50 s45:  83%|████████▎ | 250/300 [2:48:33<33:42, 40.45s/ep][A

tin/rn18/el2nbest/sl/ipc50 s45:  84%|████████▎ | 251/300 [2:49:14<33:02, 40.45s/ep][A

tin/rn18/el2nbest/sl/ipc50 s45:  84%|████████▍ | 252/300 [2:49:54<32:21, 40.45s/ep][A

tin/rn18/el2nbest/sl/ipc50 s45:  84%|████████▍ | 253/300 [2:50:34<31:41, 40.45s/ep][A

tin/rn18/el2nbest/sl/ipc50 s45:  85%|████████▍ | 254/300 [2:51:15<31:00, 40.45s/ep][A

tin/rn18/el2nbest/sl/ipc50 s45:  85%|████████▌ | 255/300 [2:51:55<30:20, 40.45s/ep][A

tin/rn18/el2nbest/sl/ipc50 s45:  85%|████████▌ | 256/300 [2:52:36<29:39, 40.45s/ep][A

tin/rn18/el2nbest/sl/ipc50 s45:  86%|████████▌ | 257/300 [2:53:16<28:59, 40.45s/ep][A

tin/rn18/el2nbest/sl/ipc50 s45:  86%|████████▌ | 258/300 [2:53:57<28:18, 40.44s/ep][A

tin/rn18/el2nbest/sl/ipc50 s45:  86%|████████▋ | 259/300 [2:54:37<27:38, 40.45s/ep][A

tin/rn18/el2nbest/sl/ipc50 s45:  87%|████████▋ | 260/300 [2:55:18<26:57, 40.45s/ep][A

tin/rn18/el2nbest/sl/ipc50 s45:  87%|████████▋ | 261/300 [2:55:58<26:17, 40.46s/ep][A

tin/rn18/el2nbest/sl/ipc50 s45:  87%|████████▋ | 262/300 [2:56:38<25:37, 40.45s/ep][A

tin/rn18/el2nbest/sl/ipc50 s45:  88%|████████▊ | 263/300 [2:57:19<24:56, 40.45s/ep][A

tin/rn18/el2nbest/sl/ipc50 s45:  88%|████████▊ | 264/300 [2:57:59<24:16, 40.46s/ep][A

tin/rn18/el2nbest/sl/ipc50 s45:  88%|████████▊ | 265/300 [2:58:40<23:35, 40.46s/ep][A

tin/rn18/el2nbest/sl/ipc50 s45:  89%|████████▊ | 266/300 [2:59:20<22:55, 40.46s/ep][A

tin/rn18/el2nbest/sl/ipc50 s45:  89%|████████▉ | 267/300 [3:00:01<22:14, 40.45s/ep][A

tin/rn18/el2nbest/sl/ipc50 s45:  89%|████████▉ | 268/300 [3:00:41<21:34, 40.46s/ep][A

tin/rn18/el2nbest/sl/ipc50 s45:  90%|████████▉ | 269/300 [3:01:22<20:54, 40.46s/ep][A

tin/rn18/el2nbest/sl/ipc50 s45:  90%|█████████ | 270/300 [3:02:02<20:13, 40.46s/ep][A

tin/rn18/el2nbest/sl/ipc50 s45:  90%|█████████ | 271/300 [3:02:43<19:33, 40.45s/ep][A

tin/rn18/el2nbest/sl/ipc50 s45:  91%|█████████ | 272/300 [3:03:23<18:52, 40.45s/ep][A

tin/rn18/el2nbest/sl/ipc50 s45:  91%|█████████ | 273/300 [3:04:03<18:12, 40.45s/ep][A

tin/rn18/el2nbest/sl/ipc50 s45:  91%|█████████▏| 274/300 [3:04:44<17:31, 40.45s/ep][A

tin/rn18/el2nbest/sl/ipc50 s45:  92%|█████████▏| 275/300 [3:05:24<16:50, 40.44s/ep][A

tin/rn18/el2nbest/sl/ipc50 s45:  92%|█████████▏| 276/300 [3:06:05<16:10, 40.45s/ep][A

tin/rn18/el2nbest/sl/ipc50 s45:  92%|█████████▏| 277/300 [3:06:45<15:30, 40.45s/ep][A

tin/rn18/el2nbest/sl/ipc50 s45:  93%|█████████▎| 278/300 [3:07:26<14:49, 40.45s/ep][A

tin/rn18/el2nbest/sl/ipc50 s45:  93%|█████████▎| 279/300 [3:08:06<14:09, 40.46s/ep][A

tin/rn18/el2nbest/sl/ipc50 s45:  93%|█████████▎| 280/300 [3:08:47<13:28, 40.45s/ep][A

tin/rn18/el2nbest/sl/ipc50 s45:  94%|█████████▎| 281/300 [3:09:27<12:48, 40.45s/ep][A

tin/rn18/el2nbest/sl/ipc50 s45:  94%|█████████▍| 282/300 [3:10:08<12:08, 40.46s/ep][A

tin/rn18/el2nbest/sl/ipc50 s45:  94%|█████████▍| 283/300 [3:10:48<11:27, 40.46s/ep][A

tin/rn18/el2nbest/sl/ipc50 s45:  95%|█████████▍| 284/300 [3:11:28<10:47, 40.46s/ep][A

tin/rn18/el2nbest/sl/ipc50 s45:  95%|█████████▌| 285/300 [3:12:09<10:06, 40.45s/ep][A

tin/rn18/el2nbest/sl/ipc50 s45:  95%|█████████▌| 286/300 [3:12:49<09:26, 40.45s/ep][A

tin/rn18/el2nbest/sl/ipc50 s45:  96%|█████████▌| 287/300 [3:13:30<08:45, 40.45s/ep][A

tin/rn18/el2nbest/sl/ipc50 s45:  96%|█████████▌| 288/300 [3:14:10<08:05, 40.45s/ep][A

tin/rn18/el2nbest/sl/ipc50 s45:  96%|█████████▋| 289/300 [3:14:51<07:24, 40.45s/ep][A

tin/rn18/el2nbest/sl/ipc50 s45:  97%|█████████▋| 290/300 [3:15:31<06:44, 40.45s/ep][A

tin/rn18/el2nbest/sl/ipc50 s45:  97%|█████████▋| 291/300 [3:16:12<06:03, 40.44s/ep][A

tin/rn18/el2nbest/sl/ipc50 s45:  97%|█████████▋| 292/300 [3:16:52<05:23, 40.44s/ep][A

tin/rn18/el2nbest/sl/ipc50 s45:  98%|█████████▊| 293/300 [3:17:32<04:43, 40.45s/ep][A

tin/rn18/el2nbest/sl/ipc50 s45:  98%|█████████▊| 294/300 [3:18:13<04:02, 40.45s/ep][A

tin/rn18/el2nbest/sl/ipc50 s45:  98%|█████████▊| 295/300 [3:18:53<03:22, 40.46s/ep][A

tin/rn18/el2nbest/sl/ipc50 s45:  99%|█████████▊| 296/300 [3:19:34<02:41, 40.46s/ep][A

tin/rn18/el2nbest/sl/ipc50 s45:  99%|█████████▉| 297/300 [3:20:14<02:01, 40.46s/ep][A

tin/rn18/el2nbest/sl/ipc50 s45:  99%|█████████▉| 298/300 [3:20:55<01:20, 40.46s/ep][A

tin/rn18/el2nbest/sl/ipc50 s45: 100%|█████████▉| 299/300 [3:21:35<00:40, 40.46s/ep][A

tin/rn18/el2nbest/sl/ipc50 s45: 100%|██████████| 300/300 [3:22:16<00:00, 40.46s/ep][A

                                                                                   [A[cell] tin/rn18/el2nbest/sl/ipc50 seed45: 35.60%  (12149s)


tin/rn18/el2nbest/sl/ipc50 s46:   0%|          | 0/300 [00:00<?, ?ep/s][A

tin/rn18/el2nbest/sl/ipc50 s46:   0%|          | 1/300 [00:40<3:21:46, 40.49s/ep][A

tin/rn18/el2nbest/sl/ipc50 s46:   1%|          | 2/300 [01:20<3:20:57, 40.46s/ep][A

tin/rn18/el2nbest/sl/ipc50 s46:   1%|          | 3/300 [02:01<3:20:16, 40.46s/ep][A

tin/rn18/el2nbest/sl/ipc50 s46:   1%|▏         | 4/300 [02:41<3:19:34, 40.46s/ep][A

tin/rn18/el2nbest/sl/ipc50 s46:   2%|▏         | 5/300 [03:22<3:18:53, 40.45s/ep][A

tin/rn18/el2nbest/sl/ipc50 s46:   2%|▏         | 6/300 [04:02<3:18:15, 40.46s/ep][A

tin/rn18/el2nbest/sl/ipc50 s46:   2%|▏         | 7/300 [04:43<3:17:34, 40.46s/ep][A

tin/rn18/el2nbest/sl/ipc50 s46:   3%|▎         | 8/300 [05:23<3:16:53, 40.46s/ep][A

tin/rn18/el2nbest/sl/ipc50 s46:   3%|▎         | 9/300 [06:04<3:16:11, 40.45s/ep][A

tin/rn18/el2nbest/sl/ipc50 s46:   3%|▎         | 10/300 [06:44<3:15:32, 40.46s/ep][A

tin/rn18/el2nbest/sl/ipc50 s46:   4%|▎         | 11/300 [07:25<3:14:49, 40.45s/ep][A

tin/rn18/el2nbest/sl/ipc50 s46:   4%|▍         | 12/300 [08:05<3:14:11, 40.46s/ep][A

tin/rn18/el2nbest/sl/ipc50 s46:   4%|▍         | 13/300 [08:45<3:13:28, 40.45s/ep][A

tin/rn18/el2nbest/sl/ipc50 s46:   5%|▍         | 14/300 [09:26<3:12:47, 40.45s/ep][A

tin/rn18/el2nbest/sl/ipc50 s46:   5%|▌         | 15/300 [10:06<3:12:09, 40.45s/ep][A

tin/rn18/el2nbest/sl/ipc50 s46:   5%|▌         | 16/300 [10:47<3:11:28, 40.45s/ep][A

tin/rn18/el2nbest/sl/ipc50 s46:   6%|▌         | 17/300 [11:27<3:10:48, 40.45s/ep][A

tin/rn18/el2nbest/sl/ipc50 s46:   6%|▌         | 18/300 [12:08<3:10:08, 40.45s/ep][A

tin/rn18/el2nbest/sl/ipc50 s46:   6%|▋         | 19/300 [12:48<3:09:30, 40.46s/ep][A

tin/rn18/el2nbest/sl/ipc50 s46:   7%|▋         | 20/300 [13:29<3:08:48, 40.46s/ep][A

tin/rn18/el2nbest/sl/ipc50 s46:   7%|▋         | 21/300 [14:09<3:08:06, 40.45s/ep][A

tin/rn18/el2nbest/sl/ipc50 s46:   7%|▋         | 22/300 [14:50<3:07:26, 40.45s/ep][A

tin/rn18/el2nbest/sl/ipc50 s46:   8%|▊         | 23/300 [15:30<3:06:46, 40.46s/ep][A

tin/rn18/el2nbest/sl/ipc50 s46:   8%|▊         | 24/300 [16:10<3:06:05, 40.46s/ep][A

tin/rn18/el2nbest/sl/ipc50 s46:   8%|▊         | 25/300 [16:51<3:05:22, 40.45s/ep][A

tin/rn18/el2nbest/sl/ipc50 s46:   9%|▊         | 26/300 [17:31<3:04:43, 40.45s/ep][A

tin/rn18/el2nbest/sl/ipc50 s46:   9%|▉         | 27/300 [18:12<3:04:02, 40.45s/ep][A

tin/rn18/el2nbest/sl/ipc50 s46:   9%|▉         | 28/300 [18:52<3:03:23, 40.45s/ep][A

tin/rn18/el2nbest/sl/ipc50 s46:  10%|▉         | 29/300 [19:33<3:02:42, 40.45s/ep][A

tin/rn18/el2nbest/sl/ipc50 s46:  10%|█         | 30/300 [20:13<3:02:02, 40.45s/ep][A

tin/rn18/el2nbest/sl/ipc50 s46:  10%|█         | 31/300 [20:54<3:01:22, 40.46s/ep][A

tin/rn18/el2nbest/sl/ipc50 s46:  11%|█         | 32/300 [21:34<3:00:42, 40.46s/ep][A

tin/rn18/el2nbest/sl/ipc50 s46:  11%|█         | 33/300 [22:15<3:00:01, 40.46s/ep][A

tin/rn18/el2nbest/sl/ipc50 s46:  11%|█▏        | 34/300 [22:55<2:59:21, 40.46s/ep][A

tin/rn18/el2nbest/sl/ipc50 s46:  12%|█▏        | 35/300 [23:35<2:58:40, 40.46s/ep][A

tin/rn18/el2nbest/sl/ipc50 s46:  12%|█▏        | 36/300 [24:16<2:57:59, 40.45s/ep][A

tin/rn18/el2nbest/sl/ipc50 s46:  12%|█▏        | 37/300 [24:56<2:57:19, 40.46s/ep][A

tin/rn18/el2nbest/sl/ipc50 s46:  13%|█▎        | 38/300 [25:37<2:56:39, 40.46s/ep][A

tin/rn18/el2nbest/sl/ipc50 s46:  13%|█▎        | 39/300 [26:17<2:55:58, 40.45s/ep][A

tin/rn18/el2nbest/sl/ipc50 s46:  13%|█▎        | 40/300 [26:58<2:55:16, 40.45s/ep][A

tin/rn18/el2nbest/sl/ipc50 s46:  14%|█▎        | 41/300 [27:38<2:54:36, 40.45s/ep][A

tin/rn18/el2nbest/sl/ipc50 s46:  14%|█▍        | 42/300 [28:19<2:53:55, 40.45s/ep][A

tin/rn18/el2nbest/sl/ipc50 s46:  14%|█▍        | 43/300 [28:59<2:53:16, 40.45s/ep][A

tin/rn18/el2nbest/sl/ipc50 s46:  15%|█▍        | 44/300 [29:39<2:52:36, 40.45s/ep][A

tin/rn18/el2nbest/sl/ipc50 s46:  15%|█▌        | 45/300 [30:20<2:51:55, 40.45s/ep][A

tin/rn18/el2nbest/sl/ipc50 s46:  15%|█▌        | 46/300 [31:00<2:51:14, 40.45s/ep][A

tin/rn18/el2nbest/sl/ipc50 s46:  16%|█▌        | 47/300 [31:41<2:50:34, 40.45s/ep][A

tin/rn18/el2nbest/sl/ipc50 s46:  16%|█▌        | 48/300 [32:21<2:49:56, 40.46s/ep][A

tin/rn18/el2nbest/sl/ipc50 s46:  16%|█▋        | 49/300 [33:02<2:49:15, 40.46s/ep][A

tin/rn18/el2nbest/sl/ipc50 s46:  17%|█▋        | 50/300 [33:42<2:48:34, 40.46s/ep][A

tin/rn18/el2nbest/sl/ipc50 s46:  17%|█▋        | 51/300 [34:23<2:47:53, 40.46s/ep][A

tin/rn18/el2nbest/sl/ipc50 s46:  17%|█▋        | 52/300 [35:03<2:47:12, 40.45s/ep][A

tin/rn18/el2nbest/sl/ipc50 s46:  18%|█▊        | 53/300 [35:44<2:46:30, 40.45s/ep][A

tin/rn18/el2nbest/sl/ipc50 s46:  18%|█▊        | 54/300 [36:24<2:45:49, 40.45s/ep][A

tin/rn18/el2nbest/sl/ipc50 s46:  18%|█▊        | 55/300 [37:04<2:45:08, 40.44s/ep][A

tin/rn18/el2nbest/sl/ipc50 s46:  19%|█▊        | 56/300 [37:45<2:44:30, 40.45s/ep][A

tin/rn18/el2nbest/sl/ipc50 s46:  19%|█▉        | 57/300 [38:25<2:43:50, 40.45s/ep][A

tin/rn18/el2nbest/sl/ipc50 s46:  19%|█▉        | 58/300 [39:06<2:43:10, 40.46s/ep][A

tin/rn18/el2nbest/sl/ipc50 s46:  20%|█▉        | 59/300 [39:46<2:42:30, 40.46s/ep][A

tin/rn18/el2nbest/sl/ipc50 s46:  20%|██        | 60/300 [40:27<2:41:50, 40.46s/ep][A

tin/rn18/el2nbest/sl/ipc50 s46:  20%|██        | 61/300 [41:07<2:41:08, 40.45s/ep][A

tin/rn18/el2nbest/sl/ipc50 s46:  21%|██        | 62/300 [41:48<2:40:26, 40.45s/ep][A

tin/rn18/el2nbest/sl/ipc50 s46:  21%|██        | 63/300 [42:28<2:39:46, 40.45s/ep][A

tin/rn18/el2nbest/sl/ipc50 s46:  21%|██▏       | 64/300 [43:09<2:39:05, 40.45s/ep][A

tin/rn18/el2nbest/sl/ipc50 s46:  22%|██▏       | 65/300 [43:49<2:38:27, 40.46s/ep][A

tin/rn18/el2nbest/sl/ipc50 s46:  22%|██▏       | 66/300 [44:29<2:37:46, 40.46s/ep][A

tin/rn18/el2nbest/sl/ipc50 s46:  22%|██▏       | 67/300 [45:10<2:37:05, 40.45s/ep][A

tin/rn18/el2nbest/sl/ipc50 s46:  23%|██▎       | 68/300 [45:50<2:36:24, 40.45s/ep][A

tin/rn18/el2nbest/sl/ipc50 s46:  23%|██▎       | 69/300 [46:31<2:35:44, 40.45s/ep][A

tin/rn18/el2nbest/sl/ipc50 s46:  23%|██▎       | 70/300 [47:11<2:35:03, 40.45s/ep][A

tin/rn18/el2nbest/sl/ipc50 s46:  24%|██▎       | 71/300 [47:52<2:34:22, 40.45s/ep][A

tin/rn18/el2nbest/sl/ipc50 s46:  24%|██▍       | 72/300 [48:32<2:33:42, 40.45s/ep][A

tin/rn18/el2nbest/sl/ipc50 s46:  24%|██▍       | 73/300 [49:13<2:33:02, 40.45s/ep][A

tin/rn18/el2nbest/sl/ipc50 s46:  25%|██▍       | 74/300 [49:53<2:32:22, 40.45s/ep][A

tin/rn18/el2nbest/sl/ipc50 s46:  25%|██▌       | 75/300 [50:34<2:31:42, 40.46s/ep][A

tin/rn18/el2nbest/sl/ipc50 s46:  25%|██▌       | 76/300 [51:14<2:31:02, 40.46s/ep][A

tin/rn18/el2nbest/sl/ipc50 s46:  26%|██▌       | 77/300 [51:54<2:30:23, 40.46s/ep][A

tin/rn18/el2nbest/sl/ipc50 s46:  26%|██▌       | 78/300 [52:35<2:29:40, 40.45s/ep][A

tin/rn18/el2nbest/sl/ipc50 s46:  26%|██▋       | 79/300 [53:15<2:28:59, 40.45s/ep][A

tin/rn18/el2nbest/sl/ipc50 s46:  27%|██▋       | 80/300 [53:56<2:28:19, 40.45s/ep][A

tin/rn18/el2nbest/sl/ipc50 s46:  27%|██▋       | 81/300 [54:36<2:27:40, 40.46s/ep][A

tin/rn18/el2nbest/sl/ipc50 s46:  27%|██▋       | 82/300 [55:17<2:26:58, 40.45s/ep][A

tin/rn18/el2nbest/sl/ipc50 s46:  28%|██▊       | 83/300 [55:57<2:26:18, 40.45s/ep][A

tin/rn18/el2nbest/sl/ipc50 s46:  28%|██▊       | 84/300 [56:38<2:25:36, 40.45s/ep][A

tin/rn18/el2nbest/sl/ipc50 s46:  28%|██▊       | 85/300 [57:18<2:24:56, 40.45s/ep][A

tin/rn18/el2nbest/sl/ipc50 s46:  29%|██▊       | 86/300 [57:59<2:24:15, 40.45s/ep][A

tin/rn18/el2nbest/sl/ipc50 s46:  29%|██▉       | 87/300 [58:39<2:23:35, 40.45s/ep][A

tin/rn18/el2nbest/sl/ipc50 s46:  29%|██▉       | 88/300 [59:19<2:22:55, 40.45s/ep][A

tin/rn18/el2nbest/sl/ipc50 s46:  30%|██▉       | 89/300 [1:00:00<2:22:15, 40.45s/ep][A

tin/rn18/el2nbest/sl/ipc50 s46:  30%|███       | 90/300 [1:00:40<2:21:33, 40.45s/ep][A

tin/rn18/el2nbest/sl/ipc50 s46:  30%|███       | 91/300 [1:01:21<2:20:54, 40.45s/ep][A

tin/rn18/el2nbest/sl/ipc50 s46:  31%|███       | 92/300 [1:02:01<2:20:13, 40.45s/ep][A

tin/rn18/el2nbest/sl/ipc50 s46:  31%|███       | 93/300 [1:02:42<2:19:33, 40.45s/ep][A

tin/rn18/el2nbest/sl/ipc50 s46:  31%|███▏      | 94/300 [1:03:22<2:18:52, 40.45s/ep][A

tin/rn18/el2nbest/sl/ipc50 s46:  32%|███▏      | 95/300 [1:04:03<2:18:12, 40.45s/ep][A

tin/rn18/el2nbest/sl/ipc50 s46:  32%|███▏      | 96/300 [1:04:43<2:17:32, 40.46s/ep][A

tin/rn18/el2nbest/sl/ipc50 s46:  32%|███▏      | 97/300 [1:05:23<2:16:52, 40.45s/ep][A

tin/rn18/el2nbest/sl/ipc50 s46:  33%|███▎      | 98/300 [1:06:04<2:16:11, 40.45s/ep][A

tin/rn18/el2nbest/sl/ipc50 s46:  33%|███▎      | 99/300 [1:06:44<2:15:31, 40.45s/ep][A

tin/rn18/el2nbest/sl/ipc50 s46:  33%|███▎      | 100/300 [1:07:25<2:14:51, 40.46s/ep][A

tin/rn18/el2nbest/sl/ipc50 s46:  34%|███▎      | 101/300 [1:08:05<2:14:11, 40.46s/ep][A

tin/rn18/el2nbest/sl/ipc50 s46:  34%|███▍      | 102/300 [1:08:46<2:13:31, 40.46s/ep][A

tin/rn18/el2nbest/sl/ipc50 s46:  34%|███▍      | 103/300 [1:09:26<2:12:49, 40.46s/ep][A

tin/rn18/el2nbest/sl/ipc50 s46:  35%|███▍      | 104/300 [1:10:07<2:12:09, 40.46s/ep][A

tin/rn18/el2nbest/sl/ipc50 s46:  35%|███▌      | 105/300 [1:10:47<2:11:27, 40.45s/ep][A

tin/rn18/el2nbest/sl/ipc50 s46:  35%|███▌      | 106/300 [1:11:28<2:10:47, 40.45s/ep][A

tin/rn18/el2nbest/sl/ipc50 s46:  36%|███▌      | 107/300 [1:12:08<2:10:07, 40.45s/ep][A

tin/rn18/el2nbest/sl/ipc50 s46:  36%|███▌      | 108/300 [1:12:48<2:09:28, 40.46s/ep][A

tin/rn18/el2nbest/sl/ipc50 s46:  36%|███▋      | 109/300 [1:13:29<2:08:47, 40.46s/ep][A

tin/rn18/el2nbest/sl/ipc50 s46:  37%|███▋      | 110/300 [1:14:09<2:08:06, 40.46s/ep][A

tin/rn18/el2nbest/sl/ipc50 s46:  37%|███▋      | 111/300 [1:14:50<2:07:25, 40.45s/ep][A

tin/rn18/el2nbest/sl/ipc50 s46:  37%|███▋      | 112/300 [1:15:30<2:06:44, 40.45s/ep][A

tin/rn18/el2nbest/sl/ipc50 s46:  38%|███▊      | 113/300 [1:16:11<2:06:03, 40.45s/ep][A

tin/rn18/el2nbest/sl/ipc50 s46:  38%|███▊      | 114/300 [1:16:51<2:05:23, 40.45s/ep][A

tin/rn18/el2nbest/sl/ipc50 s46:  38%|███▊      | 115/300 [1:17:32<2:04:43, 40.45s/ep][A

tin/rn18/el2nbest/sl/ipc50 s46:  39%|███▊      | 116/300 [1:18:12<2:04:03, 40.45s/ep][A

tin/rn18/el2nbest/sl/ipc50 s46:  39%|███▉      | 117/300 [1:18:53<2:03:22, 40.45s/ep][A

tin/rn18/el2nbest/sl/ipc50 s46:  39%|███▉      | 118/300 [1:19:33<2:02:42, 40.45s/ep][A

tin/rn18/el2nbest/sl/ipc50 s46:  40%|███▉      | 119/300 [1:20:13<2:02:01, 40.45s/ep][A

tin/rn18/el2nbest/sl/ipc50 s46:  40%|████      | 120/300 [1:20:54<2:01:20, 40.45s/ep][A

tin/rn18/el2nbest/sl/ipc50 s46:  40%|████      | 121/300 [1:21:34<2:00:40, 40.45s/ep][A

tin/rn18/el2nbest/sl/ipc50 s46:  41%|████      | 122/300 [1:22:15<1:59:59, 40.45s/ep][A

tin/rn18/el2nbest/sl/ipc50 s46:  41%|████      | 123/300 [1:22:55<1:59:19, 40.45s/ep][A

tin/rn18/el2nbest/sl/ipc50 s46:  41%|████▏     | 124/300 [1:23:36<1:58:39, 40.45s/ep][A

tin/rn18/el2nbest/sl/ipc50 s46:  42%|████▏     | 125/300 [1:24:16<1:57:59, 40.45s/ep][A

tin/rn18/el2nbest/sl/ipc50 s46:  42%|████▏     | 126/300 [1:24:57<1:57:18, 40.45s/ep][A

tin/rn18/el2nbest/sl/ipc50 s46:  42%|████▏     | 127/300 [1:25:37<1:56:38, 40.46s/ep][A

tin/rn18/el2nbest/sl/ipc50 s46:  43%|████▎     | 128/300 [1:26:17<1:55:57, 40.45s/ep][A

tin/rn18/el2nbest/sl/ipc50 s46:  43%|████▎     | 129/300 [1:26:58<1:55:17, 40.45s/ep][A

tin/rn18/el2nbest/sl/ipc50 s46:  43%|████▎     | 130/300 [1:27:38<1:54:37, 40.46s/ep][A

tin/rn18/el2nbest/sl/ipc50 s46:  44%|████▎     | 131/300 [1:28:19<1:53:57, 40.46s/ep][A

tin/rn18/el2nbest/sl/ipc50 s46:  44%|████▍     | 132/300 [1:28:59<1:53:16, 40.46s/ep][A

tin/rn18/el2nbest/sl/ipc50 s46:  44%|████▍     | 133/300 [1:29:40<1:52:35, 40.45s/ep][A

tin/rn18/el2nbest/sl/ipc50 s46:  45%|████▍     | 134/300 [1:30:20<1:51:54, 40.45s/ep][A

tin/rn18/el2nbest/sl/ipc50 s46:  45%|████▌     | 135/300 [1:31:01<1:51:14, 40.45s/ep][A

tin/rn18/el2nbest/sl/ipc50 s46:  45%|████▌     | 136/300 [1:31:41<1:50:33, 40.45s/ep][A

tin/rn18/el2nbest/sl/ipc50 s46:  46%|████▌     | 137/300 [1:32:22<1:49:52, 40.45s/ep][A

tin/rn18/el2nbest/sl/ipc50 s46:  46%|████▌     | 138/300 [1:33:02<1:49:11, 40.44s/ep][A

tin/rn18/el2nbest/sl/ipc50 s46:  46%|████▋     | 139/300 [1:33:42<1:48:31, 40.45s/ep][A

tin/rn18/el2nbest/sl/ipc50 s46:  47%|████▋     | 140/300 [1:34:23<1:47:52, 40.45s/ep][A

tin/rn18/el2nbest/sl/ipc50 s46:  47%|████▋     | 141/300 [1:35:03<1:47:10, 40.45s/ep][A

tin/rn18/el2nbest/sl/ipc50 s46:  47%|████▋     | 142/300 [1:35:44<1:46:30, 40.45s/ep][A

tin/rn18/el2nbest/sl/ipc50 s46:  48%|████▊     | 143/300 [1:36:24<1:45:50, 40.45s/ep][A

tin/rn18/el2nbest/sl/ipc50 s46:  48%|████▊     | 144/300 [1:37:05<1:45:10, 40.45s/ep][A

tin/rn18/el2nbest/sl/ipc50 s46:  48%|████▊     | 145/300 [1:37:45<1:44:30, 40.45s/ep][A

tin/rn18/el2nbest/sl/ipc50 s46:  49%|████▊     | 146/300 [1:38:26<1:43:48, 40.45s/ep][A

tin/rn18/el2nbest/sl/ipc50 s46:  49%|████▉     | 147/300 [1:39:06<1:43:08, 40.45s/ep][A

tin/rn18/el2nbest/sl/ipc50 s46:  49%|████▉     | 148/300 [1:39:47<1:42:29, 40.45s/ep][A

tin/rn18/el2nbest/sl/ipc50 s46:  50%|████▉     | 149/300 [1:40:27<1:41:48, 40.45s/ep][A

tin/rn18/el2nbest/sl/ipc50 s46:  50%|█████     | 150/300 [1:41:07<1:41:07, 40.45s/ep][A

tin/rn18/el2nbest/sl/ipc50 s46:  50%|█████     | 151/300 [1:41:48<1:40:27, 40.45s/ep][A

tin/rn18/el2nbest/sl/ipc50 s46:  51%|█████     | 152/300 [1:42:28<1:39:47, 40.45s/ep][A

tin/rn18/el2nbest/sl/ipc50 s46:  51%|█████     | 153/300 [1:43:09<1:39:07, 40.46s/ep][A

tin/rn18/el2nbest/sl/ipc50 s46:  51%|█████▏    | 154/300 [1:43:49<1:38:25, 40.45s/ep][A

tin/rn18/el2nbest/sl/ipc50 s46:  52%|█████▏    | 155/300 [1:44:30<1:37:45, 40.45s/ep][A

tin/rn18/el2nbest/sl/ipc50 s46:  52%|█████▏    | 156/300 [1:45:10<1:37:04, 40.45s/ep][A

tin/rn18/el2nbest/sl/ipc50 s46:  52%|█████▏    | 157/300 [1:45:51<1:36:23, 40.45s/ep][A

tin/rn18/el2nbest/sl/ipc50 s46:  53%|█████▎    | 158/300 [1:46:31<1:35:43, 40.45s/ep][A

tin/rn18/el2nbest/sl/ipc50 s46:  53%|█████▎    | 159/300 [1:47:11<1:35:03, 40.45s/ep][A

tin/rn18/el2nbest/sl/ipc50 s46:  53%|█████▎    | 160/300 [1:47:52<1:34:23, 40.45s/ep][A

tin/rn18/el2nbest/sl/ipc50 s46:  54%|█████▎    | 161/300 [1:48:32<1:33:42, 40.45s/ep][A

tin/rn18/el2nbest/sl/ipc50 s46:  54%|█████▍    | 162/300 [1:49:13<1:33:02, 40.45s/ep][A

tin/rn18/el2nbest/sl/ipc50 s46:  54%|█████▍    | 163/300 [1:49:53<1:32:22, 40.46s/ep][A

tin/rn18/el2nbest/sl/ipc50 s46:  55%|█████▍    | 164/300 [1:50:34<1:31:42, 40.46s/ep][A

tin/rn18/el2nbest/sl/ipc50 s46:  55%|█████▌    | 165/300 [1:51:14<1:31:01, 40.45s/ep][A

tin/rn18/el2nbest/sl/ipc50 s46:  55%|█████▌    | 166/300 [1:51:55<1:30:22, 40.47s/ep][A

tin/rn18/el2nbest/sl/ipc50 s46:  56%|█████▌    | 167/300 [1:52:35<1:29:41, 40.46s/ep][A

tin/rn18/el2nbest/sl/ipc50 s46:  56%|█████▌    | 168/300 [1:53:16<1:29:00, 40.45s/ep][A

tin/rn18/el2nbest/sl/ipc50 s46:  56%|█████▋    | 169/300 [1:53:56<1:28:19, 40.45s/ep][A

tin/rn18/el2nbest/sl/ipc50 s46:  57%|█████▋    | 170/300 [1:54:36<1:27:38, 40.45s/ep][A

tin/rn18/el2nbest/sl/ipc50 s46:  57%|█████▋    | 171/300 [1:55:17<1:26:57, 40.45s/ep][A

tin/rn18/el2nbest/sl/ipc50 s46:  57%|█████▋    | 172/300 [1:55:57<1:26:17, 40.45s/ep][A

tin/rn18/el2nbest/sl/ipc50 s46:  58%|█████▊    | 173/300 [1:56:38<1:25:37, 40.45s/ep][A

tin/rn18/el2nbest/sl/ipc50 s46:  58%|█████▊    | 174/300 [1:57:18<1:24:57, 40.45s/ep][A

tin/rn18/el2nbest/sl/ipc50 s46:  58%|█████▊    | 175/300 [1:57:59<1:24:15, 40.45s/ep][A

tin/rn18/el2nbest/sl/ipc50 s46:  59%|█████▊    | 176/300 [1:58:39<1:23:36, 40.45s/ep][A

tin/rn18/el2nbest/sl/ipc50 s46:  59%|█████▉    | 177/300 [1:59:20<1:22:55, 40.45s/ep][A

tin/rn18/el2nbest/sl/ipc50 s46:  59%|█████▉    | 178/300 [2:00:00<1:22:15, 40.45s/ep][A

tin/rn18/el2nbest/sl/ipc50 s46:  60%|█████▉    | 179/300 [2:00:41<1:21:35, 40.46s/ep][A

tin/rn18/el2nbest/sl/ipc50 s46:  60%|██████    | 180/300 [2:01:21<1:20:53, 40.45s/ep][A

tin/rn18/el2nbest/sl/ipc50 s46:  60%|██████    | 181/300 [2:02:01<1:20:13, 40.45s/ep][A

tin/rn18/el2nbest/sl/ipc50 s46:  61%|██████    | 182/300 [2:02:42<1:19:33, 40.45s/ep][A

tin/rn18/el2nbest/sl/ipc50 s46:  61%|██████    | 183/300 [2:03:22<1:18:53, 40.46s/ep][A

tin/rn18/el2nbest/sl/ipc50 s46:  61%|██████▏   | 184/300 [2:04:03<1:18:12, 40.45s/ep][A

tin/rn18/el2nbest/sl/ipc50 s46:  62%|██████▏   | 185/300 [2:04:43<1:17:31, 40.45s/ep][A

tin/rn18/el2nbest/sl/ipc50 s46:  62%|██████▏   | 186/300 [2:05:24<1:16:52, 40.46s/ep][A

tin/rn18/el2nbest/sl/ipc50 s46:  62%|██████▏   | 187/300 [2:06:04<1:16:11, 40.46s/ep][A

tin/rn18/el2nbest/sl/ipc50 s46:  63%|██████▎   | 188/300 [2:06:45<1:15:31, 40.46s/ep][A

tin/rn18/el2nbest/sl/ipc50 s46:  63%|██████▎   | 189/300 [2:07:25<1:14:50, 40.45s/ep][A

tin/rn18/el2nbest/sl/ipc50 s46:  63%|██████▎   | 190/300 [2:08:06<1:14:10, 40.46s/ep][A

tin/rn18/el2nbest/sl/ipc50 s46:  64%|██████▎   | 191/300 [2:08:46<1:13:30, 40.46s/ep][A

tin/rn18/el2nbest/sl/ipc50 s46:  64%|██████▍   | 192/300 [2:09:26<1:12:49, 40.46s/ep][A

tin/rn18/el2nbest/sl/ipc50 s46:  64%|██████▍   | 193/300 [2:10:07<1:12:08, 40.45s/ep][A

tin/rn18/el2nbest/sl/ipc50 s46:  65%|██████▍   | 194/300 [2:10:47<1:11:27, 40.45s/ep][A

tin/rn18/el2nbest/sl/ipc50 s46:  65%|██████▌   | 195/300 [2:11:28<1:10:47, 40.45s/ep][A

tin/rn18/el2nbest/sl/ipc50 s46:  65%|██████▌   | 196/300 [2:12:08<1:10:06, 40.45s/ep][A

tin/rn18/el2nbest/sl/ipc50 s46:  66%|██████▌   | 197/300 [2:12:49<1:09:26, 40.45s/ep][A

tin/rn18/el2nbest/sl/ipc50 s46:  66%|██████▌   | 198/300 [2:13:29<1:08:45, 40.45s/ep][A

tin/rn18/el2nbest/sl/ipc50 s46:  66%|██████▋   | 199/300 [2:14:10<1:08:05, 40.45s/ep][A

tin/rn18/el2nbest/sl/ipc50 s46:  67%|██████▋   | 200/300 [2:14:50<1:07:24, 40.45s/ep][A

tin/rn18/el2nbest/sl/ipc50 s46:  67%|██████▋   | 201/300 [2:15:30<1:06:44, 40.45s/ep][A

tin/rn18/el2nbest/sl/ipc50 s46:  67%|██████▋   | 202/300 [2:16:11<1:06:04, 40.45s/ep][A

tin/rn18/el2nbest/sl/ipc50 s46:  68%|██████▊   | 203/300 [2:16:51<1:05:23, 40.45s/ep][A

tin/rn18/el2nbest/sl/ipc50 s46:  68%|██████▊   | 204/300 [2:17:32<1:04:42, 40.45s/ep][A

tin/rn18/el2nbest/sl/ipc50 s46:  68%|██████▊   | 205/300 [2:18:12<1:04:02, 40.44s/ep][A

tin/rn18/el2nbest/sl/ipc50 s46:  69%|██████▊   | 206/300 [2:18:53<1:03:22, 40.45s/ep][A

tin/rn18/el2nbest/sl/ipc50 s46:  69%|██████▉   | 207/300 [2:19:33<1:02:41, 40.45s/ep][A

tin/rn18/el2nbest/sl/ipc50 s46:  69%|██████▉   | 208/300 [2:20:14<1:02:00, 40.44s/ep][A

tin/rn18/el2nbest/sl/ipc50 s46:  70%|██████▉   | 209/300 [2:20:54<1:01:20, 40.45s/ep][A

tin/rn18/el2nbest/sl/ipc50 s46:  70%|███████   | 210/300 [2:21:35<1:00:40, 40.45s/ep][A

tin/rn18/el2nbest/sl/ipc50 s46:  70%|███████   | 211/300 [2:22:15<59:59, 40.44s/ep]  [A

tin/rn18/el2nbest/sl/ipc50 s46:  71%|███████   | 212/300 [2:22:55<59:19, 40.44s/ep][A

tin/rn18/el2nbest/sl/ipc50 s46:  71%|███████   | 213/300 [2:23:36<58:38, 40.45s/ep][A

tin/rn18/el2nbest/sl/ipc50 s46:  71%|███████▏  | 214/300 [2:24:16<57:58, 40.45s/ep][A

tin/rn18/el2nbest/sl/ipc50 s46:  72%|███████▏  | 215/300 [2:24:57<57:17, 40.44s/ep][A

tin/rn18/el2nbest/sl/ipc50 s46:  72%|███████▏  | 216/300 [2:25:37<56:37, 40.44s/ep][A

tin/rn18/el2nbest/sl/ipc50 s46:  72%|███████▏  | 217/300 [2:26:18<55:57, 40.45s/ep][A

tin/rn18/el2nbest/sl/ipc50 s46:  73%|███████▎  | 218/300 [2:26:58<55:17, 40.46s/ep][A

tin/rn18/el2nbest/sl/ipc50 s46:  73%|███████▎  | 219/300 [2:27:39<54:36, 40.45s/ep][A

tin/rn18/el2nbest/sl/ipc50 s46:  73%|███████▎  | 220/300 [2:28:19<53:56, 40.45s/ep][A

tin/rn18/el2nbest/sl/ipc50 s46:  74%|███████▎  | 221/300 [2:28:59<53:15, 40.45s/ep][A

tin/rn18/el2nbest/sl/ipc50 s46:  74%|███████▍  | 222/300 [2:29:40<52:35, 40.45s/ep][A

tin/rn18/el2nbest/sl/ipc50 s46:  74%|███████▍  | 223/300 [2:30:20<51:54, 40.45s/ep][A

tin/rn18/el2nbest/sl/ipc50 s46:  75%|███████▍  | 224/300 [2:31:01<51:14, 40.46s/ep][A

tin/rn18/el2nbest/sl/ipc50 s46:  75%|███████▌  | 225/300 [2:31:41<50:34, 40.46s/ep][A

tin/rn18/el2nbest/sl/ipc50 s46:  75%|███████▌  | 226/300 [2:32:22<49:54, 40.46s/ep][A

tin/rn18/el2nbest/sl/ipc50 s46:  76%|███████▌  | 227/300 [2:33:02<49:13, 40.46s/ep][A

tin/rn18/el2nbest/sl/ipc50 s46:  76%|███████▌  | 228/300 [2:33:43<48:32, 40.46s/ep][A

tin/rn18/el2nbest/sl/ipc50 s46:  76%|███████▋  | 229/300 [2:34:23<47:52, 40.45s/ep][A

tin/rn18/el2nbest/sl/ipc50 s46:  77%|███████▋  | 230/300 [2:35:04<47:11, 40.45s/ep][A

tin/rn18/el2nbest/sl/ipc50 s46:  77%|███████▋  | 231/300 [2:35:44<46:31, 40.45s/ep][A

tin/rn18/el2nbest/sl/ipc50 s46:  77%|███████▋  | 232/300 [2:36:24<45:51, 40.46s/ep][A

tin/rn18/el2nbest/sl/ipc50 s46:  78%|███████▊  | 233/300 [2:37:05<45:10, 40.46s/ep][A

tin/rn18/el2nbest/sl/ipc50 s46:  78%|███████▊  | 234/300 [2:37:45<44:30, 40.46s/ep][A

tin/rn18/el2nbest/sl/ipc50 s46:  78%|███████▊  | 235/300 [2:38:26<43:49, 40.45s/ep][A

tin/rn18/el2nbest/sl/ipc50 s46:  79%|███████▊  | 236/300 [2:39:06<43:09, 40.46s/ep][A

tin/rn18/el2nbest/sl/ipc50 s46:  79%|███████▉  | 237/300 [2:39:47<42:28, 40.46s/ep][A

tin/rn18/el2nbest/sl/ipc50 s46:  79%|███████▉  | 238/300 [2:40:27<41:48, 40.46s/ep][A

tin/rn18/el2nbest/sl/ipc50 s46:  80%|███████▉  | 239/300 [2:41:08<41:08, 40.46s/ep][A

tin/rn18/el2nbest/sl/ipc50 s46:  80%|████████  | 240/300 [2:41:48<40:27, 40.46s/ep][A

tin/rn18/el2nbest/sl/ipc50 s46:  80%|████████  | 241/300 [2:42:29<39:46, 40.45s/ep][A

tin/rn18/el2nbest/sl/ipc50 s46:  81%|████████  | 242/300 [2:43:09<39:05, 40.45s/ep][A

tin/rn18/el2nbest/sl/ipc50 s46:  81%|████████  | 243/300 [2:43:49<38:25, 40.45s/ep][A

tin/rn18/el2nbest/sl/ipc50 s46:  81%|████████▏ | 244/300 [2:44:30<37:45, 40.45s/ep][A

tin/rn18/el2nbest/sl/ipc50 s46:  82%|████████▏ | 245/300 [2:45:10<37:05, 40.46s/ep][A

tin/rn18/el2nbest/sl/ipc50 s46:  82%|████████▏ | 246/300 [2:45:51<36:24, 40.45s/ep][A

tin/rn18/el2nbest/sl/ipc50 s46:  82%|████████▏ | 247/300 [2:46:31<35:43, 40.45s/ep][A

tin/rn18/el2nbest/sl/ipc50 s46:  83%|████████▎ | 248/300 [2:47:12<35:03, 40.45s/ep][A

tin/rn18/el2nbest/sl/ipc50 s46:  83%|████████▎ | 249/300 [2:47:52<34:23, 40.45s/ep][A

tin/rn18/el2nbest/sl/ipc50 s46:  83%|████████▎ | 250/300 [2:48:33<33:42, 40.45s/ep][A

tin/rn18/el2nbest/sl/ipc50 s46:  84%|████████▎ | 251/300 [2:49:13<33:02, 40.45s/ep][A

tin/rn18/el2nbest/sl/ipc50 s46:  84%|████████▍ | 252/300 [2:49:54<32:21, 40.45s/ep][A

tin/rn18/el2nbest/sl/ipc50 s46:  84%|████████▍ | 253/300 [2:50:34<31:41, 40.45s/ep][A

tin/rn18/el2nbest/sl/ipc50 s46:  85%|████████▍ | 254/300 [2:51:14<31:00, 40.45s/ep][A

tin/rn18/el2nbest/sl/ipc50 s46:  85%|████████▌ | 255/300 [2:51:55<30:20, 40.45s/ep][A

tin/rn18/el2nbest/sl/ipc50 s46:  85%|████████▌ | 256/300 [2:52:35<29:39, 40.45s/ep][A

tin/rn18/el2nbest/sl/ipc50 s46:  86%|████████▌ | 257/300 [2:53:16<28:59, 40.46s/ep][A

tin/rn18/el2nbest/sl/ipc50 s46:  86%|████████▌ | 258/300 [2:53:56<28:19, 40.46s/ep][A

tin/rn18/el2nbest/sl/ipc50 s46:  86%|████████▋ | 259/300 [2:54:37<27:38, 40.46s/ep][A

tin/rn18/el2nbest/sl/ipc50 s46:  87%|████████▋ | 260/300 [2:55:17<26:58, 40.45s/ep][A

tin/rn18/el2nbest/sl/ipc50 s46:  87%|████████▋ | 261/300 [2:55:58<26:17, 40.46s/ep][A

tin/rn18/el2nbest/sl/ipc50 s46:  87%|████████▋ | 262/300 [2:56:38<25:37, 40.45s/ep][A

tin/rn18/el2nbest/sl/ipc50 s46:  88%|████████▊ | 263/300 [2:57:18<24:56, 40.44s/ep][A

tin/rn18/el2nbest/sl/ipc50 s46:  88%|████████▊ | 264/300 [2:57:59<24:16, 40.45s/ep][A

tin/rn18/el2nbest/sl/ipc50 s46:  88%|████████▊ | 265/300 [2:58:39<23:35, 40.44s/ep][A

tin/rn18/el2nbest/sl/ipc50 s46:  89%|████████▊ | 266/300 [2:59:20<22:55, 40.45s/ep][A

tin/rn18/el2nbest/sl/ipc50 s46:  89%|████████▉ | 267/300 [3:00:00<22:14, 40.44s/ep][A

tin/rn18/el2nbest/sl/ipc50 s46:  89%|████████▉ | 268/300 [3:00:41<21:34, 40.44s/ep][A

tin/rn18/el2nbest/sl/ipc50 s46:  90%|████████▉ | 269/300 [3:01:21<20:53, 40.45s/ep][A

tin/rn18/el2nbest/sl/ipc50 s46:  90%|█████████ | 270/300 [3:02:02<20:13, 40.45s/ep][A

tin/rn18/el2nbest/sl/ipc50 s46:  90%|█████████ | 271/300 [3:02:42<19:33, 40.45s/ep][A

tin/rn18/el2nbest/sl/ipc50 s46:  91%|█████████ | 272/300 [3:03:23<18:52, 40.45s/ep][A

tin/rn18/el2nbest/sl/ipc50 s46:  91%|█████████ | 273/300 [3:04:03<18:12, 40.45s/ep][A

tin/rn18/el2nbest/sl/ipc50 s46:  91%|█████████▏| 274/300 [3:04:43<17:31, 40.44s/ep][A

tin/rn18/el2nbest/sl/ipc50 s46:  92%|█████████▏| 275/300 [3:05:24<16:51, 40.45s/ep][A

tin/rn18/el2nbest/sl/ipc50 s46:  92%|█████████▏| 276/300 [3:06:04<16:10, 40.45s/ep][A

tin/rn18/el2nbest/sl/ipc50 s46:  92%|█████████▏| 277/300 [3:06:45<15:30, 40.45s/ep][A

tin/rn18/el2nbest/sl/ipc50 s46:  93%|█████████▎| 278/300 [3:07:25<14:49, 40.45s/ep][A

tin/rn18/el2nbest/sl/ipc50 s46:  93%|█████████▎| 279/300 [3:08:06<14:09, 40.45s/ep][A

tin/rn18/el2nbest/sl/ipc50 s46:  93%|█████████▎| 280/300 [3:08:46<13:29, 40.45s/ep][A

tin/rn18/el2nbest/sl/ipc50 s46:  94%|█████████▎| 281/300 [3:09:27<12:48, 40.45s/ep][A

tin/rn18/el2nbest/sl/ipc50 s46:  94%|█████████▍| 282/300 [3:10:07<12:08, 40.45s/ep][A

tin/rn18/el2nbest/sl/ipc50 s46:  94%|█████████▍| 283/300 [3:10:47<11:27, 40.45s/ep][A

tin/rn18/el2nbest/sl/ipc50 s46:  95%|█████████▍| 284/300 [3:11:28<10:47, 40.45s/ep][A

tin/rn18/el2nbest/sl/ipc50 s46:  95%|█████████▌| 285/300 [3:12:08<10:06, 40.45s/ep][A

tin/rn18/el2nbest/sl/ipc50 s46:  95%|█████████▌| 286/300 [3:12:49<09:26, 40.45s/ep][A

tin/rn18/el2nbest/sl/ipc50 s46:  96%|█████████▌| 287/300 [3:13:29<08:45, 40.45s/ep][A

tin/rn18/el2nbest/sl/ipc50 s46:  96%|█████████▌| 288/300 [3:14:10<08:05, 40.45s/ep][A

tin/rn18/el2nbest/sl/ipc50 s46:  96%|█████████▋| 289/300 [3:14:50<07:25, 40.46s/ep][A

tin/rn18/el2nbest/sl/ipc50 s46:  97%|█████████▋| 290/300 [3:15:31<06:44, 40.46s/ep][A

tin/rn18/el2nbest/sl/ipc50 s46:  97%|█████████▋| 291/300 [3:16:11<06:04, 40.46s/ep][A

tin/rn18/el2nbest/sl/ipc50 s46:  97%|█████████▋| 292/300 [3:16:52<05:23, 40.46s/ep][A

tin/rn18/el2nbest/sl/ipc50 s46:  98%|█████████▊| 293/300 [3:17:32<04:43, 40.46s/ep][A

tin/rn18/el2nbest/sl/ipc50 s46:  98%|█████████▊| 294/300 [3:18:12<04:02, 40.45s/ep][A

tin/rn18/el2nbest/sl/ipc50 s46:  98%|█████████▊| 295/300 [3:18:53<03:22, 40.45s/ep][A

tin/rn18/el2nbest/sl/ipc50 s46:  99%|█████████▊| 296/300 [3:19:33<02:41, 40.45s/ep][A

tin/rn18/el2nbest/sl/ipc50 s46:  99%|█████████▉| 297/300 [3:20:14<02:01, 40.45s/ep][A

tin/rn18/el2nbest/sl/ipc50 s46:  99%|█████████▉| 298/300 [3:20:54<01:20, 40.44s/ep][A

tin/rn18/el2nbest/sl/ipc50 s46: 100%|█████████▉| 299/300 [3:21:35<00:40, 40.44s/ep][A

tin/rn18/el2nbest/sl/ipc50 s46: 100%|██████████| 300/300 [3:22:15<00:00, 40.44s/ep][A

                                                                                   [A[cell] tin/rn18/el2nbest/sl/ipc50 seed46: 35.85%  (12148s)

rn18-tin:  41%|████      | 11/27 [59:31:23<232:06:12, 52223.30s/cell, el2nbest/sl/ipc50]
rn18-tin:  41%|████      | 11/27 [59:31:23<232:06:12, 52223.30s/cell, cadprune/sl/ipc50][cell] tin/rn18/el2nbest/sl/ipc50: 35.73 +- 0.12 (window 70%)


tin/rn18/cadprune/sl/ipc50 s45:   0%|          | 0/300 [00:00<?, ?ep/s][A

tin/rn18/cadprune/sl/ipc50 s45:   0%|          | 1/300 [00:40<3:21:47, 40.49s/ep][A

tin/rn18/cadprune/sl/ipc50 s45:   1%|          | 2/300 [01:20<3:20:59, 40.47s/ep][A

tin/rn18/cadprune/sl/ipc50 s45:   1%|          | 3/300 [02:01<3:20:18, 40.47s/ep][A

tin/rn18/cadprune/sl/ipc50 s45:   1%|▏         | 4/300 [02:41<3:19:34, 40.45s/ep][A

tin/rn18/cadprune/sl/ipc50 s45:   2%|▏         | 5/300 [03:22<3:18:54, 40.46s/ep][A

tin/rn18/cadprune/sl/ipc50 s45:   2%|▏         | 6/300 [04:02<3:18:11, 40.45s/ep][A

tin/rn18/cadprune/sl/ipc50 s45:   2%|▏         | 7/300 [04:43<3:17:30, 40.45s/ep][A

tin/rn18/cadprune/sl/ipc50 s45:   3%|▎         | 8/300 [05:23<3:16:49, 40.44s/ep][A

tin/rn18/cadprune/sl/ipc50 s45:   3%|▎         | 9/300 [06:04<3:16:11, 40.45s/ep][A

tin/rn18/cadprune/sl/ipc50 s45:   3%|▎         | 10/300 [06:44<3:15:33, 40.46s/ep][A

tin/rn18/cadprune/sl/ipc50 s45:   4%|▎         | 11/300 [07:25<3:14:52, 40.46s/ep][A

tin/rn18/cadprune/sl/ipc50 s45:   4%|▍         | 12/300 [08:05<3:14:12, 40.46s/ep][A

tin/rn18/cadprune/sl/ipc50 s45:   4%|▍         | 13/300 [08:45<3:13:27, 40.44s/ep][A

tin/rn18/cadprune/sl/ipc50 s45:   5%|▍         | 14/300 [09:26<3:12:47, 40.45s/ep][A

tin/rn18/cadprune/sl/ipc50 s45:   5%|▌         | 15/300 [10:06<3:12:09, 40.45s/ep][A

tin/rn18/cadprune/sl/ipc50 s45:   5%|▌         | 16/300 [10:47<3:11:27, 40.45s/ep][A

tin/rn18/cadprune/sl/ipc50 s45:   6%|▌         | 17/300 [11:27<3:10:48, 40.45s/ep][A

tin/rn18/cadprune/sl/ipc50 s45:   6%|▌         | 18/300 [12:08<3:10:10, 40.46s/ep][A

tin/rn18/cadprune/sl/ipc50 s45:   6%|▋         | 19/300 [12:48<3:09:28, 40.46s/ep][A

tin/rn18/cadprune/sl/ipc50 s45:   7%|▋         | 20/300 [13:29<3:08:49, 40.46s/ep][A

tin/rn18/cadprune/sl/ipc50 s45:   7%|▋         | 21/300 [14:09<3:08:08, 40.46s/ep][A

tin/rn18/cadprune/sl/ipc50 s45:   7%|▋         | 22/300 [14:50<3:07:28, 40.46s/ep][A

tin/rn18/cadprune/sl/ipc50 s45:   8%|▊         | 23/300 [15:30<3:06:47, 40.46s/ep][A

tin/rn18/cadprune/sl/ipc50 s45:   8%|▊         | 24/300 [16:10<3:06:07, 40.46s/ep][A

tin/rn18/cadprune/sl/ipc50 s45:   8%|▊         | 25/300 [16:51<3:05:25, 40.46s/ep][A

tin/rn18/cadprune/sl/ipc50 s45:   9%|▊         | 26/300 [17:31<3:04:45, 40.46s/ep][A

tin/rn18/cadprune/sl/ipc50 s45:   9%|▉         | 27/300 [18:12<3:04:05, 40.46s/ep][A

tin/rn18/cadprune/sl/ipc50 s45:   9%|▉         | 28/300 [18:52<3:03:24, 40.46s/ep][A

tin/rn18/cadprune/sl/ipc50 s45:  10%|▉         | 29/300 [19:33<3:02:44, 40.46s/ep][A

tin/rn18/cadprune/sl/ipc50 s45:  10%|█         | 30/300 [20:13<3:02:02, 40.45s/ep][A

tin/rn18/cadprune/sl/ipc50 s45:  10%|█         | 31/300 [20:54<3:01:23, 40.46s/ep][A

tin/rn18/cadprune/sl/ipc50 s45:  11%|█         | 32/300 [21:34<3:00:41, 40.45s/ep][A

tin/rn18/cadprune/sl/ipc50 s45:  11%|█         | 33/300 [22:15<2:59:58, 40.44s/ep][A

tin/rn18/cadprune/sl/ipc50 s45:  11%|█▏        | 34/300 [22:55<2:59:21, 40.46s/ep][A

tin/rn18/cadprune/sl/ipc50 s45:  12%|█▏        | 35/300 [23:35<2:58:40, 40.45s/ep][A

tin/rn18/cadprune/sl/ipc50 s45:  12%|█▏        | 36/300 [24:16<2:57:58, 40.45s/ep][A

tin/rn18/cadprune/sl/ipc50 s45:  12%|█▏        | 37/300 [24:56<2:57:18, 40.45s/ep][A

tin/rn18/cadprune/sl/ipc50 s45:  13%|█▎        | 38/300 [25:37<2:56:39, 40.45s/ep][A

tin/rn18/cadprune/sl/ipc50 s45:  13%|█▎        | 39/300 [26:17<2:55:59, 40.46s/ep][A

tin/rn18/cadprune/sl/ipc50 s45:  13%|█▎        | 40/300 [26:58<2:55:18, 40.46s/ep][A

tin/rn18/cadprune/sl/ipc50 s45:  14%|█▎        | 41/300 [27:38<2:54:39, 40.46s/ep][A

tin/rn18/cadprune/sl/ipc50 s45:  14%|█▍        | 42/300 [28:19<2:53:57, 40.46s/ep][A

tin/rn18/cadprune/sl/ipc50 s45:  14%|█▍        | 43/300 [28:59<2:53:17, 40.46s/ep][A

tin/rn18/cadprune/sl/ipc50 s45:  15%|█▍        | 44/300 [29:40<2:52:36, 40.46s/ep][A

tin/rn18/cadprune/sl/ipc50 s45:  15%|█▌        | 45/300 [30:20<2:51:55, 40.45s/ep][A

tin/rn18/cadprune/sl/ipc50 s45:  15%|█▌        | 46/300 [31:00<2:51:16, 40.46s/ep][A

tin/rn18/cadprune/sl/ipc50 s45:  16%|█▌        | 47/300 [31:41<2:50:34, 40.45s/ep][A

tin/rn18/cadprune/sl/ipc50 s45:  16%|█▌        | 48/300 [32:21<2:49:56, 40.46s/ep][A

tin/rn18/cadprune/sl/ipc50 s45:  16%|█▋        | 49/300 [33:02<2:49:15, 40.46s/ep][A

tin/rn18/cadprune/sl/ipc50 s45:  17%|█▋        | 50/300 [33:42<2:48:35, 40.46s/ep][A

tin/rn18/cadprune/sl/ipc50 s45:  17%|█▋        | 51/300 [34:23<2:47:55, 40.47s/ep][A

tin/rn18/cadprune/sl/ipc50 s45:  17%|█▋        | 52/300 [35:03<2:47:12, 40.45s/ep][A

tin/rn18/cadprune/sl/ipc50 s45:  18%|█▊        | 53/300 [35:44<2:46:32, 40.46s/ep][A

tin/rn18/cadprune/sl/ipc50 s45:  18%|█▊        | 54/300 [36:24<2:45:52, 40.46s/ep][A

tin/rn18/cadprune/sl/ipc50 s45:  18%|█▊        | 55/300 [37:05<2:45:10, 40.45s/ep][A

tin/rn18/cadprune/sl/ipc50 s45:  19%|█▊        | 56/300 [37:45<2:44:31, 40.46s/ep][A

tin/rn18/cadprune/sl/ipc50 s45:  19%|█▉        | 57/300 [38:25<2:43:51, 40.46s/ep][A

tin/rn18/cadprune/sl/ipc50 s45:  19%|█▉        | 58/300 [39:06<2:43:10, 40.46s/ep][A

tin/rn18/cadprune/sl/ipc50 s45:  20%|█▉        | 59/300 [39:46<2:42:29, 40.46s/ep][A

tin/rn18/cadprune/sl/ipc50 s45:  20%|██        | 60/300 [40:27<2:41:47, 40.45s/ep][A

tin/rn18/cadprune/sl/ipc50 s45:  20%|██        | 61/300 [41:07<2:41:08, 40.45s/ep][A

tin/rn18/cadprune/sl/ipc50 s45:  21%|██        | 62/300 [41:48<2:40:28, 40.46s/ep][A

tin/rn18/cadprune/sl/ipc50 s45:  21%|██        | 63/300 [42:28<2:39:48, 40.46s/ep][A

tin/rn18/cadprune/sl/ipc50 s45:  21%|██▏       | 64/300 [43:09<2:39:07, 40.46s/ep][A

tin/rn18/cadprune/sl/ipc50 s45:  22%|██▏       | 65/300 [43:49<2:38:26, 40.46s/ep][A

tin/rn18/cadprune/sl/ipc50 s45:  22%|██▏       | 66/300 [44:30<2:37:48, 40.46s/ep][A

tin/rn18/cadprune/sl/ipc50 s45:  22%|██▏       | 67/300 [45:10<2:37:05, 40.45s/ep][A

tin/rn18/cadprune/sl/ipc50 s45:  23%|██▎       | 68/300 [45:51<2:36:27, 40.46s/ep][A

tin/rn18/cadprune/sl/ipc50 s45:  23%|██▎       | 69/300 [46:31<2:35:46, 40.46s/ep][A

tin/rn18/cadprune/sl/ipc50 s45:  23%|██▎       | 70/300 [47:11<2:35:05, 40.46s/ep][A

tin/rn18/cadprune/sl/ipc50 s45:  24%|██▎       | 71/300 [47:52<2:34:24, 40.46s/ep][A

tin/rn18/cadprune/sl/ipc50 s45:  24%|██▍       | 72/300 [48:32<2:33:45, 40.46s/ep][A

tin/rn18/cadprune/sl/ipc50 s45:  24%|██▍       | 73/300 [49:13<2:33:05, 40.46s/ep][A

tin/rn18/cadprune/sl/ipc50 s45:  25%|██▍       | 74/300 [49:53<2:32:25, 40.47s/ep][A

tin/rn18/cadprune/sl/ipc50 s45:  25%|██▌       | 75/300 [50:34<2:31:44, 40.46s/ep][A

tin/rn18/cadprune/sl/ipc50 s45:  25%|██▌       | 76/300 [51:14<2:31:00, 40.45s/ep][A

tin/rn18/cadprune/sl/ipc50 s45:  26%|██▌       | 77/300 [51:55<2:30:19, 40.45s/ep][A

tin/rn18/cadprune/sl/ipc50 s45:  26%|██▌       | 78/300 [52:35<2:29:38, 40.45s/ep][A

tin/rn18/cadprune/sl/ipc50 s45:  26%|██▋       | 79/300 [53:16<2:29:00, 40.45s/ep][A

tin/rn18/cadprune/sl/ipc50 s45:  27%|██▋       | 80/300 [53:56<2:28:18, 40.45s/ep][A

tin/rn18/cadprune/sl/ipc50 s45:  27%|██▋       | 81/300 [54:36<2:27:38, 40.45s/ep][A

tin/rn18/cadprune/sl/ipc50 s45:  27%|██▋       | 82/300 [55:17<2:26:57, 40.45s/ep][A

tin/rn18/cadprune/sl/ipc50 s45:  28%|██▊       | 83/300 [55:57<2:26:20, 40.46s/ep][A

tin/rn18/cadprune/sl/ipc50 s45:  28%|██▊       | 84/300 [56:38<2:25:40, 40.46s/ep][A

tin/rn18/cadprune/sl/ipc50 s45:  28%|██▊       | 85/300 [57:18<2:24:59, 40.46s/ep][A

tin/rn18/cadprune/sl/ipc50 s45:  29%|██▊       | 86/300 [57:59<2:24:18, 40.46s/ep][A

tin/rn18/cadprune/sl/ipc50 s45:  29%|██▉       | 87/300 [58:39<2:23:37, 40.46s/ep][A

tin/rn18/cadprune/sl/ipc50 s45:  29%|██▉       | 88/300 [59:20<2:22:56, 40.46s/ep][A

tin/rn18/cadprune/sl/ipc50 s45:  30%|██▉       | 89/300 [1:00:00<2:22:16, 40.46s/ep][A

tin/rn18/cadprune/sl/ipc50 s45:  30%|███       | 90/300 [1:00:41<2:21:36, 40.46s/ep][A

tin/rn18/cadprune/sl/ipc50 s45:  30%|███       | 91/300 [1:01:21<2:20:55, 40.45s/ep][A

tin/rn18/cadprune/sl/ipc50 s45:  31%|███       | 92/300 [1:02:01<2:20:14, 40.46s/ep][A

tin/rn18/cadprune/sl/ipc50 s45:  31%|███       | 93/300 [1:02:42<2:19:34, 40.46s/ep][A

tin/rn18/cadprune/sl/ipc50 s45:  31%|███▏      | 94/300 [1:03:22<2:18:53, 40.45s/ep][A

tin/rn18/cadprune/sl/ipc50 s45:  32%|███▏      | 95/300 [1:04:03<2:18:14, 40.46s/ep][A

tin/rn18/cadprune/sl/ipc50 s45:  32%|███▏      | 96/300 [1:04:43<2:17:33, 40.46s/ep][A

tin/rn18/cadprune/sl/ipc50 s45:  32%|███▏      | 97/300 [1:05:24<2:16:53, 40.46s/ep][A

tin/rn18/cadprune/sl/ipc50 s45:  33%|███▎      | 98/300 [1:06:04<2:16:12, 40.46s/ep][A

tin/rn18/cadprune/sl/ipc50 s45:  33%|███▎      | 99/300 [1:06:45<2:15:31, 40.45s/ep][A

tin/rn18/cadprune/sl/ipc50 s45:  33%|███▎      | 100/300 [1:07:25<2:14:50, 40.45s/ep][A

tin/rn18/cadprune/sl/ipc50 s45:  34%|███▎      | 101/300 [1:08:06<2:14:09, 40.45s/ep][A

tin/rn18/cadprune/sl/ipc50 s45:  34%|███▍      | 102/300 [1:08:46<2:13:29, 40.45s/ep][A

tin/rn18/cadprune/sl/ipc50 s45:  34%|███▍      | 103/300 [1:09:26<2:12:48, 40.45s/ep][A

tin/rn18/cadprune/sl/ipc50 s45:  35%|███▍      | 104/300 [1:10:07<2:12:08, 40.45s/ep][A

tin/rn18/cadprune/sl/ipc50 s45:  35%|███▌      | 105/300 [1:10:47<2:11:27, 40.45s/ep][A

tin/rn18/cadprune/sl/ipc50 s45:  35%|███▌      | 106/300 [1:11:28<2:10:48, 40.45s/ep][A

tin/rn18/cadprune/sl/ipc50 s45:  36%|███▌      | 107/300 [1:12:08<2:10:06, 40.45s/ep][A

tin/rn18/cadprune/sl/ipc50 s45:  36%|███▌      | 108/300 [1:12:49<2:09:27, 40.45s/ep][A

tin/rn18/cadprune/sl/ipc50 s45:  36%|███▋      | 109/300 [1:13:29<2:08:46, 40.45s/ep][A

tin/rn18/cadprune/sl/ipc50 s45:  37%|███▋      | 110/300 [1:14:10<2:08:07, 40.46s/ep][A

tin/rn18/cadprune/sl/ipc50 s45:  37%|███▋      | 111/300 [1:14:50<2:07:27, 40.46s/ep][A

tin/rn18/cadprune/sl/ipc50 s45:  37%|███▋      | 112/300 [1:15:31<2:06:46, 40.46s/ep][A

tin/rn18/cadprune/sl/ipc50 s45:  38%|███▊      | 113/300 [1:16:11<2:06:04, 40.45s/ep][A

tin/rn18/cadprune/sl/ipc50 s45:  38%|███▊      | 114/300 [1:16:51<2:05:25, 40.46s/ep][A

tin/rn18/cadprune/sl/ipc50 s45:  38%|███▊      | 115/300 [1:17:32<2:04:43, 40.45s/ep][A

tin/rn18/cadprune/sl/ipc50 s45:  39%|███▊      | 116/300 [1:18:12<2:04:03, 40.45s/ep][A

tin/rn18/cadprune/sl/ipc50 s45:  39%|███▉      | 117/300 [1:18:53<2:03:23, 40.46s/ep][A

tin/rn18/cadprune/sl/ipc50 s45:  39%|███▉      | 118/300 [1:19:33<2:02:43, 40.46s/ep][A

tin/rn18/cadprune/sl/ipc50 s45:  40%|███▉      | 119/300 [1:20:14<2:02:02, 40.46s/ep][A

tin/rn18/cadprune/sl/ipc50 s45:  40%|████      | 120/300 [1:20:54<2:01:23, 40.46s/ep][A

tin/rn18/cadprune/sl/ipc50 s45:  40%|████      | 121/300 [1:21:35<2:00:41, 40.46s/ep][A

tin/rn18/cadprune/sl/ipc50 s45:  41%|████      | 122/300 [1:22:15<2:00:02, 40.46s/ep][A

tin/rn18/cadprune/sl/ipc50 s45:  41%|████      | 123/300 [1:22:56<1:59:22, 40.47s/ep][A

tin/rn18/cadprune/sl/ipc50 s45:  41%|████▏     | 124/300 [1:23:36<1:58:41, 40.47s/ep][A

tin/rn18/cadprune/sl/ipc50 s45:  42%|████▏     | 125/300 [1:24:17<1:58:00, 40.46s/ep][A

tin/rn18/cadprune/sl/ipc50 s45:  42%|████▏     | 126/300 [1:24:57<1:57:20, 40.46s/ep][A

tin/rn18/cadprune/sl/ipc50 s45:  42%|████▏     | 127/300 [1:25:37<1:56:39, 40.46s/ep][A

tin/rn18/cadprune/sl/ipc50 s45:  43%|████▎     | 128/300 [1:26:18<1:55:58, 40.46s/ep][A

tin/rn18/cadprune/sl/ipc50 s45:  43%|████▎     | 129/300 [1:26:58<1:55:18, 40.46s/ep][A

tin/rn18/cadprune/sl/ipc50 s45:  43%|████▎     | 130/300 [1:27:39<1:54:38, 40.46s/ep][A

tin/rn18/cadprune/sl/ipc50 s45:  44%|████▎     | 131/300 [1:28:19<1:53:56, 40.46s/ep][A

tin/rn18/cadprune/sl/ipc50 s45:  44%|████▍     | 132/300 [1:29:00<1:53:16, 40.46s/ep][A

tin/rn18/cadprune/sl/ipc50 s45:  44%|████▍     | 133/300 [1:29:40<1:52:36, 40.46s/ep][A

tin/rn18/cadprune/sl/ipc50 s45:  45%|████▍     | 134/300 [1:30:21<1:51:55, 40.45s/ep][A

tin/rn18/cadprune/sl/ipc50 s45:  45%|████▌     | 135/300 [1:31:01<1:51:15, 40.46s/ep][A

tin/rn18/cadprune/sl/ipc50 s45:  45%|████▌     | 136/300 [1:31:42<1:50:35, 40.46s/ep][A

tin/rn18/cadprune/sl/ipc50 s45:  46%|████▌     | 137/300 [1:32:22<1:49:54, 40.46s/ep][A

tin/rn18/cadprune/sl/ipc50 s45:  46%|████▌     | 138/300 [1:33:02<1:49:12, 40.45s/ep][A

tin/rn18/cadprune/sl/ipc50 s45:  46%|████▋     | 139/300 [1:33:43<1:48:33, 40.46s/ep][A

tin/rn18/cadprune/sl/ipc50 s45:  47%|████▋     | 140/300 [1:34:23<1:47:51, 40.45s/ep][A

tin/rn18/cadprune/sl/ipc50 s45:  47%|████▋     | 141/300 [1:35:04<1:47:11, 40.45s/ep][A

tin/rn18/cadprune/sl/ipc50 s45:  47%|████▋     | 142/300 [1:35:44<1:46:32, 40.46s/ep][A

tin/rn18/cadprune/sl/ipc50 s45:  48%|████▊     | 143/300 [1:36:25<1:45:52, 40.46s/ep][A

tin/rn18/cadprune/sl/ipc50 s45:  48%|████▊     | 144/300 [1:37:05<1:45:10, 40.45s/ep][A

tin/rn18/cadprune/sl/ipc50 s45:  48%|████▊     | 145/300 [1:37:46<1:44:29, 40.45s/ep][A

tin/rn18/cadprune/sl/ipc50 s45:  49%|████▊     | 146/300 [1:38:26<1:43:49, 40.45s/ep][A

tin/rn18/cadprune/sl/ipc50 s45:  49%|████▉     | 147/300 [1:39:07<1:43:10, 40.46s/ep][A

tin/rn18/cadprune/sl/ipc50 s45:  49%|████▉     | 148/300 [1:39:47<1:42:28, 40.45s/ep][A

tin/rn18/cadprune/sl/ipc50 s45:  50%|████▉     | 149/300 [1:40:27<1:41:48, 40.45s/ep][A

tin/rn18/cadprune/sl/ipc50 s45:  50%|█████     | 150/300 [1:41:08<1:41:08, 40.46s/ep][A

tin/rn18/cadprune/sl/ipc50 s45:  50%|█████     | 151/300 [1:41:48<1:40:28, 40.46s/ep][A

tin/rn18/cadprune/sl/ipc50 s45:  51%|█████     | 152/300 [1:42:29<1:39:47, 40.46s/ep][A

tin/rn18/cadprune/sl/ipc50 s45:  51%|█████     | 153/300 [1:43:09<1:39:06, 40.46s/ep][A

tin/rn18/cadprune/sl/ipc50 s45:  51%|█████▏    | 154/300 [1:43:50<1:38:25, 40.45s/ep][A

tin/rn18/cadprune/sl/ipc50 s45:  52%|█████▏    | 155/300 [1:44:30<1:37:45, 40.45s/ep][A

tin/rn18/cadprune/sl/ipc50 s45:  52%|█████▏    | 156/300 [1:45:11<1:37:05, 40.45s/ep][A

tin/rn18/cadprune/sl/ipc50 s45:  52%|█████▏    | 157/300 [1:45:51<1:36:24, 40.45s/ep][A

tin/rn18/cadprune/sl/ipc50 s45:  53%|█████▎    | 158/300 [1:46:32<1:35:43, 40.45s/ep][A

tin/rn18/cadprune/sl/ipc50 s45:  53%|█████▎    | 159/300 [1:47:12<1:35:03, 40.45s/ep][A

tin/rn18/cadprune/sl/ipc50 s45:  53%|█████▎    | 160/300 [1:47:52<1:34:22, 40.45s/ep][A

tin/rn18/cadprune/sl/ipc50 s45:  54%|█████▎    | 161/300 [1:48:33<1:33:42, 40.45s/ep][A

tin/rn18/cadprune/sl/ipc50 s45:  54%|█████▍    | 162/300 [1:49:13<1:33:03, 40.46s/ep][A

tin/rn18/cadprune/sl/ipc50 s45:  54%|█████▍    | 163/300 [1:49:54<1:32:22, 40.45s/ep][A

tin/rn18/cadprune/sl/ipc50 s45:  55%|█████▍    | 164/300 [1:50:34<1:31:40, 40.45s/ep][A

tin/rn18/cadprune/sl/ipc50 s45:  55%|█████▌    | 165/300 [1:51:15<1:31:00, 40.45s/ep][A

tin/rn18/cadprune/sl/ipc50 s45:  55%|█████▌    | 166/300 [1:51:55<1:30:19, 40.45s/ep][A

tin/rn18/cadprune/sl/ipc50 s45:  56%|█████▌    | 167/300 [1:52:36<1:29:39, 40.45s/ep][A

tin/rn18/cadprune/sl/ipc50 s45:  56%|█████▌    | 168/300 [1:53:16<1:28:59, 40.45s/ep][A

tin/rn18/cadprune/sl/ipc50 s45:  56%|█████▋    | 169/300 [1:53:56<1:28:18, 40.45s/ep][A

tin/rn18/cadprune/sl/ipc50 s45:  57%|█████▋    | 170/300 [1:54:37<1:27:38, 40.45s/ep][A

tin/rn18/cadprune/sl/ipc50 s45:  57%|█████▋    | 171/300 [1:55:17<1:26:58, 40.45s/ep][A

tin/rn18/cadprune/sl/ipc50 s45:  57%|█████▋    | 172/300 [1:55:58<1:26:18, 40.45s/ep][A

tin/rn18/cadprune/sl/ipc50 s45:  58%|█████▊    | 173/300 [1:56:38<1:25:37, 40.46s/ep][A

tin/rn18/cadprune/sl/ipc50 s45:  58%|█████▊    | 174/300 [1:57:19<1:24:56, 40.45s/ep][A

tin/rn18/cadprune/sl/ipc50 s45:  58%|█████▊    | 175/300 [1:57:59<1:24:16, 40.45s/ep][A

tin/rn18/cadprune/sl/ipc50 s45:  59%|█████▊    | 176/300 [1:58:40<1:23:35, 40.45s/ep][A

tin/rn18/cadprune/sl/ipc50 s45:  59%|█████▉    | 177/300 [1:59:20<1:22:55, 40.45s/ep][A

tin/rn18/cadprune/sl/ipc50 s45:  59%|█████▉    | 178/300 [2:00:01<1:22:14, 40.45s/ep][A

tin/rn18/cadprune/sl/ipc50 s45:  60%|█████▉    | 179/300 [2:00:41<1:21:35, 40.46s/ep][A

tin/rn18/cadprune/sl/ipc50 s45:  60%|██████    | 180/300 [2:01:21<1:20:55, 40.46s/ep][A

tin/rn18/cadprune/sl/ipc50 s45:  60%|██████    | 181/300 [2:02:02<1:20:14, 40.46s/ep][A

tin/rn18/cadprune/sl/ipc50 s45:  61%|██████    | 182/300 [2:02:42<1:19:34, 40.46s/ep][A

tin/rn18/cadprune/sl/ipc50 s45:  61%|██████    | 183/300 [2:03:23<1:18:53, 40.46s/ep][A

tin/rn18/cadprune/sl/ipc50 s45:  61%|██████▏   | 184/300 [2:04:03<1:18:12, 40.46s/ep][A

tin/rn18/cadprune/sl/ipc50 s45:  62%|██████▏   | 185/300 [2:04:44<1:17:31, 40.45s/ep][A

tin/rn18/cadprune/sl/ipc50 s45:  62%|██████▏   | 186/300 [2:05:24<1:16:51, 40.45s/ep][A

tin/rn18/cadprune/sl/ipc50 s45:  62%|██████▏   | 187/300 [2:06:05<1:16:11, 40.45s/ep][A

tin/rn18/cadprune/sl/ipc50 s45:  63%|██████▎   | 188/300 [2:06:45<1:15:30, 40.45s/ep][A

tin/rn18/cadprune/sl/ipc50 s45:  63%|██████▎   | 189/300 [2:07:26<1:14:50, 40.45s/ep][A

tin/rn18/cadprune/sl/ipc50 s45:  63%|██████▎   | 190/300 [2:08:06<1:14:10, 40.46s/ep][A

tin/rn18/cadprune/sl/ipc50 s45:  64%|██████▎   | 191/300 [2:08:46<1:13:29, 40.46s/ep][A

tin/rn18/cadprune/sl/ipc50 s45:  64%|██████▍   | 192/300 [2:09:27<1:12:49, 40.46s/ep][A

tin/rn18/cadprune/sl/ipc50 s45:  64%|██████▍   | 193/300 [2:10:07<1:12:08, 40.45s/ep][A

tin/rn18/cadprune/sl/ipc50 s45:  65%|██████▍   | 194/300 [2:10:48<1:11:27, 40.45s/ep][A

tin/rn18/cadprune/sl/ipc50 s45:  65%|██████▌   | 195/300 [2:11:28<1:10:47, 40.45s/ep][A

tin/rn18/cadprune/sl/ipc50 s45:  65%|██████▌   | 196/300 [2:12:09<1:10:06, 40.45s/ep][A

tin/rn18/cadprune/sl/ipc50 s45:  66%|██████▌   | 197/300 [2:12:49<1:09:26, 40.45s/ep][A

tin/rn18/cadprune/sl/ipc50 s45:  66%|██████▌   | 198/300 [2:13:30<1:08:45, 40.45s/ep][A

tin/rn18/cadprune/sl/ipc50 s45:  66%|██████▋   | 199/300 [2:14:10<1:08:05, 40.45s/ep][A

tin/rn18/cadprune/sl/ipc50 s45:  67%|██████▋   | 200/300 [2:14:51<1:07:24, 40.45s/ep][A

tin/rn18/cadprune/sl/ipc50 s45:  67%|██████▋   | 201/300 [2:15:31<1:06:44, 40.45s/ep][A

tin/rn18/cadprune/sl/ipc50 s45:  67%|██████▋   | 202/300 [2:16:11<1:06:04, 40.45s/ep][A

tin/rn18/cadprune/sl/ipc50 s45:  68%|██████▊   | 203/300 [2:16:52<1:05:23, 40.45s/ep][A

tin/rn18/cadprune/sl/ipc50 s45:  68%|██████▊   | 204/300 [2:17:32<1:04:43, 40.45s/ep][A

tin/rn18/cadprune/sl/ipc50 s45:  68%|██████▊   | 205/300 [2:18:13<1:04:02, 40.45s/ep][A

tin/rn18/cadprune/sl/ipc50 s45:  69%|██████▊   | 206/300 [2:18:53<1:03:22, 40.45s/ep][A

tin/rn18/cadprune/sl/ipc50 s45:  69%|██████▉   | 207/300 [2:19:34<1:02:42, 40.46s/ep][A

tin/rn18/cadprune/sl/ipc50 s45:  69%|██████▉   | 208/300 [2:20:14<1:02:01, 40.46s/ep][A

tin/rn18/cadprune/sl/ipc50 s45:  70%|██████▉   | 209/300 [2:20:55<1:01:21, 40.45s/ep][A

tin/rn18/cadprune/sl/ipc50 s45:  70%|███████   | 210/300 [2:21:35<1:00:40, 40.45s/ep][A

tin/rn18/cadprune/sl/ipc50 s45:  70%|███████   | 211/300 [2:22:15<59:59, 40.45s/ep]  [A

tin/rn18/cadprune/sl/ipc50 s45:  71%|███████   | 212/300 [2:22:56<59:19, 40.45s/ep][A

tin/rn18/cadprune/sl/ipc50 s45:  71%|███████   | 213/300 [2:23:36<58:39, 40.45s/ep][A

tin/rn18/cadprune/sl/ipc50 s45:  71%|███████▏  | 214/300 [2:24:17<57:58, 40.45s/ep][A

tin/rn18/cadprune/sl/ipc50 s45:  72%|███████▏  | 215/300 [2:24:57<57:16, 40.44s/ep][A

tin/rn18/cadprune/sl/ipc50 s45:  72%|███████▏  | 216/300 [2:25:38<56:36, 40.44s/ep][A

tin/rn18/cadprune/sl/ipc50 s45:  72%|███████▏  | 217/300 [2:26:18<55:56, 40.45s/ep][A

tin/rn18/cadprune/sl/ipc50 s45:  73%|███████▎  | 218/300 [2:26:59<55:16, 40.45s/ep][A

tin/rn18/cadprune/sl/ipc50 s45:  73%|███████▎  | 219/300 [2:27:39<54:36, 40.45s/ep][A

tin/rn18/cadprune/sl/ipc50 s45:  73%|███████▎  | 220/300 [2:28:20<53:56, 40.45s/ep][A

tin/rn18/cadprune/sl/ipc50 s45:  74%|███████▎  | 221/300 [2:29:00<53:15, 40.45s/ep][A

tin/rn18/cadprune/sl/ipc50 s45:  74%|███████▍  | 222/300 [2:29:40<52:35, 40.45s/ep][A

tin/rn18/cadprune/sl/ipc50 s45:  74%|███████▍  | 223/300 [2:30:21<51:55, 40.46s/ep][A

tin/rn18/cadprune/sl/ipc50 s45:  75%|███████▍  | 224/300 [2:31:01<51:14, 40.45s/ep][A

tin/rn18/cadprune/sl/ipc50 s45:  75%|███████▌  | 225/300 [2:31:42<50:34, 40.46s/ep][A

tin/rn18/cadprune/sl/ipc50 s45:  75%|███████▌  | 226/300 [2:32:22<49:53, 40.46s/ep][A

tin/rn18/cadprune/sl/ipc50 s45:  76%|███████▌  | 227/300 [2:33:03<49:12, 40.45s/ep][A

tin/rn18/cadprune/sl/ipc50 s45:  76%|███████▌  | 228/300 [2:33:43<48:31, 40.44s/ep][A

tin/rn18/cadprune/sl/ipc50 s45:  76%|███████▋  | 229/300 [2:34:24<47:51, 40.44s/ep][A

tin/rn18/cadprune/sl/ipc50 s45:  77%|███████▋  | 230/300 [2:35:04<47:11, 40.45s/ep][A

tin/rn18/cadprune/sl/ipc50 s45:  77%|███████▋  | 231/300 [2:35:44<46:31, 40.45s/ep][A

tin/rn18/cadprune/sl/ipc50 s45:  77%|███████▋  | 232/300 [2:36:25<45:50, 40.45s/ep][A

tin/rn18/cadprune/sl/ipc50 s45:  78%|███████▊  | 233/300 [2:37:05<45:10, 40.45s/ep][A

tin/rn18/cadprune/sl/ipc50 s45:  78%|███████▊  | 234/300 [2:37:46<44:29, 40.45s/ep][A

tin/rn18/cadprune/sl/ipc50 s45:  78%|███████▊  | 235/300 [2:38:26<43:49, 40.45s/ep][A

tin/rn18/cadprune/sl/ipc50 s45:  79%|███████▊  | 236/300 [2:39:07<43:08, 40.45s/ep][A

tin/rn18/cadprune/sl/ipc50 s45:  79%|███████▉  | 237/300 [2:39:47<42:28, 40.45s/ep][A

tin/rn18/cadprune/sl/ipc50 s45:  79%|███████▉  | 238/300 [2:40:28<41:47, 40.45s/ep][A

tin/rn18/cadprune/sl/ipc50 s45:  80%|███████▉  | 239/300 [2:41:08<41:07, 40.45s/ep][A

tin/rn18/cadprune/sl/ipc50 s45:  80%|████████  | 240/300 [2:41:48<40:26, 40.44s/ep][A

tin/rn18/cadprune/sl/ipc50 s45:  80%|████████  | 241/300 [2:42:29<39:46, 40.45s/ep][A

tin/rn18/cadprune/sl/ipc50 s45:  81%|████████  | 242/300 [2:43:09<39:06, 40.45s/ep][A

tin/rn18/cadprune/sl/ipc50 s45:  81%|████████  | 243/300 [2:43:50<38:25, 40.45s/ep][A

tin/rn18/cadprune/sl/ipc50 s45:  81%|████████▏ | 244/300 [2:44:30<37:45, 40.45s/ep][A

tin/rn18/cadprune/sl/ipc50 s45:  82%|████████▏ | 245/300 [2:45:11<37:04, 40.45s/ep][A

tin/rn18/cadprune/sl/ipc50 s45:  82%|████████▏ | 246/300 [2:45:51<36:24, 40.45s/ep][A

tin/rn18/cadprune/sl/ipc50 s45:  82%|████████▏ | 247/300 [2:46:32<35:43, 40.45s/ep][A

tin/rn18/cadprune/sl/ipc50 s45:  83%|████████▎ | 248/300 [2:47:12<35:03, 40.44s/ep][A

tin/rn18/cadprune/sl/ipc50 s45:  83%|████████▎ | 249/300 [2:47:53<34:22, 40.45s/ep][A

tin/rn18/cadprune/sl/ipc50 s45:  83%|████████▎ | 250/300 [2:48:33<33:42, 40.44s/ep][A

tin/rn18/cadprune/sl/ipc50 s45:  84%|████████▎ | 251/300 [2:49:13<33:02, 40.45s/ep][A

tin/rn18/cadprune/sl/ipc50 s45:  84%|████████▍ | 252/300 [2:49:54<32:21, 40.45s/ep][A

tin/rn18/cadprune/sl/ipc50 s45:  84%|████████▍ | 253/300 [2:50:34<31:41, 40.45s/ep][A

tin/rn18/cadprune/sl/ipc50 s45:  85%|████████▍ | 254/300 [2:51:15<31:00, 40.45s/ep][A

tin/rn18/cadprune/sl/ipc50 s45:  85%|████████▌ | 255/300 [2:51:55<30:20, 40.46s/ep][A

tin/rn18/cadprune/sl/ipc50 s45:  85%|████████▌ | 256/300 [2:52:36<29:39, 40.45s/ep][A

tin/rn18/cadprune/sl/ipc50 s45:  86%|████████▌ | 257/300 [2:53:16<28:59, 40.45s/ep][A

tin/rn18/cadprune/sl/ipc50 s45:  86%|████████▌ | 258/300 [2:53:57<28:18, 40.44s/ep][A

tin/rn18/cadprune/sl/ipc50 s45:  86%|████████▋ | 259/300 [2:54:37<27:38, 40.45s/ep][A

tin/rn18/cadprune/sl/ipc50 s45:  87%|████████▋ | 260/300 [2:55:17<26:57, 40.45s/ep][A

tin/rn18/cadprune/sl/ipc50 s45:  87%|████████▋ | 261/300 [2:55:58<26:17, 40.46s/ep][A

tin/rn18/cadprune/sl/ipc50 s45:  87%|████████▋ | 262/300 [2:56:38<25:37, 40.45s/ep][A

tin/rn18/cadprune/sl/ipc50 s45:  88%|████████▊ | 263/300 [2:57:19<24:56, 40.45s/ep][A

tin/rn18/cadprune/sl/ipc50 s45:  88%|████████▊ | 264/300 [2:57:59<24:16, 40.46s/ep][A

tin/rn18/cadprune/sl/ipc50 s45:  88%|████████▊ | 265/300 [2:58:40<23:35, 40.46s/ep][A

tin/rn18/cadprune/sl/ipc50 s45:  89%|████████▊ | 266/300 [2:59:20<22:55, 40.46s/ep][A

tin/rn18/cadprune/sl/ipc50 s45:  89%|████████▉ | 267/300 [3:00:01<22:14, 40.45s/ep][A

tin/rn18/cadprune/sl/ipc50 s45:  89%|████████▉ | 268/300 [3:00:41<21:34, 40.46s/ep][A

tin/rn18/cadprune/sl/ipc50 s45:  90%|████████▉ | 269/300 [3:01:22<20:54, 40.46s/ep][A

tin/rn18/cadprune/sl/ipc50 s45:  90%|█████████ | 270/300 [3:02:02<20:13, 40.46s/ep][A

tin/rn18/cadprune/sl/ipc50 s45:  90%|█████████ | 271/300 [3:02:43<19:33, 40.45s/ep][A

tin/rn18/cadprune/sl/ipc50 s45:  91%|█████████ | 272/300 [3:03:23<18:52, 40.45s/ep][A

tin/rn18/cadprune/sl/ipc50 s45:  91%|█████████ | 273/300 [3:04:03<18:12, 40.45s/ep][A

tin/rn18/cadprune/sl/ipc50 s45:  91%|█████████▏| 274/300 [3:04:44<17:31, 40.45s/ep][A

tin/rn18/cadprune/sl/ipc50 s45:  92%|█████████▏| 275/300 [3:05:24<16:50, 40.44s/ep][A

tin/rn18/cadprune/sl/ipc50 s45:  92%|█████████▏| 276/300 [3:06:05<16:10, 40.45s/ep][A

tin/rn18/cadprune/sl/ipc50 s45:  92%|█████████▏| 277/300 [3:06:45<15:30, 40.45s/ep][A

tin/rn18/cadprune/sl/ipc50 s45:  93%|█████████▎| 278/300 [3:07:26<14:49, 40.45s/ep][A

tin/rn18/cadprune/sl/ipc50 s45:  93%|█████████▎| 279/300 [3:08:06<14:09, 40.46s/ep][A

tin/rn18/cadprune/sl/ipc50 s45:  93%|█████████▎| 280/300 [3:08:47<13:28, 40.45s/ep][A

tin/rn18/cadprune/sl/ipc50 s45:  94%|█████████▎| 281/300 [3:09:27<12:48, 40.45s/ep][A

tin/rn18/cadprune/sl/ipc50 s45:  94%|█████████▍| 282/300 [3:10:07<12:08, 40.46s/ep][A

tin/rn18/cadprune/sl/ipc50 s45:  94%|█████████▍| 283/300 [3:10:48<11:27, 40.46s/ep][A

tin/rn18/cadprune/sl/ipc50 s45:  95%|█████████▍| 284/300 [3:11:28<10:47, 40.46s/ep][A

tin/rn18/cadprune/sl/ipc50 s45:  95%|█████████▌| 285/300 [3:12:09<10:06, 40.45s/ep][A

tin/rn18/cadprune/sl/ipc50 s45:  95%|█████████▌| 286/300 [3:12:49<09:26, 40.45s/ep][A

tin/rn18/cadprune/sl/ipc50 s45:  96%|█████████▌| 287/300 [3:13:30<08:45, 40.45s/ep][A

tin/rn18/cadprune/sl/ipc50 s45:  96%|█████████▌| 288/300 [3:14:10<08:05, 40.45s/ep][A

tin/rn18/cadprune/sl/ipc50 s45:  96%|█████████▋| 289/300 [3:14:51<07:24, 40.44s/ep][A

tin/rn18/cadprune/sl/ipc50 s45:  97%|█████████▋| 290/300 [3:15:31<06:44, 40.44s/ep][A

tin/rn18/cadprune/sl/ipc50 s45:  97%|█████████▋| 291/300 [3:16:11<06:03, 40.44s/ep][A

tin/rn18/cadprune/sl/ipc50 s45:  97%|█████████▋| 292/300 [3:16:52<05:23, 40.44s/ep][A

tin/rn18/cadprune/sl/ipc50 s45:  98%|█████████▊| 293/300 [3:17:32<04:43, 40.45s/ep][A

tin/rn18/cadprune/sl/ipc50 s45:  98%|█████████▊| 294/300 [3:18:13<04:02, 40.45s/ep][A

tin/rn18/cadprune/sl/ipc50 s45:  98%|█████████▊| 295/300 [3:18:53<03:22, 40.46s/ep][A

tin/rn18/cadprune/sl/ipc50 s45:  99%|█████████▊| 296/300 [3:19:34<02:41, 40.46s/ep][A

tin/rn18/cadprune/sl/ipc50 s45:  99%|█████████▉| 297/300 [3:20:14<02:01, 40.46s/ep][A

tin/rn18/cadprune/sl/ipc50 s45:  99%|█████████▉| 298/300 [3:20:55<01:20, 40.46s/ep][A

tin/rn18/cadprune/sl/ipc50 s45: 100%|█████████▉| 299/300 [3:21:35<00:40, 40.46s/ep][A

tin/rn18/cadprune/sl/ipc50 s45: 100%|██████████| 300/300 [3:22:16<00:00, 40.46s/ep][A

                                                                                   [A[cell] tin/rn18/cadprune/sl/ipc50 seed45: 35.03%  (12149s)


tin/rn18/cadprune/sl/ipc50 s46:   0%|          | 0/300 [00:00<?, ?ep/s][A

tin/rn18/cadprune/sl/ipc50 s46:   0%|          | 1/300 [00:40<3:21:45, 40.49s/ep][A

tin/rn18/cadprune/sl/ipc50 s46:   1%|          | 2/300 [01:20<3:20:55, 40.45s/ep][A

tin/rn18/cadprune/sl/ipc50 s46:   1%|          | 3/300 [02:01<3:20:14, 40.45s/ep][A

tin/rn18/cadprune/sl/ipc50 s46:   1%|▏         | 4/300 [02:41<3:19:34, 40.45s/ep][A

tin/rn18/cadprune/sl/ipc50 s46:   2%|▏         | 5/300 [03:22<3:18:53, 40.45s/ep][A

tin/rn18/cadprune/sl/ipc50 s46:   2%|▏         | 6/300 [04:02<3:18:14, 40.46s/ep][A

tin/rn18/cadprune/sl/ipc50 s46:   2%|▏         | 7/300 [04:43<3:17:32, 40.45s/ep][A

tin/rn18/cadprune/sl/ipc50 s46:   3%|▎         | 8/300 [05:23<3:16:51, 40.45s/ep][A

tin/rn18/cadprune/sl/ipc50 s46:   3%|▎         | 9/300 [06:04<3:16:10, 40.45s/ep][A

tin/rn18/cadprune/sl/ipc50 s46:   3%|▎         | 10/300 [06:44<3:15:32, 40.46s/ep][A

tin/rn18/cadprune/sl/ipc50 s46:   4%|▎         | 11/300 [07:24<3:14:49, 40.45s/ep][A

tin/rn18/cadprune/sl/ipc50 s46:   4%|▍         | 12/300 [08:05<3:14:10, 40.45s/ep][A

tin/rn18/cadprune/sl/ipc50 s46:   4%|▍         | 13/300 [08:45<3:13:28, 40.45s/ep][A

tin/rn18/cadprune/sl/ipc50 s46:   5%|▍         | 14/300 [09:26<3:12:47, 40.45s/ep][A

tin/rn18/cadprune/sl/ipc50 s46:   5%|▌         | 15/300 [10:06<3:12:09, 40.45s/ep][A

tin/rn18/cadprune/sl/ipc50 s46:   5%|▌         | 16/300 [10:47<3:11:28, 40.45s/ep][A

tin/rn18/cadprune/sl/ipc50 s46:   6%|▌         | 17/300 [11:27<3:10:47, 40.45s/ep][A

tin/rn18/cadprune/sl/ipc50 s46:   6%|▌         | 18/300 [12:08<3:10:07, 40.45s/ep][A

tin/rn18/cadprune/sl/ipc50 s46:   6%|▋         | 19/300 [12:48<3:09:29, 40.46s/ep][A

tin/rn18/cadprune/sl/ipc50 s46:   7%|▋         | 20/300 [13:29<3:08:47, 40.46s/ep][A

tin/rn18/cadprune/sl/ipc50 s46:   7%|▋         | 21/300 [14:09<3:08:05, 40.45s/ep][A

tin/rn18/cadprune/sl/ipc50 s46:   7%|▋         | 22/300 [14:49<3:07:25, 40.45s/ep][A

tin/rn18/cadprune/sl/ipc50 s46:   8%|▊         | 23/300 [15:30<3:06:46, 40.46s/ep][A

tin/rn18/cadprune/sl/ipc50 s46:   8%|▊         | 24/300 [16:10<3:06:05, 40.45s/ep][A

tin/rn18/cadprune/sl/ipc50 s46:   8%|▊         | 25/300 [16:51<3:05:23, 40.45s/ep][A

tin/rn18/cadprune/sl/ipc50 s46:   9%|▊         | 26/300 [17:31<3:04:41, 40.45s/ep][A

tin/rn18/cadprune/sl/ipc50 s46:   9%|▉         | 27/300 [18:12<3:04:03, 40.45s/ep][A

tin/rn18/cadprune/sl/ipc50 s46:   9%|▉         | 28/300 [18:52<3:03:23, 40.46s/ep][A

tin/rn18/cadprune/sl/ipc50 s46:  10%|▉         | 29/300 [19:33<3:02:43, 40.46s/ep][A

tin/rn18/cadprune/sl/ipc50 s46:  10%|█         | 30/300 [20:13<3:02:02, 40.45s/ep][A

tin/rn18/cadprune/sl/ipc50 s46:  10%|█         | 31/300 [20:54<3:01:23, 40.46s/ep][A

tin/rn18/cadprune/sl/ipc50 s46:  11%|█         | 32/300 [21:34<3:00:43, 40.46s/ep][A

tin/rn18/cadprune/sl/ipc50 s46:  11%|█         | 33/300 [22:14<3:00:01, 40.46s/ep][A

tin/rn18/cadprune/sl/ipc50 s46:  11%|█▏        | 34/300 [22:55<2:59:20, 40.45s/ep][A

tin/rn18/cadprune/sl/ipc50 s46:  12%|█▏        | 35/300 [23:35<2:58:40, 40.45s/ep][A

tin/rn18/cadprune/sl/ipc50 s46:  12%|█▏        | 36/300 [24:16<2:57:59, 40.45s/ep][A

tin/rn18/cadprune/sl/ipc50 s46:  12%|█▏        | 37/300 [24:56<2:57:19, 40.45s/ep][A

tin/rn18/cadprune/sl/ipc50 s46:  13%|█▎        | 38/300 [25:37<2:56:39, 40.45s/ep][A

tin/rn18/cadprune/sl/ipc50 s46:  13%|█▎        | 39/300 [26:17<2:55:58, 40.45s/ep][A

tin/rn18/cadprune/sl/ipc50 s46:  13%|█▎        | 40/300 [26:58<2:55:16, 40.45s/ep][A

tin/rn18/cadprune/sl/ipc50 s46:  14%|█▎        | 41/300 [27:38<2:54:37, 40.45s/ep][A

tin/rn18/cadprune/sl/ipc50 s46:  14%|█▍        | 42/300 [28:19<2:53:56, 40.45s/ep][A

tin/rn18/cadprune/sl/ipc50 s46:  14%|█▍        | 43/300 [28:59<2:53:17, 40.46s/ep][A

tin/rn18/cadprune/sl/ipc50 s46:  15%|█▍        | 44/300 [29:39<2:52:37, 40.46s/ep][A

tin/rn18/cadprune/sl/ipc50 s46:  15%|█▌        | 45/300 [30:20<2:51:55, 40.45s/ep][A

tin/rn18/cadprune/sl/ipc50 s46:  15%|█▌        | 46/300 [31:00<2:51:15, 40.46s/ep][A

tin/rn18/cadprune/sl/ipc50 s46:  16%|█▌        | 47/300 [31:41<2:50:35, 40.46s/ep][A

tin/rn18/cadprune/sl/ipc50 s46:  16%|█▌        | 48/300 [32:21<2:49:55, 40.46s/ep][A

tin/rn18/cadprune/sl/ipc50 s46:  16%|█▋        | 49/300 [33:02<2:49:14, 40.46s/ep][A

tin/rn18/cadprune/sl/ipc50 s46:  17%|█▋        | 50/300 [33:42<2:48:35, 40.46s/ep][A

tin/rn18/cadprune/sl/ipc50 s46:  17%|█▋        | 51/300 [34:23<2:47:53, 40.45s/ep][A

tin/rn18/cadprune/sl/ipc50 s46:  17%|█▋        | 52/300 [35:03<2:47:12, 40.45s/ep][A

tin/rn18/cadprune/sl/ipc50 s46:  18%|█▊        | 53/300 [35:44<2:46:31, 40.45s/ep][A

tin/rn18/cadprune/sl/ipc50 s46:  18%|█▊        | 54/300 [36:24<2:45:50, 40.45s/ep][A

tin/rn18/cadprune/sl/ipc50 s46:  18%|█▊        | 55/300 [37:04<2:45:09, 40.45s/ep][A

tin/rn18/cadprune/sl/ipc50 s46:  19%|█▊        | 56/300 [37:45<2:44:29, 40.45s/ep][A

tin/rn18/cadprune/sl/ipc50 s46:  19%|█▉        | 57/300 [38:25<2:43:49, 40.45s/ep][A

tin/rn18/cadprune/sl/ipc50 s46:  19%|█▉        | 58/300 [39:06<2:43:09, 40.45s/ep][A

tin/rn18/cadprune/sl/ipc50 s46:  20%|█▉        | 59/300 [39:46<2:42:30, 40.46s/ep][A

tin/rn18/cadprune/sl/ipc50 s46:  20%|██        | 60/300 [40:27<2:41:50, 40.46s/ep][A

tin/rn18/cadprune/sl/ipc50 s46:  20%|██        | 61/300 [41:07<2:41:08, 40.45s/ep][A

tin/rn18/cadprune/sl/ipc50 s46:  21%|██        | 62/300 [41:48<2:40:26, 40.45s/ep][A

tin/rn18/cadprune/sl/ipc50 s46:  21%|██        | 63/300 [42:28<2:39:47, 40.45s/ep][A

tin/rn18/cadprune/sl/ipc50 s46:  21%|██▏       | 64/300 [43:09<2:39:05, 40.45s/ep][A

tin/rn18/cadprune/sl/ipc50 s46:  22%|██▏       | 65/300 [43:49<2:38:27, 40.46s/ep][A

tin/rn18/cadprune/sl/ipc50 s46:  22%|██▏       | 66/300 [44:29<2:37:48, 40.46s/ep][A

tin/rn18/cadprune/sl/ipc50 s46:  22%|██▏       | 67/300 [45:10<2:37:07, 40.46s/ep][A

tin/rn18/cadprune/sl/ipc50 s46:  23%|██▎       | 68/300 [45:50<2:36:25, 40.46s/ep][A

tin/rn18/cadprune/sl/ipc50 s46:  23%|██▎       | 69/300 [46:31<2:35:45, 40.46s/ep][A

tin/rn18/cadprune/sl/ipc50 s46:  23%|██▎       | 70/300 [47:11<2:35:04, 40.45s/ep][A

tin/rn18/cadprune/sl/ipc50 s46:  24%|██▎       | 71/300 [47:52<2:34:23, 40.45s/ep][A

tin/rn18/cadprune/sl/ipc50 s46:  24%|██▍       | 72/300 [48:32<2:33:43, 40.45s/ep][A

tin/rn18/cadprune/sl/ipc50 s46:  24%|██▍       | 73/300 [49:13<2:33:03, 40.45s/ep][A

tin/rn18/cadprune/sl/ipc50 s46:  25%|██▍       | 74/300 [49:53<2:32:22, 40.45s/ep][A

tin/rn18/cadprune/sl/ipc50 s46:  25%|██▌       | 75/300 [50:34<2:31:42, 40.46s/ep][A

tin/rn18/cadprune/sl/ipc50 s46:  25%|██▌       | 76/300 [51:14<2:31:02, 40.46s/ep][A

tin/rn18/cadprune/sl/ipc50 s46:  26%|██▌       | 77/300 [51:54<2:30:22, 40.46s/ep][A

tin/rn18/cadprune/sl/ipc50 s46:  26%|██▌       | 78/300 [52:35<2:29:40, 40.45s/ep][A

tin/rn18/cadprune/sl/ipc50 s46:  26%|██▋       | 79/300 [53:15<2:28:59, 40.45s/ep][A

tin/rn18/cadprune/sl/ipc50 s46:  27%|██▋       | 80/300 [53:56<2:28:20, 40.46s/ep][A

tin/rn18/cadprune/sl/ipc50 s46:  27%|██▋       | 81/300 [54:36<2:27:41, 40.46s/ep][A

tin/rn18/cadprune/sl/ipc50 s46:  27%|██▋       | 82/300 [55:17<2:26:58, 40.45s/ep][A

tin/rn18/cadprune/sl/ipc50 s46:  28%|██▊       | 83/300 [55:57<2:26:18, 40.45s/ep][A

tin/rn18/cadprune/sl/ipc50 s46:  28%|██▊       | 84/300 [56:38<2:25:37, 40.45s/ep][A

tin/rn18/cadprune/sl/ipc50 s46:  28%|██▊       | 85/300 [57:18<2:24:56, 40.45s/ep][A

tin/rn18/cadprune/sl/ipc50 s46:  29%|██▊       | 86/300 [57:59<2:24:15, 40.45s/ep][A

tin/rn18/cadprune/sl/ipc50 s46:  29%|██▉       | 87/300 [58:39<2:23:34, 40.45s/ep][A

tin/rn18/cadprune/sl/ipc50 s46:  29%|██▉       | 88/300 [59:19<2:22:54, 40.45s/ep][A

tin/rn18/cadprune/sl/ipc50 s46:  30%|██▉       | 89/300 [1:00:00<2:22:14, 40.45s/ep][A

tin/rn18/cadprune/sl/ipc50 s46:  30%|███       | 90/300 [1:00:40<2:21:33, 40.45s/ep][A

tin/rn18/cadprune/sl/ipc50 s46:  30%|███       | 91/300 [1:01:21<2:20:54, 40.45s/ep][A

tin/rn18/cadprune/sl/ipc50 s46:  31%|███       | 92/300 [1:02:01<2:20:14, 40.45s/ep][A

tin/rn18/cadprune/sl/ipc50 s46:  31%|███       | 93/300 [1:02:42<2:19:33, 40.45s/ep][A

tin/rn18/cadprune/sl/ipc50 s46:  31%|███▏      | 94/300 [1:03:22<2:18:52, 40.45s/ep][A

tin/rn18/cadprune/sl/ipc50 s46:  32%|███▏      | 95/300 [1:04:03<2:18:12, 40.45s/ep][A

tin/rn18/cadprune/sl/ipc50 s46:  32%|███▏      | 96/300 [1:04:43<2:17:32, 40.45s/ep][A

tin/rn18/cadprune/sl/ipc50 s46:  32%|███▏      | 97/300 [1:05:23<2:16:51, 40.45s/ep][A

tin/rn18/cadprune/sl/ipc50 s46:  33%|███▎      | 98/300 [1:06:04<2:16:11, 40.45s/ep][A

tin/rn18/cadprune/sl/ipc50 s46:  33%|███▎      | 99/300 [1:06:44<2:15:31, 40.45s/ep][A

tin/rn18/cadprune/sl/ipc50 s46:  33%|███▎      | 100/300 [1:07:25<2:14:51, 40.46s/ep][A

tin/rn18/cadprune/sl/ipc50 s46:  34%|███▎      | 101/300 [1:08:05<2:14:10, 40.45s/ep][A

tin/rn18/cadprune/sl/ipc50 s46:  34%|███▍      | 102/300 [1:08:46<2:13:31, 40.46s/ep][A

tin/rn18/cadprune/sl/ipc50 s46:  34%|███▍      | 103/300 [1:09:26<2:12:49, 40.45s/ep][A

tin/rn18/cadprune/sl/ipc50 s46:  35%|███▍      | 104/300 [1:10:07<2:12:09, 40.45s/ep][A

tin/rn18/cadprune/sl/ipc50 s46:  35%|███▌      | 105/300 [1:10:47<2:11:27, 40.45s/ep][A

tin/rn18/cadprune/sl/ipc50 s46:  35%|███▌      | 106/300 [1:11:28<2:10:48, 40.46s/ep][A

tin/rn18/cadprune/sl/ipc50 s46:  36%|███▌      | 107/300 [1:12:08<2:10:08, 40.46s/ep][A

tin/rn18/cadprune/sl/ipc50 s46:  36%|███▌      | 108/300 [1:12:49<2:09:29, 40.47s/ep][A

tin/rn18/cadprune/sl/ipc50 s46:  36%|███▋      | 109/300 [1:13:29<2:08:48, 40.46s/ep][A

tin/rn18/cadprune/sl/ipc50 s46:  37%|███▋      | 110/300 [1:14:09<2:08:07, 40.46s/ep][A

tin/rn18/cadprune/sl/ipc50 s46:  37%|███▋      | 111/300 [1:14:50<2:07:26, 40.46s/ep][A

tin/rn18/cadprune/sl/ipc50 s46:  37%|███▋      | 112/300 [1:15:30<2:06:44, 40.45s/ep][A

tin/rn18/cadprune/sl/ipc50 s46:  38%|███▊      | 113/300 [1:16:11<2:06:04, 40.45s/ep][A

tin/rn18/cadprune/sl/ipc50 s46:  38%|███▊      | 114/300 [1:16:51<2:05:24, 40.45s/ep][A

tin/rn18/cadprune/sl/ipc50 s46:  38%|███▊      | 115/300 [1:17:32<2:04:43, 40.45s/ep][A

tin/rn18/cadprune/sl/ipc50 s46:  39%|███▊      | 116/300 [1:18:12<2:04:03, 40.45s/ep][A

tin/rn18/cadprune/sl/ipc50 s46:  39%|███▉      | 117/300 [1:18:53<2:03:22, 40.45s/ep][A

tin/rn18/cadprune/sl/ipc50 s46:  39%|███▉      | 118/300 [1:19:33<2:02:43, 40.46s/ep][A

tin/rn18/cadprune/sl/ipc50 s46:  40%|███▉      | 119/300 [1:20:13<2:02:02, 40.45s/ep][A

tin/rn18/cadprune/sl/ipc50 s46:  40%|████      | 120/300 [1:20:54<2:01:20, 40.45s/ep][A

tin/rn18/cadprune/sl/ipc50 s46:  40%|████      | 121/300 [1:21:34<2:00:41, 40.45s/ep][A

tin/rn18/cadprune/sl/ipc50 s46:  41%|████      | 122/300 [1:22:15<2:00:01, 40.46s/ep][A

tin/rn18/cadprune/sl/ipc50 s46:  41%|████      | 123/300 [1:22:55<1:59:21, 40.46s/ep][A

tin/rn18/cadprune/sl/ipc50 s46:  41%|████▏     | 124/300 [1:23:36<1:58:40, 40.46s/ep][A

tin/rn18/cadprune/sl/ipc50 s46:  42%|████▏     | 125/300 [1:24:16<1:57:59, 40.45s/ep][A

tin/rn18/cadprune/sl/ipc50 s46:  42%|████▏     | 126/300 [1:24:57<1:57:18, 40.45s/ep][A

tin/rn18/cadprune/sl/ipc50 s46:  42%|████▏     | 127/300 [1:25:37<1:56:38, 40.45s/ep][A

tin/rn18/cadprune/sl/ipc50 s46:  43%|████▎     | 128/300 [1:26:18<1:55:57, 40.45s/ep][A

tin/rn18/cadprune/sl/ipc50 s46:  43%|████▎     | 129/300 [1:26:58<1:55:17, 40.45s/ep][A

tin/rn18/cadprune/sl/ipc50 s46:  43%|████▎     | 130/300 [1:27:38<1:54:37, 40.46s/ep][A

tin/rn18/cadprune/sl/ipc50 s46:  44%|████▎     | 131/300 [1:28:19<1:53:57, 40.46s/ep][A

tin/rn18/cadprune/sl/ipc50 s46:  44%|████▍     | 132/300 [1:28:59<1:53:17, 40.46s/ep][A

tin/rn18/cadprune/sl/ipc50 s46:  44%|████▍     | 133/300 [1:29:40<1:52:34, 40.45s/ep][A

tin/rn18/cadprune/sl/ipc50 s46:  45%|████▍     | 134/300 [1:30:20<1:51:54, 40.45s/ep][A

tin/rn18/cadprune/sl/ipc50 s46:  45%|████▌     | 135/300 [1:31:01<1:51:14, 40.45s/ep][A

tin/rn18/cadprune/sl/ipc50 s46:  45%|████▌     | 136/300 [1:31:41<1:50:32, 40.44s/ep][A

tin/rn18/cadprune/sl/ipc50 s46:  46%|████▌     | 137/300 [1:32:22<1:49:53, 40.45s/ep][A

tin/rn18/cadprune/sl/ipc50 s46:  46%|████▌     | 138/300 [1:33:02<1:49:12, 40.45s/ep][A

tin/rn18/cadprune/sl/ipc50 s46:  46%|████▋     | 139/300 [1:33:43<1:48:32, 40.45s/ep][A

tin/rn18/cadprune/sl/ipc50 s46:  47%|████▋     | 140/300 [1:34:23<1:47:52, 40.45s/ep][A

tin/rn18/cadprune/sl/ipc50 s46:  47%|████▋     | 141/300 [1:35:03<1:47:10, 40.45s/ep][A

tin/rn18/cadprune/sl/ipc50 s46:  47%|████▋     | 142/300 [1:35:44<1:46:30, 40.45s/ep][A

tin/rn18/cadprune/sl/ipc50 s46:  48%|████▊     | 143/300 [1:36:24<1:45:50, 40.45s/ep][A

tin/rn18/cadprune/sl/ipc50 s46:  48%|████▊     | 144/300 [1:37:05<1:45:09, 40.45s/ep][A

tin/rn18/cadprune/sl/ipc50 s46:  48%|████▊     | 145/300 [1:37:45<1:44:29, 40.45s/ep][A

tin/rn18/cadprune/sl/ipc50 s46:  49%|████▊     | 146/300 [1:38:26<1:43:48, 40.45s/ep][A

tin/rn18/cadprune/sl/ipc50 s46:  49%|████▉     | 147/300 [1:39:06<1:43:08, 40.45s/ep][A

tin/rn18/cadprune/sl/ipc50 s46:  49%|████▉     | 148/300 [1:39:47<1:42:28, 40.45s/ep][A

tin/rn18/cadprune/sl/ipc50 s46:  50%|████▉     | 149/300 [1:40:27<1:41:48, 40.46s/ep][A

tin/rn18/cadprune/sl/ipc50 s46:  50%|█████     | 150/300 [1:41:07<1:41:07, 40.45s/ep][A

tin/rn18/cadprune/sl/ipc50 s46:  50%|█████     | 151/300 [1:41:48<1:40:27, 40.45s/ep][A

tin/rn18/cadprune/sl/ipc50 s46:  51%|█████     | 152/300 [1:42:28<1:39:46, 40.45s/ep][A

tin/rn18/cadprune/sl/ipc50 s46:  51%|█████     | 153/300 [1:43:09<1:39:06, 40.45s/ep][A

tin/rn18/cadprune/sl/ipc50 s46:  51%|█████▏    | 154/300 [1:43:49<1:38:25, 40.45s/ep][A

tin/rn18/cadprune/sl/ipc50 s46:  52%|█████▏    | 155/300 [1:44:30<1:37:45, 40.45s/ep][A

tin/rn18/cadprune/sl/ipc50 s46:  52%|█████▏    | 156/300 [1:45:10<1:37:04, 40.44s/ep][A

tin/rn18/cadprune/sl/ipc50 s46:  52%|█████▏    | 157/300 [1:45:51<1:36:23, 40.45s/ep][A

tin/rn18/cadprune/sl/ipc50 s46:  53%|█████▎    | 158/300 [1:46:31<1:35:43, 40.45s/ep][A

tin/rn18/cadprune/sl/ipc50 s46:  53%|█████▎    | 159/300 [1:47:12<1:35:03, 40.45s/ep][A

tin/rn18/cadprune/sl/ipc50 s46:  53%|█████▎    | 160/300 [1:47:52<1:34:23, 40.45s/ep][A

tin/rn18/cadprune/sl/ipc50 s46:  54%|█████▎    | 161/300 [1:48:32<1:33:42, 40.45s/ep][A

tin/rn18/cadprune/sl/ipc50 s46:  54%|█████▍    | 162/300 [1:49:13<1:33:02, 40.45s/ep][A

tin/rn18/cadprune/sl/ipc50 s46:  54%|█████▍    | 163/300 [1:49:53<1:32:22, 40.46s/ep][A

tin/rn18/cadprune/sl/ipc50 s46:  55%|█████▍    | 164/300 [1:50:34<1:31:41, 40.46s/ep][A

tin/rn18/cadprune/sl/ipc50 s46:  55%|█████▌    | 165/300 [1:51:14<1:31:00, 40.45s/ep][A

tin/rn18/cadprune/sl/ipc50 s46:  55%|█████▌    | 166/300 [1:51:55<1:30:21, 40.46s/ep][A

tin/rn18/cadprune/sl/ipc50 s46:  56%|█████▌    | 167/300 [1:52:35<1:29:41, 40.46s/ep][A

tin/rn18/cadprune/sl/ipc50 s46:  56%|█████▌    | 168/300 [1:53:16<1:29:00, 40.45s/ep][A

tin/rn18/cadprune/sl/ipc50 s46:  56%|█████▋    | 169/300 [1:53:56<1:28:18, 40.45s/ep][A

tin/rn18/cadprune/sl/ipc50 s46:  57%|█████▋    | 170/300 [1:54:37<1:27:39, 40.45s/ep][A

tin/rn18/cadprune/sl/ipc50 s46:  57%|█████▋    | 171/300 [1:55:17<1:26:58, 40.45s/ep][A

tin/rn18/cadprune/sl/ipc50 s46:  57%|█████▋    | 172/300 [1:55:57<1:26:17, 40.45s/ep][A

tin/rn18/cadprune/sl/ipc50 s46:  58%|█████▊    | 173/300 [1:56:38<1:25:37, 40.46s/ep][A

tin/rn18/cadprune/sl/ipc50 s46:  58%|█████▊    | 174/300 [1:57:18<1:24:57, 40.46s/ep][A

tin/rn18/cadprune/sl/ipc50 s46:  58%|█████▊    | 175/300 [1:57:59<1:24:16, 40.45s/ep][A

tin/rn18/cadprune/sl/ipc50 s46:  59%|█████▊    | 176/300 [1:58:39<1:23:36, 40.46s/ep][A

tin/rn18/cadprune/sl/ipc50 s46:  59%|█████▉    | 177/300 [1:59:20<1:22:55, 40.45s/ep][A

tin/rn18/cadprune/sl/ipc50 s46:  59%|█████▉    | 178/300 [2:00:00<1:22:15, 40.45s/ep][A

tin/rn18/cadprune/sl/ipc50 s46:  60%|█████▉    | 179/300 [2:00:41<1:21:35, 40.46s/ep][A

tin/rn18/cadprune/sl/ipc50 s46:  60%|██████    | 180/300 [2:01:21<1:20:54, 40.45s/ep][A

tin/rn18/cadprune/sl/ipc50 s46:  60%|██████    | 181/300 [2:02:02<1:20:13, 40.45s/ep][A

tin/rn18/cadprune/sl/ipc50 s46:  61%|██████    | 182/300 [2:02:42<1:19:33, 40.45s/ep][A

tin/rn18/cadprune/sl/ipc50 s46:  61%|██████    | 183/300 [2:03:22<1:18:53, 40.46s/ep][A

tin/rn18/cadprune/sl/ipc50 s46:  61%|██████▏   | 184/300 [2:04:03<1:18:11, 40.45s/ep][A

tin/rn18/cadprune/sl/ipc50 s46:  62%|██████▏   | 185/300 [2:04:43<1:17:31, 40.45s/ep][A

tin/rn18/cadprune/sl/ipc50 s46:  62%|██████▏   | 186/300 [2:05:24<1:16:51, 40.46s/ep][A

tin/rn18/cadprune/sl/ipc50 s46:  62%|██████▏   | 187/300 [2:06:04<1:16:11, 40.45s/ep][A

tin/rn18/cadprune/sl/ipc50 s46:  63%|██████▎   | 188/300 [2:06:45<1:15:30, 40.46s/ep][A

tin/rn18/cadprune/sl/ipc50 s46:  63%|██████▎   | 189/300 [2:07:25<1:14:50, 40.45s/ep][A

tin/rn18/cadprune/sl/ipc50 s46:  63%|██████▎   | 190/300 [2:08:06<1:14:10, 40.46s/ep][A

tin/rn18/cadprune/sl/ipc50 s46:  64%|██████▎   | 191/300 [2:08:46<1:13:30, 40.46s/ep][A

tin/rn18/cadprune/sl/ipc50 s46:  64%|██████▍   | 192/300 [2:09:27<1:12:49, 40.46s/ep][A

tin/rn18/cadprune/sl/ipc50 s46:  64%|██████▍   | 193/300 [2:10:07<1:12:08, 40.45s/ep][A

tin/rn18/cadprune/sl/ipc50 s46:  65%|██████▍   | 194/300 [2:10:47<1:11:27, 40.45s/ep][A

tin/rn18/cadprune/sl/ipc50 s46:  65%|██████▌   | 195/300 [2:11:28<1:10:47, 40.45s/ep][A

tin/rn18/cadprune/sl/ipc50 s46:  65%|██████▌   | 196/300 [2:12:08<1:10:06, 40.45s/ep][A

tin/rn18/cadprune/sl/ipc50 s46:  66%|██████▌   | 197/300 [2:12:49<1:09:26, 40.45s/ep][A

tin/rn18/cadprune/sl/ipc50 s46:  66%|██████▌   | 198/300 [2:13:29<1:08:45, 40.45s/ep][A

tin/rn18/cadprune/sl/ipc50 s46:  66%|██████▋   | 199/300 [2:14:10<1:08:05, 40.45s/ep][A

tin/rn18/cadprune/sl/ipc50 s46:  67%|██████▋   | 200/300 [2:14:50<1:07:25, 40.45s/ep][A

tin/rn18/cadprune/sl/ipc50 s46:  67%|██████▋   | 201/300 [2:15:31<1:06:44, 40.45s/ep][A

tin/rn18/cadprune/sl/ipc50 s46:  67%|██████▋   | 202/300 [2:16:11<1:06:03, 40.45s/ep][A

tin/rn18/cadprune/sl/ipc50 s46:  68%|██████▊   | 203/300 [2:16:51<1:05:23, 40.45s/ep][A

tin/rn18/cadprune/sl/ipc50 s46:  68%|██████▊   | 204/300 [2:17:32<1:04:43, 40.45s/ep][A

tin/rn18/cadprune/sl/ipc50 s46:  68%|██████▊   | 205/300 [2:18:12<1:04:02, 40.44s/ep][A

tin/rn18/cadprune/sl/ipc50 s46:  69%|██████▊   | 206/300 [2:18:53<1:03:22, 40.45s/ep][A

tin/rn18/cadprune/sl/ipc50 s46:  69%|██████▉   | 207/300 [2:19:33<1:02:41, 40.45s/ep][A

tin/rn18/cadprune/sl/ipc50 s46:  69%|██████▉   | 208/300 [2:20:14<1:02:00, 40.44s/ep][A

tin/rn18/cadprune/sl/ipc50 s46:  70%|██████▉   | 209/300 [2:20:54<1:01:21, 40.45s/ep][A

tin/rn18/cadprune/sl/ipc50 s46:  70%|███████   | 210/300 [2:21:35<1:00:40, 40.45s/ep][A

tin/rn18/cadprune/sl/ipc50 s46:  70%|███████   | 211/300 [2:22:15<59:59, 40.44s/ep]  [A

tin/rn18/cadprune/sl/ipc50 s46:  71%|███████   | 212/300 [2:22:55<59:19, 40.44s/ep][A

tin/rn18/cadprune/sl/ipc50 s46:  71%|███████   | 213/300 [2:23:36<58:38, 40.44s/ep][A

tin/rn18/cadprune/sl/ipc50 s46:  71%|███████▏  | 214/300 [2:24:16<57:58, 40.44s/ep][A

tin/rn18/cadprune/sl/ipc50 s46:  72%|███████▏  | 215/300 [2:24:57<57:17, 40.44s/ep][A

tin/rn18/cadprune/sl/ipc50 s46:  72%|███████▏  | 216/300 [2:25:37<56:36, 40.44s/ep][A

tin/rn18/cadprune/sl/ipc50 s46:  72%|███████▏  | 217/300 [2:26:18<55:56, 40.45s/ep][A

tin/rn18/cadprune/sl/ipc50 s46:  73%|███████▎  | 218/300 [2:26:58<55:17, 40.46s/ep][A

tin/rn18/cadprune/sl/ipc50 s46:  73%|███████▎  | 219/300 [2:27:39<54:36, 40.45s/ep][A

tin/rn18/cadprune/sl/ipc50 s46:  73%|███████▎  | 220/300 [2:28:19<53:56, 40.45s/ep][A

tin/rn18/cadprune/sl/ipc50 s46:  74%|███████▎  | 221/300 [2:29:00<53:16, 40.46s/ep][A

tin/rn18/cadprune/sl/ipc50 s46:  74%|███████▍  | 222/300 [2:29:40<52:35, 40.46s/ep][A

tin/rn18/cadprune/sl/ipc50 s46:  74%|███████▍  | 223/300 [2:30:20<51:54, 40.45s/ep][A

tin/rn18/cadprune/sl/ipc50 s46:  75%|███████▍  | 224/300 [2:31:01<51:14, 40.45s/ep][A

tin/rn18/cadprune/sl/ipc50 s46:  75%|███████▌  | 225/300 [2:31:41<50:34, 40.46s/ep][A

tin/rn18/cadprune/sl/ipc50 s46:  75%|███████▌  | 226/300 [2:32:22<49:54, 40.46s/ep][A

tin/rn18/cadprune/sl/ipc50 s46:  76%|███████▌  | 227/300 [2:33:02<49:13, 40.46s/ep][A

tin/rn18/cadprune/sl/ipc50 s46:  76%|███████▌  | 228/300 [2:33:43<48:32, 40.46s/ep][A

tin/rn18/cadprune/sl/ipc50 s46:  76%|███████▋  | 229/300 [2:34:23<47:52, 40.45s/ep][A

tin/rn18/cadprune/sl/ipc50 s46:  77%|███████▋  | 230/300 [2:35:04<47:11, 40.45s/ep][A

tin/rn18/cadprune/sl/ipc50 s46:  77%|███████▋  | 231/300 [2:35:44<46:31, 40.45s/ep][A

tin/rn18/cadprune/sl/ipc50 s46:  77%|███████▋  | 232/300 [2:36:25<45:51, 40.46s/ep][A

tin/rn18/cadprune/sl/ipc50 s46:  78%|███████▊  | 233/300 [2:37:05<45:10, 40.46s/ep][A

tin/rn18/cadprune/sl/ipc50 s46:  78%|███████▊  | 234/300 [2:37:45<44:29, 40.45s/ep][A

tin/rn18/cadprune/sl/ipc50 s46:  78%|███████▊  | 235/300 [2:38:26<43:49, 40.45s/ep][A

tin/rn18/cadprune/sl/ipc50 s46:  79%|███████▊  | 236/300 [2:39:06<43:09, 40.46s/ep][A

tin/rn18/cadprune/sl/ipc50 s46:  79%|███████▉  | 237/300 [2:39:47<42:28, 40.46s/ep][A

tin/rn18/cadprune/sl/ipc50 s46:  79%|███████▉  | 238/300 [2:40:27<41:48, 40.46s/ep][A

tin/rn18/cadprune/sl/ipc50 s46:  80%|███████▉  | 239/300 [2:41:08<41:08, 40.46s/ep][A

tin/rn18/cadprune/sl/ipc50 s46:  80%|████████  | 240/300 [2:41:48<40:27, 40.46s/ep][A

tin/rn18/cadprune/sl/ipc50 s46:  80%|████████  | 241/300 [2:42:29<39:46, 40.45s/ep][A

tin/rn18/cadprune/sl/ipc50 s46:  81%|████████  | 242/300 [2:43:09<39:06, 40.45s/ep][A

tin/rn18/cadprune/sl/ipc50 s46:  81%|████████  | 243/300 [2:43:49<38:25, 40.45s/ep][A

tin/rn18/cadprune/sl/ipc50 s46:  81%|████████▏ | 244/300 [2:44:30<37:45, 40.45s/ep][A

tin/rn18/cadprune/sl/ipc50 s46:  82%|████████▏ | 245/300 [2:45:10<37:04, 40.45s/ep][A

tin/rn18/cadprune/sl/ipc50 s46:  82%|████████▏ | 246/300 [2:45:51<36:24, 40.45s/ep][A

tin/rn18/cadprune/sl/ipc50 s46:  82%|████████▏ | 247/300 [2:46:31<35:43, 40.45s/ep][A

tin/rn18/cadprune/sl/ipc50 s46:  83%|████████▎ | 248/300 [2:47:12<35:03, 40.45s/ep][A

tin/rn18/cadprune/sl/ipc50 s46:  83%|████████▎ | 249/300 [2:47:52<34:23, 40.45s/ep][A

tin/rn18/cadprune/sl/ipc50 s46:  83%|████████▎ | 250/300 [2:48:33<33:42, 40.45s/ep][A

tin/rn18/cadprune/sl/ipc50 s46:  84%|████████▎ | 251/300 [2:49:13<33:01, 40.45s/ep][A

tin/rn18/cadprune/sl/ipc50 s46:  84%|████████▍ | 252/300 [2:49:54<32:21, 40.45s/ep][A

tin/rn18/cadprune/sl/ipc50 s46:  84%|████████▍ | 253/300 [2:50:34<31:41, 40.46s/ep][A

tin/rn18/cadprune/sl/ipc50 s46:  85%|████████▍ | 254/300 [2:51:14<31:00, 40.45s/ep][A

tin/rn18/cadprune/sl/ipc50 s46:  85%|████████▌ | 255/300 [2:51:55<30:20, 40.45s/ep][A

tin/rn18/cadprune/sl/ipc50 s46:  85%|████████▌ | 256/300 [2:52:35<29:39, 40.45s/ep][A

tin/rn18/cadprune/sl/ipc50 s46:  86%|████████▌ | 257/300 [2:53:16<28:59, 40.46s/ep][A

tin/rn18/cadprune/sl/ipc50 s46:  86%|████████▌ | 258/300 [2:53:56<28:19, 40.46s/ep][A

tin/rn18/cadprune/sl/ipc50 s46:  86%|████████▋ | 259/300 [2:54:37<27:38, 40.45s/ep][A

tin/rn18/cadprune/sl/ipc50 s46:  87%|████████▋ | 260/300 [2:55:17<26:58, 40.45s/ep][A

tin/rn18/cadprune/sl/ipc50 s46:  87%|████████▋ | 261/300 [2:55:58<26:17, 40.45s/ep][A

tin/rn18/cadprune/sl/ipc50 s46:  87%|████████▋ | 262/300 [2:56:38<25:37, 40.45s/ep][A

tin/rn18/cadprune/sl/ipc50 s46:  88%|████████▊ | 263/300 [2:57:19<24:56, 40.44s/ep][A

tin/rn18/cadprune/sl/ipc50 s46:  88%|████████▊ | 264/300 [2:57:59<24:15, 40.44s/ep][A

tin/rn18/cadprune/sl/ipc50 s46:  88%|████████▊ | 265/300 [2:58:39<23:35, 40.44s/ep][A

tin/rn18/cadprune/sl/ipc50 s46:  89%|████████▊ | 266/300 [2:59:20<22:55, 40.44s/ep][A

tin/rn18/cadprune/sl/ipc50 s46:  89%|████████▉ | 267/300 [3:00:00<22:14, 40.44s/ep][A

tin/rn18/cadprune/sl/ipc50 s46:  89%|████████▉ | 268/300 [3:00:41<21:34, 40.45s/ep][A

tin/rn18/cadprune/sl/ipc50 s46:  90%|████████▉ | 269/300 [3:01:21<20:53, 40.45s/ep][A

tin/rn18/cadprune/sl/ipc50 s46:  90%|█████████ | 270/300 [3:02:02<20:13, 40.45s/ep][A

tin/rn18/cadprune/sl/ipc50 s46:  90%|█████████ | 271/300 [3:02:42<19:33, 40.45s/ep][A

tin/rn18/cadprune/sl/ipc50 s46:  91%|█████████ | 272/300 [3:03:23<18:52, 40.45s/ep][A

tin/rn18/cadprune/sl/ipc50 s46:  91%|█████████ | 273/300 [3:04:03<18:12, 40.45s/ep][A

tin/rn18/cadprune/sl/ipc50 s46:  91%|█████████▏| 274/300 [3:04:43<17:31, 40.44s/ep][A

tin/rn18/cadprune/sl/ipc50 s46:  92%|█████████▏| 275/300 [3:05:24<16:51, 40.45s/ep][A

tin/rn18/cadprune/sl/ipc50 s46:  92%|█████████▏| 276/300 [3:06:04<16:10, 40.45s/ep][A

tin/rn18/cadprune/sl/ipc50 s46:  92%|█████████▏| 277/300 [3:06:45<15:30, 40.45s/ep][A

tin/rn18/cadprune/sl/ipc50 s46:  93%|█████████▎| 278/300 [3:07:25<14:49, 40.45s/ep][A

tin/rn18/cadprune/sl/ipc50 s46:  93%|█████████▎| 279/300 [3:08:06<14:09, 40.45s/ep][A

tin/rn18/cadprune/sl/ipc50 s46:  93%|█████████▎| 280/300 [3:08:46<13:29, 40.46s/ep][A

tin/rn18/cadprune/sl/ipc50 s46:  94%|█████████▎| 281/300 [3:09:27<12:48, 40.45s/ep][A

tin/rn18/cadprune/sl/ipc50 s46:  94%|█████████▍| 282/300 [3:10:07<12:08, 40.45s/ep][A

tin/rn18/cadprune/sl/ipc50 s46:  94%|█████████▍| 283/300 [3:10:47<11:27, 40.45s/ep][A

tin/rn18/cadprune/sl/ipc50 s46:  95%|█████████▍| 284/300 [3:11:28<10:47, 40.45s/ep][A

tin/rn18/cadprune/sl/ipc50 s46:  95%|█████████▌| 285/300 [3:12:08<10:06, 40.45s/ep][A

tin/rn18/cadprune/sl/ipc50 s46:  95%|█████████▌| 286/300 [3:12:49<09:26, 40.45s/ep][A

tin/rn18/cadprune/sl/ipc50 s46:  96%|█████████▌| 287/300 [3:13:29<08:45, 40.45s/ep][A

tin/rn18/cadprune/sl/ipc50 s46:  96%|█████████▌| 288/300 [3:14:10<08:05, 40.45s/ep][A

tin/rn18/cadprune/sl/ipc50 s46:  96%|█████████▋| 289/300 [3:14:50<07:25, 40.46s/ep][A

tin/rn18/cadprune/sl/ipc50 s46:  97%|█████████▋| 290/300 [3:15:31<06:44, 40.46s/ep][A

tin/rn18/cadprune/sl/ipc50 s46:  97%|█████████▋| 291/300 [3:16:11<06:04, 40.46s/ep][A

tin/rn18/cadprune/sl/ipc50 s46:  97%|█████████▋| 292/300 [3:16:52<05:23, 40.46s/ep][A

tin/rn18/cadprune/sl/ipc50 s46:  98%|█████████▊| 293/300 [3:17:32<04:43, 40.47s/ep][A

tin/rn18/cadprune/sl/ipc50 s46:  98%|█████████▊| 294/300 [3:18:13<04:02, 40.46s/ep][A

tin/rn18/cadprune/sl/ipc50 s46:  98%|█████████▊| 295/300 [3:18:53<03:22, 40.45s/ep][A

tin/rn18/cadprune/sl/ipc50 s46:  99%|█████████▊| 296/300 [3:19:33<02:41, 40.45s/ep][A

tin/rn18/cadprune/sl/ipc50 s46:  99%|█████████▉| 297/300 [3:20:14<02:01, 40.45s/ep][A

tin/rn18/cadprune/sl/ipc50 s46:  99%|█████████▉| 298/300 [3:20:54<01:20, 40.44s/ep][A

tin/rn18/cadprune/sl/ipc50 s46: 100%|█████████▉| 299/300 [3:21:35<00:40, 40.45s/ep][A

tin/rn18/cadprune/sl/ipc50 s46: 100%|██████████| 300/300 [3:22:15<00:00, 40.45s/ep][A

                                                                                   [A[cell] tin/rn18/cadprune/sl/ipc50 seed46: 35.43%  (12148s)

rn18-tin:  44%|████▍     | 12/27 [66:16:34<182:13:00, 43732.04s/cell, cadprune/sl/ipc50]
rn18-tin:  44%|████▍     | 12/27 [66:16:34<182:13:00, 43732.04s/cell, sharp/sl/ipc50]   [cell] tin/rn18/cadprune/sl/ipc50: 35.23 +- 0.20 (24311s)


tin/rn18/sharp/sl/ipc50 s45:   0%|          | 0/300 [00:00<?, ?ep/s][A

tin/rn18/sharp/sl/ipc50 s45:   0%|          | 1/300 [00:40<3:21:44, 40.48s/ep][A

tin/rn18/sharp/sl/ipc50 s45:   1%|          | 2/300 [01:20<3:20:58, 40.47s/ep][A

tin/rn18/sharp/sl/ipc50 s45:   1%|          | 3/300 [02:01<3:20:17, 40.46s/ep][A

tin/rn18/sharp/sl/ipc50 s45:   1%|▏         | 4/300 [02:41<3:19:33, 40.45s/ep][A

tin/rn18/sharp/sl/ipc50 s45:   2%|▏         | 5/300 [03:22<3:18:54, 40.45s/ep][A

tin/rn18/sharp/sl/ipc50 s45:   2%|▏         | 6/300 [04:02<3:18:10, 40.45s/ep][A

tin/rn18/sharp/sl/ipc50 s45:   2%|▏         | 7/300 [04:43<3:17:30, 40.44s/ep][A

tin/rn18/sharp/sl/ipc50 s45:   3%|▎         | 8/300 [05:23<3:16:49, 40.44s/ep][A

tin/rn18/sharp/sl/ipc50 s45:   3%|▎         | 9/300 [06:04<3:16:11, 40.45s/ep][A

tin/rn18/sharp/sl/ipc50 s45:   3%|▎         | 10/300 [06:44<3:15:34, 40.46s/ep][A

tin/rn18/sharp/sl/ipc50 s45:   4%|▎         | 11/300 [07:25<3:14:52, 40.46s/ep][A

tin/rn18/sharp/sl/ipc50 s45:   4%|▍         | 12/300 [08:05<3:14:11, 40.45s/ep][A

tin/rn18/sharp/sl/ipc50 s45:   4%|▍         | 13/300 [08:45<3:13:26, 40.44s/ep][A

tin/rn18/sharp/sl/ipc50 s45:   5%|▍         | 14/300 [09:26<3:12:47, 40.45s/ep][A

tin/rn18/sharp/sl/ipc50 s45:   5%|▌         | 15/300 [10:06<3:12:07, 40.45s/ep][A

tin/rn18/sharp/sl/ipc50 s45:   5%|▌         | 16/300 [10:47<3:11:26, 40.44s/ep][A

tin/rn18/sharp/sl/ipc50 s45:   6%|▌         | 17/300 [11:27<3:10:45, 40.44s/ep][A

tin/rn18/sharp/sl/ipc50 s45:   6%|▌         | 18/300 [12:08<3:10:07, 40.45s/ep][A

tin/rn18/sharp/sl/ipc50 s45:   6%|▋         | 19/300 [12:48<3:09:27, 40.45s/ep][A

tin/rn18/sharp/sl/ipc50 s45:   7%|▋         | 20/300 [13:29<3:08:48, 40.46s/ep][A

tin/rn18/sharp/sl/ipc50 s45:   7%|▋         | 21/300 [14:09<3:08:08, 40.46s/ep][A

tin/rn18/sharp/sl/ipc50 s45:   7%|▋         | 22/300 [14:49<3:07:28, 40.46s/ep][A

tin/rn18/sharp/sl/ipc50 s45:   8%|▊         | 23/300 [15:30<3:06:47, 40.46s/ep][A

tin/rn18/sharp/sl/ipc50 s45:   8%|▊         | 24/300 [16:10<3:06:07, 40.46s/ep][A

tin/rn18/sharp/sl/ipc50 s45:   8%|▊         | 25/300 [16:51<3:05:25, 40.46s/ep][A

tin/rn18/sharp/sl/ipc50 s45:   9%|▊         | 26/300 [17:31<3:04:46, 40.46s/ep][A

tin/rn18/sharp/sl/ipc50 s45:   9%|▉         | 27/300 [18:12<3:04:04, 40.46s/ep][A

tin/rn18/sharp/sl/ipc50 s45:   9%|▉         | 28/300 [18:52<3:03:23, 40.45s/ep][A

tin/rn18/sharp/sl/ipc50 s45:  10%|▉         | 29/300 [19:33<3:02:43, 40.46s/ep][A

tin/rn18/sharp/sl/ipc50 s45:  10%|█         | 30/300 [20:13<3:02:01, 40.45s/ep][A

tin/rn18/sharp/sl/ipc50 s45:  10%|█         | 31/300 [20:54<3:01:23, 40.46s/ep][A

tin/rn18/sharp/sl/ipc50 s45:  11%|█         | 32/300 [21:34<3:00:40, 40.45s/ep][A

tin/rn18/sharp/sl/ipc50 s45:  11%|█         | 33/300 [22:14<2:59:59, 40.45s/ep][A

tin/rn18/sharp/sl/ipc50 s45:  11%|█▏        | 34/300 [22:55<2:59:19, 40.45s/ep][A

tin/rn18/sharp/sl/ipc50 s45:  12%|█▏        | 35/300 [23:35<2:58:39, 40.45s/ep][A

tin/rn18/sharp/sl/ipc50 s45:  12%|█▏        | 36/300 [24:16<2:57:57, 40.45s/ep][A

tin/rn18/sharp/sl/ipc50 s45:  12%|█▏        | 37/300 [24:56<2:57:16, 40.44s/ep][A

tin/rn18/sharp/sl/ipc50 s45:  13%|█▎        | 38/300 [25:37<2:56:38, 40.45s/ep][A

tin/rn18/sharp/sl/ipc50 s45:  13%|█▎        | 39/300 [26:17<2:55:58, 40.45s/ep][A

tin/rn18/sharp/sl/ipc50 s45:  13%|█▎        | 40/300 [26:58<2:55:18, 40.46s/ep][A

tin/rn18/sharp/sl/ipc50 s45:  14%|█▎        | 41/300 [27:38<2:54:38, 40.46s/ep][A

tin/rn18/sharp/sl/ipc50 s45:  14%|█▍        | 42/300 [28:19<2:53:57, 40.46s/ep][A

tin/rn18/sharp/sl/ipc50 s45:  14%|█▍        | 43/300 [28:59<2:53:17, 40.46s/ep][A

tin/rn18/sharp/sl/ipc50 s45:  15%|█▍        | 44/300 [29:39<2:52:37, 40.46s/ep][A

tin/rn18/sharp/sl/ipc50 s45:  15%|█▌        | 45/300 [30:20<2:51:55, 40.45s/ep][A

tin/rn18/sharp/sl/ipc50 s45:  15%|█▌        | 46/300 [31:00<2:51:15, 40.46s/ep][A

tin/rn18/sharp/sl/ipc50 s45:  16%|█▌        | 47/300 [31:41<2:50:34, 40.45s/ep][A

tin/rn18/sharp/sl/ipc50 s45:  16%|█▌        | 48/300 [32:21<2:49:55, 40.46s/ep][A

tin/rn18/sharp/sl/ipc50 s45:  16%|█▋        | 49/300 [33:02<2:49:15, 40.46s/ep][A

tin/rn18/sharp/sl/ipc50 s45:  17%|█▋        | 50/300 [33:42<2:48:35, 40.46s/ep][A

tin/rn18/sharp/sl/ipc50 s45:  17%|█▋        | 51/300 [34:23<2:47:56, 40.47s/ep][A

tin/rn18/sharp/sl/ipc50 s45:  17%|█▋        | 52/300 [35:03<2:47:13, 40.46s/ep][A

tin/rn18/sharp/sl/ipc50 s45:  18%|█▊        | 53/300 [35:44<2:46:33, 40.46s/ep][A

tin/rn18/sharp/sl/ipc50 s45:  18%|█▊        | 54/300 [36:24<2:45:52, 40.46s/ep][A

tin/rn18/sharp/sl/ipc50 s45:  18%|█▊        | 55/300 [37:04<2:45:10, 40.45s/ep][A

tin/rn18/sharp/sl/ipc50 s45:  19%|█▊        | 56/300 [37:45<2:44:31, 40.46s/ep][A

tin/rn18/sharp/sl/ipc50 s45:  19%|█▉        | 57/300 [38:25<2:43:51, 40.46s/ep][A

tin/rn18/sharp/sl/ipc50 s45:  19%|█▉        | 58/300 [39:06<2:43:12, 40.46s/ep][A

tin/rn18/sharp/sl/ipc50 s45:  20%|█▉        | 59/300 [39:46<2:42:31, 40.46s/ep][A

tin/rn18/sharp/sl/ipc50 s45:  20%|██        | 60/300 [40:27<2:41:49, 40.45s/ep][A

tin/rn18/sharp/sl/ipc50 s45:  20%|██        | 61/300 [41:07<2:41:09, 40.46s/ep][A

tin/rn18/sharp/sl/ipc50 s45:  21%|██        | 62/300 [41:48<2:40:29, 40.46s/ep][A

tin/rn18/sharp/sl/ipc50 s45:  21%|██        | 63/300 [42:28<2:39:48, 40.46s/ep][A

tin/rn18/sharp/sl/ipc50 s45:  21%|██▏       | 64/300 [43:09<2:39:07, 40.46s/ep][A

tin/rn18/sharp/sl/ipc50 s45:  22%|██▏       | 65/300 [43:49<2:38:27, 40.46s/ep][A

tin/rn18/sharp/sl/ipc50 s45:  22%|██▏       | 66/300 [44:30<2:37:47, 40.46s/ep][A

tin/rn18/sharp/sl/ipc50 s45:  22%|██▏       | 67/300 [45:10<2:37:05, 40.45s/ep][A

tin/rn18/sharp/sl/ipc50 s45:  23%|██▎       | 68/300 [45:50<2:36:26, 40.46s/ep][A

tin/rn18/sharp/sl/ipc50 s45:  23%|██▎       | 69/300 [46:31<2:35:46, 40.46s/ep][A

tin/rn18/sharp/sl/ipc50 s45:  23%|██▎       | 70/300 [47:11<2:35:06, 40.46s/ep][A

tin/rn18/sharp/sl/ipc50 s45:  24%|██▎       | 71/300 [47:52<2:34:24, 40.46s/ep][A

tin/rn18/sharp/sl/ipc50 s45:  24%|██▍       | 72/300 [48:32<2:33:45, 40.46s/ep][A

tin/rn18/sharp/sl/ipc50 s45:  24%|██▍       | 73/300 [49:13<2:33:04, 40.46s/ep][A

tin/rn18/sharp/sl/ipc50 s45:  25%|██▍       | 74/300 [49:53<2:32:24, 40.46s/ep][A

tin/rn18/sharp/sl/ipc50 s45:  25%|██▌       | 75/300 [50:34<2:31:43, 40.46s/ep][A

tin/rn18/sharp/sl/ipc50 s45:  25%|██▌       | 76/300 [51:14<2:31:00, 40.45s/ep][A

tin/rn18/sharp/sl/ipc50 s45:  26%|██▌       | 77/300 [51:55<2:30:18, 40.44s/ep][A

tin/rn18/sharp/sl/ipc50 s45:  26%|██▌       | 78/300 [52:35<2:29:38, 40.44s/ep][A

tin/rn18/sharp/sl/ipc50 s45:  26%|██▋       | 79/300 [53:15<2:28:58, 40.45s/ep][A

tin/rn18/sharp/sl/ipc50 s45:  27%|██▋       | 80/300 [53:56<2:28:17, 40.44s/ep][A

tin/rn18/sharp/sl/ipc50 s45:  27%|██▋       | 81/300 [54:36<2:27:37, 40.45s/ep][A

tin/rn18/sharp/sl/ipc50 s45:  27%|██▋       | 82/300 [55:17<2:26:57, 40.45s/ep][A

tin/rn18/sharp/sl/ipc50 s45:  28%|██▊       | 83/300 [55:57<2:26:19, 40.46s/ep][A

tin/rn18/sharp/sl/ipc50 s45:  28%|██▊       | 84/300 [56:38<2:25:39, 40.46s/ep][A

tin/rn18/sharp/sl/ipc50 s45:  28%|██▊       | 85/300 [57:18<2:24:58, 40.46s/ep][A

tin/rn18/sharp/sl/ipc50 s45:  29%|██▊       | 86/300 [57:59<2:24:17, 40.46s/ep][A

tin/rn18/sharp/sl/ipc50 s45:  29%|██▉       | 87/300 [58:39<2:23:37, 40.46s/ep][A

tin/rn18/sharp/sl/ipc50 s45:  29%|██▉       | 88/300 [59:20<2:22:56, 40.46s/ep][A

tin/rn18/sharp/sl/ipc50 s45:  30%|██▉       | 89/300 [1:00:00<2:22:16, 40.46s/ep][A

tin/rn18/sharp/sl/ipc50 s45:  30%|███       | 90/300 [1:00:40<2:21:35, 40.46s/ep][A

tin/rn18/sharp/sl/ipc50 s45:  30%|███       | 91/300 [1:01:21<2:20:54, 40.45s/ep][A

tin/rn18/sharp/sl/ipc50 s45:  31%|███       | 92/300 [1:02:01<2:20:14, 40.46s/ep][A

tin/rn18/sharp/sl/ipc50 s45:  31%|███       | 93/300 [1:02:42<2:19:34, 40.46s/ep][A

tin/rn18/sharp/sl/ipc50 s45:  31%|███▏      | 94/300 [1:03:22<2:18:54, 40.46s/ep][A

tin/rn18/sharp/sl/ipc50 s45:  32%|███▏      | 95/300 [1:04:03<2:18:14, 40.46s/ep][A

tin/rn18/sharp/sl/ipc50 s45:  32%|███▏      | 96/300 [1:04:43<2:17:34, 40.46s/ep][A

tin/rn18/sharp/sl/ipc50 s45:  32%|███▏      | 97/300 [1:05:24<2:16:54, 40.46s/ep][A

tin/rn18/sharp/sl/ipc50 s45:  33%|███▎      | 98/300 [1:06:04<2:16:12, 40.46s/ep][A

tin/rn18/sharp/sl/ipc50 s45:  33%|███▎      | 99/300 [1:06:45<2:15:31, 40.45s/ep][A

tin/rn18/sharp/sl/ipc50 s45:  33%|███▎      | 100/300 [1:07:25<2:14:50, 40.45s/ep][A

tin/rn18/sharp/sl/ipc50 s45:  34%|███▎      | 101/300 [1:08:05<2:14:09, 40.45s/ep][A

tin/rn18/sharp/sl/ipc50 s45:  34%|███▍      | 102/300 [1:08:46<2:13:29, 40.45s/ep][A

tin/rn18/sharp/sl/ipc50 s45:  34%|███▍      | 103/300 [1:09:26<2:12:48, 40.45s/ep][A

tin/rn18/sharp/sl/ipc50 s45:  35%|███▍      | 104/300 [1:10:07<2:12:07, 40.45s/ep][A

tin/rn18/sharp/sl/ipc50 s45:  35%|███▌      | 105/300 [1:10:47<2:11:27, 40.45s/ep][A

tin/rn18/sharp/sl/ipc50 s45:  35%|███▌      | 106/300 [1:11:28<2:10:48, 40.46s/ep][A

tin/rn18/sharp/sl/ipc50 s45:  36%|███▌      | 107/300 [1:12:08<2:10:06, 40.45s/ep][A

tin/rn18/sharp/sl/ipc50 s45:  36%|███▌      | 108/300 [1:12:49<2:09:26, 40.45s/ep][A

tin/rn18/sharp/sl/ipc50 s45:  36%|███▋      | 109/300 [1:13:29<2:08:46, 40.45s/ep][A

tin/rn18/sharp/sl/ipc50 s45:  37%|███▋      | 110/300 [1:14:10<2:08:07, 40.46s/ep][A

tin/rn18/sharp/sl/ipc50 s45:  37%|███▋      | 111/300 [1:14:50<2:07:26, 40.46s/ep][A

tin/rn18/sharp/sl/ipc50 s45:  37%|███▋      | 112/300 [1:15:30<2:06:45, 40.46s/ep][A

tin/rn18/sharp/sl/ipc50 s45:  38%|███▊      | 113/300 [1:16:11<2:06:03, 40.45s/ep][A

tin/rn18/sharp/sl/ipc50 s45:  38%|███▊      | 114/300 [1:16:51<2:05:24, 40.46s/ep][A

tin/rn18/sharp/sl/ipc50 s45:  38%|███▊      | 115/300 [1:17:32<2:04:43, 40.45s/ep][A

tin/rn18/sharp/sl/ipc50 s45:  39%|███▊      | 116/300 [1:18:12<2:04:03, 40.45s/ep][A

tin/rn18/sharp/sl/ipc50 s45:  39%|███▉      | 117/300 [1:18:53<2:03:23, 40.45s/ep][A

tin/rn18/sharp/sl/ipc50 s45:  39%|███▉      | 118/300 [1:19:33<2:02:42, 40.46s/ep][A

tin/rn18/sharp/sl/ipc50 s45:  40%|███▉      | 119/300 [1:20:14<2:02:02, 40.46s/ep][A

tin/rn18/sharp/sl/ipc50 s45:  40%|████      | 120/300 [1:20:54<2:01:22, 40.46s/ep][A

tin/rn18/sharp/sl/ipc50 s45:  40%|████      | 121/300 [1:21:35<2:00:40, 40.45s/ep][A

tin/rn18/sharp/sl/ipc50 s45:  41%|████      | 122/300 [1:22:15<2:00:02, 40.46s/ep][A

tin/rn18/sharp/sl/ipc50 s45:  41%|████      | 123/300 [1:22:55<1:59:21, 40.46s/ep][A

tin/rn18/sharp/sl/ipc50 s45:  41%|████▏     | 124/300 [1:23:36<1:58:40, 40.46s/ep][A

tin/rn18/sharp/sl/ipc50 s45:  42%|████▏     | 125/300 [1:24:16<1:57:59, 40.46s/ep][A

tin/rn18/sharp/sl/ipc50 s45:  42%|████▏     | 126/300 [1:24:57<1:57:19, 40.46s/ep][A

tin/rn18/sharp/sl/ipc50 s45:  42%|████▏     | 127/300 [1:25:37<1:56:39, 40.46s/ep][A

tin/rn18/sharp/sl/ipc50 s45:  43%|████▎     | 128/300 [1:26:18<1:55:58, 40.46s/ep][A

tin/rn18/sharp/sl/ipc50 s45:  43%|████▎     | 129/300 [1:26:58<1:55:17, 40.46s/ep][A

tin/rn18/sharp/sl/ipc50 s45:  43%|████▎     | 130/300 [1:27:39<1:54:37, 40.46s/ep][A

tin/rn18/sharp/sl/ipc50 s45:  44%|████▎     | 131/300 [1:28:19<1:53:56, 40.45s/ep][A

tin/rn18/sharp/sl/ipc50 s45:  44%|████▍     | 132/300 [1:29:00<1:53:16, 40.46s/ep][A

tin/rn18/sharp/sl/ipc50 s45:  44%|████▍     | 133/300 [1:29:40<1:52:36, 40.46s/ep][A

tin/rn18/sharp/sl/ipc50 s45:  45%|████▍     | 134/300 [1:30:20<1:51:54, 40.45s/ep][A

tin/rn18/sharp/sl/ipc50 s45:  45%|████▌     | 135/300 [1:31:01<1:51:14, 40.45s/ep][A

tin/rn18/sharp/sl/ipc50 s45:  45%|████▌     | 136/300 [1:31:41<1:50:35, 40.46s/ep][A

tin/rn18/sharp/sl/ipc50 s45:  46%|████▌     | 137/300 [1:32:22<1:49:55, 40.46s/ep][A

tin/rn18/sharp/sl/ipc50 s45:  46%|████▌     | 138/300 [1:33:02<1:49:12, 40.45s/ep][A

tin/rn18/sharp/sl/ipc50 s45:  46%|████▋     | 139/300 [1:33:43<1:48:32, 40.45s/ep][A

tin/rn18/sharp/sl/ipc50 s45:  47%|████▋     | 140/300 [1:34:23<1:47:52, 40.45s/ep][A

tin/rn18/sharp/sl/ipc50 s45:  47%|████▋     | 141/300 [1:35:04<1:47:12, 40.45s/ep][A

tin/rn18/sharp/sl/ipc50 s45:  47%|████▋     | 142/300 [1:35:44<1:46:32, 40.46s/ep][A

tin/rn18/sharp/sl/ipc50 s45:  48%|████▊     | 143/300 [1:36:25<1:45:52, 40.46s/ep][A

tin/rn18/sharp/sl/ipc50 s45:  48%|████▊     | 144/300 [1:37:05<1:45:10, 40.45s/ep][A

tin/rn18/sharp/sl/ipc50 s45:  48%|████▊     | 145/300 [1:37:45<1:44:30, 40.45s/ep][A

tin/rn18/sharp/sl/ipc50 s45:  49%|████▊     | 146/300 [1:38:26<1:43:49, 40.45s/ep][A

tin/rn18/sharp/sl/ipc50 s45:  49%|████▉     | 147/300 [1:39:06<1:43:10, 40.46s/ep][A

tin/rn18/sharp/sl/ipc50 s45:  49%|████▉     | 148/300 [1:39:47<1:42:29, 40.46s/ep][A

tin/rn18/sharp/sl/ipc50 s45:  50%|████▉     | 149/300 [1:40:27<1:41:48, 40.45s/ep][A

tin/rn18/sharp/sl/ipc50 s45:  50%|█████     | 150/300 [1:41:08<1:41:08, 40.45s/ep][A

tin/rn18/sharp/sl/ipc50 s45:  50%|█████     | 151/300 [1:41:48<1:40:27, 40.45s/ep][A

tin/rn18/sharp/sl/ipc50 s45:  51%|█████     | 152/300 [1:42:29<1:39:47, 40.45s/ep][A

tin/rn18/sharp/sl/ipc50 s45:  51%|█████     | 153/300 [1:43:09<1:39:06, 40.45s/ep][A

tin/rn18/sharp/sl/ipc50 s45:  51%|█████▏    | 154/300 [1:43:50<1:38:25, 40.45s/ep][A

tin/rn18/sharp/sl/ipc50 s45:  52%|█████▏    | 155/300 [1:44:30<1:37:45, 40.45s/ep][A

tin/rn18/sharp/sl/ipc50 s45:  52%|█████▏    | 156/300 [1:45:10<1:37:04, 40.45s/ep][A

tin/rn18/sharp/sl/ipc50 s45:  52%|█████▏    | 157/300 [1:45:51<1:36:24, 40.45s/ep][A

tin/rn18/sharp/sl/ipc50 s45:  53%|█████▎    | 158/300 [1:46:31<1:35:43, 40.45s/ep][A

tin/rn18/sharp/sl/ipc50 s45:  53%|█████▎    | 159/300 [1:47:12<1:35:02, 40.45s/ep][A

tin/rn18/sharp/sl/ipc50 s45:  53%|█████▎    | 160/300 [1:47:52<1:34:22, 40.44s/ep][A

tin/rn18/sharp/sl/ipc50 s45:  54%|█████▎    | 161/300 [1:48:33<1:33:41, 40.45s/ep][A

tin/rn18/sharp/sl/ipc50 s45:  54%|█████▍    | 162/300 [1:49:13<1:33:02, 40.45s/ep][A

tin/rn18/sharp/sl/ipc50 s45:  54%|█████▍    | 163/300 [1:49:54<1:32:22, 40.45s/ep][A

tin/rn18/sharp/sl/ipc50 s45:  55%|█████▍    | 164/300 [1:50:34<1:31:40, 40.45s/ep][A

tin/rn18/sharp/sl/ipc50 s45:  55%|█████▌    | 165/300 [1:51:14<1:31:00, 40.45s/ep][A

tin/rn18/sharp/sl/ipc50 s45:  55%|█████▌    | 166/300 [1:51:55<1:30:20, 40.45s/ep][A

tin/rn18/sharp/sl/ipc50 s45:  56%|█████▌    | 167/300 [1:52:35<1:29:39, 40.45s/ep][A

tin/rn18/sharp/sl/ipc50 s45:  56%|█████▌    | 168/300 [1:53:16<1:28:59, 40.45s/ep][A

tin/rn18/sharp/sl/ipc50 s45:  56%|█████▋    | 169/300 [1:53:56<1:28:19, 40.45s/ep][A

tin/rn18/sharp/sl/ipc50 s45:  57%|█████▋    | 170/300 [1:54:37<1:27:38, 40.45s/ep][A

tin/rn18/sharp/sl/ipc50 s45:  57%|█████▋    | 171/300 [1:55:17<1:26:58, 40.45s/ep][A

tin/rn18/sharp/sl/ipc50 s45:  57%|█████▋    | 172/300 [1:55:58<1:26:18, 40.45s/ep][A

tin/rn18/sharp/sl/ipc50 s45:  58%|█████▊    | 173/300 [1:56:38<1:25:38, 40.46s/ep][A

tin/rn18/sharp/sl/ipc50 s45:  58%|█████▊    | 174/300 [1:57:19<1:24:56, 40.45s/ep][A

tin/rn18/sharp/sl/ipc50 s45:  58%|█████▊    | 175/300 [1:57:59<1:24:16, 40.45s/ep][A

tin/rn18/sharp/sl/ipc50 s45:  59%|█████▊    | 176/300 [1:58:39<1:23:35, 40.45s/ep][A

tin/rn18/sharp/sl/ipc50 s45:  59%|█████▉    | 177/300 [1:59:20<1:22:55, 40.45s/ep][A

tin/rn18/sharp/sl/ipc50 s45:  59%|█████▉    | 178/300 [2:00:00<1:22:15, 40.45s/ep][A

tin/rn18/sharp/sl/ipc50 s45:  60%|█████▉    | 179/300 [2:00:41<1:21:35, 40.46s/ep][A

tin/rn18/sharp/sl/ipc50 s45:  60%|██████    | 180/300 [2:01:21<1:20:55, 40.46s/ep][A

tin/rn18/sharp/sl/ipc50 s45:  60%|██████    | 181/300 [2:02:02<1:20:14, 40.46s/ep][A

tin/rn18/sharp/sl/ipc50 s45:  61%|██████    | 182/300 [2:02:42<1:19:33, 40.46s/ep][A

tin/rn18/sharp/sl/ipc50 s45:  61%|██████    | 183/300 [2:03:23<1:18:53, 40.46s/ep][A

tin/rn18/sharp/sl/ipc50 s45:  61%|██████▏   | 184/300 [2:04:03<1:18:12, 40.45s/ep][A

tin/rn18/sharp/sl/ipc50 s45:  62%|██████▏   | 185/300 [2:04:44<1:17:31, 40.45s/ep][A

tin/rn18/sharp/sl/ipc50 s45:  62%|██████▏   | 186/300 [2:05:24<1:16:51, 40.45s/ep][A

tin/rn18/sharp/sl/ipc50 s45:  62%|██████▏   | 187/300 [2:06:04<1:16:11, 40.45s/ep][A

tin/rn18/sharp/sl/ipc50 s45:  63%|██████▎   | 188/300 [2:06:45<1:15:30, 40.45s/ep][A

tin/rn18/sharp/sl/ipc50 s45:  63%|██████▎   | 189/300 [2:07:25<1:14:50, 40.46s/ep][A

tin/rn18/sharp/sl/ipc50 s45:  63%|██████▎   | 190/300 [2:08:06<1:14:10, 40.46s/ep][A

tin/rn18/sharp/sl/ipc50 s45:  64%|██████▎   | 191/300 [2:08:46<1:13:30, 40.46s/ep][A

tin/rn18/sharp/sl/ipc50 s45:  64%|██████▍   | 192/300 [2:09:27<1:12:49, 40.46s/ep][A

tin/rn18/sharp/sl/ipc50 s45:  64%|██████▍   | 193/300 [2:10:07<1:12:08, 40.46s/ep][A

tin/rn18/sharp/sl/ipc50 s45:  65%|██████▍   | 194/300 [2:10:48<1:11:27, 40.45s/ep][A

tin/rn18/sharp/sl/ipc50 s45:  65%|██████▌   | 195/300 [2:11:28<1:10:47, 40.45s/ep][A

tin/rn18/sharp/sl/ipc50 s45:  65%|██████▌   | 196/300 [2:12:09<1:10:06, 40.45s/ep][A

tin/rn18/sharp/sl/ipc50 s45:  66%|██████▌   | 197/300 [2:12:49<1:09:26, 40.45s/ep][A

tin/rn18/sharp/sl/ipc50 s45:  66%|██████▌   | 198/300 [2:13:29<1:08:46, 40.45s/ep][A

tin/rn18/sharp/sl/ipc50 s45:  66%|██████▋   | 199/300 [2:14:10<1:08:05, 40.45s/ep][A

tin/rn18/sharp/sl/ipc50 s45:  67%|██████▋   | 200/300 [2:14:50<1:07:24, 40.45s/ep][A

tin/rn18/sharp/sl/ipc50 s45:  67%|██████▋   | 201/300 [2:15:31<1:06:44, 40.45s/ep][A

tin/rn18/sharp/sl/ipc50 s45:  67%|██████▋   | 202/300 [2:16:11<1:06:03, 40.45s/ep][A

tin/rn18/sharp/sl/ipc50 s45:  68%|██████▊   | 203/300 [2:16:52<1:05:23, 40.45s/ep][A

tin/rn18/sharp/sl/ipc50 s45:  68%|██████▊   | 204/300 [2:17:32<1:04:43, 40.45s/ep][A

tin/rn18/sharp/sl/ipc50 s45:  68%|██████▊   | 205/300 [2:18:13<1:04:03, 40.45s/ep][A

tin/rn18/sharp/sl/ipc50 s45:  69%|██████▊   | 206/300 [2:18:53<1:03:22, 40.46s/ep][A

tin/rn18/sharp/sl/ipc50 s45:  69%|██████▉   | 207/300 [2:19:34<1:02:42, 40.46s/ep][A

tin/rn18/sharp/sl/ipc50 s45:  69%|██████▉   | 208/300 [2:20:14<1:02:02, 40.46s/ep][A

tin/rn18/sharp/sl/ipc50 s45:  70%|██████▉   | 209/300 [2:20:54<1:01:21, 40.45s/ep][A

tin/rn18/sharp/sl/ipc50 s45:  70%|███████   | 210/300 [2:21:35<1:00:40, 40.45s/ep][A

tin/rn18/sharp/sl/ipc50 s45:  70%|███████   | 211/300 [2:22:15<59:59, 40.45s/ep]  [A

tin/rn18/sharp/sl/ipc50 s45:  71%|███████   | 212/300 [2:22:56<59:19, 40.45s/ep][A

tin/rn18/sharp/sl/ipc50 s45:  71%|███████   | 213/300 [2:23:36<58:39, 40.45s/ep][A

tin/rn18/sharp/sl/ipc50 s45:  71%|███████▏  | 214/300 [2:24:17<57:58, 40.44s/ep][A

tin/rn18/sharp/sl/ipc50 s45:  72%|███████▏  | 215/300 [2:24:57<57:16, 40.43s/ep][A

tin/rn18/sharp/sl/ipc50 s45:  72%|███████▏  | 216/300 [2:25:37<56:36, 40.44s/ep][A

tin/rn18/sharp/sl/ipc50 s45:  72%|███████▏  | 217/300 [2:26:18<55:57, 40.45s/ep][A

tin/rn18/sharp/sl/ipc50 s45:  73%|███████▎  | 218/300 [2:26:58<55:16, 40.45s/ep][A

tin/rn18/sharp/sl/ipc50 s45:  73%|███████▎  | 219/300 [2:27:39<54:36, 40.45s/ep][A

tin/rn18/sharp/sl/ipc50 s45:  73%|███████▎  | 220/300 [2:28:19<53:55, 40.45s/ep][A

tin/rn18/sharp/sl/ipc50 s45:  74%|███████▎  | 221/300 [2:29:00<53:15, 40.45s/ep][A

tin/rn18/sharp/sl/ipc50 s45:  74%|███████▍  | 222/300 [2:29:40<52:35, 40.45s/ep][A

tin/rn18/sharp/sl/ipc50 s45:  74%|███████▍  | 223/300 [2:30:21<51:54, 40.45s/ep][A

tin/rn18/sharp/sl/ipc50 s45:  75%|███████▍  | 224/300 [2:31:01<51:14, 40.45s/ep][A

tin/rn18/sharp/sl/ipc50 s45:  75%|███████▌  | 225/300 [2:31:42<50:33, 40.45s/ep][A

tin/rn18/sharp/sl/ipc50 s45:  75%|███████▌  | 226/300 [2:32:22<49:53, 40.45s/ep][A

tin/rn18/sharp/sl/ipc50 s45:  76%|███████▌  | 227/300 [2:33:02<49:12, 40.45s/ep][A

tin/rn18/sharp/sl/ipc50 s45:  76%|███████▌  | 228/300 [2:33:43<48:31, 40.44s/ep][A

tin/rn18/sharp/sl/ipc50 s45:  76%|███████▋  | 229/300 [2:34:23<47:51, 40.44s/ep][A

tin/rn18/sharp/sl/ipc50 s45:  77%|███████▋  | 230/300 [2:35:04<47:11, 40.44s/ep][A

tin/rn18/sharp/sl/ipc50 s45:  77%|███████▋  | 231/300 [2:35:44<46:30, 40.45s/ep][A

tin/rn18/sharp/sl/ipc50 s45:  77%|███████▋  | 232/300 [2:36:25<45:50, 40.45s/ep][A

tin/rn18/sharp/sl/ipc50 s45:  78%|███████▊  | 233/300 [2:37:05<45:10, 40.45s/ep][A

tin/rn18/sharp/sl/ipc50 s45:  78%|███████▊  | 234/300 [2:37:46<44:29, 40.45s/ep][A

tin/rn18/sharp/sl/ipc50 s45:  78%|███████▊  | 235/300 [2:38:26<43:49, 40.45s/ep][A

tin/rn18/sharp/sl/ipc50 s45:  79%|███████▊  | 236/300 [2:39:06<43:08, 40.45s/ep][A

tin/rn18/sharp/sl/ipc50 s45:  79%|███████▉  | 237/300 [2:39:47<42:28, 40.45s/ep][A

tin/rn18/sharp/sl/ipc50 s45:  79%|███████▉  | 238/300 [2:40:27<41:47, 40.45s/ep][A

tin/rn18/sharp/sl/ipc50 s45:  80%|███████▉  | 239/300 [2:41:08<41:07, 40.45s/ep][A

tin/rn18/sharp/sl/ipc50 s45:  80%|████████  | 240/300 [2:41:48<40:26, 40.45s/ep][A

tin/rn18/sharp/sl/ipc50 s45:  80%|████████  | 241/300 [2:42:29<39:46, 40.45s/ep][A

tin/rn18/sharp/sl/ipc50 s45:  81%|████████  | 242/300 [2:43:09<39:06, 40.45s/ep][A

tin/rn18/sharp/sl/ipc50 s45:  81%|████████  | 243/300 [2:43:50<38:26, 40.46s/ep][A

tin/rn18/sharp/sl/ipc50 s45:  81%|████████▏ | 244/300 [2:44:30<37:45, 40.45s/ep][A

tin/rn18/sharp/sl/ipc50 s45:  82%|████████▏ | 245/300 [2:45:11<37:04, 40.45s/ep][A

tin/rn18/sharp/sl/ipc50 s45:  82%|████████▏ | 246/300 [2:45:51<36:24, 40.45s/ep][A

tin/rn18/sharp/sl/ipc50 s45:  82%|████████▏ | 247/300 [2:46:31<35:43, 40.45s/ep][A

tin/rn18/sharp/sl/ipc50 s45:  83%|████████▎ | 248/300 [2:47:12<35:02, 40.44s/ep][A

tin/rn18/sharp/sl/ipc50 s45:  83%|████████▎ | 249/300 [2:47:52<34:22, 40.45s/ep][A

tin/rn18/sharp/sl/ipc50 s45:  83%|████████▎ | 250/300 [2:48:33<33:42, 40.44s/ep][A

tin/rn18/sharp/sl/ipc50 s45:  84%|████████▎ | 251/300 [2:49:13<33:01, 40.45s/ep][A

tin/rn18/sharp/sl/ipc50 s45:  84%|████████▍ | 252/300 [2:49:54<32:21, 40.45s/ep][A

tin/rn18/sharp/sl/ipc50 s45:  84%|████████▍ | 253/300 [2:50:34<31:41, 40.45s/ep][A

tin/rn18/sharp/sl/ipc50 s45:  85%|████████▍ | 254/300 [2:51:15<31:00, 40.45s/ep][A

tin/rn18/sharp/sl/ipc50 s45:  85%|████████▌ | 255/300 [2:51:55<30:20, 40.45s/ep][A

tin/rn18/sharp/sl/ipc50 s45:  85%|████████▌ | 256/300 [2:52:35<29:39, 40.45s/ep][A

tin/rn18/sharp/sl/ipc50 s45:  86%|████████▌ | 257/300 [2:53:16<28:59, 40.45s/ep][A

tin/rn18/sharp/sl/ipc50 s45:  86%|████████▌ | 258/300 [2:53:56<28:18, 40.44s/ep][A

tin/rn18/sharp/sl/ipc50 s45:  86%|████████▋ | 259/300 [2:54:37<27:38, 40.45s/ep][A

tin/rn18/sharp/sl/ipc50 s45:  87%|████████▋ | 260/300 [2:55:17<26:57, 40.45s/ep][A

tin/rn18/sharp/sl/ipc50 s45:  87%|████████▋ | 261/300 [2:55:58<26:17, 40.46s/ep][A

tin/rn18/sharp/sl/ipc50 s45:  87%|████████▋ | 262/300 [2:56:38<25:37, 40.45s/ep][A

tin/rn18/sharp/sl/ipc50 s45:  88%|████████▊ | 263/300 [2:57:19<24:56, 40.45s/ep][A

tin/rn18/sharp/sl/ipc50 s45:  88%|████████▊ | 264/300 [2:57:59<24:16, 40.46s/ep][A

tin/rn18/sharp/sl/ipc50 s45:  88%|████████▊ | 265/300 [2:58:40<23:35, 40.45s/ep][A

tin/rn18/sharp/sl/ipc50 s45:  89%|████████▊ | 266/300 [2:59:20<22:55, 40.45s/ep][A

tin/rn18/sharp/sl/ipc50 s45:  89%|████████▉ | 267/300 [3:00:00<22:14, 40.45s/ep][A

tin/rn18/sharp/sl/ipc50 s45:  89%|████████▉ | 268/300 [3:00:41<21:34, 40.45s/ep][A

tin/rn18/sharp/sl/ipc50 s45:  90%|████████▉ | 269/300 [3:01:21<20:54, 40.46s/ep][A

tin/rn18/sharp/sl/ipc50 s45:  90%|█████████ | 270/300 [3:02:02<20:13, 40.45s/ep][A

tin/rn18/sharp/sl/ipc50 s45:  90%|█████████ | 271/300 [3:02:42<19:33, 40.45s/ep][A

tin/rn18/sharp/sl/ipc50 s45:  91%|█████████ | 272/300 [3:03:23<18:52, 40.45s/ep][A

tin/rn18/sharp/sl/ipc50 s45:  91%|█████████ | 273/300 [3:04:03<18:12, 40.45s/ep][A

tin/rn18/sharp/sl/ipc50 s45:  91%|█████████▏| 274/300 [3:04:44<17:31, 40.45s/ep][A

tin/rn18/sharp/sl/ipc50 s45:  92%|█████████▏| 275/300 [3:05:24<16:50, 40.44s/ep][A

tin/rn18/sharp/sl/ipc50 s45:  92%|█████████▏| 276/300 [3:06:04<16:10, 40.45s/ep][A

tin/rn18/sharp/sl/ipc50 s45:  92%|█████████▏| 277/300 [3:06:45<15:30, 40.45s/ep][A

tin/rn18/sharp/sl/ipc50 s45:  93%|█████████▎| 278/300 [3:07:25<14:50, 40.46s/ep][A

tin/rn18/sharp/sl/ipc50 s45:  93%|█████████▎| 279/300 [3:08:06<14:09, 40.46s/ep][A

tin/rn18/sharp/sl/ipc50 s45:  93%|█████████▎| 280/300 [3:08:46<13:28, 40.45s/ep][A

tin/rn18/sharp/sl/ipc50 s45:  94%|█████████▎| 281/300 [3:09:27<12:48, 40.45s/ep][A

tin/rn18/sharp/sl/ipc50 s45:  94%|█████████▍| 282/300 [3:10:07<12:08, 40.46s/ep][A

tin/rn18/sharp/sl/ipc50 s45:  94%|█████████▍| 283/300 [3:10:48<11:27, 40.46s/ep][A

tin/rn18/sharp/sl/ipc50 s45:  95%|█████████▍| 284/300 [3:11:28<10:47, 40.46s/ep][A

tin/rn18/sharp/sl/ipc50 s45:  95%|█████████▌| 285/300 [3:12:09<10:06, 40.45s/ep][A

tin/rn18/sharp/sl/ipc50 s45:  95%|█████████▌| 286/300 [3:12:49<09:26, 40.45s/ep][A

tin/rn18/sharp/sl/ipc50 s45:  96%|█████████▌| 287/300 [3:13:29<08:45, 40.45s/ep][A

tin/rn18/sharp/sl/ipc50 s45:  96%|█████████▌| 288/300 [3:14:10<08:05, 40.45s/ep][A

tin/rn18/sharp/sl/ipc50 s45:  96%|█████████▋| 289/300 [3:14:50<07:24, 40.44s/ep][A

tin/rn18/sharp/sl/ipc50 s45:  97%|█████████▋| 290/300 [3:15:31<06:44, 40.44s/ep][A

tin/rn18/sharp/sl/ipc50 s45:  97%|█████████▋| 291/300 [3:16:11<06:03, 40.44s/ep][A

tin/rn18/sharp/sl/ipc50 s45:  97%|█████████▋| 292/300 [3:16:52<05:23, 40.44s/ep][A

tin/rn18/sharp/sl/ipc50 s45:  98%|█████████▊| 293/300 [3:17:32<04:43, 40.45s/ep][A

tin/rn18/sharp/sl/ipc50 s45:  98%|█████████▊| 294/300 [3:18:13<04:02, 40.45s/ep][A

tin/rn18/sharp/sl/ipc50 s45:  98%|█████████▊| 295/300 [3:18:53<03:22, 40.45s/ep][A

tin/rn18/sharp/sl/ipc50 s45:  99%|█████████▊| 296/300 [3:19:33<02:41, 40.46s/ep][A

tin/rn18/sharp/sl/ipc50 s45:  99%|█████████▉| 297/300 [3:20:14<02:01, 40.46s/ep][A

tin/rn18/sharp/sl/ipc50 s45:  99%|█████████▉| 298/300 [3:20:54<01:20, 40.46s/ep][A

tin/rn18/sharp/sl/ipc50 s45: 100%|█████████▉| 299/300 [3:21:35<00:40, 40.46s/ep][A

tin/rn18/sharp/sl/ipc50 s45: 100%|██████████| 300/300 [3:22:15<00:00, 40.46s/ep][A

                                                                                [A[cell] tin/rn18/sharp/sl/ipc50 seed45: 36.71%  (12148s)


tin/rn18/sharp/sl/ipc50 s46:   0%|          | 0/300 [00:00<?, ?ep/s][A

tin/rn18/sharp/sl/ipc50 s46:   0%|          | 1/300 [00:40<3:21:44, 40.48s/ep][A

tin/rn18/sharp/sl/ipc50 s46:   1%|          | 2/300 [01:20<3:20:56, 40.46s/ep][A

tin/rn18/sharp/sl/ipc50 s46:   1%|          | 3/300 [02:01<3:20:15, 40.46s/ep][A

tin/rn18/sharp/sl/ipc50 s46:   1%|▏         | 4/300 [02:41<3:19:33, 40.45s/ep][A

tin/rn18/sharp/sl/ipc50 s46:   2%|▏         | 5/300 [03:22<3:18:51, 40.45s/ep][A

tin/rn18/sharp/sl/ipc50 s46:   2%|▏         | 6/300 [04:02<3:18:13, 40.45s/ep][A

tin/rn18/sharp/sl/ipc50 s46:   2%|▏         | 7/300 [04:43<3:17:32, 40.45s/ep][A

tin/rn18/sharp/sl/ipc50 s46:   3%|▎         | 8/300 [05:23<3:16:51, 40.45s/ep][A

tin/rn18/sharp/sl/ipc50 s46:   3%|▎         | 9/300 [06:04<3:16:10, 40.45s/ep][A

tin/rn18/sharp/sl/ipc50 s46:   3%|▎         | 10/300 [06:44<3:15:31, 40.45s/ep][A

tin/rn18/sharp/sl/ipc50 s46:   4%|▎         | 11/300 [07:24<3:14:48, 40.44s/ep][A

tin/rn18/sharp/sl/ipc50 s46:   4%|▍         | 12/300 [08:05<3:14:10, 40.45s/ep][A

tin/rn18/sharp/sl/ipc50 s46:   4%|▍         | 13/300 [08:45<3:13:27, 40.45s/ep][A

tin/rn18/sharp/sl/ipc50 s46:   5%|▍         | 14/300 [09:26<3:12:46, 40.44s/ep][A

tin/rn18/sharp/sl/ipc50 s46:   5%|▌         | 15/300 [10:06<3:12:09, 40.45s/ep][A

tin/rn18/sharp/sl/ipc50 s46:   5%|▌         | 16/300 [10:47<3:11:27, 40.45s/ep][A

tin/rn18/sharp/sl/ipc50 s46:   6%|▌         | 17/300 [11:27<3:10:46, 40.45s/ep][A

tin/rn18/sharp/sl/ipc50 s46:   6%|▌         | 18/300 [12:08<3:10:07, 40.45s/ep][A

tin/rn18/sharp/sl/ipc50 s46:   6%|▋         | 19/300 [12:48<3:09:29, 40.46s/ep][A

tin/rn18/sharp/sl/ipc50 s46:   7%|▋         | 20/300 [13:29<3:08:47, 40.46s/ep][A

tin/rn18/sharp/sl/ipc50 s46:   7%|▋         | 21/300 [14:09<3:08:05, 40.45s/ep][A

tin/rn18/sharp/sl/ipc50 s46:   7%|▋         | 22/300 [14:49<3:07:25, 40.45s/ep][A

tin/rn18/sharp/sl/ipc50 s46:   8%|▊         | 23/300 [15:30<3:06:46, 40.46s/ep][A

tin/rn18/sharp/sl/ipc50 s46:   8%|▊         | 24/300 [16:10<3:06:04, 40.45s/ep][A

tin/rn18/sharp/sl/ipc50 s46:   8%|▊         | 25/300 [16:51<3:05:22, 40.44s/ep][A

tin/rn18/sharp/sl/ipc50 s46:   9%|▊         | 26/300 [17:31<3:04:42, 40.45s/ep][A

tin/rn18/sharp/sl/ipc50 s46:   9%|▉         | 27/300 [18:12<3:04:02, 40.45s/ep][A

tin/rn18/sharp/sl/ipc50 s46:   9%|▉         | 28/300 [18:52<3:03:23, 40.45s/ep][A

tin/rn18/sharp/sl/ipc50 s46:  10%|▉         | 29/300 [19:33<3:02:42, 40.45s/ep][A

tin/rn18/sharp/sl/ipc50 s46:  10%|█         | 30/300 [20:13<3:02:01, 40.45s/ep][A

tin/rn18/sharp/sl/ipc50 s46:  10%|█         | 31/300 [20:53<3:01:22, 40.45s/ep][A

tin/rn18/sharp/sl/ipc50 s46:  11%|█         | 32/300 [21:34<3:00:42, 40.46s/ep][A

tin/rn18/sharp/sl/ipc50 s46:  11%|█         | 33/300 [22:14<3:00:00, 40.45s/ep][A

tin/rn18/sharp/sl/ipc50 s46:  11%|█▏        | 34/300 [22:55<2:59:20, 40.45s/ep][A

tin/rn18/sharp/sl/ipc50 s46:  12%|█▏        | 35/300 [23:35<2:58:40, 40.45s/ep][A

tin/rn18/sharp/sl/ipc50 s46:  12%|█▏        | 36/300 [24:16<2:57:59, 40.45s/ep][A

tin/rn18/sharp/sl/ipc50 s46:  12%|█▏        | 37/300 [24:56<2:57:19, 40.45s/ep][A

tin/rn18/sharp/sl/ipc50 s46:  13%|█▎        | 38/300 [25:37<2:56:39, 40.45s/ep][A

tin/rn18/sharp/sl/ipc50 s46:  13%|█▎        | 39/300 [26:17<2:55:58, 40.46s/ep][A

tin/rn18/sharp/sl/ipc50 s46:  13%|█▎        | 40/300 [26:58<2:55:16, 40.45s/ep][A

tin/rn18/sharp/sl/ipc50 s46:  14%|█▎        | 41/300 [27:38<2:54:36, 40.45s/ep][A

tin/rn18/sharp/sl/ipc50 s46:  14%|█▍        | 42/300 [28:18<2:53:55, 40.45s/ep][A

tin/rn18/sharp/sl/ipc50 s46:  14%|█▍        | 43/300 [28:59<2:53:16, 40.45s/ep][A

tin/rn18/sharp/sl/ipc50 s46:  15%|█▍        | 44/300 [29:39<2:52:36, 40.45s/ep][A

tin/rn18/sharp/sl/ipc50 s46:  15%|█▌        | 45/300 [30:20<2:51:54, 40.45s/ep][A

tin/rn18/sharp/sl/ipc50 s46:  15%|█▌        | 46/300 [31:00<2:51:14, 40.45s/ep][A

tin/rn18/sharp/sl/ipc50 s46:  16%|█▌        | 47/300 [31:41<2:50:36, 40.46s/ep][A

tin/rn18/sharp/sl/ipc50 s46:  16%|█▌        | 48/300 [32:21<2:49:56, 40.46s/ep][A

tin/rn18/sharp/sl/ipc50 s46:  16%|█▋        | 49/300 [33:02<2:49:15, 40.46s/ep][A

tin/rn18/sharp/sl/ipc50 s46:  17%|█▋        | 50/300 [33:42<2:48:35, 40.46s/ep][A

tin/rn18/sharp/sl/ipc50 s46:  17%|█▋        | 51/300 [34:23<2:47:53, 40.45s/ep][A

tin/rn18/sharp/sl/ipc50 s46:  17%|█▋        | 52/300 [35:03<2:47:14, 40.46s/ep][A

tin/rn18/sharp/sl/ipc50 s46:  18%|█▊        | 53/300 [35:44<2:46:33, 40.46s/ep][A

tin/rn18/sharp/sl/ipc50 s46:  18%|█▊        | 54/300 [36:24<2:45:51, 40.45s/ep][A

tin/rn18/sharp/sl/ipc50 s46:  18%|█▊        | 55/300 [37:04<2:45:10, 40.45s/ep][A

tin/rn18/sharp/sl/ipc50 s46:  19%|█▊        | 56/300 [37:45<2:44:29, 40.45s/ep][A

tin/rn18/sharp/sl/ipc50 s46:  19%|█▉        | 57/300 [38:25<2:43:49, 40.45s/ep][A

tin/rn18/sharp/sl/ipc50 s46:  19%|█▉        | 58/300 [39:06<2:43:10, 40.46s/ep][A

tin/rn18/sharp/sl/ipc50 s46:  20%|█▉        | 59/300 [39:46<2:42:30, 40.46s/ep][A

tin/rn18/sharp/sl/ipc50 s46:  20%|██        | 60/300 [40:27<2:41:50, 40.46s/ep][A

tin/rn18/sharp/sl/ipc50 s46:  20%|██        | 61/300 [41:07<2:41:07, 40.45s/ep][A

tin/rn18/sharp/sl/ipc50 s46:  21%|██        | 62/300 [41:48<2:40:26, 40.45s/ep][A

tin/rn18/sharp/sl/ipc50 s46:  21%|██        | 63/300 [42:28<2:39:46, 40.45s/ep][A

tin/rn18/sharp/sl/ipc50 s46:  21%|██▏       | 64/300 [43:08<2:39:05, 40.45s/ep][A

tin/rn18/sharp/sl/ipc50 s46:  22%|██▏       | 65/300 [43:49<2:38:27, 40.46s/ep][A

tin/rn18/sharp/sl/ipc50 s46:  22%|██▏       | 66/300 [44:29<2:37:47, 40.46s/ep][A

tin/rn18/sharp/sl/ipc50 s46:  22%|██▏       | 67/300 [45:10<2:37:06, 40.46s/ep][A

tin/rn18/sharp/sl/ipc50 s46:  23%|██▎       | 68/300 [45:50<2:36:25, 40.46s/ep][A

tin/rn18/sharp/sl/ipc50 s46:  23%|██▎       | 69/300 [46:31<2:35:45, 40.45s/ep][A

tin/rn18/sharp/sl/ipc50 s46:  23%|██▎       | 70/300 [47:11<2:35:04, 40.45s/ep][A

tin/rn18/sharp/sl/ipc50 s46:  24%|██▎       | 71/300 [47:52<2:34:23, 40.45s/ep][A

tin/rn18/sharp/sl/ipc50 s46:  24%|██▍       | 72/300 [48:32<2:33:43, 40.45s/ep][A

tin/rn18/sharp/sl/ipc50 s46:  24%|██▍       | 73/300 [49:13<2:33:03, 40.46s/ep][A

tin/rn18/sharp/sl/ipc50 s46:  25%|██▍       | 74/300 [49:53<2:32:22, 40.45s/ep][A

tin/rn18/sharp/sl/ipc50 s46:  25%|██▌       | 75/300 [50:33<2:31:42, 40.46s/ep][A

tin/rn18/sharp/sl/ipc50 s46:  25%|██▌       | 76/300 [51:14<2:31:02, 40.46s/ep][A

tin/rn18/sharp/sl/ipc50 s46:  26%|██▌       | 77/300 [51:54<2:30:22, 40.46s/ep][A

tin/rn18/sharp/sl/ipc50 s46:  26%|██▌       | 78/300 [52:35<2:29:39, 40.45s/ep][A

tin/rn18/sharp/sl/ipc50 s46:  26%|██▋       | 79/300 [53:15<2:28:59, 40.45s/ep][A

tin/rn18/sharp/sl/ipc50 s46:  27%|██▋       | 80/300 [53:56<2:28:19, 40.45s/ep][A

tin/rn18/sharp/sl/ipc50 s46:  27%|██▋       | 81/300 [54:36<2:27:40, 40.46s/ep][A

tin/rn18/sharp/sl/ipc50 s46:  27%|██▋       | 82/300 [55:17<2:26:59, 40.45s/ep][A

tin/rn18/sharp/sl/ipc50 s46:  28%|██▊       | 83/300 [55:57<2:26:17, 40.45s/ep][A

tin/rn18/sharp/sl/ipc50 s46:  28%|██▊       | 84/300 [56:38<2:25:37, 40.45s/ep][A

tin/rn18/sharp/sl/ipc50 s46:  28%|██▊       | 85/300 [57:18<2:24:55, 40.45s/ep][A

tin/rn18/sharp/sl/ipc50 s46:  29%|██▊       | 86/300 [57:58<2:24:15, 40.45s/ep][A

tin/rn18/sharp/sl/ipc50 s46:  29%|██▉       | 87/300 [58:39<2:23:35, 40.45s/ep][A

tin/rn18/sharp/sl/ipc50 s46:  29%|██▉       | 88/300 [59:19<2:22:54, 40.45s/ep][A

tin/rn18/sharp/sl/ipc50 s46:  30%|██▉       | 89/300 [1:00:00<2:22:14, 40.45s/ep][A

tin/rn18/sharp/sl/ipc50 s46:  30%|███       | 90/300 [1:00:40<2:21:33, 40.45s/ep][A

tin/rn18/sharp/sl/ipc50 s46:  30%|███       | 91/300 [1:01:21<2:20:54, 40.45s/ep][A

tin/rn18/sharp/sl/ipc50 s46:  31%|███       | 92/300 [1:02:01<2:20:13, 40.45s/ep][A

tin/rn18/sharp/sl/ipc50 s46:  31%|███       | 93/300 [1:02:42<2:19:33, 40.45s/ep][A

tin/rn18/sharp/sl/ipc50 s46:  31%|███▏      | 94/300 [1:03:22<2:18:51, 40.44s/ep][A

tin/rn18/sharp/sl/ipc50 s46:  32%|███▏      | 95/300 [1:04:02<2:18:12, 40.45s/ep][A

tin/rn18/sharp/sl/ipc50 s46:  32%|███▏      | 96/300 [1:04:43<2:17:32, 40.46s/ep][A

tin/rn18/sharp/sl/ipc50 s46:  32%|███▏      | 97/300 [1:05:23<2:16:51, 40.45s/ep][A

tin/rn18/sharp/sl/ipc50 s46:  33%|███▎      | 98/300 [1:06:04<2:16:11, 40.45s/ep][A

tin/rn18/sharp/sl/ipc50 s46:  33%|███▎      | 99/300 [1:06:44<2:15:30, 40.45s/ep][A

tin/rn18/sharp/sl/ipc50 s46:  33%|███▎      | 100/300 [1:07:25<2:14:51, 40.46s/ep][A

tin/rn18/sharp/sl/ipc50 s46:  34%|███▎      | 101/300 [1:08:05<2:14:10, 40.45s/ep][A

tin/rn18/sharp/sl/ipc50 s46:  34%|███▍      | 102/300 [1:08:46<2:13:30, 40.46s/ep][A

tin/rn18/sharp/sl/ipc50 s46:  34%|███▍      | 103/300 [1:09:26<2:12:49, 40.45s/ep][A

tin/rn18/sharp/sl/ipc50 s46:  35%|███▍      | 104/300 [1:10:07<2:12:08, 40.45s/ep][A

tin/rn18/sharp/sl/ipc50 s46:  35%|███▌      | 105/300 [1:10:47<2:11:27, 40.45s/ep][A

tin/rn18/sharp/sl/ipc50 s46:  35%|███▌      | 106/300 [1:11:27<2:10:47, 40.45s/ep][A

tin/rn18/sharp/sl/ipc50 s46:  36%|███▌      | 107/300 [1:12:08<2:10:07, 40.45s/ep][A

tin/rn18/sharp/sl/ipc50 s46:  36%|███▌      | 108/300 [1:12:48<2:09:27, 40.46s/ep][A

tin/rn18/sharp/sl/ipc50 s46:  36%|███▋      | 109/300 [1:13:29<2:08:46, 40.45s/ep][A

tin/rn18/sharp/sl/ipc50 s46:  37%|███▋      | 110/300 [1:14:09<2:08:06, 40.46s/ep][A

tin/rn18/sharp/sl/ipc50 s46:  37%|███▋      | 111/300 [1:14:50<2:07:25, 40.45s/ep][A

tin/rn18/sharp/sl/ipc50 s46:  37%|███▋      | 112/300 [1:15:30<2:06:43, 40.44s/ep][A

tin/rn18/sharp/sl/ipc50 s46:  38%|███▊      | 113/300 [1:16:11<2:06:03, 40.45s/ep][A

tin/rn18/sharp/sl/ipc50 s46:  38%|███▊      | 114/300 [1:16:51<2:05:23, 40.45s/ep][A

tin/rn18/sharp/sl/ipc50 s46:  38%|███▊      | 115/300 [1:17:32<2:04:43, 40.45s/ep][A

tin/rn18/sharp/sl/ipc50 s46:  39%|███▊      | 116/300 [1:18:12<2:04:02, 40.45s/ep][A

tin/rn18/sharp/sl/ipc50 s46:  39%|███▉      | 117/300 [1:18:52<2:03:21, 40.45s/ep][A

tin/rn18/sharp/sl/ipc50 s46:  39%|███▉      | 118/300 [1:19:33<2:02:42, 40.45s/ep][A

tin/rn18/sharp/sl/ipc50 s46:  40%|███▉      | 119/300 [1:20:13<2:02:01, 40.45s/ep][A

tin/rn18/sharp/sl/ipc50 s46:  40%|████      | 120/300 [1:20:54<2:01:20, 40.45s/ep][A

tin/rn18/sharp/sl/ipc50 s46:  40%|████      | 121/300 [1:21:34<2:00:40, 40.45s/ep][A

tin/rn18/sharp/sl/ipc50 s46:  41%|████      | 122/300 [1:22:15<1:59:59, 40.45s/ep][A

tin/rn18/sharp/sl/ipc50 s46:  41%|████      | 123/300 [1:22:55<1:59:19, 40.45s/ep][A

tin/rn18/sharp/sl/ipc50 s46:  41%|████▏     | 124/300 [1:23:36<1:58:38, 40.45s/ep][A

tin/rn18/sharp/sl/ipc50 s46:  42%|████▏     | 125/300 [1:24:16<1:57:58, 40.45s/ep][A

tin/rn18/sharp/sl/ipc50 s46:  42%|████▏     | 126/300 [1:24:56<1:57:18, 40.45s/ep][A

tin/rn18/sharp/sl/ipc50 s46:  42%|████▏     | 127/300 [1:25:37<1:56:38, 40.45s/ep][A

tin/rn18/sharp/sl/ipc50 s46:  43%|████▎     | 128/300 [1:26:17<1:55:57, 40.45s/ep][A

tin/rn18/sharp/sl/ipc50 s46:  43%|████▎     | 129/300 [1:26:58<1:55:18, 40.46s/ep][A

tin/rn18/sharp/sl/ipc50 s46:  43%|████▎     | 130/300 [1:27:38<1:54:38, 40.46s/ep][A

tin/rn18/sharp/sl/ipc50 s46:  44%|████▎     | 131/300 [1:28:19<1:53:57, 40.46s/ep][A

tin/rn18/sharp/sl/ipc50 s46:  44%|████▍     | 132/300 [1:28:59<1:53:16, 40.46s/ep][A

tin/rn18/sharp/sl/ipc50 s46:  44%|████▍     | 133/300 [1:29:40<1:52:34, 40.45s/ep][A

tin/rn18/sharp/sl/ipc50 s46:  45%|████▍     | 134/300 [1:30:20<1:51:54, 40.45s/ep][A

tin/rn18/sharp/sl/ipc50 s46:  45%|████▌     | 135/300 [1:31:01<1:51:13, 40.45s/ep][A

tin/rn18/sharp/sl/ipc50 s46:  45%|████▌     | 136/300 [1:31:41<1:50:32, 40.44s/ep][A

tin/rn18/sharp/sl/ipc50 s46:  46%|████▌     | 137/300 [1:32:21<1:49:52, 40.45s/ep][A

tin/rn18/sharp/sl/ipc50 s46:  46%|████▌     | 138/300 [1:33:02<1:49:11, 40.44s/ep][A

tin/rn18/sharp/sl/ipc50 s46:  46%|████▋     | 139/300 [1:33:42<1:48:32, 40.45s/ep][A

tin/rn18/sharp/sl/ipc50 s46:  47%|████▋     | 140/300 [1:34:23<1:47:52, 40.45s/ep][A

tin/rn18/sharp/sl/ipc50 s46:  47%|████▋     | 141/300 [1:35:03<1:47:10, 40.45s/ep][A

tin/rn18/sharp/sl/ipc50 s46:  47%|████▋     | 142/300 [1:35:44<1:46:30, 40.45s/ep][A

tin/rn18/sharp/sl/ipc50 s46:  48%|████▊     | 143/300 [1:36:24<1:45:50, 40.45s/ep][A

tin/rn18/sharp/sl/ipc50 s46:  48%|████▊     | 144/300 [1:37:05<1:45:10, 40.45s/ep][A

tin/rn18/sharp/sl/ipc50 s46:  48%|████▊     | 145/300 [1:37:45<1:44:30, 40.46s/ep][A

tin/rn18/sharp/sl/ipc50 s46:  49%|████▊     | 146/300 [1:38:25<1:43:48, 40.45s/ep][A

tin/rn18/sharp/sl/ipc50 s46:  49%|████▉     | 147/300 [1:39:06<1:43:08, 40.45s/ep][A

tin/rn18/sharp/sl/ipc50 s46:  49%|████▉     | 148/300 [1:39:46<1:42:28, 40.45s/ep][A

tin/rn18/sharp/sl/ipc50 s46:  50%|████▉     | 149/300 [1:40:27<1:41:48, 40.45s/ep][A

tin/rn18/sharp/sl/ipc50 s46:  50%|█████     | 150/300 [1:41:07<1:41:07, 40.45s/ep][A

tin/rn18/sharp/sl/ipc50 s46:  50%|█████     | 151/300 [1:41:48<1:40:27, 40.45s/ep][A

tin/rn18/sharp/sl/ipc50 s46:  51%|█████     | 152/300 [1:42:28<1:39:46, 40.45s/ep][A

tin/rn18/sharp/sl/ipc50 s46:  51%|█████     | 153/300 [1:43:09<1:39:06, 40.45s/ep][A

tin/rn18/sharp/sl/ipc50 s46:  51%|█████▏    | 154/300 [1:43:49<1:38:25, 40.45s/ep][A

tin/rn18/sharp/sl/ipc50 s46:  52%|█████▏    | 155/300 [1:44:30<1:37:44, 40.45s/ep][A

tin/rn18/sharp/sl/ipc50 s46:  52%|█████▏    | 156/300 [1:45:10<1:37:04, 40.45s/ep][A

tin/rn18/sharp/sl/ipc50 s46:  52%|█████▏    | 157/300 [1:45:50<1:36:23, 40.45s/ep][A

tin/rn18/sharp/sl/ipc50 s46:  53%|█████▎    | 158/300 [1:46:31<1:35:43, 40.45s/ep][A

tin/rn18/sharp/sl/ipc50 s46:  53%|█████▎    | 159/300 [1:47:11<1:35:03, 40.45s/ep][A

tin/rn18/sharp/sl/ipc50 s46:  53%|█████▎    | 160/300 [1:47:52<1:34:23, 40.45s/ep][A

tin/rn18/sharp/sl/ipc50 s46:  54%|█████▎    | 161/300 [1:48:32<1:33:42, 40.45s/ep][A

tin/rn18/sharp/sl/ipc50 s46:  54%|█████▍    | 162/300 [1:49:13<1:33:01, 40.45s/ep][A

tin/rn18/sharp/sl/ipc50 s46:  54%|█████▍    | 163/300 [1:49:53<1:32:22, 40.46s/ep][A

tin/rn18/sharp/sl/ipc50 s46:  55%|█████▍    | 164/300 [1:50:34<1:31:41, 40.45s/ep][A

tin/rn18/sharp/sl/ipc50 s46:  55%|█████▌    | 165/300 [1:51:14<1:31:00, 40.45s/ep][A

tin/rn18/sharp/sl/ipc50 s46:  55%|█████▌    | 166/300 [1:51:55<1:30:22, 40.46s/ep][A

tin/rn18/sharp/sl/ipc50 s46:  56%|█████▌    | 167/300 [1:52:35<1:29:41, 40.46s/ep][A

tin/rn18/sharp/sl/ipc50 s46:  56%|█████▌    | 168/300 [1:53:15<1:29:00, 40.46s/ep][A

tin/rn18/sharp/sl/ipc50 s46:  56%|█████▋    | 169/300 [1:53:56<1:28:18, 40.45s/ep][A

tin/rn18/sharp/sl/ipc50 s46:  57%|█████▋    | 170/300 [1:54:36<1:27:38, 40.45s/ep][A

tin/rn18/sharp/sl/ipc50 s46:  57%|█████▋    | 171/300 [1:55:17<1:26:58, 40.45s/ep][A

tin/rn18/sharp/sl/ipc50 s46:  57%|█████▋    | 172/300 [1:55:57<1:26:17, 40.45s/ep][A

tin/rn18/sharp/sl/ipc50 s46:  58%|█████▊    | 173/300 [1:56:38<1:25:37, 40.46s/ep][A

tin/rn18/sharp/sl/ipc50 s46:  58%|█████▊    | 174/300 [1:57:18<1:24:57, 40.45s/ep][A

tin/rn18/sharp/sl/ipc50 s46:  58%|█████▊    | 175/300 [1:57:59<1:24:16, 40.45s/ep][A

tin/rn18/sharp/sl/ipc50 s46:  59%|█████▊    | 176/300 [1:58:39<1:23:37, 40.46s/ep][A

tin/rn18/sharp/sl/ipc50 s46:  59%|█████▉    | 177/300 [1:59:19<1:22:55, 40.45s/ep][A

tin/rn18/sharp/sl/ipc50 s46:  59%|█████▉    | 178/300 [2:00:00<1:22:15, 40.45s/ep][A

tin/rn18/sharp/sl/ipc50 s46:  60%|█████▉    | 179/300 [2:00:40<1:21:35, 40.46s/ep][A

tin/rn18/sharp/sl/ipc50 s46:  60%|██████    | 180/300 [2:01:21<1:20:53, 40.45s/ep][A

tin/rn18/sharp/sl/ipc50 s46:  60%|██████    | 181/300 [2:02:01<1:20:13, 40.45s/ep][A

tin/rn18/sharp/sl/ipc50 s46:  61%|██████    | 182/300 [2:02:42<1:19:33, 40.45s/ep][A

tin/rn18/sharp/sl/ipc50 s46:  61%|██████    | 183/300 [2:03:22<1:18:53, 40.45s/ep][A

tin/rn18/sharp/sl/ipc50 s46:  61%|██████▏   | 184/300 [2:04:03<1:18:11, 40.45s/ep][A

tin/rn18/sharp/sl/ipc50 s46:  62%|██████▏   | 185/300 [2:04:43<1:17:31, 40.45s/ep][A

tin/rn18/sharp/sl/ipc50 s46:  62%|██████▏   | 186/300 [2:05:24<1:16:51, 40.45s/ep][A

tin/rn18/sharp/sl/ipc50 s46:  62%|██████▏   | 187/300 [2:06:04<1:16:11, 40.45s/ep][A

tin/rn18/sharp/sl/ipc50 s46:  63%|██████▎   | 188/300 [2:06:44<1:15:30, 40.45s/ep][A

tin/rn18/sharp/sl/ipc50 s46:  63%|██████▎   | 189/300 [2:07:25<1:14:50, 40.45s/ep][A

tin/rn18/sharp/sl/ipc50 s46:  63%|██████▎   | 190/300 [2:08:05<1:14:10, 40.46s/ep][A

tin/rn18/sharp/sl/ipc50 s46:  64%|██████▎   | 191/300 [2:08:46<1:13:29, 40.46s/ep][A

tin/rn18/sharp/sl/ipc50 s46:  64%|██████▍   | 192/300 [2:09:26<1:12:49, 40.46s/ep][A

tin/rn18/sharp/sl/ipc50 s46:  64%|██████▍   | 193/300 [2:10:07<1:12:08, 40.45s/ep][A

tin/rn18/sharp/sl/ipc50 s46:  65%|██████▍   | 194/300 [2:10:47<1:11:27, 40.45s/ep][A

tin/rn18/sharp/sl/ipc50 s46:  65%|██████▌   | 195/300 [2:11:28<1:10:47, 40.45s/ep][A

tin/rn18/sharp/sl/ipc50 s46:  65%|██████▌   | 196/300 [2:12:08<1:10:06, 40.45s/ep][A

tin/rn18/sharp/sl/ipc50 s46:  66%|██████▌   | 197/300 [2:12:49<1:09:26, 40.45s/ep][A

tin/rn18/sharp/sl/ipc50 s46:  66%|██████▌   | 198/300 [2:13:29<1:08:45, 40.45s/ep][A

tin/rn18/sharp/sl/ipc50 s46:  66%|██████▋   | 199/300 [2:14:09<1:08:05, 40.45s/ep][A

tin/rn18/sharp/sl/ipc50 s46:  67%|██████▋   | 200/300 [2:14:50<1:07:24, 40.45s/ep][A

tin/rn18/sharp/sl/ipc50 s46:  67%|██████▋   | 201/300 [2:15:30<1:06:44, 40.45s/ep][A

tin/rn18/sharp/sl/ipc50 s46:  67%|██████▋   | 202/300 [2:16:11<1:06:04, 40.45s/ep][A

tin/rn18/sharp/sl/ipc50 s46:  68%|██████▊   | 203/300 [2:16:51<1:05:23, 40.45s/ep][A

tin/rn18/sharp/sl/ipc50 s46:  68%|██████▊   | 204/300 [2:17:32<1:04:42, 40.45s/ep][A

tin/rn18/sharp/sl/ipc50 s46:  68%|██████▊   | 205/300 [2:18:12<1:04:02, 40.44s/ep][A

tin/rn18/sharp/sl/ipc50 s46:  69%|██████▊   | 206/300 [2:18:53<1:03:22, 40.45s/ep][A

tin/rn18/sharp/sl/ipc50 s46:  69%|██████▉   | 207/300 [2:19:33<1:02:41, 40.44s/ep][A

tin/rn18/sharp/sl/ipc50 s46:  69%|██████▉   | 208/300 [2:20:13<1:02:00, 40.44s/ep][A

tin/rn18/sharp/sl/ipc50 s46:  70%|██████▉   | 209/300 [2:20:54<1:01:20, 40.45s/ep][A

tin/rn18/sharp/sl/ipc50 s46:  70%|███████   | 210/300 [2:21:34<1:00:40, 40.45s/ep][A

tin/rn18/sharp/sl/ipc50 s46:  70%|███████   | 211/300 [2:22:15<59:59, 40.44s/ep]  [A

tin/rn18/sharp/sl/ipc50 s46:  71%|███████   | 212/300 [2:22:55<59:18, 40.44s/ep][A

tin/rn18/sharp/sl/ipc50 s46:  71%|███████   | 213/300 [2:23:36<58:38, 40.44s/ep][A

tin/rn18/sharp/sl/ipc50 s46:  71%|███████▏  | 214/300 [2:24:16<57:58, 40.44s/ep][A

tin/rn18/sharp/sl/ipc50 s46:  72%|███████▏  | 215/300 [2:24:57<57:17, 40.44s/ep][A

tin/rn18/sharp/sl/ipc50 s46:  72%|███████▏  | 216/300 [2:25:37<56:37, 40.44s/ep][A

tin/rn18/sharp/sl/ipc50 s46:  72%|███████▏  | 217/300 [2:26:17<55:56, 40.44s/ep][A

tin/rn18/sharp/sl/ipc50 s46:  73%|███████▎  | 218/300 [2:26:58<55:17, 40.45s/ep][A

tin/rn18/sharp/sl/ipc50 s46:  73%|███████▎  | 219/300 [2:27:38<54:36, 40.45s/ep][A

tin/rn18/sharp/sl/ipc50 s46:  73%|███████▎  | 220/300 [2:28:19<53:56, 40.45s/ep][A

tin/rn18/sharp/sl/ipc50 s46:  74%|███████▎  | 221/300 [2:28:59<53:16, 40.46s/ep][A

tin/rn18/sharp/sl/ipc50 s46:  74%|███████▍  | 222/300 [2:29:40<52:35, 40.46s/ep][A

tin/rn18/sharp/sl/ipc50 s46:  74%|███████▍  | 223/300 [2:30:20<51:54, 40.45s/ep][A

tin/rn18/sharp/sl/ipc50 s46:  75%|███████▍  | 224/300 [2:31:01<51:14, 40.45s/ep][A

tin/rn18/sharp/sl/ipc50 s46:  75%|███████▌  | 225/300 [2:31:41<50:34, 40.46s/ep][A

tin/rn18/sharp/sl/ipc50 s46:  75%|███████▌  | 226/300 [2:32:22<49:53, 40.46s/ep][A

tin/rn18/sharp/sl/ipc50 s46:  76%|███████▌  | 227/300 [2:33:02<49:13, 40.46s/ep][A

tin/rn18/sharp/sl/ipc50 s46:  76%|███████▌  | 228/300 [2:33:42<48:32, 40.46s/ep][A

tin/rn18/sharp/sl/ipc50 s46:  76%|███████▋  | 229/300 [2:34:23<47:52, 40.45s/ep][A

tin/rn18/sharp/sl/ipc50 s46:  77%|███████▋  | 230/300 [2:35:03<47:11, 40.45s/ep][A

tin/rn18/sharp/sl/ipc50 s46:  77%|███████▋  | 231/300 [2:35:44<46:31, 40.45s/ep][A

tin/rn18/sharp/sl/ipc50 s46:  77%|███████▋  | 232/300 [2:36:24<45:51, 40.46s/ep][A

tin/rn18/sharp/sl/ipc50 s46:  78%|███████▊  | 233/300 [2:37:05<45:10, 40.46s/ep][A

tin/rn18/sharp/sl/ipc50 s46:  78%|███████▊  | 234/300 [2:37:45<44:30, 40.46s/ep][A

tin/rn18/sharp/sl/ipc50 s46:  78%|███████▊  | 235/300 [2:38:26<43:49, 40.45s/ep][A

tin/rn18/sharp/sl/ipc50 s46:  79%|███████▊  | 236/300 [2:39:06<43:09, 40.46s/ep][A

tin/rn18/sharp/sl/ipc50 s46:  79%|███████▉  | 237/300 [2:39:47<42:28, 40.46s/ep][A

tin/rn18/sharp/sl/ipc50 s46:  79%|███████▉  | 238/300 [2:40:27<41:48, 40.46s/ep][A

tin/rn18/sharp/sl/ipc50 s46:  80%|███████▉  | 239/300 [2:41:07<41:08, 40.46s/ep][A

tin/rn18/sharp/sl/ipc50 s46:  80%|████████  | 240/300 [2:41:48<40:27, 40.46s/ep][A

tin/rn18/sharp/sl/ipc50 s46:  80%|████████  | 241/300 [2:42:28<39:46, 40.45s/ep][A

tin/rn18/sharp/sl/ipc50 s46:  81%|████████  | 242/300 [2:43:09<39:06, 40.45s/ep][A

tin/rn18/sharp/sl/ipc50 s46:  81%|████████  | 243/300 [2:43:49<38:25, 40.45s/ep][A

tin/rn18/sharp/sl/ipc50 s46:  81%|████████▏ | 244/300 [2:44:30<37:45, 40.45s/ep][A

tin/rn18/sharp/sl/ipc50 s46:  82%|████████▏ | 245/300 [2:45:10<37:05, 40.46s/ep][A

tin/rn18/sharp/sl/ipc50 s46:  82%|████████▏ | 246/300 [2:45:51<36:24, 40.45s/ep][A

tin/rn18/sharp/sl/ipc50 s46:  82%|████████▏ | 247/300 [2:46:31<35:43, 40.45s/ep][A

tin/rn18/sharp/sl/ipc50 s46:  83%|████████▎ | 248/300 [2:47:12<35:03, 40.45s/ep][A

tin/rn18/sharp/sl/ipc50 s46:  83%|████████▎ | 249/300 [2:47:52<34:23, 40.45s/ep][A

tin/rn18/sharp/sl/ipc50 s46:  83%|████████▎ | 250/300 [2:48:32<33:42, 40.45s/ep][A

tin/rn18/sharp/sl/ipc50 s46:  84%|████████▎ | 251/300 [2:49:13<33:01, 40.45s/ep][A

tin/rn18/sharp/sl/ipc50 s46:  84%|████████▍ | 252/300 [2:49:53<32:21, 40.45s/ep][A

tin/rn18/sharp/sl/ipc50 s46:  84%|████████▍ | 253/300 [2:50:34<31:41, 40.45s/ep][A

tin/rn18/sharp/sl/ipc50 s46:  85%|████████▍ | 254/300 [2:51:14<31:00, 40.45s/ep][A

tin/rn18/sharp/sl/ipc50 s46:  85%|████████▌ | 255/300 [2:51:55<30:20, 40.45s/ep][A

tin/rn18/sharp/sl/ipc50 s46:  85%|████████▌ | 256/300 [2:52:35<29:39, 40.45s/ep][A

tin/rn18/sharp/sl/ipc50 s46:  86%|████████▌ | 257/300 [2:53:16<28:59, 40.46s/ep][A

tin/rn18/sharp/sl/ipc50 s46:  86%|████████▌ | 258/300 [2:53:56<28:19, 40.46s/ep][A

tin/rn18/sharp/sl/ipc50 s46:  86%|████████▋ | 259/300 [2:54:36<27:38, 40.46s/ep][A

tin/rn18/sharp/sl/ipc50 s46:  87%|████████▋ | 260/300 [2:55:17<26:58, 40.46s/ep][A

tin/rn18/sharp/sl/ipc50 s46:  87%|████████▋ | 261/300 [2:55:57<26:17, 40.46s/ep][A

tin/rn18/sharp/sl/ipc50 s46:  87%|████████▋ | 262/300 [2:56:38<25:37, 40.45s/ep][A

tin/rn18/sharp/sl/ipc50 s46:  88%|████████▊ | 263/300 [2:57:18<24:56, 40.44s/ep][A

tin/rn18/sharp/sl/ipc50 s46:  88%|████████▊ | 264/300 [2:57:59<24:16, 40.44s/ep][A

tin/rn18/sharp/sl/ipc50 s46:  88%|████████▊ | 265/300 [2:58:39<23:35, 40.44s/ep][A

tin/rn18/sharp/sl/ipc50 s46:  89%|████████▊ | 266/300 [2:59:20<22:55, 40.44s/ep][A

tin/rn18/sharp/sl/ipc50 s46:  89%|████████▉ | 267/300 [3:00:00<22:14, 40.44s/ep][A

tin/rn18/sharp/sl/ipc50 s46:  89%|████████▉ | 268/300 [3:00:40<21:34, 40.44s/ep][A

tin/rn18/sharp/sl/ipc50 s46:  90%|████████▉ | 269/300 [3:01:21<20:53, 40.44s/ep][A

tin/rn18/sharp/sl/ipc50 s46:  90%|█████████ | 270/300 [3:02:01<20:13, 40.45s/ep][A

tin/rn18/sharp/sl/ipc50 s46:  90%|█████████ | 271/300 [3:02:42<19:33, 40.45s/ep][A

tin/rn18/sharp/sl/ipc50 s46:  91%|█████████ | 272/300 [3:03:22<18:52, 40.45s/ep][A

tin/rn18/sharp/sl/ipc50 s46:  91%|█████████ | 273/300 [3:04:03<18:12, 40.45s/ep][A

tin/rn18/sharp/sl/ipc50 s46:  91%|█████████▏| 274/300 [3:04:43<17:31, 40.44s/ep][A

tin/rn18/sharp/sl/ipc50 s46:  92%|█████████▏| 275/300 [3:05:24<16:51, 40.45s/ep][A

tin/rn18/sharp/sl/ipc50 s46:  92%|█████████▏| 276/300 [3:06:04<16:10, 40.45s/ep][A

tin/rn18/sharp/sl/ipc50 s46:  92%|█████████▏| 277/300 [3:06:45<15:30, 40.45s/ep][A

tin/rn18/sharp/sl/ipc50 s46:  93%|█████████▎| 278/300 [3:07:25<14:49, 40.45s/ep][A

tin/rn18/sharp/sl/ipc50 s46:  93%|█████████▎| 279/300 [3:08:05<14:09, 40.45s/ep][A

tin/rn18/sharp/sl/ipc50 s46:  93%|█████████▎| 280/300 [3:08:46<13:29, 40.46s/ep][A

tin/rn18/sharp/sl/ipc50 s46:  94%|█████████▎| 281/300 [3:09:26<12:48, 40.45s/ep][A

tin/rn18/sharp/sl/ipc50 s46:  94%|█████████▍| 282/300 [3:10:07<12:08, 40.45s/ep][A

tin/rn18/sharp/sl/ipc50 s46:  94%|█████████▍| 283/300 [3:10:47<11:27, 40.45s/ep][A

tin/rn18/sharp/sl/ipc50 s46:  95%|█████████▍| 284/300 [3:11:28<10:47, 40.45s/ep][A

tin/rn18/sharp/sl/ipc50 s46:  95%|█████████▌| 285/300 [3:12:08<10:06, 40.45s/ep][A

tin/rn18/sharp/sl/ipc50 s46:  95%|█████████▌| 286/300 [3:12:49<09:26, 40.45s/ep][A

tin/rn18/sharp/sl/ipc50 s46:  96%|█████████▌| 287/300 [3:13:29<08:45, 40.45s/ep][A

tin/rn18/sharp/sl/ipc50 s46:  96%|█████████▌| 288/300 [3:14:09<08:05, 40.45s/ep][A

tin/rn18/sharp/sl/ipc50 s46:  96%|█████████▋| 289/300 [3:14:50<07:25, 40.46s/ep][A

tin/rn18/sharp/sl/ipc50 s46:  97%|█████████▋| 290/300 [3:15:30<06:44, 40.46s/ep][A

tin/rn18/sharp/sl/ipc50 s46:  97%|█████████▋| 291/300 [3:16:11<06:04, 40.46s/ep][A

tin/rn18/sharp/sl/ipc50 s46:  97%|█████████▋| 292/300 [3:16:51<05:23, 40.46s/ep][A

tin/rn18/sharp/sl/ipc50 s46:  98%|█████████▊| 293/300 [3:17:32<04:43, 40.46s/ep][A

tin/rn18/sharp/sl/ipc50 s46:  98%|█████████▊| 294/300 [3:18:12<04:02, 40.45s/ep][A

tin/rn18/sharp/sl/ipc50 s46:  98%|█████████▊| 295/300 [3:18:53<03:22, 40.45s/ep][A

tin/rn18/sharp/sl/ipc50 s46:  99%|█████████▊| 296/300 [3:19:33<02:41, 40.45s/ep][A

tin/rn18/sharp/sl/ipc50 s46:  99%|█████████▉| 297/300 [3:20:14<02:01, 40.45s/ep][A

tin/rn18/sharp/sl/ipc50 s46:  99%|█████████▉| 298/300 [3:20:54<01:20, 40.44s/ep][A

tin/rn18/sharp/sl/ipc50 s46: 100%|█████████▉| 299/300 [3:21:34<00:40, 40.44s/ep][A

tin/rn18/sharp/sl/ipc50 s46: 100%|██████████| 300/300 [3:22:15<00:00, 40.44s/ep][A

                                                                                [A[cell] tin/rn18/sharp/sl/ipc50 seed46: 36.98%  (12148s)

rn18-tin:  48%|████▊     | 13/27 [73:01:44<147:11:18, 37848.48s/cell, sharp/sl/ipc50]
rn18-tin:  48%|████▊     | 13/27 [73:01:44<147:11:18, 37848.48s/cell, rcad/sl/ipc50] [cell] tin/rn18/sharp/sl/ipc50: 36.84 +- 0.13 (24310s)


tin/rn18/rcad/sl/ipc50 s45:   0%|          | 0/300 [00:00<?, ?ep/s][A

tin/rn18/rcad/sl/ipc50 s45:   0%|          | 1/300 [00:40<3:21:45, 40.49s/ep][A

tin/rn18/rcad/sl/ipc50 s45:   1%|          | 2/300 [01:20<3:20:58, 40.46s/ep][A

tin/rn18/rcad/sl/ipc50 s45:   1%|          | 3/300 [02:01<3:20:16, 40.46s/ep][A

tin/rn18/rcad/sl/ipc50 s45:   1%|▏         | 4/300 [02:41<3:19:33, 40.45s/ep][A

tin/rn18/rcad/sl/ipc50 s45:   2%|▏         | 5/300 [03:22<3:18:53, 40.45s/ep][A

tin/rn18/rcad/sl/ipc50 s45:   2%|▏         | 6/300 [04:02<3:18:10, 40.44s/ep][A

tin/rn18/rcad/sl/ipc50 s45:   2%|▏         | 7/300 [04:43<3:17:30, 40.44s/ep][A

tin/rn18/rcad/sl/ipc50 s45:   3%|▎         | 8/300 [05:23<3:16:50, 40.45s/ep][A

tin/rn18/rcad/sl/ipc50 s45:   3%|▎         | 9/300 [06:04<3:16:10, 40.45s/ep][A

tin/rn18/rcad/sl/ipc50 s45:   3%|▎         | 10/300 [06:44<3:15:33, 40.46s/ep][A

tin/rn18/rcad/sl/ipc50 s45:   4%|▎         | 11/300 [07:24<3:14:52, 40.46s/ep][A

tin/rn18/rcad/sl/ipc50 s45:   4%|▍         | 12/300 [08:05<3:14:11, 40.46s/ep][A

tin/rn18/rcad/sl/ipc50 s45:   4%|▍         | 13/300 [08:45<3:13:27, 40.44s/ep][A

tin/rn18/rcad/sl/ipc50 s45:   5%|▍         | 14/300 [09:26<3:12:47, 40.44s/ep][A

tin/rn18/rcad/sl/ipc50 s45:   5%|▌         | 15/300 [10:06<3:12:08, 40.45s/ep][A

tin/rn18/rcad/sl/ipc50 s45:   5%|▌         | 16/300 [10:47<3:11:26, 40.45s/ep][A

tin/rn18/rcad/sl/ipc50 s45:   6%|▌         | 17/300 [11:27<3:10:45, 40.44s/ep][A

tin/rn18/rcad/sl/ipc50 s45:   6%|▌         | 18/300 [12:08<3:10:07, 40.45s/ep][A

tin/rn18/rcad/sl/ipc50 s45:   6%|▋         | 19/300 [12:48<3:09:27, 40.45s/ep][A

tin/rn18/rcad/sl/ipc50 s45:   7%|▋         | 20/300 [13:29<3:08:47, 40.46s/ep][A

tin/rn18/rcad/sl/ipc50 s45:   7%|▋         | 21/300 [14:09<3:08:08, 40.46s/ep][A

tin/rn18/rcad/sl/ipc50 s45:   7%|▋         | 22/300 [14:49<3:07:28, 40.46s/ep][A

tin/rn18/rcad/sl/ipc50 s45:   8%|▊         | 23/300 [15:30<3:06:47, 40.46s/ep][A

tin/rn18/rcad/sl/ipc50 s45:   8%|▊         | 24/300 [16:10<3:06:07, 40.46s/ep][A

tin/rn18/rcad/sl/ipc50 s45:   8%|▊         | 25/300 [16:51<3:05:26, 40.46s/ep][A

tin/rn18/rcad/sl/ipc50 s45:   9%|▊         | 26/300 [17:31<3:04:45, 40.46s/ep][A

tin/rn18/rcad/sl/ipc50 s45:   9%|▉         | 27/300 [18:12<3:04:04, 40.46s/ep][A

tin/rn18/rcad/sl/ipc50 s45:   9%|▉         | 28/300 [18:52<3:03:23, 40.45s/ep][A

tin/rn18/rcad/sl/ipc50 s45:  10%|▉         | 29/300 [19:33<3:02:42, 40.45s/ep][A

tin/rn18/rcad/sl/ipc50 s45:  10%|█         | 30/300 [20:13<3:02:01, 40.45s/ep][A

tin/rn18/rcad/sl/ipc50 s45:  10%|█         | 31/300 [20:54<3:01:23, 40.46s/ep][A

tin/rn18/rcad/sl/ipc50 s45:  11%|█         | 32/300 [21:34<3:00:41, 40.45s/ep][A

tin/rn18/rcad/sl/ipc50 s45:  11%|█         | 33/300 [22:14<2:59:59, 40.45s/ep][A

tin/rn18/rcad/sl/ipc50 s45:  11%|█▏        | 34/300 [22:55<2:59:20, 40.45s/ep][A

tin/rn18/rcad/sl/ipc50 s45:  12%|█▏        | 35/300 [23:35<2:58:39, 40.45s/ep][A

tin/rn18/rcad/sl/ipc50 s45:  12%|█▏        | 36/300 [24:16<2:57:58, 40.45s/ep][A

tin/rn18/rcad/sl/ipc50 s45:  12%|█▏        | 37/300 [24:56<2:57:18, 40.45s/ep][A

tin/rn18/rcad/sl/ipc50 s45:  13%|█▎        | 38/300 [25:37<2:56:38, 40.45s/ep][A

tin/rn18/rcad/sl/ipc50 s45:  13%|█▎        | 39/300 [26:17<2:55:58, 40.45s/ep][A

tin/rn18/rcad/sl/ipc50 s45:  13%|█▎        | 40/300 [26:58<2:55:18, 40.46s/ep][A

tin/rn18/rcad/sl/ipc50 s45:  14%|█▎        | 41/300 [27:38<2:54:38, 40.46s/ep][A

tin/rn18/rcad/sl/ipc50 s45:  14%|█▍        | 42/300 [28:19<2:53:56, 40.45s/ep][A

tin/rn18/rcad/sl/ipc50 s45:  14%|█▍        | 43/300 [28:59<2:53:18, 40.46s/ep][A

tin/rn18/rcad/sl/ipc50 s45:  15%|█▍        | 44/300 [29:39<2:52:36, 40.46s/ep][A

tin/rn18/rcad/sl/ipc50 s45:  15%|█▌        | 45/300 [30:20<2:51:56, 40.46s/ep][A

tin/rn18/rcad/sl/ipc50 s45:  15%|█▌        | 46/300 [31:00<2:51:16, 40.46s/ep][A

tin/rn18/rcad/sl/ipc50 s45:  16%|█▌        | 47/300 [31:41<2:50:34, 40.45s/ep][A

tin/rn18/rcad/sl/ipc50 s45:  16%|█▌        | 48/300 [32:21<2:49:58, 40.47s/ep][A

tin/rn18/rcad/sl/ipc50 s45:  16%|█▋        | 49/300 [33:02<2:49:16, 40.47s/ep][A

tin/rn18/rcad/sl/ipc50 s45:  17%|█▋        | 50/300 [33:42<2:48:36, 40.47s/ep][A

tin/rn18/rcad/sl/ipc50 s45:  17%|█▋        | 51/300 [34:23<2:47:56, 40.47s/ep][A

tin/rn18/rcad/sl/ipc50 s45:  17%|█▋        | 52/300 [35:03<2:47:13, 40.46s/ep][A

tin/rn18/rcad/sl/ipc50 s45:  18%|█▊        | 53/300 [35:44<2:46:32, 40.46s/ep][A

tin/rn18/rcad/sl/ipc50 s45:  18%|█▊        | 54/300 [36:24<2:45:52, 40.46s/ep][A

tin/rn18/rcad/sl/ipc50 s45:  18%|█▊        | 55/300 [37:05<2:45:11, 40.45s/ep][A

tin/rn18/rcad/sl/ipc50 s45:  19%|█▊        | 56/300 [37:45<2:44:31, 40.46s/ep][A

tin/rn18/rcad/sl/ipc50 s45:  19%|█▉        | 57/300 [38:25<2:43:51, 40.46s/ep][A

tin/rn18/rcad/sl/ipc50 s45:  19%|█▉        | 58/300 [39:06<2:43:11, 40.46s/ep][A

tin/rn18/rcad/sl/ipc50 s45:  20%|█▉        | 59/300 [39:46<2:42:29, 40.46s/ep][A

tin/rn18/rcad/sl/ipc50 s45:  20%|██        | 60/300 [40:27<2:41:48, 40.45s/ep][A

tin/rn18/rcad/sl/ipc50 s45:  20%|██        | 61/300 [41:07<2:41:08, 40.45s/ep][A

tin/rn18/rcad/sl/ipc50 s45:  21%|██        | 62/300 [41:48<2:40:28, 40.46s/ep][A

tin/rn18/rcad/sl/ipc50 s45:  21%|██        | 63/300 [42:28<2:39:47, 40.46s/ep][A

tin/rn18/rcad/sl/ipc50 s45:  21%|██▏       | 64/300 [43:09<2:39:07, 40.45s/ep][A

tin/rn18/rcad/sl/ipc50 s45:  22%|██▏       | 65/300 [43:49<2:38:27, 40.46s/ep][A

tin/rn18/rcad/sl/ipc50 s45:  22%|██▏       | 66/300 [44:30<2:37:47, 40.46s/ep][A

tin/rn18/rcad/sl/ipc50 s45:  22%|██▏       | 67/300 [45:10<2:37:05, 40.45s/ep][A

tin/rn18/rcad/sl/ipc50 s45:  23%|██▎       | 68/300 [45:50<2:36:26, 40.46s/ep][A

tin/rn18/rcad/sl/ipc50 s45:  23%|██▎       | 69/300 [46:31<2:35:45, 40.46s/ep][A

tin/rn18/rcad/sl/ipc50 s45:  23%|██▎       | 70/300 [47:11<2:35:05, 40.46s/ep][A

tin/rn18/rcad/sl/ipc50 s45:  24%|██▎       | 71/300 [47:52<2:34:24, 40.46s/ep][A

tin/rn18/rcad/sl/ipc50 s45:  24%|██▍       | 72/300 [48:32<2:33:45, 40.46s/ep][A

tin/rn18/rcad/sl/ipc50 s45:  24%|██▍       | 73/300 [49:13<2:33:04, 40.46s/ep][A

tin/rn18/rcad/sl/ipc50 s45:  25%|██▍       | 74/300 [49:53<2:32:25, 40.47s/ep][A

tin/rn18/rcad/sl/ipc50 s45:  25%|██▌       | 75/300 [50:34<2:31:44, 40.47s/ep][A

tin/rn18/rcad/sl/ipc50 s45:  25%|██▌       | 76/300 [51:14<2:31:01, 40.45s/ep][A

tin/rn18/rcad/sl/ipc50 s45:  26%|██▌       | 77/300 [51:55<2:30:19, 40.45s/ep][A

tin/rn18/rcad/sl/ipc50 s45:  26%|██▌       | 78/300 [52:35<2:29:38, 40.45s/ep][A

tin/rn18/rcad/sl/ipc50 s45:  26%|██▋       | 79/300 [53:15<2:28:59, 40.45s/ep][A

tin/rn18/rcad/sl/ipc50 s45:  27%|██▋       | 80/300 [53:56<2:28:18, 40.45s/ep][A

tin/rn18/rcad/sl/ipc50 s45:  27%|██▋       | 81/300 [54:36<2:27:37, 40.45s/ep][A

tin/rn18/rcad/sl/ipc50 s45:  27%|██▋       | 82/300 [55:17<2:26:57, 40.45s/ep][A

tin/rn18/rcad/sl/ipc50 s45:  28%|██▊       | 83/300 [55:57<2:26:19, 40.46s/ep][A

tin/rn18/rcad/sl/ipc50 s45:  28%|██▊       | 84/300 [56:38<2:25:39, 40.46s/ep][A

tin/rn18/rcad/sl/ipc50 s45:  28%|██▊       | 85/300 [57:18<2:24:58, 40.46s/ep][A

tin/rn18/rcad/sl/ipc50 s45:  29%|██▊       | 86/300 [57:59<2:24:17, 40.46s/ep][A

tin/rn18/rcad/sl/ipc50 s45:  29%|██▉       | 87/300 [58:39<2:23:36, 40.46s/ep][A

tin/rn18/rcad/sl/ipc50 s45:  29%|██▉       | 88/300 [59:20<2:22:56, 40.46s/ep][A

tin/rn18/rcad/sl/ipc50 s45:  30%|██▉       | 89/300 [1:00:00<2:22:16, 40.46s/ep][A

tin/rn18/rcad/sl/ipc50 s45:  30%|███       | 90/300 [1:00:40<2:21:35, 40.46s/ep][A

tin/rn18/rcad/sl/ipc50 s45:  30%|███       | 91/300 [1:01:21<2:20:54, 40.45s/ep][A

tin/rn18/rcad/sl/ipc50 s45:  31%|███       | 92/300 [1:02:01<2:20:15, 40.46s/ep][A

tin/rn18/rcad/sl/ipc50 s45:  31%|███       | 93/300 [1:02:42<2:19:34, 40.46s/ep][A

tin/rn18/rcad/sl/ipc50 s45:  31%|███▏      | 94/300 [1:03:22<2:18:53, 40.45s/ep][A

tin/rn18/rcad/sl/ipc50 s45:  32%|███▏      | 95/300 [1:04:03<2:18:13, 40.46s/ep][A

tin/rn18/rcad/sl/ipc50 s45:  32%|███▏      | 96/300 [1:04:43<2:17:33, 40.46s/ep][A

tin/rn18/rcad/sl/ipc50 s45:  32%|███▏      | 97/300 [1:05:24<2:16:53, 40.46s/ep][A

tin/rn18/rcad/sl/ipc50 s45:  33%|███▎      | 98/300 [1:06:04<2:16:12, 40.46s/ep][A

tin/rn18/rcad/sl/ipc50 s45:  33%|███▎      | 99/300 [1:06:45<2:15:31, 40.45s/ep][A

tin/rn18/rcad/sl/ipc50 s45:  33%|███▎      | 100/300 [1:07:25<2:14:51, 40.46s/ep][A

tin/rn18/rcad/sl/ipc50 s45:  34%|███▎      | 101/300 [1:08:05<2:14:10, 40.45s/ep][A

tin/rn18/rcad/sl/ipc50 s45:  34%|███▍      | 102/300 [1:08:46<2:13:29, 40.45s/ep][A

tin/rn18/rcad/sl/ipc50 s45:  34%|███▍      | 103/300 [1:09:26<2:12:48, 40.45s/ep][A

tin/rn18/rcad/sl/ipc50 s45:  35%|███▍      | 104/300 [1:10:07<2:12:07, 40.45s/ep][A

tin/rn18/rcad/sl/ipc50 s45:  35%|███▌      | 105/300 [1:10:47<2:11:27, 40.45s/ep][A

tin/rn18/rcad/sl/ipc50 s45:  35%|███▌      | 106/300 [1:11:28<2:10:48, 40.45s/ep][A

tin/rn18/rcad/sl/ipc50 s45:  36%|███▌      | 107/300 [1:12:08<2:10:06, 40.45s/ep][A

tin/rn18/rcad/sl/ipc50 s45:  36%|███▌      | 108/300 [1:12:49<2:09:26, 40.45s/ep][A

tin/rn18/rcad/sl/ipc50 s45:  36%|███▋      | 109/300 [1:13:29<2:08:45, 40.45s/ep][A

tin/rn18/rcad/sl/ipc50 s45:  37%|███▋      | 110/300 [1:14:10<2:08:06, 40.46s/ep][A

tin/rn18/rcad/sl/ipc50 s45:  37%|███▋      | 111/300 [1:14:50<2:07:26, 40.46s/ep][A

tin/rn18/rcad/sl/ipc50 s45:  37%|███▋      | 112/300 [1:15:30<2:06:45, 40.46s/ep][A

tin/rn18/rcad/sl/ipc50 s45:  38%|███▊      | 113/300 [1:16:11<2:06:03, 40.45s/ep][A

tin/rn18/rcad/sl/ipc50 s45:  38%|███▊      | 114/300 [1:16:51<2:05:24, 40.45s/ep][A

tin/rn18/rcad/sl/ipc50 s45:  38%|███▊      | 115/300 [1:17:32<2:04:43, 40.45s/ep][A

tin/rn18/rcad/sl/ipc50 s45:  39%|███▊      | 116/300 [1:18:12<2:04:02, 40.45s/ep][A

tin/rn18/rcad/sl/ipc50 s45:  39%|███▉      | 117/300 [1:18:53<2:03:22, 40.45s/ep][A

tin/rn18/rcad/sl/ipc50 s45:  39%|███▉      | 118/300 [1:19:33<2:02:42, 40.46s/ep][A

tin/rn18/rcad/sl/ipc50 s45:  40%|███▉      | 119/300 [1:20:14<2:02:01, 40.45s/ep][A

tin/rn18/rcad/sl/ipc50 s45:  40%|████      | 120/300 [1:20:54<2:01:22, 40.46s/ep][A

tin/rn18/rcad/sl/ipc50 s45:  40%|████      | 121/300 [1:21:35<2:00:41, 40.45s/ep][A

tin/rn18/rcad/sl/ipc50 s45:  41%|████      | 122/300 [1:22:15<2:00:01, 40.46s/ep][A

tin/rn18/rcad/sl/ipc50 s45:  41%|████      | 123/300 [1:22:55<1:59:21, 40.46s/ep][A

tin/rn18/rcad/sl/ipc50 s45:  41%|████▏     | 124/300 [1:23:36<1:58:41, 40.46s/ep][A

tin/rn18/rcad/sl/ipc50 s45:  42%|████▏     | 125/300 [1:24:16<1:57:59, 40.46s/ep][A

tin/rn18/rcad/sl/ipc50 s45:  42%|████▏     | 126/300 [1:24:57<1:57:19, 40.46s/ep][A

tin/rn18/rcad/sl/ipc50 s45:  42%|████▏     | 127/300 [1:25:37<1:56:38, 40.46s/ep][A

tin/rn18/rcad/sl/ipc50 s45:  43%|████▎     | 128/300 [1:26:18<1:55:58, 40.46s/ep][A

tin/rn18/rcad/sl/ipc50 s45:  43%|████▎     | 129/300 [1:26:58<1:55:18, 40.46s/ep][A

tin/rn18/rcad/sl/ipc50 s45:  43%|████▎     | 130/300 [1:27:39<1:54:38, 40.46s/ep][A

tin/rn18/rcad/sl/ipc50 s45:  44%|████▎     | 131/300 [1:28:19<1:53:56, 40.45s/ep][A

tin/rn18/rcad/sl/ipc50 s45:  44%|████▍     | 132/300 [1:29:00<1:53:16, 40.45s/ep][A

tin/rn18/rcad/sl/ipc50 s45:  44%|████▍     | 133/300 [1:29:40<1:52:36, 40.46s/ep][A

tin/rn18/rcad/sl/ipc50 s45:  45%|████▍     | 134/300 [1:30:20<1:51:54, 40.45s/ep][A

tin/rn18/rcad/sl/ipc50 s45:  45%|████▌     | 135/300 [1:31:01<1:51:14, 40.45s/ep][A

tin/rn18/rcad/sl/ipc50 s45:  45%|████▌     | 136/300 [1:31:41<1:50:34, 40.45s/ep][A

tin/rn18/rcad/sl/ipc50 s45:  46%|████▌     | 137/300 [1:32:22<1:49:54, 40.46s/ep][A

tin/rn18/rcad/sl/ipc50 s45:  46%|████▌     | 138/300 [1:33:02<1:49:12, 40.45s/ep][A

tin/rn18/rcad/sl/ipc50 s45:  46%|████▋     | 139/300 [1:33:43<1:48:33, 40.46s/ep][A

tin/rn18/rcad/sl/ipc50 s45:  47%|████▋     | 140/300 [1:34:23<1:47:52, 40.45s/ep][A

tin/rn18/rcad/sl/ipc50 s45:  47%|████▋     | 141/300 [1:35:04<1:47:11, 40.45s/ep][A

tin/rn18/rcad/sl/ipc50 s45:  47%|████▋     | 142/300 [1:35:44<1:46:31, 40.46s/ep][A

tin/rn18/rcad/sl/ipc50 s45:  48%|████▊     | 143/300 [1:36:25<1:45:52, 40.46s/ep][A

tin/rn18/rcad/sl/ipc50 s45:  48%|████▊     | 144/300 [1:37:05<1:45:10, 40.45s/ep][A

tin/rn18/rcad/sl/ipc50 s45:  48%|████▊     | 145/300 [1:37:45<1:44:29, 40.45s/ep][A

tin/rn18/rcad/sl/ipc50 s45:  49%|████▊     | 146/300 [1:38:26<1:43:49, 40.45s/ep][A

tin/rn18/rcad/sl/ipc50 s45:  49%|████▉     | 147/300 [1:39:06<1:43:10, 40.46s/ep][A

tin/rn18/rcad/sl/ipc50 s45:  49%|████▉     | 148/300 [1:39:47<1:42:28, 40.45s/ep][A

tin/rn18/rcad/sl/ipc50 s45:  50%|████▉     | 149/300 [1:40:27<1:41:48, 40.45s/ep][A

tin/rn18/rcad/sl/ipc50 s45:  50%|█████     | 150/300 [1:41:08<1:41:07, 40.45s/ep][A

tin/rn18/rcad/sl/ipc50 s45:  50%|█████     | 151/300 [1:41:48<1:40:27, 40.45s/ep][A

tin/rn18/rcad/sl/ipc50 s45:  51%|█████     | 152/300 [1:42:29<1:39:46, 40.45s/ep][A

tin/rn18/rcad/sl/ipc50 s45:  51%|█████     | 153/300 [1:43:09<1:39:06, 40.45s/ep][A

tin/rn18/rcad/sl/ipc50 s45:  51%|█████▏    | 154/300 [1:43:49<1:38:24, 40.44s/ep][A

tin/rn18/rcad/sl/ipc50 s45:  52%|█████▏    | 155/300 [1:44:30<1:37:44, 40.45s/ep][A

tin/rn18/rcad/sl/ipc50 s45:  52%|█████▏    | 156/300 [1:45:10<1:37:04, 40.45s/ep][A

tin/rn18/rcad/sl/ipc50 s45:  52%|█████▏    | 157/300 [1:45:51<1:36:24, 40.45s/ep][A

tin/rn18/rcad/sl/ipc50 s45:  53%|█████▎    | 158/300 [1:46:31<1:35:43, 40.45s/ep][A

tin/rn18/rcad/sl/ipc50 s45:  53%|█████▎    | 159/300 [1:47:12<1:35:02, 40.44s/ep][A

tin/rn18/rcad/sl/ipc50 s45:  53%|█████▎    | 160/300 [1:47:52<1:34:22, 40.45s/ep][A

tin/rn18/rcad/sl/ipc50 s45:  54%|█████▎    | 161/300 [1:48:33<1:33:42, 40.45s/ep][A

tin/rn18/rcad/sl/ipc50 s45:  54%|█████▍    | 162/300 [1:49:13<1:33:02, 40.45s/ep][A

tin/rn18/rcad/sl/ipc50 s45:  54%|█████▍    | 163/300 [1:49:54<1:32:21, 40.45s/ep][A

