
rn18-tin:   0%|          | 0/27 [00:00<?, ?cell/s]
rn18-tin:   0%|          | 0/27 [00:00<?, ?cell/s, random/hl/ipc10]

tin/rn18/random/hl/ipc10 s45:   0%|          | 0/300 [00:00<?, ?ep/s][A

tin/rn18/random/hl/ipc10 s45:   0%|          | 1/300 [00:01<09:27,  1.90s/ep][A

tin/rn18/random/hl/ipc10 s45:   1%|          | 2/300 [00:03<08:09,  1.64s/ep][A

tin/rn18/random/hl/ipc10 s45:   1%|          | 3/300 [00:04<07:53,  1.60s/ep][A

tin/rn18/random/hl/ipc10 s45:   1%|▏         | 4/300 [00:06<07:44,  1.57s/ep][A

tin/rn18/random/hl/ipc10 s45:   2%|▏         | 5/300 [00:07<07:40,  1.56s/ep][A

tin/rn18/random/hl/ipc10 s45:   2%|▏         | 6/300 [00:09<07:35,  1.55s/ep][A

tin/rn18/random/hl/ipc10 s45:   2%|▏         | 7/300 [00:11<07:33,  1.55s/ep][A

tin/rn18/random/hl/ipc10 s45:   3%|▎         | 8/300 [00:12<07:30,  1.54s/ep][A

tin/rn18/random/hl/ipc10 s45:   3%|▎         | 9/300 [00:14<07:28,  1.54s/ep][A

tin/rn18/random/hl/ipc10 s45:   3%|▎         | 10/300 [00:15<07:27,  1.54s/ep][A

tin/rn18/random/hl/ipc10 s45:   4%|▎         | 11/300 [00:17<07:25,  1.54s/ep][A

tin/rn18/random/hl/ipc10 s45:   4%|▍         | 12/300 [00:18<07:23,  1.54s/ep][A

tin/rn18/random/hl/ipc10 s45:   4%|▍         | 13/300 [00:20<07:21,  1.54s/ep][A

tin/rn18/random/hl/ipc10 s45:   5%|▍         | 14/300 [00:21<07:21,  1.54s/ep][A

tin/rn18/random/hl/ipc10 s45:   5%|▌         | 15/300 [00:23<07:20,  1.55s/ep][A

tin/rn18/random/hl/ipc10 s45:   5%|▌         | 16/300 [00:24<07:20,  1.55s/ep][A

tin/rn18/random/hl/ipc10 s45:   6%|▌         | 17/300 [00:26<07:21,  1.56s/ep][A

tin/rn18/random/hl/ipc10 s45:   6%|▌         | 18/300 [00:28<07:21,  1.57s/ep][A

tin/rn18/random/hl/ipc10 s45:   6%|▋         | 19/300 [00:29<07:20,  1.57s/ep][A

tin/rn18/random/hl/ipc10 s45:   7%|▋         | 20/300 [00:31<07:21,  1.58s/ep][A

tin/rn18/random/hl/ipc10 s45:   7%|▋         | 21/300 [00:32<07:21,  1.58s/ep][A

tin/rn18/random/hl/ipc10 s45:   7%|▋         | 22/300 [00:34<07:21,  1.59s/ep][A

tin/rn18/random/hl/ipc10 s45:   8%|▊         | 23/300 [00:36<07:19,  1.59s/ep][A

tin/rn18/random/hl/ipc10 s45:   8%|▊         | 24/300 [00:37<07:19,  1.59s/ep][A

tin/rn18/random/hl/ipc10 s45:   8%|▊         | 25/300 [00:39<07:21,  1.60s/ep][A

tin/rn18/random/hl/ipc10 s45:   9%|▊         | 26/300 [00:40<07:21,  1.61s/ep][A

tin/rn18/random/hl/ipc10 s45:   9%|▉         | 27/300 [00:42<07:22,  1.62s/ep][A

tin/rn18/random/hl/ipc10 s45:   9%|▉         | 28/300 [00:44<07:20,  1.62s/ep][A

tin/rn18/random/hl/ipc10 s45:  10%|▉         | 29/300 [00:45<07:20,  1.63s/ep][A

tin/rn18/random/hl/ipc10 s45:  10%|█         | 30/300 [00:47<07:21,  1.64s/ep][A

tin/rn18/random/hl/ipc10 s45:  10%|█         | 31/300 [00:49<07:21,  1.64s/ep][A

tin/rn18/random/hl/ipc10 s45:  11%|█         | 32/300 [00:50<07:20,  1.64s/ep][A

tin/rn18/random/hl/ipc10 s45:  11%|█         | 33/300 [00:52<07:18,  1.64s/ep][A

tin/rn18/random/hl/ipc10 s45:  11%|█▏        | 34/300 [00:54<07:17,  1.64s/ep][A

tin/rn18/random/hl/ipc10 s45:  12%|█▏        | 35/300 [00:55<07:16,  1.65s/ep][A

tin/rn18/random/hl/ipc10 s45:  12%|█▏        | 36/300 [00:57<07:16,  1.65s/ep][A

tin/rn18/random/hl/ipc10 s45:  12%|█▏        | 37/300 [00:59<07:17,  1.66s/ep][A

tin/rn18/random/hl/ipc10 s45:  13%|█▎        | 38/300 [01:00<07:20,  1.68s/ep][A

tin/rn18/random/hl/ipc10 s45:  13%|█▎        | 39/300 [01:02<07:19,  1.68s/ep][A

tin/rn18/random/hl/ipc10 s45:  13%|█▎        | 40/300 [01:04<07:16,  1.68s/ep][A

tin/rn18/random/hl/ipc10 s45:  14%|█▎        | 41/300 [01:05<07:24,  1.72s/ep][A

tin/rn18/random/hl/ipc10 s45:  14%|█▍        | 42/300 [01:07<07:26,  1.73s/ep][A

tin/rn18/random/hl/ipc10 s45:  14%|█▍        | 43/300 [01:09<07:25,  1.73s/ep][A

tin/rn18/random/hl/ipc10 s45:  15%|█▍        | 44/300 [01:11<07:23,  1.73s/ep][A

tin/rn18/random/hl/ipc10 s45:  15%|█▌        | 45/300 [01:12<07:24,  1.75s/ep][A

tin/rn18/random/hl/ipc10 s45:  15%|█▌        | 46/300 [01:14<07:24,  1.75s/ep][A

tin/rn18/random/hl/ipc10 s45:  16%|█▌        | 47/300 [01:16<07:24,  1.76s/ep][A

tin/rn18/random/hl/ipc10 s45:  16%|█▌        | 48/300 [01:18<07:25,  1.77s/ep][A

tin/rn18/random/hl/ipc10 s45:  16%|█▋        | 49/300 [01:20<07:32,  1.80s/ep][A

tin/rn18/random/hl/ipc10 s45:  17%|█▋        | 50/300 [01:22<07:34,  1.82s/ep][A

tin/rn18/random/hl/ipc10 s45:  17%|█▋        | 51/300 [01:23<07:33,  1.82s/ep][A

tin/rn18/random/hl/ipc10 s45:  17%|█▋        | 52/300 [01:25<07:41,  1.86s/ep][A

tin/rn18/random/hl/ipc10 s45:  18%|█▊        | 53/300 [01:27<07:40,  1.86s/ep][A

tin/rn18/random/hl/ipc10 s45:  18%|█▊        | 54/300 [01:29<07:40,  1.87s/ep][A

tin/rn18/random/hl/ipc10 s45:  18%|█▊        | 55/300 [01:31<07:43,  1.89s/ep][A

tin/rn18/random/hl/ipc10 s45:  19%|█▊        | 56/300 [01:33<07:44,  1.90s/ep][A

tin/rn18/random/hl/ipc10 s45:  19%|█▉        | 57/300 [01:35<08:06,  2.00s/ep][A

tin/rn18/random/hl/ipc10 s45:  19%|█▉        | 58/300 [01:37<08:02,  1.99s/ep][A

tin/rn18/random/hl/ipc10 s45:  20%|█▉        | 59/300 [01:39<08:00,  1.99s/ep][A

tin/rn18/random/hl/ipc10 s45:  20%|██        | 60/300 [01:41<08:13,  2.06s/ep][A

tin/rn18/random/hl/ipc10 s45:  20%|██        | 61/300 [01:43<08:14,  2.07s/ep][A

tin/rn18/random/hl/ipc10 s45:  21%|██        | 62/300 [01:46<08:21,  2.11s/ep][A

tin/rn18/random/hl/ipc10 s45:  21%|██        | 63/300 [01:48<08:20,  2.11s/ep][A

tin/rn18/random/hl/ipc10 s45:  21%|██▏       | 64/300 [01:50<08:31,  2.17s/ep][A

tin/rn18/random/hl/ipc10 s45:  22%|██▏       | 65/300 [01:52<08:40,  2.21s/ep][A

tin/rn18/random/hl/ipc10 s45:  22%|██▏       | 66/300 [01:55<08:46,  2.25s/ep][A

tin/rn18/random/hl/ipc10 s45:  22%|██▏       | 67/300 [01:57<08:55,  2.30s/ep][A

tin/rn18/random/hl/ipc10 s45:  23%|██▎       | 68/300 [02:00<09:02,  2.34s/ep][A

tin/rn18/random/hl/ipc10 s45:  23%|██▎       | 69/300 [02:02<09:04,  2.36s/ep][A

tin/rn18/random/hl/ipc10 s45:  23%|██▎       | 70/300 [02:04<09:00,  2.35s/ep][A

tin/rn18/random/hl/ipc10 s45:  24%|██▎       | 71/300 [02:07<09:13,  2.42s/ep][A

tin/rn18/random/hl/ipc10 s45:  24%|██▍       | 72/300 [02:10<09:25,  2.48s/ep][A

tin/rn18/random/hl/ipc10 s45:  24%|██▍       | 73/300 [02:12<09:28,  2.51s/ep][A

tin/rn18/random/hl/ipc10 s45:  25%|██▍       | 74/300 [02:15<09:38,  2.56s/ep][A

tin/rn18/random/hl/ipc10 s45:  25%|██▌       | 75/300 [02:18<09:55,  2.65s/ep][A

tin/rn18/random/hl/ipc10 s45:  25%|██▌       | 76/300 [02:20<09:58,  2.67s/ep][A

tin/rn18/random/hl/ipc10 s45:  26%|██▌       | 77/300 [02:23<10:05,  2.72s/ep][A

tin/rn18/random/hl/ipc10 s45:  26%|██▌       | 78/300 [02:26<10:12,  2.76s/ep][A

tin/rn18/random/hl/ipc10 s45:  26%|██▋       | 79/300 [02:29<10:22,  2.82s/ep][A

tin/rn18/random/hl/ipc10 s45:  27%|██▋       | 80/300 [02:32<10:26,  2.85s/ep][A

tin/rn18/random/hl/ipc10 s45:  27%|██▋       | 81/300 [02:35<10:30,  2.88s/ep][A

tin/rn18/random/hl/ipc10 s45:  27%|██▋       | 82/300 [02:38<10:33,  2.91s/ep][A

tin/rn18/random/hl/ipc10 s45:  28%|██▊       | 83/300 [02:41<10:33,  2.92s/ep][A

tin/rn18/random/hl/ipc10 s45:  28%|██▊       | 84/300 [02:44<10:50,  3.01s/ep][A

tin/rn18/random/hl/ipc10 s45:  28%|██▊       | 85/300 [02:47<10:58,  3.06s/ep][A

tin/rn18/random/hl/ipc10 s45:  29%|██▊       | 86/300 [02:50<11:04,  3.10s/ep][A

tin/rn18/random/hl/ipc10 s45:  29%|██▉       | 87/300 [02:54<11:24,  3.21s/ep][A

tin/rn18/random/hl/ipc10 s45:  29%|██▉       | 88/300 [02:57<11:24,  3.23s/ep][A

tin/rn18/random/hl/ipc10 s45:  30%|██▉       | 89/300 [03:01<11:41,  3.32s/ep][A

tin/rn18/random/hl/ipc10 s45:  30%|███       | 90/300 [03:04<11:51,  3.39s/ep][A

tin/rn18/random/hl/ipc10 s45:  30%|███       | 91/300 [03:08<11:49,  3.40s/ep][A

tin/rn18/random/hl/ipc10 s45:  31%|███       | 92/300 [03:11<12:02,  3.47s/ep][A

tin/rn18/random/hl/ipc10 s45:  31%|███       | 93/300 [03:15<12:06,  3.51s/ep][A

tin/rn18/random/hl/ipc10 s45:  31%|███▏      | 94/300 [03:19<12:29,  3.64s/ep][A

tin/rn18/random/hl/ipc10 s45:  32%|███▏      | 95/300 [03:22<12:30,  3.66s/ep][A

tin/rn18/random/hl/ipc10 s45:  32%|███▏      | 96/300 [03:26<12:43,  3.74s/ep][A

tin/rn18/random/hl/ipc10 s45:  32%|███▏      | 97/300 [03:30<12:46,  3.78s/ep][A

tin/rn18/random/hl/ipc10 s45:  33%|███▎      | 98/300 [03:34<13:03,  3.88s/ep][A

tin/rn18/random/hl/ipc10 s45:  33%|███▎      | 99/300 [03:38<12:52,  3.84s/ep][A

tin/rn18/random/hl/ipc10 s45:  33%|███▎      | 100/300 [03:42<12:47,  3.84s/ep][A

tin/rn18/random/hl/ipc10 s45:  34%|███▎      | 101/300 [03:46<13:19,  4.02s/ep][A

tin/rn18/random/hl/ipc10 s45:  34%|███▍      | 102/300 [03:51<13:19,  4.04s/ep][A

tin/rn18/random/hl/ipc10 s45:  34%|███▍      | 103/300 [03:55<13:27,  4.10s/ep][A

tin/rn18/random/hl/ipc10 s45:  35%|███▍      | 104/300 [03:59<13:19,  4.08s/ep][A

tin/rn18/random/hl/ipc10 s45:  35%|███▌      | 105/300 [04:03<13:29,  4.15s/ep][A

tin/rn18/random/hl/ipc10 s45:  35%|███▌      | 106/300 [04:08<13:40,  4.23s/ep][A

tin/rn18/random/hl/ipc10 s45:  36%|███▌      | 107/300 [04:12<13:54,  4.33s/ep][A

tin/rn18/random/hl/ipc10 s45:  36%|███▌      | 108/300 [04:16<13:44,  4.29s/ep][A

tin/rn18/random/hl/ipc10 s45:  36%|███▋      | 109/300 [04:21<14:02,  4.41s/ep][A

tin/rn18/random/hl/ipc10 s45:  37%|███▋      | 110/300 [04:25<13:58,  4.41s/ep][A

tin/rn18/random/hl/ipc10 s45:  37%|███▋      | 111/300 [04:30<14:07,  4.49s/ep][A

tin/rn18/random/hl/ipc10 s45:  37%|███▋      | 112/300 [04:35<14:13,  4.54s/ep][A

tin/rn18/random/hl/ipc10 s45:  38%|███▊      | 113/300 [04:39<14:14,  4.57s/ep][A

tin/rn18/random/hl/ipc10 s45:  38%|███▊      | 114/300 [04:44<14:31,  4.69s/ep][A

tin/rn18/random/hl/ipc10 s45:  38%|███▊      | 115/300 [04:49<14:46,  4.79s/ep][A

tin/rn18/random/hl/ipc10 s45:  39%|███▊      | 116/300 [04:54<14:43,  4.80s/ep][A

tin/rn18/random/hl/ipc10 s45:  39%|███▉      | 117/300 [04:59<15:06,  4.96s/ep][A

tin/rn18/random/hl/ipc10 s45:  39%|███▉      | 118/300 [05:05<15:17,  5.04s/ep][A

tin/rn18/random/hl/ipc10 s45:  40%|███▉      | 119/300 [05:10<15:33,  5.16s/ep][A

tin/rn18/random/hl/ipc10 s45:  40%|████      | 120/300 [05:15<15:32,  5.18s/ep][A

tin/rn18/random/hl/ipc10 s45:  40%|████      | 121/300 [05:21<15:46,  5.29s/ep][A

tin/rn18/random/hl/ipc10 s45:  41%|████      | 122/300 [05:26<15:28,  5.21s/ep][A

tin/rn18/random/hl/ipc10 s45:  41%|████      | 123/300 [05:31<15:34,  5.28s/ep][A

tin/rn18/random/hl/ipc10 s45:  41%|████▏     | 124/300 [05:37<15:41,  5.35s/ep][A

tin/rn18/random/hl/ipc10 s45:  42%|████▏     | 125/300 [05:42<15:38,  5.36s/ep][A

tin/rn18/random/hl/ipc10 s45:  42%|████▏     | 126/300 [05:48<15:39,  5.40s/ep][A

tin/rn18/random/hl/ipc10 s45:  42%|████▏     | 127/300 [05:53<15:47,  5.48s/ep][A

tin/rn18/random/hl/ipc10 s45:  43%|████▎     | 128/300 [05:59<16:01,  5.59s/ep][A

tin/rn18/random/hl/ipc10 s45:  43%|████▎     | 129/300 [06:05<16:00,  5.62s/ep][A

tin/rn18/random/hl/ipc10 s45:  43%|████▎     | 130/300 [06:11<16:11,  5.72s/ep][A

tin/rn18/random/hl/ipc10 s45:  44%|████▎     | 131/300 [06:17<16:14,  5.77s/ep][A

tin/rn18/random/hl/ipc10 s45:  44%|████▍     | 132/300 [06:23<16:05,  5.75s/ep][A

tin/rn18/random/hl/ipc10 s45:  44%|████▍     | 133/300 [06:29<16:18,  5.86s/ep][A

tin/rn18/random/hl/ipc10 s45:  45%|████▍     | 134/300 [06:35<16:12,  5.86s/ep][A

tin/rn18/random/hl/ipc10 s45:  45%|████▌     | 135/300 [06:41<16:20,  5.94s/ep][A

tin/rn18/random/hl/ipc10 s45:  45%|████▌     | 136/300 [06:47<16:16,  5.96s/ep][A

tin/rn18/random/hl/ipc10 s45:  46%|████▌     | 137/300 [06:53<16:26,  6.05s/ep][A

tin/rn18/random/hl/ipc10 s45:  46%|████▌     | 138/300 [06:59<16:37,  6.16s/ep][A

tin/rn18/random/hl/ipc10 s45:  46%|████▋     | 139/300 [07:06<16:42,  6.22s/ep][A

tin/rn18/random/hl/ipc10 s45:  47%|████▋     | 140/300 [07:12<16:54,  6.34s/ep][A

tin/rn18/random/hl/ipc10 s45:  47%|████▋     | 141/300 [07:19<17:01,  6.43s/ep][A

tin/rn18/random/hl/ipc10 s45:  47%|████▋     | 142/300 [07:26<17:02,  6.47s/ep][A

tin/rn18/random/hl/ipc10 s45:  48%|████▊     | 143/300 [07:32<17:19,  6.62s/ep][A

tin/rn18/random/hl/ipc10 s45:  48%|████▊     | 144/300 [07:39<17:12,  6.62s/ep][A

tin/rn18/random/hl/ipc10 s45:  48%|████▊     | 145/300 [07:46<17:25,  6.74s/ep][A

tin/rn18/random/hl/ipc10 s45:  49%|████▊     | 146/300 [07:53<17:36,  6.86s/ep][A

tin/rn18/random/hl/ipc10 s45:  49%|████▉     | 147/300 [08:00<17:23,  6.82s/ep][A

tin/rn18/random/hl/ipc10 s45:  49%|████▉     | 148/300 [08:07<17:29,  6.90s/ep][A

tin/rn18/random/hl/ipc10 s45:  50%|████▉     | 149/300 [08:14<17:08,  6.81s/ep][A

tin/rn18/random/hl/ipc10 s45:  50%|█████     | 150/300 [08:21<17:13,  6.89s/ep][A

tin/rn18/random/hl/ipc10 s45:  50%|█████     | 151/300 [08:28<17:17,  6.97s/ep][A

tin/rn18/random/hl/ipc10 s45:  51%|█████     | 152/300 [08:35<17:19,  7.03s/ep][A

tin/rn18/random/hl/ipc10 s45:  51%|█████     | 153/300 [08:43<17:32,  7.16s/ep][A

tin/rn18/random/hl/ipc10 s45:  51%|█████▏    | 154/300 [08:49<17:11,  7.07s/ep][A

tin/rn18/random/hl/ipc10 s45:  52%|█████▏    | 155/300 [08:57<17:15,  7.14s/ep][A

tin/rn18/random/hl/ipc10 s45:  52%|█████▏    | 156/300 [09:04<17:01,  7.09s/ep][A

tin/rn18/random/hl/ipc10 s45:  52%|█████▏    | 157/300 [09:11<17:17,  7.25s/ep][A

tin/rn18/random/hl/ipc10 s45:  53%|█████▎    | 158/300 [09:19<17:09,  7.25s/ep][A

tin/rn18/random/hl/ipc10 s45:  53%|█████▎    | 159/300 [09:26<17:06,  7.28s/ep][A

tin/rn18/random/hl/ipc10 s45:  53%|█████▎    | 160/300 [09:33<17:05,  7.33s/ep][A
rn18-tin:   0%|          | 0/27 [09:40<?, ?cell/s, random/hl/ipc10]
Traceback (most recent call last):
  File "/home/dvspanos/nikos/ca2d/bench.py", line 1863, in <module>
    sys.exit(main() or 0)
  File "/home/dvspanos/nikos/ca2d/bench.py", line 1849, in main
    cmd_run(args.table, args.seeds, device, args.ipcs, args.regimes,
  File "/home/dvspanos/nikos/ca2d/bench.py", line 1233, in cmd_run
    eval_cell(ds, arch, m, r, i, seeds, device, devices=devices)
  File "/home/dvspanos/nikos/ca2d/bench.py", line 947, in eval_cell
    acc, sec = hl_sl_seed_run(st, ds, arch, regime, s, device,
  File "/home/dvspanos/nikos/ca2d/bench.py", line 903, in hl_sl_seed_run
    hl_train(model, st["x"], st["y"], device, epochs=st["epochs"],
  File "/home/dvspanos/nikos/ca2d/ca2d.py", line 336, in hl_train
    xb = diff_augment(xb, DSA_STRATEGY, dsa_param)
  File "/home/dvspanos/nikos/ca2d/ca2d.py", line 277, in diff_augment
    def diff_augment(x, strategy=DSA_STRATEGY, param=None):
KeyboardInterrupt



rn18-tin:   0%|          | 0/27 [00:00<?, ?cell/s]
rn18-tin:   0%|          | 0/27 [00:00<?, ?cell/s, random/hl/ipc10][cell] partial (bench_tin_rn18_random_hl_ipc10.json): have [42, 43, 44], running [45, 46]


tin/rn18/random/hl/ipc10 s45:   0%|          | 0/300 [00:00<?, ?ep/s][A

tin/rn18/random/hl/ipc10 s45:   0%|          | 1/300 [00:01<09:33,  1.92s/ep][A

tin/rn18/random/hl/ipc10 s45:   1%|          | 2/300 [00:03<08:04,  1.63s/ep][A

tin/rn18/random/hl/ipc10 s45:   1%|          | 3/300 [00:04<07:50,  1.58s/ep][A

tin/rn18/random/hl/ipc10 s45:   1%|▏         | 4/300 [00:06<07:42,  1.56s/ep][A

tin/rn18/random/hl/ipc10 s45:   2%|▏         | 5/300 [00:07<07:39,  1.56s/ep][A

tin/rn18/random/hl/ipc10 s45:   2%|▏         | 6/300 [00:09<07:34,  1.54s/ep][A

tin/rn18/random/hl/ipc10 s45:   2%|▏         | 7/300 [00:11<07:32,  1.54s/ep][A

tin/rn18/random/hl/ipc10 s45:   3%|▎         | 8/300 [00:12<07:30,  1.54s/ep][A
rn18-tin:   0%|          | 0/27 [00:14<?, ?cell/s, random/hl/ipc10]
Traceback (most recent call last):
  File "/home/dvspanos/nikos/ca2d/bench.py", line 1947, in <module>
    sys.exit(main() or 0)
  File "/home/dvspanos/nikos/ca2d/bench.py", line 1933, in main
    cmd_run(args.table, args.seeds, device, args.ipcs, args.regimes,
  File "/home/dvspanos/nikos/ca2d/bench.py", line 1344, in cmd_run
    eval_cell(ds, arch, m, r, i, seeds, device, devices=devices)
  File "/home/dvspanos/nikos/ca2d/bench.py", line 1050, in eval_cell
    acc, sec = hl_sl_seed_run(st, ds, arch, regime, s, device,
  File "/home/dvspanos/nikos/ca2d/bench.py", line 1001, in hl_sl_seed_run
    hl_train(model, st["x"], st["y"], device, epochs=st["epochs"],
  File "/home/dvspanos/nikos/ca2d/ca2d.py", line 340, in hl_train
    opt.step()
  File "/home/dvspanos/miniconda3/envs/rded/lib/python3.10/site-packages/torch/optim/lr_scheduler.py", line 68, in wrapper
    return wrapped(*args, **kwargs)
  File "/home/dvspanos/miniconda3/envs/rded/lib/python3.10/site-packages/torch/optim/optimizer.py", line 373, in wrapper
    out = func(*args, **kwargs)
  File "/home/dvspanos/miniconda3/envs/rded/lib/python3.10/site-packages/torch/optim/optimizer.py", line 79, in _use_grad
    torch.set_grad_enabled(prev_grad)
  File "/home/dvspanos/miniconda3/envs/rded/lib/python3.10/site-packages/torch/autograd/grad_mode.py", line 182, in __init__
    def __init__(self, mode: bool) -> None:
KeyboardInterrupt



rn18-tin:   0%|          | 0/27 [00:00<?, ?cell/s]
rn18-tin:   0%|          | 0/27 [00:00<?, ?cell/s, random/hl/ipc10][cell] partial (bench_tin_rn18_random_hl_ipc10.json): have [42, 43, 44], running [45, 46]


tin/rn18/random/hl/ipc10 s45:   0%|          | 0/300 [00:00<?, ?ep/s][A

tin/rn18/random/hl/ipc10 s45:   0%|          | 1/300 [00:01<09:40,  1.94s/ep][A

tin/rn18/random/hl/ipc10 s45:   1%|          | 2/300 [00:03<08:07,  1.64s/ep][A

tin/rn18/random/hl/ipc10 s45:   1%|          | 3/300 [00:04<07:54,  1.60s/ep][A

tin/rn18/random/hl/ipc10 s45:   1%|▏         | 4/300 [00:06<07:46,  1.58s/ep][A

tin/rn18/random/hl/ipc10 s45:   2%|▏         | 5/300 [00:08<07:41,  1.57s/ep][A

tin/rn18/random/hl/ipc10 s45:   2%|▏         | 6/300 [00:09<07:37,  1.56s/ep][A

tin/rn18/random/hl/ipc10 s45:   2%|▏         | 7/300 [00:11<07:35,  1.55s/ep][A

tin/rn18/random/hl/ipc10 s45:   3%|▎         | 8/300 [00:12<07:33,  1.55s/ep][A

tin/rn18/random/hl/ipc10 s45:   3%|▎         | 9/300 [00:14<07:33,  1.56s/ep][A

tin/rn18/random/hl/ipc10 s45:   3%|▎         | 10/300 [00:15<07:32,  1.56s/ep][A

tin/rn18/random/hl/ipc10 s45:   4%|▎         | 11/300 [00:17<07:31,  1.56s/ep][A

tin/rn18/random/hl/ipc10 s45:   4%|▍         | 12/300 [00:18<07:31,  1.57s/ep][A

tin/rn18/random/hl/ipc10 s45:   4%|▍         | 13/300 [00:20<07:32,  1.58s/ep][A

tin/rn18/random/hl/ipc10 s45:   5%|▍         | 14/300 [00:22<07:30,  1.57s/ep][A

tin/rn18/random/hl/ipc10 s45:   5%|▌         | 15/300 [00:23<07:31,  1.58s/ep][A

tin/rn18/random/hl/ipc10 s45:   5%|▌         | 16/300 [00:25<07:33,  1.60s/ep][A

tin/rn18/random/hl/ipc10 s45:   6%|▌         | 17/300 [00:26<07:33,  1.60s/ep][A

tin/rn18/random/hl/ipc10 s45:   6%|▌         | 18/300 [00:28<07:34,  1.61s/ep][A

tin/rn18/random/hl/ipc10 s45:   6%|▋         | 19/300 [00:30<07:33,  1.62s/ep][A

tin/rn18/random/hl/ipc10 s45:   7%|▋         | 20/300 [00:31<07:36,  1.63s/ep][A

tin/rn18/random/hl/ipc10 s45:   7%|▋         | 21/300 [00:33<07:36,  1.64s/ep][A

tin/rn18/random/hl/ipc10 s45:   7%|▋         | 22/300 [00:35<07:34,  1.63s/ep][A

tin/rn18/random/hl/ipc10 s45:   8%|▊         | 23/300 [00:36<07:34,  1.64s/ep][A

tin/rn18/random/hl/ipc10 s45:   8%|▊         | 24/300 [00:38<07:34,  1.65s/ep][A

tin/rn18/random/hl/ipc10 s45:   8%|▊         | 25/300 [00:40<07:33,  1.65s/ep][A

tin/rn18/random/hl/ipc10 s45:   9%|▊         | 26/300 [00:41<07:31,  1.65s/ep][A

tin/rn18/random/hl/ipc10 s45:   9%|▉         | 27/300 [00:43<07:29,  1.65s/ep][A

tin/rn18/random/hl/ipc10 s45:   9%|▉         | 28/300 [00:45<07:27,  1.65s/ep][A

tin/rn18/random/hl/ipc10 s45:  10%|▉         | 29/300 [00:46<07:26,  1.65s/ep][A

tin/rn18/random/hl/ipc10 s45:  10%|█         | 30/300 [00:48<07:27,  1.66s/ep][A

tin/rn18/random/hl/ipc10 s45:  10%|█         | 31/300 [00:50<07:31,  1.68s/ep][A

tin/rn18/random/hl/ipc10 s45:  11%|█         | 32/300 [00:51<07:31,  1.69s/ep][A

tin/rn18/random/hl/ipc10 s45:  11%|█         | 33/300 [00:53<07:28,  1.68s/ep][A

tin/rn18/random/hl/ipc10 s45:  11%|█▏        | 34/300 [00:55<07:28,  1.69s/ep][A

tin/rn18/random/hl/ipc10 s45:  12%|█▏        | 35/300 [00:56<07:33,  1.71s/ep][A

tin/rn18/random/hl/ipc10 s45:  12%|█▏        | 36/300 [00:58<07:32,  1.71s/ep][A

tin/rn18/random/hl/ipc10 s45:  12%|█▏        | 37/300 [01:00<07:34,  1.73s/ep][A

tin/rn18/random/hl/ipc10 s45:  13%|█▎        | 38/300 [01:02<07:34,  1.74s/ep][A

tin/rn18/random/hl/ipc10 s45:  13%|█▎        | 39/300 [01:03<07:36,  1.75s/ep][A

tin/rn18/random/hl/ipc10 s45:  13%|█▎        | 40/300 [01:05<07:41,  1.77s/ep][A

tin/rn18/random/hl/ipc10 s45:  14%|█▎        | 41/300 [01:07<07:41,  1.78s/ep][A

tin/rn18/random/hl/ipc10 s45:  14%|█▍        | 42/300 [01:09<07:49,  1.82s/ep][A

tin/rn18/random/hl/ipc10 s45:  14%|█▍        | 43/300 [01:11<07:50,  1.83s/ep][A

tin/rn18/random/hl/ipc10 s45:  15%|█▍        | 44/300 [01:13<07:50,  1.84s/ep][A

tin/rn18/random/hl/ipc10 s45:  15%|█▌        | 45/300 [01:15<07:50,  1.84s/ep][A

tin/rn18/random/hl/ipc10 s45:  15%|█▌        | 46/300 [01:16<07:51,  1.86s/ep][A

tin/rn18/random/hl/ipc10 s45:  16%|█▌        | 47/300 [01:18<07:53,  1.87s/ep][A

tin/rn18/random/hl/ipc10 s45:  16%|█▌        | 48/300 [01:20<07:55,  1.89s/ep][A

tin/rn18/random/hl/ipc10 s45:  16%|█▋        | 49/300 [01:22<08:01,  1.92s/ep][A

tin/rn18/random/hl/ipc10 s45:  17%|█▋        | 50/300 [01:24<08:02,  1.93s/ep][A

tin/rn18/random/hl/ipc10 s45:  17%|█▋        | 51/300 [01:26<08:06,  1.95s/ep][A

tin/rn18/random/hl/ipc10 s45:  17%|█▋        | 52/300 [01:28<08:15,  2.00s/ep][A

tin/rn18/random/hl/ipc10 s45:  18%|█▊        | 53/300 [01:30<08:17,  2.01s/ep][A

tin/rn18/random/hl/ipc10 s45:  18%|█▊        | 54/300 [01:33<08:34,  2.09s/ep][A

tin/rn18/random/hl/ipc10 s45:  18%|█▊        | 55/300 [01:35<08:29,  2.08s/ep][A

tin/rn18/random/hl/ipc10 s45:  19%|█▊        | 56/300 [01:37<08:32,  2.10s/ep][A

tin/rn18/random/hl/ipc10 s45:  19%|█▉        | 57/300 [01:39<08:36,  2.12s/ep][A

tin/rn18/random/hl/ipc10 s45:  19%|█▉        | 58/300 [01:41<08:43,  2.16s/ep][A

tin/rn18/random/hl/ipc10 s45:  20%|█▉        | 59/300 [01:44<09:00,  2.24s/ep][A

tin/rn18/random/hl/ipc10 s45:  20%|██        | 60/300 [01:46<09:12,  2.30s/ep][A

tin/rn18/random/hl/ipc10 s45:  20%|██        | 61/300 [01:49<09:14,  2.32s/ep][A

tin/rn18/random/hl/ipc10 s45:  21%|██        | 62/300 [01:51<09:17,  2.34s/ep][A

tin/rn18/random/hl/ipc10 s45:  21%|██        | 63/300 [01:53<09:20,  2.36s/ep][A

tin/rn18/random/hl/ipc10 s45:  21%|██▏       | 64/300 [01:56<09:27,  2.40s/ep][A

tin/rn18/random/hl/ipc10 s45:  22%|██▏       | 65/300 [01:58<09:41,  2.48s/ep][A

tin/rn18/random/hl/ipc10 s45:  22%|██▏       | 66/300 [02:01<09:45,  2.50s/ep][A

tin/rn18/random/hl/ipc10 s45:  22%|██▏       | 67/300 [02:03<09:38,  2.48s/ep][A

tin/rn18/random/hl/ipc10 s45:  23%|██▎       | 68/300 [02:06<09:45,  2.52s/ep][A

tin/rn18/random/hl/ipc10 s45:  23%|██▎       | 69/300 [02:09<09:55,  2.58s/ep][A

tin/rn18/random/hl/ipc10 s45:  23%|██▎       | 70/300 [02:11<09:55,  2.59s/ep][A

tin/rn18/random/hl/ipc10 s45:  24%|██▎       | 71/300 [02:14<10:04,  2.64s/ep][A

tin/rn18/random/hl/ipc10 s45:  24%|██▍       | 72/300 [02:17<10:20,  2.72s/ep][A

tin/rn18/random/hl/ipc10 s45:  24%|██▍       | 73/300 [02:20<10:29,  2.77s/ep][A

tin/rn18/random/hl/ipc10 s45:  25%|██▍       | 74/300 [02:23<10:36,  2.82s/ep][A

tin/rn18/random/hl/ipc10 s45:  25%|██▌       | 75/300 [02:26<10:40,  2.85s/ep][A

tin/rn18/random/hl/ipc10 s45:  25%|██▌       | 76/300 [02:29<10:48,  2.89s/ep][A

tin/rn18/random/hl/ipc10 s45:  26%|██▌       | 77/300 [02:32<11:16,  3.03s/ep][A

tin/rn18/random/hl/ipc10 s45:  26%|██▌       | 78/300 [02:35<11:08,  3.01s/ep][A

tin/rn18/random/hl/ipc10 s45:  26%|██▋       | 79/300 [02:38<11:16,  3.06s/ep][A

tin/rn18/random/hl/ipc10 s45:  27%|██▋       | 80/300 [02:42<11:23,  3.11s/ep][A

tin/rn18/random/hl/ipc10 s45:  27%|██▋       | 81/300 [02:45<11:27,  3.14s/ep][A

tin/rn18/random/hl/ipc10 s45:  27%|██▋       | 82/300 [02:48<11:27,  3.15s/ep][A

tin/rn18/random/hl/ipc10 s45:  28%|██▊       | 83/300 [02:51<11:46,  3.25s/ep][A

tin/rn18/random/hl/ipc10 s45:  28%|██▊       | 84/300 [02:55<11:54,  3.31s/ep][A

tin/rn18/random/hl/ipc10 s45:  28%|██▊       | 85/300 [02:58<11:52,  3.32s/ep][A

tin/rn18/random/hl/ipc10 s45:  29%|██▊       | 86/300 [03:02<12:12,  3.42s/ep][A

tin/rn18/random/hl/ipc10 s45:  29%|██▉       | 87/300 [03:05<12:14,  3.45s/ep][A

tin/rn18/random/hl/ipc10 s45:  29%|██▉       | 88/300 [03:09<12:28,  3.53s/ep][A

tin/rn18/random/hl/ipc10 s45:  30%|██▉       | 89/300 [03:13<12:36,  3.58s/ep][A

tin/rn18/random/hl/ipc10 s45:  30%|███       | 90/300 [03:16<12:34,  3.59s/ep][A

tin/rn18/random/hl/ipc10 s45:  30%|███       | 91/300 [03:20<12:47,  3.67s/ep][A

tin/rn18/random/hl/ipc10 s45:  31%|███       | 92/300 [03:24<12:52,  3.71s/ep][A

tin/rn18/random/hl/ipc10 s45:  31%|███       | 93/300 [03:28<13:14,  3.84s/ep][A

tin/rn18/random/hl/ipc10 s45:  31%|███▏      | 94/300 [03:32<13:28,  3.92s/ep][A

tin/rn18/random/hl/ipc10 s45:  32%|███▏      | 95/300 [03:36<13:35,  3.98s/ep][A

tin/rn18/random/hl/ipc10 s45:  32%|███▏      | 96/300 [03:40<13:35,  4.00s/ep][A

tin/rn18/random/hl/ipc10 s45:  32%|███▏      | 97/300 [03:45<13:51,  4.10s/ep][A

tin/rn18/random/hl/ipc10 s45:  33%|███▎      | 98/300 [03:49<14:00,  4.16s/ep][A

tin/rn18/random/hl/ipc10 s45:  33%|███▎      | 99/300 [03:54<14:14,  4.25s/ep][A

tin/rn18/random/hl/ipc10 s45:  33%|███▎      | 100/300 [03:58<14:18,  4.29s/ep][A

tin/rn18/random/hl/ipc10 s45:  34%|███▎      | 101/300 [04:02<14:16,  4.30s/ep][A

tin/rn18/random/hl/ipc10 s45:  34%|███▍      | 102/300 [04:07<14:20,  4.34s/ep][A

tin/rn18/random/hl/ipc10 s45:  34%|███▍      | 103/300 [04:11<14:31,  4.43s/ep][A

tin/rn18/random/hl/ipc10 s45:  35%|███▍      | 104/300 [04:16<14:45,  4.52s/ep][A

tin/rn18/random/hl/ipc10 s45:  35%|███▌      | 105/300 [04:21<14:43,  4.53s/ep][A

tin/rn18/random/hl/ipc10 s45:  35%|███▌      | 106/300 [04:25<14:51,  4.60s/ep][A

tin/rn18/random/hl/ipc10 s45:  36%|███▌      | 107/300 [04:30<14:51,  4.62s/ep][A

tin/rn18/random/hl/ipc10 s45:  36%|███▌      | 108/300 [04:35<15:13,  4.76s/ep][A

tin/rn18/random/hl/ipc10 s45:  36%|███▋      | 109/300 [04:40<15:21,  4.83s/ep][A

tin/rn18/random/hl/ipc10 s45:  37%|███▋      | 110/300 [04:45<15:34,  4.92s/ep][A

tin/rn18/random/hl/ipc10 s45:  37%|███▋      | 111/300 [04:50<15:41,  4.98s/ep][A

tin/rn18/random/hl/ipc10 s45:  37%|███▋      | 112/300 [04:56<15:46,  5.03s/ep][A

tin/rn18/random/hl/ipc10 s45:  38%|███▊      | 113/300 [05:01<15:47,  5.07s/ep][A

tin/rn18/random/hl/ipc10 s45:  38%|███▊      | 114/300 [05:06<15:45,  5.08s/ep][A

tin/rn18/random/hl/ipc10 s45:  38%|███▊      | 115/300 [05:11<15:42,  5.10s/ep][A

tin/rn18/random/hl/ipc10 s45:  39%|███▊      | 116/300 [05:16<15:59,  5.21s/ep][A

tin/rn18/random/hl/ipc10 s45:  39%|███▉      | 117/300 [05:22<16:08,  5.29s/ep][A

tin/rn18/random/hl/ipc10 s45:  39%|███▉      | 118/300 [05:28<16:18,  5.38s/ep][A

tin/rn18/random/hl/ipc10 s45:  40%|███▉      | 119/300 [05:33<16:19,  5.41s/ep][A

tin/rn18/random/hl/ipc10 s45:  40%|████      | 120/300 [05:39<16:48,  5.60s/ep][A

tin/rn18/random/hl/ipc10 s45:  40%|████      | 121/300 [05:44<16:31,  5.54s/ep][A

tin/rn18/random/hl/ipc10 s45:  41%|████      | 122/300 [05:50<16:44,  5.64s/ep][A

tin/rn18/random/hl/ipc10 s45:  41%|████      | 123/300 [05:56<16:59,  5.76s/ep][A

tin/rn18/random/hl/ipc10 s45:  41%|████▏     | 124/300 [06:03<17:21,  5.92s/ep][A

tin/rn18/random/hl/ipc10 s45:  42%|████▏     | 125/300 [06:09<17:41,  6.06s/ep][A

tin/rn18/random/hl/ipc10 s45:  42%|████▏     | 126/300 [06:15<17:41,  6.10s/ep][A

tin/rn18/random/hl/ipc10 s45:  42%|████▏     | 127/300 [06:21<17:39,  6.12s/ep][A

tin/rn18/random/hl/ipc10 s45:  43%|████▎     | 128/300 [06:28<17:48,  6.21s/ep][A

tin/rn18/random/hl/ipc10 s45:  43%|████▎     | 129/300 [06:34<17:49,  6.25s/ep][A

tin/rn18/random/hl/ipc10 s45:  43%|████▎     | 130/300 [06:40<17:35,  6.21s/ep][A

tin/rn18/random/hl/ipc10 s45:  44%|████▎     | 131/300 [06:47<17:48,  6.32s/ep][A

tin/rn18/random/hl/ipc10 s45:  44%|████▍     | 132/300 [06:54<18:01,  6.44s/ep][A

tin/rn18/random/hl/ipc10 s45:  44%|████▍     | 133/300 [07:00<17:54,  6.43s/ep][A

tin/rn18/random/hl/ipc10 s45:  45%|████▍     | 134/300 [07:07<17:55,  6.48s/ep][A

tin/rn18/random/hl/ipc10 s45:  45%|████▌     | 135/300 [07:13<18:05,  6.58s/ep][A

tin/rn18/random/hl/ipc10 s45:  45%|████▌     | 136/300 [07:20<18:16,  6.69s/ep][A

tin/rn18/random/hl/ipc10 s45:  46%|████▌     | 137/300 [07:27<18:31,  6.82s/ep][A

tin/rn18/random/hl/ipc10 s45:  46%|████▌     | 138/300 [07:34<18:13,  6.75s/ep][A

tin/rn18/random/hl/ipc10 s45:  46%|████▋     | 139/300 [07:41<17:52,  6.66s/ep][A

tin/rn18/random/hl/ipc10 s45:  47%|████▋     | 140/300 [07:48<18:05,  6.79s/ep][A

tin/rn18/random/hl/ipc10 s45:  47%|████▋     | 141/300 [07:54<17:58,  6.78s/ep][A

tin/rn18/random/hl/ipc10 s45:  47%|████▋     | 142/300 [08:01<17:55,  6.80s/ep][A

tin/rn18/random/hl/ipc10 s45:  48%|████▊     | 143/300 [08:09<18:17,  6.99s/ep][A

tin/rn18/random/hl/ipc10 s45:  48%|████▊     | 144/300 [08:16<18:12,  7.01s/ep][A

tin/rn18/random/hl/ipc10 s45:  48%|████▊     | 145/300 [08:23<18:01,  6.98s/ep][A

tin/rn18/random/hl/ipc10 s45:  49%|████▊     | 146/300 [08:30<18:02,  7.03s/ep][A

tin/rn18/random/hl/ipc10 s45:  49%|████▉     | 147/300 [08:37<18:00,  7.06s/ep][A

tin/rn18/random/hl/ipc10 s45:  49%|████▉     | 148/300 [08:44<18:09,  7.17s/ep][A

tin/rn18/random/hl/ipc10 s45:  50%|████▉     | 149/300 [08:51<18:03,  7.18s/ep][A

tin/rn18/random/hl/ipc10 s45:  50%|█████     | 150/300 [08:59<18:00,  7.21s/ep][A

tin/rn18/random/hl/ipc10 s45:  50%|█████     | 151/300 [09:06<17:54,  7.21s/ep][A

tin/rn18/random/hl/ipc10 s45:  51%|█████     | 152/300 [09:14<18:02,  7.31s/ep][A

tin/rn18/random/hl/ipc10 s45:  51%|█████     | 153/300 [09:21<18:02,  7.36s/ep][A

tin/rn18/random/hl/ipc10 s45:  51%|█████▏    | 154/300 [09:28<18:00,  7.40s/ep][A

tin/rn18/random/hl/ipc10 s45:  52%|█████▏    | 155/300 [09:36<17:45,  7.35s/ep][A

tin/rn18/random/hl/ipc10 s45:  52%|█████▏    | 156/300 [09:43<17:47,  7.42s/ep][A

tin/rn18/random/hl/ipc10 s45:  52%|█████▏    | 157/300 [09:51<17:38,  7.41s/ep][A

tin/rn18/random/hl/ipc10 s45:  53%|█████▎    | 158/300 [09:58<17:11,  7.26s/ep][A

tin/rn18/random/hl/ipc10 s45:  53%|█████▎    | 159/300 [10:05<17:24,  7.41s/ep][A

tin/rn18/random/hl/ipc10 s45:  53%|█████▎    | 160/300 [10:13<17:19,  7.43s/ep][A

tin/rn18/random/hl/ipc10 s45:  54%|█████▎    | 161/300 [10:20<17:17,  7.46s/ep][A

tin/rn18/random/hl/ipc10 s45:  54%|█████▍    | 162/300 [10:28<17:05,  7.43s/ep][A

tin/rn18/random/hl/ipc10 s45:  54%|█████▍    | 163/300 [10:35<16:54,  7.40s/ep][A

tin/rn18/random/hl/ipc10 s45:  55%|█████▍    | 164/300 [10:43<17:03,  7.53s/ep][A

tin/rn18/random/hl/ipc10 s45:  55%|█████▌    | 165/300 [10:50<16:52,  7.50s/ep][A

tin/rn18/random/hl/ipc10 s45:  55%|█████▌    | 166/300 [10:58<16:35,  7.43s/ep][A

tin/rn18/random/hl/ipc10 s45:  56%|█████▌    | 167/300 [11:05<16:33,  7.47s/ep][A

tin/rn18/random/hl/ipc10 s45:  56%|█████▌    | 168/300 [11:13<16:38,  7.56s/ep][A

tin/rn18/random/hl/ipc10 s45:  56%|█████▋    | 169/300 [11:20<16:25,  7.52s/ep][A

tin/rn18/random/hl/ipc10 s45:  57%|█████▋    | 170/300 [11:28<16:22,  7.56s/ep][A

tin/rn18/random/hl/ipc10 s45:  57%|█████▋    | 171/300 [11:36<16:21,  7.61s/ep][A

tin/rn18/random/hl/ipc10 s45:  57%|█████▋    | 172/300 [11:44<16:24,  7.69s/ep][A

tin/rn18/random/hl/ipc10 s45:  58%|█████▊    | 173/300 [11:51<15:58,  7.55s/ep][A

tin/rn18/random/hl/ipc10 s45:  58%|█████▊    | 174/300 [11:58<15:47,  7.52s/ep][A

tin/rn18/random/hl/ipc10 s45:  58%|█████▊    | 175/300 [12:06<15:48,  7.59s/ep][A

tin/rn18/random/hl/ipc10 s45:  59%|█████▊    | 176/300 [12:14<15:39,  7.57s/ep][A

tin/rn18/random/hl/ipc10 s45:  59%|█████▉    | 177/300 [12:21<15:27,  7.54s/ep][A

tin/rn18/random/hl/ipc10 s45:  59%|█████▉    | 178/300 [12:29<15:27,  7.60s/ep][A

tin/rn18/random/hl/ipc10 s45:  60%|█████▉    | 179/300 [12:37<15:25,  7.65s/ep][A

tin/rn18/random/hl/ipc10 s45:  60%|██████    | 180/300 [12:44<15:03,  7.53s/ep][A

tin/rn18/random/hl/ipc10 s45:  60%|██████    | 181/300 [12:51<14:51,  7.49s/ep][A

tin/rn18/random/hl/ipc10 s45:  61%|██████    | 182/300 [12:59<14:56,  7.60s/ep][A

tin/rn18/random/hl/ipc10 s45:  61%|██████    | 183/300 [13:07<14:44,  7.56s/ep][A

tin/rn18/random/hl/ipc10 s45:  61%|██████▏   | 184/300 [13:14<14:48,  7.66s/ep][A

tin/rn18/random/hl/ipc10 s45:  62%|██████▏   | 185/300 [13:22<14:38,  7.64s/ep][A

tin/rn18/random/hl/ipc10 s45:  62%|██████▏   | 186/300 [13:30<14:28,  7.62s/ep][A

tin/rn18/random/hl/ipc10 s45:  62%|██████▏   | 187/300 [13:37<14:19,  7.61s/ep][A

tin/rn18/random/hl/ipc10 s45:  63%|██████▎   | 188/300 [13:45<14:17,  7.65s/ep][A

tin/rn18/random/hl/ipc10 s45:  63%|██████▎   | 189/300 [13:53<14:11,  7.67s/ep][A

tin/rn18/random/hl/ipc10 s45:  63%|██████▎   | 190/300 [14:00<14:05,  7.68s/ep][A

tin/rn18/random/hl/ipc10 s45:  64%|██████▎   | 191/300 [14:08<14:00,  7.71s/ep][A

tin/rn18/random/hl/ipc10 s45:  64%|██████▍   | 192/300 [14:16<13:52,  7.71s/ep][A

tin/rn18/random/hl/ipc10 s45:  64%|██████▍   | 193/300 [14:23<13:41,  7.68s/ep][A

tin/rn18/random/hl/ipc10 s45:  65%|██████▍   | 194/300 [14:31<13:24,  7.59s/ep][A

tin/rn18/random/hl/ipc10 s45:  65%|██████▌   | 195/300 [14:39<13:29,  7.71s/ep][A

tin/rn18/random/hl/ipc10 s45:  65%|██████▌   | 196/300 [14:47<13:22,  7.72s/ep][A

tin/rn18/random/hl/ipc10 s45:  66%|██████▌   | 197/300 [14:54<13:17,  7.75s/ep][A

tin/rn18/random/hl/ipc10 s45:  66%|██████▌   | 198/300 [15:02<13:12,  7.77s/ep][A

tin/rn18/random/hl/ipc10 s45:  66%|██████▋   | 199/300 [15:10<12:57,  7.70s/ep][A

tin/rn18/random/hl/ipc10 s45:  67%|██████▋   | 200/300 [15:18<12:53,  7.73s/ep][A

tin/rn18/random/hl/ipc10 s45:  67%|██████▋   | 201/300 [15:25<12:46,  7.74s/ep][A

tin/rn18/random/hl/ipc10 s45:  67%|██████▋   | 202/300 [15:33<12:39,  7.75s/ep][A

tin/rn18/random/hl/ipc10 s45:  68%|██████▊   | 203/300 [15:41<12:33,  7.77s/ep][A

tin/rn18/random/hl/ipc10 s45:  68%|██████▊   | 204/300 [15:49<12:22,  7.74s/ep][A

tin/rn18/random/hl/ipc10 s45:  68%|██████▊   | 205/300 [15:56<12:14,  7.73s/ep][A

tin/rn18/random/hl/ipc10 s45:  69%|██████▊   | 206/300 [16:04<12:12,  7.79s/ep][A

tin/rn18/random/hl/ipc10 s45:  69%|██████▉   | 207/300 [16:12<11:59,  7.74s/ep][A

tin/rn18/random/hl/ipc10 s45:  69%|██████▉   | 208/300 [16:20<11:53,  7.75s/ep][A

tin/rn18/random/hl/ipc10 s45:  70%|██████▉   | 209/300 [16:27<11:40,  7.70s/ep][A

tin/rn18/random/hl/ipc10 s45:  70%|███████   | 210/300 [16:35<11:31,  7.69s/ep][A

tin/rn18/random/hl/ipc10 s45:  70%|███████   | 211/300 [16:43<11:29,  7.75s/ep][A

tin/rn18/random/hl/ipc10 s45:  71%|███████   | 212/300 [16:50<11:23,  7.76s/ep][A

tin/rn18/random/hl/ipc10 s45:  71%|███████   | 213/300 [16:58<11:16,  7.77s/ep][A

tin/rn18/random/hl/ipc10 s45:  71%|███████▏  | 214/300 [17:06<11:13,  7.83s/ep][A

tin/rn18/random/hl/ipc10 s45:  72%|███████▏  | 215/300 [17:14<11:04,  7.82s/ep][A

tin/rn18/random/hl/ipc10 s45:  72%|███████▏  | 216/300 [17:22<10:57,  7.83s/ep][A

tin/rn18/random/hl/ipc10 s45:  72%|███████▏  | 217/300 [17:30<10:50,  7.84s/ep][A

tin/rn18/random/hl/ipc10 s45:  73%|███████▎  | 218/300 [17:38<10:42,  7.84s/ep][A

tin/rn18/random/hl/ipc10 s45:  73%|███████▎  | 219/300 [17:46<10:37,  7.88s/ep][A

tin/rn18/random/hl/ipc10 s45:  73%|███████▎  | 220/300 [17:53<10:29,  7.87s/ep][A

tin/rn18/random/hl/ipc10 s45:  74%|███████▎  | 221/300 [18:01<10:19,  7.84s/ep][A

tin/rn18/random/hl/ipc10 s45:  74%|███████▍  | 222/300 [18:09<10:11,  7.84s/ep][A

tin/rn18/random/hl/ipc10 s45:  74%|███████▍  | 223/300 [18:17<10:00,  7.80s/ep][A

tin/rn18/random/hl/ipc10 s45:  75%|███████▍  | 224/300 [18:24<09:46,  7.72s/ep][A

tin/rn18/random/hl/ipc10 s45:  75%|███████▌  | 225/300 [18:32<09:41,  7.75s/ep][A

tin/rn18/random/hl/ipc10 s45:  75%|███████▌  | 226/300 [18:40<09:38,  7.82s/ep][A

tin/rn18/random/hl/ipc10 s45:  76%|███████▌  | 227/300 [18:48<09:30,  7.81s/ep][A

tin/rn18/random/hl/ipc10 s45:  76%|███████▌  | 228/300 [18:56<09:22,  7.81s/ep][A

tin/rn18/random/hl/ipc10 s45:  76%|███████▋  | 229/300 [19:03<09:12,  7.78s/ep][A

tin/rn18/random/hl/ipc10 s45:  77%|███████▋  | 230/300 [19:11<09:07,  7.82s/ep][A

tin/rn18/random/hl/ipc10 s45:  77%|███████▋  | 231/300 [19:19<09:00,  7.84s/ep][A

tin/rn18/random/hl/ipc10 s45:  77%|███████▋  | 232/300 [19:27<08:52,  7.83s/ep][A

tin/rn18/random/hl/ipc10 s45:  78%|███████▊  | 233/300 [19:35<08:42,  7.80s/ep][A

tin/rn18/random/hl/ipc10 s45:  78%|███████▊  | 234/300 [19:43<08:36,  7.83s/ep][A

tin/rn18/random/hl/ipc10 s45:  78%|███████▊  | 235/300 [19:50<08:29,  7.84s/ep][A

tin/rn18/random/hl/ipc10 s45:  79%|███████▊  | 236/300 [19:58<08:17,  7.77s/ep][A

tin/rn18/random/hl/ipc10 s45:  79%|███████▉  | 237/300 [20:06<08:10,  7.79s/ep][A

tin/rn18/random/hl/ipc10 s45:  79%|███████▉  | 238/300 [20:14<08:06,  7.84s/ep][A

tin/rn18/random/hl/ipc10 s45:  80%|███████▉  | 239/300 [20:22<07:59,  7.87s/ep][A

tin/rn18/random/hl/ipc10 s45:  80%|████████  | 240/300 [20:30<07:50,  7.84s/ep][A

tin/rn18/random/hl/ipc10 s45:  80%|████████  | 241/300 [20:38<07:44,  7.87s/ep][A

tin/rn18/random/hl/ipc10 s45:  81%|████████  | 242/300 [20:45<07:36,  7.87s/ep][A

tin/rn18/random/hl/ipc10 s45:  81%|████████  | 243/300 [20:53<07:27,  7.85s/ep][A

tin/rn18/random/hl/ipc10 s45:  81%|████████▏ | 244/300 [21:01<07:18,  7.82s/ep][A

tin/rn18/random/hl/ipc10 s45:  82%|████████▏ | 245/300 [21:09<07:12,  7.86s/ep][A

tin/rn18/random/hl/ipc10 s45:  82%|████████▏ | 246/300 [21:17<07:00,  7.79s/ep][A

tin/rn18/random/hl/ipc10 s45:  82%|████████▏ | 247/300 [21:24<06:55,  7.84s/ep][A

tin/rn18/random/hl/ipc10 s45:  83%|████████▎ | 248/300 [21:32<06:47,  7.84s/ep][A

tin/rn18/random/hl/ipc10 s45:  83%|████████▎ | 249/300 [21:40<06:40,  7.85s/ep][A

tin/rn18/random/hl/ipc10 s45:  83%|████████▎ | 250/300 [21:48<06:32,  7.85s/ep][A

tin/rn18/random/hl/ipc10 s45:  84%|████████▎ | 251/300 [21:56<06:26,  7.88s/ep][A

tin/rn18/random/hl/ipc10 s45:  84%|████████▍ | 252/300 [22:04<06:18,  7.89s/ep][A

tin/rn18/random/hl/ipc10 s45:  84%|████████▍ | 253/300 [22:12<06:11,  7.90s/ep][A

tin/rn18/random/hl/ipc10 s45:  85%|████████▍ | 254/300 [22:20<06:02,  7.89s/ep][A

tin/rn18/random/hl/ipc10 s45:  85%|████████▌ | 255/300 [22:28<05:55,  7.89s/ep][A

tin/rn18/random/hl/ipc10 s45:  85%|████████▌ | 256/300 [22:36<05:47,  7.91s/ep][A

tin/rn18/random/hl/ipc10 s45:  86%|████████▌ | 257/300 [22:43<05:40,  7.92s/ep][A

tin/rn18/random/hl/ipc10 s45:  86%|████████▌ | 258/300 [22:51<05:29,  7.84s/ep][A

tin/rn18/random/hl/ipc10 s45:  86%|████████▋ | 259/300 [22:59<05:18,  7.78s/ep][A

tin/rn18/random/hl/ipc10 s45:  87%|████████▋ | 260/300 [23:06<05:09,  7.74s/ep][A

tin/rn18/random/hl/ipc10 s45:  87%|████████▋ | 261/300 [23:14<05:04,  7.81s/ep][A

tin/rn18/random/hl/ipc10 s45:  87%|████████▋ | 262/300 [23:22<04:58,  7.86s/ep][A

tin/rn18/random/hl/ipc10 s45:  88%|████████▊ | 263/300 [23:30<04:50,  7.86s/ep][A

tin/rn18/random/hl/ipc10 s45:  88%|████████▊ | 264/300 [23:38<04:43,  7.87s/ep][A

tin/rn18/random/hl/ipc10 s45:  88%|████████▊ | 265/300 [23:46<04:36,  7.91s/ep][A

tin/rn18/random/hl/ipc10 s45:  89%|████████▊ | 266/300 [23:54<04:28,  7.89s/ep][A

tin/rn18/random/hl/ipc10 s45:  89%|████████▉ | 267/300 [24:02<04:19,  7.87s/ep][A

tin/rn18/random/hl/ipc10 s45:  89%|████████▉ | 268/300 [24:10<04:12,  7.89s/ep][A

tin/rn18/random/hl/ipc10 s45:  90%|████████▉ | 269/300 [24:18<04:03,  7.85s/ep][A

tin/rn18/random/hl/ipc10 s45:  90%|█████████ | 270/300 [24:25<03:55,  7.85s/ep][A

tin/rn18/random/hl/ipc10 s45:  90%|█████████ | 271/300 [24:33<03:48,  7.88s/ep][A

tin/rn18/random/hl/ipc10 s45:  91%|█████████ | 272/300 [24:41<03:40,  7.89s/ep][A

tin/rn18/random/hl/ipc10 s45:  91%|█████████ | 273/300 [24:49<03:32,  7.88s/ep][A

tin/rn18/random/hl/ipc10 s45:  91%|█████████▏| 274/300 [24:57<03:24,  7.86s/ep][A

tin/rn18/random/hl/ipc10 s45:  92%|█████████▏| 275/300 [25:05<03:17,  7.89s/ep][A

tin/rn18/random/hl/ipc10 s45:  92%|█████████▏| 276/300 [25:13<03:09,  7.91s/ep][A

tin/rn18/random/hl/ipc10 s45:  92%|█████████▏| 277/300 [25:21<03:02,  7.94s/ep][A

tin/rn18/random/hl/ipc10 s45:  93%|█████████▎| 278/300 [25:29<02:54,  7.91s/ep][A

tin/rn18/random/hl/ipc10 s45:  93%|█████████▎| 279/300 [25:37<02:47,  7.95s/ep][A

tin/rn18/random/hl/ipc10 s45:  93%|█████████▎| 280/300 [25:44<02:37,  7.86s/ep][A

tin/rn18/random/hl/ipc10 s45:  94%|█████████▎| 281/300 [25:52<02:29,  7.85s/ep][A

tin/rn18/random/hl/ipc10 s45:  94%|█████████▍| 282/300 [26:00<02:20,  7.82s/ep][A

tin/rn18/random/hl/ipc10 s45:  94%|█████████▍| 283/300 [26:08<02:13,  7.87s/ep][A

tin/rn18/random/hl/ipc10 s45:  95%|█████████▍| 284/300 [26:16<02:05,  7.86s/ep][A

tin/rn18/random/hl/ipc10 s45:  95%|█████████▌| 285/300 [26:24<01:58,  7.90s/ep][A

tin/rn18/random/hl/ipc10 s45:  95%|█████████▌| 286/300 [26:32<01:50,  7.91s/ep][A

tin/rn18/random/hl/ipc10 s45:  96%|█████████▌| 287/300 [26:40<01:42,  7.92s/ep][A

tin/rn18/random/hl/ipc10 s45:  96%|█████████▌| 288/300 [26:47<01:34,  7.90s/ep][A

tin/rn18/random/hl/ipc10 s45:  96%|█████████▋| 289/300 [26:55<01:26,  7.90s/ep][A

tin/rn18/random/hl/ipc10 s45:  97%|█████████▋| 290/300 [27:03<01:18,  7.84s/ep][A

tin/rn18/random/hl/ipc10 s45:  97%|█████████▋| 291/300 [27:11<01:11,  7.89s/ep][A

tin/rn18/random/hl/ipc10 s45:  97%|█████████▋| 292/300 [27:19<01:03,  7.89s/ep][A

tin/rn18/random/hl/ipc10 s45:  98%|█████████▊| 293/300 [27:27<00:55,  7.87s/ep][A

tin/rn18/random/hl/ipc10 s45:  98%|█████████▊| 294/300 [27:35<00:47,  7.91s/ep][A

tin/rn18/random/hl/ipc10 s45:  98%|█████████▊| 295/300 [27:43<00:39,  7.91s/ep][A

tin/rn18/random/hl/ipc10 s45:  99%|█████████▊| 296/300 [27:51<00:31,  7.94s/ep][A

tin/rn18/random/hl/ipc10 s45:  99%|█████████▉| 297/300 [27:59<00:23,  7.89s/ep][A

tin/rn18/random/hl/ipc10 s45:  99%|█████████▉| 298/300 [28:06<00:15,  7.86s/ep][A

tin/rn18/random/hl/ipc10 s45: 100%|█████████▉| 299/300 [28:14<00:07,  7.88s/ep][A

tin/rn18/random/hl/ipc10 s45: 100%|██████████| 300/300 [28:22<00:00,  7.84s/ep][A

                                                                               [A[cell] tin/rn18/random/hl/ipc10 seed45: 5.01%  (1716s)


tin/rn18/random/hl/ipc10 s46:   0%|          | 0/300 [00:00<?, ?ep/s][A

tin/rn18/random/hl/ipc10 s46:   0%|          | 1/300 [00:06<34:48,  6.98s/ep][A

tin/rn18/random/hl/ipc10 s46:   1%|          | 2/300 [00:14<37:20,  7.52s/ep][A

tin/rn18/random/hl/ipc10 s46:   1%|          | 3/300 [00:22<38:03,  7.69s/ep][A

tin/rn18/random/hl/ipc10 s46:   1%|▏         | 4/300 [00:30<38:14,  7.75s/ep][A

tin/rn18/random/hl/ipc10 s46:   2%|▏         | 5/300 [00:38<38:31,  7.84s/ep][A

tin/rn18/random/hl/ipc10 s46:   2%|▏         | 6/300 [00:46<38:43,  7.90s/ep][A

tin/rn18/random/hl/ipc10 s46:   2%|▏         | 7/300 [00:54<38:40,  7.92s/ep][A

tin/rn18/random/hl/ipc10 s46:   3%|▎         | 8/300 [01:02<38:21,  7.88s/ep][A

tin/rn18/random/hl/ipc10 s46:   3%|▎         | 9/300 [01:10<38:22,  7.91s/ep][A

tin/rn18/random/hl/ipc10 s46:   3%|▎         | 10/300 [01:18<38:13,  7.91s/ep][A

tin/rn18/random/hl/ipc10 s46:   4%|▎         | 11/300 [01:26<38:01,  7.89s/ep][A

tin/rn18/random/hl/ipc10 s46:   4%|▍         | 12/300 [01:34<38:03,  7.93s/ep][A

tin/rn18/random/hl/ipc10 s46:   4%|▍         | 13/300 [01:41<37:47,  7.90s/ep][A

tin/rn18/random/hl/ipc10 s46:   5%|▍         | 14/300 [01:49<37:42,  7.91s/ep][A

tin/rn18/random/hl/ipc10 s46:   5%|▌         | 15/300 [01:57<37:38,  7.92s/ep][A

tin/rn18/random/hl/ipc10 s46:   5%|▌         | 16/300 [02:05<37:37,  7.95s/ep][A

tin/rn18/random/hl/ipc10 s46:   6%|▌         | 17/300 [02:13<37:32,  7.96s/ep][A

tin/rn18/random/hl/ipc10 s46:   6%|▌         | 18/300 [02:21<37:28,  7.97s/ep][A

tin/rn18/random/hl/ipc10 s46:   6%|▋         | 19/300 [02:29<37:19,  7.97s/ep][A

tin/rn18/random/hl/ipc10 s46:   7%|▋         | 20/300 [02:37<36:58,  7.92s/ep][A

tin/rn18/random/hl/ipc10 s46:   7%|▋         | 21/300 [02:45<36:47,  7.91s/ep][A

tin/rn18/random/hl/ipc10 s46:   7%|▋         | 22/300 [02:53<36:19,  7.84s/ep][A

tin/rn18/random/hl/ipc10 s46:   8%|▊         | 23/300 [03:00<36:02,  7.81s/ep][A

tin/rn18/random/hl/ipc10 s46:   8%|▊         | 24/300 [03:08<35:57,  7.82s/ep][A

tin/rn18/random/hl/ipc10 s46:   8%|▊         | 25/300 [03:16<35:55,  7.84s/ep][A

tin/rn18/random/hl/ipc10 s46:   9%|▊         | 26/300 [03:24<35:47,  7.84s/ep][A

tin/rn18/random/hl/ipc10 s46:   9%|▉         | 27/300 [03:32<35:21,  7.77s/ep][A

tin/rn18/random/hl/ipc10 s46:   9%|▉         | 28/300 [03:40<35:28,  7.83s/ep][A

tin/rn18/random/hl/ipc10 s46:  10%|▉         | 29/300 [03:48<35:32,  7.87s/ep][A

tin/rn18/random/hl/ipc10 s46:  10%|█         | 30/300 [03:55<35:20,  7.85s/ep][A

tin/rn18/random/hl/ipc10 s46:  10%|█         | 31/300 [04:03<35:17,  7.87s/ep][A

tin/rn18/random/hl/ipc10 s46:  11%|█         | 32/300 [04:11<35:09,  7.87s/ep][A

tin/rn18/random/hl/ipc10 s46:  11%|█         | 33/300 [04:19<35:08,  7.90s/ep][A

tin/rn18/random/hl/ipc10 s46:  11%|█▏        | 34/300 [04:27<35:08,  7.93s/ep][A

tin/rn18/random/hl/ipc10 s46:  12%|█▏        | 35/300 [04:35<34:48,  7.88s/ep][A

tin/rn18/random/hl/ipc10 s46:  12%|█▏        | 36/300 [04:43<34:47,  7.91s/ep][A

tin/rn18/random/hl/ipc10 s46:  12%|█▏        | 37/300 [04:51<34:32,  7.88s/ep][A

tin/rn18/random/hl/ipc10 s46:  13%|█▎        | 38/300 [04:58<34:18,  7.86s/ep][A

tin/rn18/random/hl/ipc10 s46:  13%|█▎        | 39/300 [05:06<34:20,  7.90s/ep][A

tin/rn18/random/hl/ipc10 s46:  13%|█▎        | 40/300 [05:14<34:14,  7.90s/ep][A

tin/rn18/random/hl/ipc10 s46:  14%|█▎        | 41/300 [05:22<33:44,  7.82s/ep][A

tin/rn18/random/hl/ipc10 s46:  14%|█▍        | 42/300 [05:30<33:41,  7.84s/ep][A

tin/rn18/random/hl/ipc10 s46:  14%|█▍        | 43/300 [05:38<33:38,  7.85s/ep][A

tin/rn18/random/hl/ipc10 s46:  15%|█▍        | 44/300 [05:46<33:30,  7.85s/ep][A

tin/rn18/random/hl/ipc10 s46:  15%|█▌        | 45/300 [05:54<33:25,  7.87s/ep][A

tin/rn18/random/hl/ipc10 s46:  15%|█▌        | 46/300 [06:01<33:26,  7.90s/ep][A

tin/rn18/random/hl/ipc10 s46:  16%|█▌        | 47/300 [06:09<33:11,  7.87s/ep][A

tin/rn18/random/hl/ipc10 s46:  16%|█▌        | 48/300 [06:17<32:58,  7.85s/ep][A

tin/rn18/random/hl/ipc10 s46:  16%|█▋        | 49/300 [06:25<33:00,  7.89s/ep][A

tin/rn18/random/hl/ipc10 s46:  17%|█▋        | 50/300 [06:33<33:00,  7.92s/ep][A

tin/rn18/random/hl/ipc10 s46:  17%|█▋        | 51/300 [06:41<32:58,  7.94s/ep][A

tin/rn18/random/hl/ipc10 s46:  17%|█▋        | 52/300 [06:49<32:50,  7.95s/ep][A

tin/rn18/random/hl/ipc10 s46:  18%|█▊        | 53/300 [06:57<32:31,  7.90s/ep][A

tin/rn18/random/hl/ipc10 s46:  18%|█▊        | 54/300 [07:05<32:24,  7.91s/ep][A

tin/rn18/random/hl/ipc10 s46:  18%|█▊        | 55/300 [07:13<32:21,  7.92s/ep][A

tin/rn18/random/hl/ipc10 s46:  19%|█▊        | 56/300 [07:21<32:08,  7.90s/ep][A

tin/rn18/random/hl/ipc10 s46:  19%|█▉        | 57/300 [07:28<32:01,  7.91s/ep][A

tin/rn18/random/hl/ipc10 s46:  19%|█▉        | 58/300 [07:36<31:47,  7.88s/ep][A

tin/rn18/random/hl/ipc10 s46:  20%|█▉        | 59/300 [07:44<31:26,  7.83s/ep][A

tin/rn18/random/hl/ipc10 s46:  20%|██        | 60/300 [07:52<31:13,  7.81s/ep][A

tin/rn18/random/hl/ipc10 s46:  20%|██        | 61/300 [08:00<31:16,  7.85s/ep][A

tin/rn18/random/hl/ipc10 s46:  21%|██        | 62/300 [08:08<31:09,  7.86s/ep][A

tin/rn18/random/hl/ipc10 s46:  21%|██        | 63/300 [08:16<31:12,  7.90s/ep][A

tin/rn18/random/hl/ipc10 s46:  21%|██▏       | 64/300 [08:23<31:02,  7.89s/ep][A

tin/rn18/random/hl/ipc10 s46:  22%|██▏       | 65/300 [08:31<30:45,  7.85s/ep][A

tin/rn18/random/hl/ipc10 s46:  22%|██▏       | 66/300 [08:39<30:39,  7.86s/ep][A

tin/rn18/random/hl/ipc10 s46:  22%|██▏       | 67/300 [08:47<30:29,  7.85s/ep][A

tin/rn18/random/hl/ipc10 s46:  23%|██▎       | 68/300 [08:55<30:21,  7.85s/ep][A

tin/rn18/random/hl/ipc10 s46:  23%|██▎       | 69/300 [09:03<30:09,  7.84s/ep][A

tin/rn18/random/hl/ipc10 s46:  23%|██▎       | 70/300 [09:11<30:13,  7.89s/ep][A

tin/rn18/random/hl/ipc10 s46:  24%|██▎       | 71/300 [09:18<30:08,  7.90s/ep][A

tin/rn18/random/hl/ipc10 s46:  24%|██▍       | 72/300 [09:27<30:09,  7.94s/ep][A

tin/rn18/random/hl/ipc10 s46:  24%|██▍       | 73/300 [09:35<30:05,  7.95s/ep][A

tin/rn18/random/hl/ipc10 s46:  25%|██▍       | 74/300 [09:42<29:59,  7.96s/ep][A

tin/rn18/random/hl/ipc10 s46:  25%|██▌       | 75/300 [09:50<29:47,  7.94s/ep][A

tin/rn18/random/hl/ipc10 s46:  25%|██▌       | 76/300 [09:58<29:44,  7.97s/ep][A

tin/rn18/random/hl/ipc10 s46:  26%|██▌       | 77/300 [10:06<29:35,  7.96s/ep][A

tin/rn18/random/hl/ipc10 s46:  26%|██▌       | 78/300 [10:14<29:28,  7.97s/ep][A

tin/rn18/random/hl/ipc10 s46:  26%|██▋       | 79/300 [10:22<29:15,  7.94s/ep][A

tin/rn18/random/hl/ipc10 s46:  27%|██▋       | 80/300 [10:30<28:56,  7.89s/ep][A

tin/rn18/random/hl/ipc10 s46:  27%|██▋       | 81/300 [10:38<28:54,  7.92s/ep][A

tin/rn18/random/hl/ipc10 s46:  27%|██▋       | 82/300 [10:46<28:39,  7.89s/ep][A

tin/rn18/random/hl/ipc10 s46:  28%|██▊       | 83/300 [10:54<28:37,  7.91s/ep][A

tin/rn18/random/hl/ipc10 s46:  28%|██▊       | 84/300 [11:02<28:33,  7.93s/ep][A

tin/rn18/random/hl/ipc10 s46:  28%|██▊       | 85/300 [11:10<28:28,  7.95s/ep][A

tin/rn18/random/hl/ipc10 s46:  29%|██▊       | 86/300 [11:18<28:21,  7.95s/ep][A

tin/rn18/random/hl/ipc10 s46:  29%|██▉       | 87/300 [11:26<28:16,  7.96s/ep][A

tin/rn18/random/hl/ipc10 s46:  29%|██▉       | 88/300 [11:33<27:52,  7.89s/ep][A

tin/rn18/random/hl/ipc10 s46:  30%|██▉       | 89/300 [11:41<27:43,  7.89s/ep][A

tin/rn18/random/hl/ipc10 s46:  30%|███       | 90/300 [11:49<27:41,  7.91s/ep][A

tin/rn18/random/hl/ipc10 s46:  30%|███       | 91/300 [11:57<27:37,  7.93s/ep][A

tin/rn18/random/hl/ipc10 s46:  31%|███       | 92/300 [12:05<27:21,  7.89s/ep][A

tin/rn18/random/hl/ipc10 s46:  31%|███       | 93/300 [12:13<27:20,  7.92s/ep][A

tin/rn18/random/hl/ipc10 s46:  31%|███▏      | 94/300 [12:21<27:13,  7.93s/ep][A

tin/rn18/random/hl/ipc10 s46:  32%|███▏      | 95/300 [12:29<27:07,  7.94s/ep][A

tin/rn18/random/hl/ipc10 s46:  32%|███▏      | 96/300 [12:37<26:58,  7.94s/ep][A

tin/rn18/random/hl/ipc10 s46:  32%|███▏      | 97/300 [12:45<26:48,  7.93s/ep][A

tin/rn18/random/hl/ipc10 s46:  33%|███▎      | 98/300 [12:53<26:44,  7.94s/ep][A

tin/rn18/random/hl/ipc10 s46:  33%|███▎      | 99/300 [13:01<26:35,  7.94s/ep][A

tin/rn18/random/hl/ipc10 s46:  33%|███▎      | 100/300 [13:09<26:32,  7.96s/ep][A

tin/rn18/random/hl/ipc10 s46:  34%|███▎      | 101/300 [13:17<26:25,  7.97s/ep][A

tin/rn18/random/hl/ipc10 s46:  34%|███▍      | 102/300 [13:25<26:19,  7.98s/ep][A

tin/rn18/random/hl/ipc10 s46:  34%|███▍      | 103/300 [13:33<26:09,  7.97s/ep][A

tin/rn18/random/hl/ipc10 s46:  35%|███▍      | 104/300 [13:41<25:57,  7.94s/ep][A

tin/rn18/random/hl/ipc10 s46:  35%|███▌      | 105/300 [13:48<25:44,  7.92s/ep][A

tin/rn18/random/hl/ipc10 s46:  35%|███▌      | 106/300 [13:56<25:43,  7.95s/ep][A

tin/rn18/random/hl/ipc10 s46:  36%|███▌      | 107/300 [14:04<25:26,  7.91s/ep][A

tin/rn18/random/hl/ipc10 s46:  36%|███▌      | 108/300 [14:12<25:24,  7.94s/ep][A

tin/rn18/random/hl/ipc10 s46:  36%|███▋      | 109/300 [14:20<25:18,  7.95s/ep][A

tin/rn18/random/hl/ipc10 s46:  37%|███▋      | 110/300 [14:28<25:11,  7.95s/ep][A

tin/rn18/random/hl/ipc10 s46:  37%|███▋      | 111/300 [14:36<25:05,  7.96s/ep][A

tin/rn18/random/hl/ipc10 s46:  37%|███▋      | 112/300 [14:44<24:58,  7.97s/ep][A

tin/rn18/random/hl/ipc10 s46:  38%|███▊      | 113/300 [14:52<24:47,  7.96s/ep][A

tin/rn18/random/hl/ipc10 s46:  38%|███▊      | 114/300 [15:00<24:35,  7.93s/ep][A

tin/rn18/random/hl/ipc10 s46:  38%|███▊      | 115/300 [15:08<24:28,  7.94s/ep][A

tin/rn18/random/hl/ipc10 s46:  39%|███▊      | 116/300 [15:16<24:20,  7.94s/ep][A

tin/rn18/random/hl/ipc10 s46:  39%|███▉      | 117/300 [15:24<24:08,  7.91s/ep][A

tin/rn18/random/hl/ipc10 s46:  39%|███▉      | 118/300 [15:32<24:00,  7.92s/ep][A

tin/rn18/random/hl/ipc10 s46:  40%|███▉      | 119/300 [15:40<23:52,  7.91s/ep][A

tin/rn18/random/hl/ipc10 s46:  40%|████      | 120/300 [15:47<23:45,  7.92s/ep][A

tin/rn18/random/hl/ipc10 s46:  40%|████      | 121/300 [15:55<23:40,  7.93s/ep][A

tin/rn18/random/hl/ipc10 s46:  41%|████      | 122/300 [16:03<23:26,  7.90s/ep][A

tin/rn18/random/hl/ipc10 s46:  41%|████      | 123/300 [16:11<23:11,  7.86s/ep][A

tin/rn18/random/hl/ipc10 s46:  41%|████▏     | 124/300 [16:19<23:10,  7.90s/ep][A

tin/rn18/random/hl/ipc10 s46:  42%|████▏     | 125/300 [16:27<23:01,  7.90s/ep][A

tin/rn18/random/hl/ipc10 s46:  42%|████▏     | 126/300 [16:35<22:52,  7.89s/ep][A

tin/rn18/random/hl/ipc10 s46:  42%|████▏     | 127/300 [16:43<22:50,  7.92s/ep][A

tin/rn18/random/hl/ipc10 s46:  43%|████▎     | 128/300 [16:50<22:28,  7.84s/ep][A

tin/rn18/random/hl/ipc10 s46:  43%|████▎     | 129/300 [16:58<22:24,  7.86s/ep][A

tin/rn18/random/hl/ipc10 s46:  43%|████▎     | 130/300 [17:06<22:23,  7.90s/ep][A

tin/rn18/random/hl/ipc10 s46:  44%|████▎     | 131/300 [17:14<22:19,  7.92s/ep][A

tin/rn18/random/hl/ipc10 s46:  44%|████▍     | 132/300 [17:22<22:09,  7.92s/ep][A

tin/rn18/random/hl/ipc10 s46:  44%|████▍     | 133/300 [17:30<21:59,  7.90s/ep][A

tin/rn18/random/hl/ipc10 s46:  45%|████▍     | 134/300 [17:38<21:47,  7.88s/ep][A

tin/rn18/random/hl/ipc10 s46:  45%|████▌     | 135/300 [17:46<21:42,  7.89s/ep][A

tin/rn18/random/hl/ipc10 s46:  45%|████▌     | 136/300 [17:54<21:40,  7.93s/ep][A

tin/rn18/random/hl/ipc10 s46:  46%|████▌     | 137/300 [18:02<21:35,  7.95s/ep][A

tin/rn18/random/hl/ipc10 s46:  46%|████▌     | 138/300 [18:10<21:19,  7.90s/ep][A

tin/rn18/random/hl/ipc10 s46:  46%|████▋     | 139/300 [18:18<21:15,  7.92s/ep][A

tin/rn18/random/hl/ipc10 s46:  47%|████▋     | 140/300 [18:25<21:02,  7.89s/ep][A

tin/rn18/random/hl/ipc10 s46:  47%|████▋     | 141/300 [18:33<20:54,  7.89s/ep][A

tin/rn18/random/hl/ipc10 s46:  47%|████▋     | 142/300 [18:41<20:45,  7.88s/ep][A

tin/rn18/random/hl/ipc10 s46:  48%|████▊     | 143/300 [18:49<20:42,  7.91s/ep][A

tin/rn18/random/hl/ipc10 s46:  48%|████▊     | 144/300 [18:57<20:33,  7.91s/ep][A

tin/rn18/random/hl/ipc10 s46:  48%|████▊     | 145/300 [19:05<20:15,  7.84s/ep][A

tin/rn18/random/hl/ipc10 s46:  49%|████▊     | 146/300 [19:13<20:09,  7.86s/ep][A

tin/rn18/random/hl/ipc10 s46:  49%|████▉     | 147/300 [19:20<19:52,  7.79s/ep][A

tin/rn18/random/hl/ipc10 s46:  49%|████▉     | 148/300 [19:28<19:48,  7.82s/ep][A

tin/rn18/random/hl/ipc10 s46:  50%|████▉     | 149/300 [19:36<19:44,  7.84s/ep][A

tin/rn18/random/hl/ipc10 s46:  50%|█████     | 150/300 [19:44<19:39,  7.86s/ep][A

tin/rn18/random/hl/ipc10 s46:  50%|█████     | 151/300 [19:52<19:31,  7.86s/ep][A

tin/rn18/random/hl/ipc10 s46:  51%|█████     | 152/300 [20:00<19:27,  7.89s/ep][A

tin/rn18/random/hl/ipc10 s46:  51%|█████     | 153/300 [20:08<19:16,  7.87s/ep][A

tin/rn18/random/hl/ipc10 s46:  51%|█████▏    | 154/300 [20:15<19:05,  7.85s/ep][A

tin/rn18/random/hl/ipc10 s46:  52%|█████▏    | 155/300 [20:23<19:02,  7.88s/ep][A

tin/rn18/random/hl/ipc10 s46:  52%|█████▏    | 156/300 [20:31<18:56,  7.89s/ep][A

tin/rn18/random/hl/ipc10 s46:  52%|█████▏    | 157/300 [20:39<18:46,  7.87s/ep][A

tin/rn18/random/hl/ipc10 s46:  53%|█████▎    | 158/300 [20:47<18:43,  7.91s/ep][A

tin/rn18/random/hl/ipc10 s46:  53%|█████▎    | 159/300 [20:55<18:37,  7.92s/ep][A

tin/rn18/random/hl/ipc10 s46:  53%|█████▎    | 160/300 [21:03<18:32,  7.95s/ep][A

tin/rn18/random/hl/ipc10 s46:  54%|█████▎    | 161/300 [21:11<18:26,  7.96s/ep][A

tin/rn18/random/hl/ipc10 s46:  54%|█████▍    | 162/300 [21:19<18:12,  7.91s/ep][A

tin/rn18/random/hl/ipc10 s46:  54%|█████▍    | 163/300 [21:27<18:07,  7.94s/ep][A

tin/rn18/random/hl/ipc10 s46:  55%|█████▍    | 164/300 [21:35<17:53,  7.89s/ep][A

tin/rn18/random/hl/ipc10 s46:  55%|█████▌    | 165/300 [21:42<17:41,  7.86s/ep][A

tin/rn18/random/hl/ipc10 s46:  55%|█████▌    | 166/300 [21:50<17:38,  7.90s/ep][A

tin/rn18/random/hl/ipc10 s46:  56%|█████▌    | 167/300 [21:58<17:33,  7.92s/ep][A

tin/rn18/random/hl/ipc10 s46:  56%|█████▌    | 168/300 [22:06<17:26,  7.92s/ep][A

tin/rn18/random/hl/ipc10 s46:  56%|█████▋    | 169/300 [22:14<17:14,  7.90s/ep][A

tin/rn18/random/hl/ipc10 s46:  57%|█████▋    | 170/300 [22:22<17:10,  7.93s/ep][A

tin/rn18/random/hl/ipc10 s46:  57%|█████▋    | 171/300 [22:30<16:57,  7.89s/ep][A

tin/rn18/random/hl/ipc10 s46:  57%|█████▋    | 172/300 [22:38<16:51,  7.90s/ep][A

tin/rn18/random/hl/ipc10 s46:  58%|█████▊    | 173/300 [22:46<16:47,  7.94s/ep][A

tin/rn18/random/hl/ipc10 s46:  58%|█████▊    | 174/300 [22:54<16:40,  7.94s/ep][A

tin/rn18/random/hl/ipc10 s46:  58%|█████▊    | 175/300 [23:02<16:27,  7.90s/ep][A

tin/rn18/random/hl/ipc10 s46:  59%|█████▊    | 176/300 [23:10<16:21,  7.91s/ep][A

tin/rn18/random/hl/ipc10 s46:  59%|█████▉    | 177/300 [23:17<16:06,  7.86s/ep][A

tin/rn18/random/hl/ipc10 s46:  59%|█████▉    | 178/300 [23:25<16:03,  7.90s/ep][A

tin/rn18/random/hl/ipc10 s46:  60%|█████▉    | 179/300 [23:33<15:56,  7.90s/ep][A

tin/rn18/random/hl/ipc10 s46:  60%|██████    | 180/300 [23:41<15:50,  7.92s/ep][A

tin/rn18/random/hl/ipc10 s46:  60%|██████    | 181/300 [23:49<15:42,  7.92s/ep][A

tin/rn18/random/hl/ipc10 s46:  61%|██████    | 182/300 [23:57<15:32,  7.90s/ep][A

tin/rn18/random/hl/ipc10 s46:  61%|██████    | 183/300 [24:05<15:27,  7.93s/ep][A

tin/rn18/random/hl/ipc10 s46:  61%|██████▏   | 184/300 [24:13<15:20,  7.94s/ep][A

tin/rn18/random/hl/ipc10 s46:  62%|██████▏   | 185/300 [24:21<15:12,  7.93s/ep][A

tin/rn18/random/hl/ipc10 s46:  62%|██████▏   | 186/300 [24:29<15:00,  7.90s/ep][A

tin/rn18/random/hl/ipc10 s46:  62%|██████▏   | 187/300 [24:37<14:55,  7.93s/ep][A

tin/rn18/random/hl/ipc10 s46:  63%|██████▎   | 188/300 [24:44<14:44,  7.89s/ep][A

tin/rn18/random/hl/ipc10 s46:  63%|██████▎   | 189/300 [24:52<14:36,  7.90s/ep][A

tin/rn18/random/hl/ipc10 s46:  63%|██████▎   | 190/300 [25:00<14:24,  7.86s/ep][A

tin/rn18/random/hl/ipc10 s46:  64%|██████▎   | 191/300 [25:08<14:12,  7.82s/ep][A

tin/rn18/random/hl/ipc10 s46:  64%|██████▍   | 192/300 [25:16<14:08,  7.86s/ep][A

tin/rn18/random/hl/ipc10 s46:  64%|██████▍   | 193/300 [25:24<14:01,  7.87s/ep][A

tin/rn18/random/hl/ipc10 s46:  65%|██████▍   | 194/300 [25:31<13:52,  7.85s/ep][A

tin/rn18/random/hl/ipc10 s46:  65%|██████▌   | 195/300 [25:39<13:46,  7.87s/ep][A

tin/rn18/random/hl/ipc10 s46:  65%|██████▌   | 196/300 [25:47<13:40,  7.89s/ep][A

tin/rn18/random/hl/ipc10 s46:  66%|██████▌   | 197/300 [25:55<13:33,  7.90s/ep][A

tin/rn18/random/hl/ipc10 s46:  66%|██████▌   | 198/300 [26:03<13:23,  7.87s/ep][A

tin/rn18/random/hl/ipc10 s46:  66%|██████▋   | 199/300 [26:11<13:13,  7.86s/ep][A

tin/rn18/random/hl/ipc10 s46:  67%|██████▋   | 200/300 [26:19<13:02,  7.83s/ep][A

tin/rn18/random/hl/ipc10 s46:  67%|██████▋   | 201/300 [26:27<12:58,  7.86s/ep][A

tin/rn18/random/hl/ipc10 s46:  67%|██████▋   | 202/300 [26:35<12:54,  7.91s/ep][A

tin/rn18/random/hl/ipc10 s46:  68%|██████▊   | 203/300 [26:43<12:48,  7.92s/ep][A

tin/rn18/random/hl/ipc10 s46:  68%|██████▊   | 204/300 [26:50<12:37,  7.89s/ep][A

tin/rn18/random/hl/ipc10 s46:  68%|██████▊   | 205/300 [26:58<12:32,  7.92s/ep][A

tin/rn18/random/hl/ipc10 s46:  69%|██████▊   | 206/300 [27:06<12:25,  7.93s/ep][A

tin/rn18/random/hl/ipc10 s46:  69%|██████▉   | 207/300 [27:14<12:18,  7.94s/ep][A

tin/rn18/random/hl/ipc10 s46:  69%|██████▉   | 208/300 [27:22<12:12,  7.96s/ep][A

tin/rn18/random/hl/ipc10 s46:  70%|██████▉   | 209/300 [27:30<12:01,  7.92s/ep][A

tin/rn18/random/hl/ipc10 s46:  70%|███████   | 210/300 [27:38<11:52,  7.92s/ep][A

tin/rn18/random/hl/ipc10 s46:  70%|███████   | 211/300 [27:46<11:43,  7.90s/ep][A

tin/rn18/random/hl/ipc10 s46:  71%|███████   | 212/300 [27:54<11:36,  7.91s/ep][A

tin/rn18/random/hl/ipc10 s46:  71%|███████   | 213/300 [28:02<11:30,  7.94s/ep][A

tin/rn18/random/hl/ipc10 s46:  71%|███████▏  | 214/300 [28:10<11:24,  7.96s/ep][A

tin/rn18/random/hl/ipc10 s46:  72%|███████▏  | 215/300 [28:18<11:12,  7.91s/ep][A

tin/rn18/random/hl/ipc10 s46:  72%|███████▏  | 216/300 [28:25<11:01,  7.87s/ep][A

tin/rn18/random/hl/ipc10 s46:  72%|███████▏  | 217/300 [28:33<10:52,  7.87s/ep][A

tin/rn18/random/hl/ipc10 s46:  73%|███████▎  | 218/300 [28:41<10:49,  7.92s/ep][A

tin/rn18/random/hl/ipc10 s46:  73%|███████▎  | 219/300 [28:49<10:43,  7.94s/ep][A

tin/rn18/random/hl/ipc10 s46:  73%|███████▎  | 220/300 [28:57<10:37,  7.96s/ep][A

tin/rn18/random/hl/ipc10 s46:  74%|███████▎  | 221/300 [29:05<10:30,  7.98s/ep][A

tin/rn18/random/hl/ipc10 s46:  74%|███████▍  | 222/300 [29:13<10:23,  7.99s/ep][A

tin/rn18/random/hl/ipc10 s46:  74%|███████▍  | 223/300 [29:21<10:13,  7.97s/ep][A

tin/rn18/random/hl/ipc10 s46:  75%|███████▍  | 224/300 [29:29<10:07,  7.99s/ep][A

tin/rn18/random/hl/ipc10 s46:  75%|███████▌  | 225/300 [29:37<09:59,  7.99s/ep][A

tin/rn18/random/hl/ipc10 s46:  75%|███████▌  | 226/300 [29:45<09:50,  7.98s/ep][A

tin/rn18/random/hl/ipc10 s46:  76%|███████▌  | 227/300 [29:53<09:42,  7.98s/ep][A

tin/rn18/random/hl/ipc10 s46:  76%|███████▌  | 228/300 [30:01<09:31,  7.94s/ep][A

tin/rn18/random/hl/ipc10 s46:  76%|███████▋  | 229/300 [30:09<09:23,  7.93s/ep][A

tin/rn18/random/hl/ipc10 s46:  77%|███████▋  | 230/300 [30:17<09:17,  7.96s/ep][A

tin/rn18/random/hl/ipc10 s46:  77%|███████▋  | 231/300 [30:25<09:07,  7.94s/ep][A

tin/rn18/random/hl/ipc10 s46:  77%|███████▋  | 232/300 [30:33<08:59,  7.93s/ep][A

tin/rn18/random/hl/ipc10 s46:  78%|███████▊  | 233/300 [30:41<08:51,  7.94s/ep][A

tin/rn18/random/hl/ipc10 s46:  78%|███████▊  | 234/300 [30:49<08:41,  7.90s/ep][A

tin/rn18/random/hl/ipc10 s46:  78%|███████▊  | 235/300 [30:56<08:31,  7.86s/ep][A

tin/rn18/random/hl/ipc10 s46:  79%|███████▊  | 236/300 [31:04<08:25,  7.90s/ep][A

tin/rn18/random/hl/ipc10 s46:  79%|███████▉  | 237/300 [31:12<08:18,  7.91s/ep][A

tin/rn18/random/hl/ipc10 s46:  79%|███████▉  | 238/300 [31:20<08:12,  7.94s/ep][A

tin/rn18/random/hl/ipc10 s46:  80%|███████▉  | 239/300 [31:28<08:05,  7.97s/ep][A

tin/rn18/random/hl/ipc10 s46:  80%|████████  | 240/300 [31:36<07:57,  7.95s/ep][A

tin/rn18/random/hl/ipc10 s46:  80%|████████  | 241/300 [31:44<07:49,  7.97s/ep][A

tin/rn18/random/hl/ipc10 s46:  81%|████████  | 242/300 [31:52<07:42,  7.97s/ep][A

tin/rn18/random/hl/ipc10 s46:  81%|████████  | 243/300 [32:00<07:33,  7.96s/ep][A

tin/rn18/random/hl/ipc10 s46:  81%|████████▏ | 244/300 [32:08<07:27,  7.99s/ep][A

tin/rn18/random/hl/ipc10 s46:  82%|████████▏ | 245/300 [32:16<07:19,  7.99s/ep][A

tin/rn18/random/hl/ipc10 s46:  82%|████████▏ | 246/300 [32:24<07:11,  8.00s/ep][A

tin/rn18/random/hl/ipc10 s46:  82%|████████▏ | 247/300 [32:32<07:03,  7.99s/ep][A

tin/rn18/random/hl/ipc10 s46:  83%|████████▎ | 248/300 [32:40<06:55,  7.99s/ep][A

tin/rn18/random/hl/ipc10 s46:  83%|████████▎ | 249/300 [32:48<06:44,  7.94s/ep][A

tin/rn18/random/hl/ipc10 s46:  83%|████████▎ | 250/300 [32:56<06:35,  7.91s/ep][A

tin/rn18/random/hl/ipc10 s46:  84%|████████▎ | 251/300 [33:04<06:27,  7.91s/ep][A

tin/rn18/random/hl/ipc10 s46:  84%|████████▍ | 252/300 [33:12<06:20,  7.93s/ep][A

tin/rn18/random/hl/ipc10 s46:  84%|████████▍ | 253/300 [33:20<06:11,  7.91s/ep][A

tin/rn18/random/hl/ipc10 s46:  85%|████████▍ | 254/300 [33:28<06:03,  7.91s/ep][A

tin/rn18/random/hl/ipc10 s46:  85%|████████▌ | 255/300 [33:36<05:57,  7.94s/ep][A

tin/rn18/random/hl/ipc10 s46:  85%|████████▌ | 256/300 [33:44<05:49,  7.95s/ep][A

tin/rn18/random/hl/ipc10 s46:  86%|████████▌ | 257/300 [33:51<05:41,  7.95s/ep][A

tin/rn18/random/hl/ipc10 s46:  86%|████████▌ | 258/300 [33:59<05:34,  7.97s/ep][A

tin/rn18/random/hl/ipc10 s46:  86%|████████▋ | 259/300 [34:07<05:26,  7.97s/ep][A

tin/rn18/random/hl/ipc10 s46:  87%|████████▋ | 260/300 [34:15<05:18,  7.95s/ep][A

tin/rn18/random/hl/ipc10 s46:  87%|████████▋ | 261/300 [34:23<05:09,  7.93s/ep][A

tin/rn18/random/hl/ipc10 s46:  87%|████████▋ | 262/300 [34:31<05:01,  7.94s/ep][A

tin/rn18/random/hl/ipc10 s46:  88%|████████▊ | 263/300 [34:39<04:54,  7.96s/ep][A

tin/rn18/random/hl/ipc10 s46:  88%|████████▊ | 264/300 [34:47<04:47,  7.98s/ep][A

tin/rn18/random/hl/ipc10 s46:  88%|████████▊ | 265/300 [34:55<04:35,  7.86s/ep][A

tin/rn18/random/hl/ipc10 s46:  89%|████████▊ | 266/300 [35:03<04:28,  7.89s/ep][A

tin/rn18/random/hl/ipc10 s46:  89%|████████▉ | 267/300 [35:11<04:20,  7.90s/ep][A

tin/rn18/random/hl/ipc10 s46:  89%|████████▉ | 268/300 [35:18<04:09,  7.81s/ep][A

tin/rn18/random/hl/ipc10 s46:  90%|████████▉ | 269/300 [35:26<04:01,  7.81s/ep][A

tin/rn18/random/hl/ipc10 s46:  90%|█████████ | 270/300 [35:34<03:55,  7.87s/ep][A

tin/rn18/random/hl/ipc10 s46:  90%|█████████ | 271/300 [35:42<03:49,  7.90s/ep][A

tin/rn18/random/hl/ipc10 s46:  91%|█████████ | 272/300 [35:50<03:41,  7.90s/ep][A

tin/rn18/random/hl/ipc10 s46:  91%|█████████ | 273/300 [35:58<03:33,  7.89s/ep][A

tin/rn18/random/hl/ipc10 s46:  91%|█████████▏| 274/300 [36:06<03:23,  7.83s/ep][A

tin/rn18/random/hl/ipc10 s46:  92%|█████████▏| 275/300 [36:13<03:16,  7.84s/ep][A

tin/rn18/random/hl/ipc10 s46:  92%|█████████▏| 276/300 [36:21<03:09,  7.89s/ep][A

tin/rn18/random/hl/ipc10 s46:  92%|█████████▏| 277/300 [36:29<03:01,  7.88s/ep][A

tin/rn18/random/hl/ipc10 s46:  93%|█████████▎| 278/300 [36:37<02:54,  7.92s/ep][A

tin/rn18/random/hl/ipc10 s46:  93%|█████████▎| 279/300 [36:45<02:46,  7.91s/ep][A

tin/rn18/random/hl/ipc10 s46:  93%|█████████▎| 280/300 [36:53<02:37,  7.87s/ep][A

tin/rn18/random/hl/ipc10 s46:  94%|█████████▎| 281/300 [37:01<02:29,  7.84s/ep][A

tin/rn18/random/hl/ipc10 s46:  94%|█████████▍| 282/300 [37:09<02:21,  7.89s/ep][A

tin/rn18/random/hl/ipc10 s46:  94%|█████████▍| 283/300 [37:16<02:13,  7.85s/ep][A

tin/rn18/random/hl/ipc10 s46:  95%|█████████▍| 284/300 [37:24<02:06,  7.88s/ep][A

tin/rn18/random/hl/ipc10 s46:  95%|█████████▌| 285/300 [37:32<01:58,  7.87s/ep][A

tin/rn18/random/hl/ipc10 s46:  95%|█████████▌| 286/300 [37:40<01:49,  7.86s/ep][A

tin/rn18/random/hl/ipc10 s46:  96%|█████████▌| 287/300 [37:48<01:41,  7.82s/ep][A

tin/rn18/random/hl/ipc10 s46:  96%|█████████▌| 288/300 [37:56<01:34,  7.86s/ep][A

tin/rn18/random/hl/ipc10 s46:  96%|█████████▋| 289/300 [38:04<01:26,  7.87s/ep][A

tin/rn18/random/hl/ipc10 s46:  97%|█████████▋| 290/300 [38:12<01:18,  7.88s/ep][A

tin/rn18/random/hl/ipc10 s46:  97%|█████████▋| 291/300 [38:19<01:10,  7.86s/ep][A

tin/rn18/random/hl/ipc10 s46:  97%|█████████▋| 292/300 [38:27<01:02,  7.82s/ep][A

tin/rn18/random/hl/ipc10 s46:  98%|█████████▊| 293/300 [38:35<00:54,  7.83s/ep][A

tin/rn18/random/hl/ipc10 s46:  98%|█████████▊| 294/300 [38:43<00:47,  7.85s/ep][A

tin/rn18/random/hl/ipc10 s46:  98%|█████████▊| 295/300 [38:51<00:39,  7.85s/ep][A

tin/rn18/random/hl/ipc10 s46:  99%|█████████▊| 296/300 [38:59<00:31,  7.87s/ep][A

tin/rn18/random/hl/ipc10 s46:  99%|█████████▉| 297/300 [39:07<00:23,  7.90s/ep][A

tin/rn18/random/hl/ipc10 s46:  99%|█████████▉| 298/300 [39:15<00:15,  7.91s/ep][A

tin/rn18/random/hl/ipc10 s46: 100%|█████████▉| 299/300 [39:22<00:07,  7.85s/ep][A

tin/rn18/random/hl/ipc10 s46: 100%|██████████| 300/300 [39:30<00:00,  7.87s/ep][A

                                                                               [A[cell] tin/rn18/random/hl/ipc10 seed46: 5.31%  (2384s)
[cell] tin/rn18/random/hl/ipc10: union seeds [42, 43, 44] + [45, 46]

rn18-tin:   4%|▎         | 1/27 [1:08:20<29:36:53, 4100.54s/cell, random/hl/ipc10]
rn18-tin:   4%|▎         | 1/27 [1:08:20<29:36:53, 4100.54s/cell, el2nbest/hl/ipc10][cell] tin/rn18/random/hl/ipc10: 5.23 +- 0.31 (5717s)
[cell] partial (bench_tin_rn18_el2nbest_hl_ipc10.json): have [42, 43, 44], running [45, 46]


tin/rn18/el2nbest/hl/ipc10 s45:   0%|          | 0/300 [00:00<?, ?ep/s][A

tin/rn18/el2nbest/hl/ipc10 s45:   0%|          | 1/300 [00:07<35:39,  7.15s/ep][A

tin/rn18/el2nbest/hl/ipc10 s45:   1%|          | 2/300 [00:15<37:56,  7.64s/ep][A

tin/rn18/el2nbest/hl/ipc10 s45:   1%|          | 3/300 [00:23<38:39,  7.81s/ep][A

tin/rn18/el2nbest/hl/ipc10 s45:   1%|▏         | 4/300 [00:31<38:49,  7.87s/ep][A

tin/rn18/el2nbest/hl/ipc10 s45:   2%|▏         | 5/300 [00:39<38:55,  7.92s/ep][A

tin/rn18/el2nbest/hl/ipc10 s45:   2%|▏         | 6/300 [00:47<38:52,  7.94s/ep][A

tin/rn18/el2nbest/hl/ipc10 s45:   2%|▏         | 7/300 [00:55<38:48,  7.95s/ep][A

tin/rn18/el2nbest/hl/ipc10 s45:   3%|▎         | 8/300 [01:02<38:38,  7.94s/ep][A

tin/rn18/el2nbest/hl/ipc10 s45:   3%|▎         | 9/300 [01:10<38:02,  7.84s/ep][A

tin/rn18/el2nbest/hl/ipc10 s45:   3%|▎         | 10/300 [01:18<38:04,  7.88s/ep][A

tin/rn18/el2nbest/hl/ipc10 s45:   4%|▎         | 11/300 [01:26<37:58,  7.88s/ep][A

tin/rn18/el2nbest/hl/ipc10 s45:   4%|▍         | 12/300 [01:34<37:51,  7.89s/ep][A

tin/rn18/el2nbest/hl/ipc10 s45:   4%|▍         | 13/300 [01:42<37:46,  7.90s/ep][A

tin/rn18/el2nbest/hl/ipc10 s45:   5%|▍         | 14/300 [01:49<37:17,  7.82s/ep][A

tin/rn18/el2nbest/hl/ipc10 s45:   5%|▌         | 15/300 [01:57<37:23,  7.87s/ep][A

tin/rn18/el2nbest/hl/ipc10 s45:   5%|▌         | 16/300 [02:05<37:29,  7.92s/ep][A

tin/rn18/el2nbest/hl/ipc10 s45:   6%|▌         | 17/300 [02:13<37:22,  7.92s/ep][A

tin/rn18/el2nbest/hl/ipc10 s45:   6%|▌         | 18/300 [02:21<37:21,  7.95s/ep][A

tin/rn18/el2nbest/hl/ipc10 s45:   6%|▋         | 19/300 [02:29<37:16,  7.96s/ep][A

tin/rn18/el2nbest/hl/ipc10 s45:   7%|▋         | 20/300 [02:37<37:11,  7.97s/ep][A

tin/rn18/el2nbest/hl/ipc10 s45:   7%|▋         | 21/300 [02:45<36:51,  7.92s/ep][A

tin/rn18/el2nbest/hl/ipc10 s45:   7%|▋         | 22/300 [02:53<36:31,  7.88s/ep][A

tin/rn18/el2nbest/hl/ipc10 s45:   8%|▊         | 23/300 [03:01<36:19,  7.87s/ep][A

tin/rn18/el2nbest/hl/ipc10 s45:   8%|▊         | 24/300 [03:09<36:14,  7.88s/ep][A

tin/rn18/el2nbest/hl/ipc10 s45:   8%|▊         | 25/300 [03:17<36:01,  7.86s/ep][A

tin/rn18/el2nbest/hl/ipc10 s45:   9%|▊         | 26/300 [03:25<36:03,  7.90s/ep][A

tin/rn18/el2nbest/hl/ipc10 s45:   9%|▉         | 27/300 [03:32<35:51,  7.88s/ep][A

tin/rn18/el2nbest/hl/ipc10 s45:   9%|▉         | 28/300 [03:40<35:43,  7.88s/ep][A

tin/rn18/el2nbest/hl/ipc10 s45:  10%|▉         | 29/300 [03:48<35:31,  7.87s/ep][A

tin/rn18/el2nbest/hl/ipc10 s45:  10%|█         | 30/300 [03:56<35:32,  7.90s/ep][A

tin/rn18/el2nbest/hl/ipc10 s45:  10%|█         | 31/300 [04:04<35:29,  7.92s/ep][A

tin/rn18/el2nbest/hl/ipc10 s45:  11%|█         | 32/300 [04:12<35:29,  7.95s/ep][A

tin/rn18/el2nbest/hl/ipc10 s45:  11%|█         | 33/300 [04:20<35:19,  7.94s/ep][A

tin/rn18/el2nbest/hl/ipc10 s45:  11%|█▏        | 34/300 [04:28<35:17,  7.96s/ep][A

tin/rn18/el2nbest/hl/ipc10 s45:  12%|█▏        | 35/300 [04:36<35:07,  7.95s/ep][A

tin/rn18/el2nbest/hl/ipc10 s45:  12%|█▏        | 36/300 [04:44<35:07,  7.98s/ep][A

tin/rn18/el2nbest/hl/ipc10 s45:  12%|█▏        | 37/300 [04:52<34:51,  7.95s/ep][A

tin/rn18/el2nbest/hl/ipc10 s45:  13%|█▎        | 38/300 [05:00<34:48,  7.97s/ep][A

tin/rn18/el2nbest/hl/ipc10 s45:  13%|█▎        | 39/300 [05:08<34:46,  8.00s/ep][A

tin/rn18/el2nbest/hl/ipc10 s45:  13%|█▎        | 40/300 [05:16<34:38,  7.99s/ep][A

tin/rn18/el2nbest/hl/ipc10 s45:  14%|█▎        | 41/300 [05:24<34:30,  8.00s/ep][A

tin/rn18/el2nbest/hl/ipc10 s45:  14%|█▍        | 42/300 [05:32<34:09,  7.94s/ep][A

tin/rn18/el2nbest/hl/ipc10 s45:  14%|█▍        | 43/300 [05:40<33:55,  7.92s/ep][A

tin/rn18/el2nbest/hl/ipc10 s45:  15%|█▍        | 44/300 [05:48<33:49,  7.93s/ep][A

tin/rn18/el2nbest/hl/ipc10 s45:  15%|█▌        | 45/300 [05:55<33:32,  7.89s/ep][A

tin/rn18/el2nbest/hl/ipc10 s45:  15%|█▌        | 46/300 [06:03<33:16,  7.86s/ep][A

tin/rn18/el2nbest/hl/ipc10 s45:  16%|█▌        | 47/300 [06:11<33:11,  7.87s/ep][A

tin/rn18/el2nbest/hl/ipc10 s45:  16%|█▌        | 48/300 [06:19<32:59,  7.85s/ep][A

tin/rn18/el2nbest/hl/ipc10 s45:  16%|█▋        | 49/300 [06:27<32:58,  7.88s/ep][A

tin/rn18/el2nbest/hl/ipc10 s45:  17%|█▋        | 50/300 [06:35<32:55,  7.90s/ep][A

tin/rn18/el2nbest/hl/ipc10 s45:  17%|█▋        | 51/300 [06:43<32:52,  7.92s/ep][A

tin/rn18/el2nbest/hl/ipc10 s45:  17%|█▋        | 52/300 [06:51<32:53,  7.96s/ep][A

tin/rn18/el2nbest/hl/ipc10 s45:  18%|█▊        | 53/300 [06:59<32:47,  7.97s/ep][A

tin/rn18/el2nbest/hl/ipc10 s45:  18%|█▊        | 54/300 [07:07<32:42,  7.98s/ep][A

tin/rn18/el2nbest/hl/ipc10 s45:  18%|█▊        | 55/300 [07:15<32:33,  7.98s/ep][A

tin/rn18/el2nbest/hl/ipc10 s45:  19%|█▊        | 56/300 [07:23<32:27,  7.98s/ep][A

tin/rn18/el2nbest/hl/ipc10 s45:  19%|█▉        | 57/300 [07:31<32:20,  7.98s/ep][A

tin/rn18/el2nbest/hl/ipc10 s45:  19%|█▉        | 58/300 [07:38<32:00,  7.94s/ep][A

tin/rn18/el2nbest/hl/ipc10 s45:  20%|█▉        | 59/300 [07:46<31:53,  7.94s/ep][A

tin/rn18/el2nbest/hl/ipc10 s45:  20%|██        | 60/300 [07:54<31:46,  7.94s/ep][A

tin/rn18/el2nbest/hl/ipc10 s45:  20%|██        | 61/300 [08:02<31:42,  7.96s/ep][A

tin/rn18/el2nbest/hl/ipc10 s45:  21%|██        | 62/300 [08:10<31:36,  7.97s/ep][A

tin/rn18/el2nbest/hl/ipc10 s45:  21%|██        | 63/300 [08:18<31:29,  7.97s/ep][A

tin/rn18/el2nbest/hl/ipc10 s45:  21%|██▏       | 64/300 [08:26<31:24,  7.98s/ep][A

tin/rn18/el2nbest/hl/ipc10 s45:  22%|██▏       | 65/300 [08:34<31:14,  7.98s/ep][A

tin/rn18/el2nbest/hl/ipc10 s45:  22%|██▏       | 66/300 [08:42<31:08,  7.99s/ep][A

tin/rn18/el2nbest/hl/ipc10 s45:  22%|██▏       | 67/300 [08:50<31:01,  7.99s/ep][A

tin/rn18/el2nbest/hl/ipc10 s45:  23%|██▎       | 68/300 [08:58<30:24,  7.87s/ep][A

tin/rn18/el2nbest/hl/ipc10 s45:  23%|██▎       | 69/300 [09:06<30:25,  7.90s/ep][A

tin/rn18/el2nbest/hl/ipc10 s45:  23%|██▎       | 70/300 [09:14<30:22,  7.93s/ep][A

tin/rn18/el2nbest/hl/ipc10 s45:  24%|██▎       | 71/300 [09:22<30:13,  7.92s/ep][A

tin/rn18/el2nbest/hl/ipc10 s45:  24%|██▍       | 72/300 [09:30<30:04,  7.91s/ep][A

tin/rn18/el2nbest/hl/ipc10 s45:  24%|██▍       | 73/300 [09:38<29:51,  7.89s/ep][A

tin/rn18/el2nbest/hl/ipc10 s45:  25%|██▍       | 74/300 [09:45<29:47,  7.91s/ep][A

tin/rn18/el2nbest/hl/ipc10 s45:  25%|██▌       | 75/300 [09:53<29:28,  7.86s/ep][A

tin/rn18/el2nbest/hl/ipc10 s45:  25%|██▌       | 76/300 [10:01<29:13,  7.83s/ep][A

tin/rn18/el2nbest/hl/ipc10 s45:  26%|██▌       | 77/300 [10:09<29:11,  7.85s/ep][A

tin/rn18/el2nbest/hl/ipc10 s45:  26%|██▌       | 78/300 [10:17<29:12,  7.89s/ep][A

tin/rn18/el2nbest/hl/ipc10 s45:  26%|██▋       | 79/300 [10:25<28:59,  7.87s/ep][A

tin/rn18/el2nbest/hl/ipc10 s45:  27%|██▋       | 80/300 [10:33<28:55,  7.89s/ep][A

tin/rn18/el2nbest/hl/ipc10 s45:  27%|██▋       | 81/300 [10:41<28:52,  7.91s/ep][A

tin/rn18/el2nbest/hl/ipc10 s45:  27%|██▋       | 82/300 [10:49<28:51,  7.94s/ep][A

tin/rn18/el2nbest/hl/ipc10 s45:  28%|██▊       | 83/300 [10:57<28:48,  7.96s/ep][A

tin/rn18/el2nbest/hl/ipc10 s45:  28%|██▊       | 84/300 [11:05<28:41,  7.97s/ep][A

tin/rn18/el2nbest/hl/ipc10 s45:  28%|██▊       | 85/300 [11:13<28:37,  7.99s/ep][A

tin/rn18/el2nbest/hl/ipc10 s45:  29%|██▊       | 86/300 [11:21<28:29,  7.99s/ep][A

tin/rn18/el2nbest/hl/ipc10 s45:  29%|██▉       | 87/300 [11:29<28:18,  7.97s/ep][A

tin/rn18/el2nbest/hl/ipc10 s45:  29%|██▉       | 88/300 [11:37<28:13,  7.99s/ep][A

tin/rn18/el2nbest/hl/ipc10 s45:  30%|██▉       | 89/300 [11:45<28:05,  7.99s/ep][A

tin/rn18/el2nbest/hl/ipc10 s45:  30%|███       | 90/300 [11:53<27:56,  7.99s/ep][A

tin/rn18/el2nbest/hl/ipc10 s45:  30%|███       | 91/300 [12:01<27:52,  8.00s/ep][A

tin/rn18/el2nbest/hl/ipc10 s45:  31%|███       | 92/300 [12:08<27:17,  7.87s/ep][A

tin/rn18/el2nbest/hl/ipc10 s45:  31%|███       | 93/300 [12:16<27:12,  7.89s/ep][A

tin/rn18/el2nbest/hl/ipc10 s45:  31%|███▏      | 94/300 [12:24<27:03,  7.88s/ep][A

tin/rn18/el2nbest/hl/ipc10 s45:  32%|███▏      | 95/300 [12:32<26:51,  7.86s/ep][A

tin/rn18/el2nbest/hl/ipc10 s45:  32%|███▏      | 96/300 [12:40<26:41,  7.85s/ep][A

tin/rn18/el2nbest/hl/ipc10 s45:  32%|███▏      | 97/300 [12:48<26:39,  7.88s/ep][A

tin/rn18/el2nbest/hl/ipc10 s45:  33%|███▎      | 98/300 [12:55<26:27,  7.86s/ep][A

tin/rn18/el2nbest/hl/ipc10 s45:  33%|███▎      | 99/300 [13:03<26:24,  7.88s/ep][A

tin/rn18/el2nbest/hl/ipc10 s45:  33%|███▎      | 100/300 [13:11<26:19,  7.90s/ep][A

tin/rn18/el2nbest/hl/ipc10 s45:  34%|███▎      | 101/300 [13:19<26:12,  7.90s/ep][A

tin/rn18/el2nbest/hl/ipc10 s45:  34%|███▍      | 102/300 [13:27<26:02,  7.89s/ep][A

tin/rn18/el2nbest/hl/ipc10 s45:  34%|███▍      | 103/300 [13:35<26:00,  7.92s/ep][A

tin/rn18/el2nbest/hl/ipc10 s45:  35%|███▍      | 104/300 [13:43<25:52,  7.92s/ep][A

tin/rn18/el2nbest/hl/ipc10 s45:  35%|███▌      | 105/300 [13:51<25:42,  7.91s/ep][A

tin/rn18/el2nbest/hl/ipc10 s45:  35%|███▌      | 106/300 [13:59<25:37,  7.92s/ep][A

tin/rn18/el2nbest/hl/ipc10 s45:  36%|███▌      | 107/300 [14:07<25:32,  7.94s/ep][A

tin/rn18/el2nbest/hl/ipc10 s45:  36%|███▌      | 108/300 [14:15<25:26,  7.95s/ep][A

tin/rn18/el2nbest/hl/ipc10 s45:  36%|███▋      | 109/300 [14:23<25:18,  7.95s/ep][A

tin/rn18/el2nbest/hl/ipc10 s45:  37%|███▋      | 110/300 [14:31<25:05,  7.92s/ep][A

tin/rn18/el2nbest/hl/ipc10 s45:  37%|███▋      | 111/300 [14:38<24:49,  7.88s/ep][A

tin/rn18/el2nbest/hl/ipc10 s45:  37%|███▋      | 112/300 [14:46<24:44,  7.90s/ep][A

tin/rn18/el2nbest/hl/ipc10 s45:  38%|███▊      | 113/300 [14:54<24:42,  7.93s/ep][A

tin/rn18/el2nbest/hl/ipc10 s45:  38%|███▊      | 114/300 [15:02<24:26,  7.88s/ep][A

tin/rn18/el2nbest/hl/ipc10 s45:  38%|███▊      | 115/300 [15:10<24:14,  7.86s/ep][A

tin/rn18/el2nbest/hl/ipc10 s45:  39%|███▊      | 116/300 [15:18<24:14,  7.90s/ep][A

tin/rn18/el2nbest/hl/ipc10 s45:  39%|███▉      | 117/300 [15:26<24:02,  7.88s/ep][A

tin/rn18/el2nbest/hl/ipc10 s45:  39%|███▉      | 118/300 [15:34<23:58,  7.90s/ep][A

tin/rn18/el2nbest/hl/ipc10 s45:  40%|███▉      | 119/300 [15:41<23:48,  7.89s/ep][A

tin/rn18/el2nbest/hl/ipc10 s45:  40%|████      | 120/300 [15:49<23:39,  7.88s/ep][A

tin/rn18/el2nbest/hl/ipc10 s45:  40%|████      | 121/300 [15:57<23:32,  7.89s/ep][A

tin/rn18/el2nbest/hl/ipc10 s45:  41%|████      | 122/300 [16:05<23:23,  7.89s/ep][A

tin/rn18/el2nbest/hl/ipc10 s45:  41%|████      | 123/300 [16:13<23:18,  7.90s/ep][A

tin/rn18/el2nbest/hl/ipc10 s45:  41%|████▏     | 124/300 [16:21<23:07,  7.88s/ep][A

tin/rn18/el2nbest/hl/ipc10 s45:  42%|████▏     | 125/300 [16:29<23:01,  7.89s/ep][A

tin/rn18/el2nbest/hl/ipc10 s45:  42%|████▏     | 126/300 [16:37<22:51,  7.88s/ep][A

tin/rn18/el2nbest/hl/ipc10 s45:  42%|████▏     | 127/300 [16:45<22:46,  7.90s/ep][A

tin/rn18/el2nbest/hl/ipc10 s45:  43%|████▎     | 128/300 [16:53<22:39,  7.90s/ep][A

tin/rn18/el2nbest/hl/ipc10 s45:  43%|████▎     | 129/300 [17:00<22:29,  7.89s/ep][A

tin/rn18/el2nbest/hl/ipc10 s45:  43%|████▎     | 130/300 [17:08<22:17,  7.87s/ep][A

tin/rn18/el2nbest/hl/ipc10 s45:  44%|████▎     | 131/300 [17:16<22:11,  7.88s/ep][A

tin/rn18/el2nbest/hl/ipc10 s45:  44%|████▍     | 132/300 [17:24<22:11,  7.92s/ep][A

tin/rn18/el2nbest/hl/ipc10 s45:  44%|████▍     | 133/300 [17:32<22:06,  7.94s/ep][A

tin/rn18/el2nbest/hl/ipc10 s45:  45%|████▍     | 134/300 [17:40<22:03,  7.97s/ep][A

tin/rn18/el2nbest/hl/ipc10 s45:  45%|████▌     | 135/300 [17:48<21:47,  7.92s/ep][A

tin/rn18/el2nbest/hl/ipc10 s45:  45%|████▌     | 136/300 [17:56<21:37,  7.91s/ep][A

tin/rn18/el2nbest/hl/ipc10 s45:  46%|████▌     | 137/300 [18:04<21:30,  7.92s/ep][A

tin/rn18/el2nbest/hl/ipc10 s45:  46%|████▌     | 138/300 [18:11<21:10,  7.85s/ep][A

tin/rn18/el2nbest/hl/ipc10 s45:  46%|████▋     | 139/300 [18:19<21:02,  7.84s/ep][A

tin/rn18/el2nbest/hl/ipc10 s45:  47%|████▋     | 140/300 [18:27<21:00,  7.88s/ep][A

tin/rn18/el2nbest/hl/ipc10 s45:  47%|████▋     | 141/300 [18:35<20:55,  7.90s/ep][A

tin/rn18/el2nbest/hl/ipc10 s45:  47%|████▋     | 142/300 [18:43<20:52,  7.93s/ep][A

tin/rn18/el2nbest/hl/ipc10 s45:  48%|████▊     | 143/300 [18:51<20:47,  7.95s/ep][A

tin/rn18/el2nbest/hl/ipc10 s45:  48%|████▊     | 144/300 [18:59<20:37,  7.93s/ep][A

tin/rn18/el2nbest/hl/ipc10 s45:  48%|████▊     | 145/300 [19:07<20:21,  7.88s/ep][A

tin/rn18/el2nbest/hl/ipc10 s45:  49%|████▊     | 146/300 [19:15<20:08,  7.84s/ep][A

tin/rn18/el2nbest/hl/ipc10 s45:  49%|████▉     | 147/300 [19:23<20:02,  7.86s/ep][A

tin/rn18/el2nbest/hl/ipc10 s45:  49%|████▉     | 148/300 [19:30<19:56,  7.87s/ep][A

tin/rn18/el2nbest/hl/ipc10 s45:  50%|████▉     | 149/300 [19:38<19:45,  7.85s/ep][A

tin/rn18/el2nbest/hl/ipc10 s45:  50%|█████     | 150/300 [19:46<19:30,  7.80s/ep][A

tin/rn18/el2nbest/hl/ipc10 s45:  50%|█████     | 151/300 [19:54<19:29,  7.85s/ep][A

tin/rn18/el2nbest/hl/ipc10 s45:  51%|█████     | 152/300 [20:02<19:20,  7.84s/ep][A

tin/rn18/el2nbest/hl/ipc10 s45:  51%|█████     | 153/300 [20:10<19:17,  7.87s/ep][A

tin/rn18/el2nbest/hl/ipc10 s45:  51%|█████▏    | 154/300 [20:17<19:03,  7.83s/ep][A

tin/rn18/el2nbest/hl/ipc10 s45:  52%|█████▏    | 155/300 [20:25<18:56,  7.84s/ep][A

tin/rn18/el2nbest/hl/ipc10 s45:  52%|█████▏    | 156/300 [20:33<18:44,  7.81s/ep][A

tin/rn18/el2nbest/hl/ipc10 s45:  52%|█████▏    | 157/300 [20:41<18:34,  7.80s/ep][A

tin/rn18/el2nbest/hl/ipc10 s45:  53%|█████▎    | 158/300 [20:49<18:29,  7.81s/ep][A

tin/rn18/el2nbest/hl/ipc10 s45:  53%|█████▎    | 159/300 [20:57<18:27,  7.85s/ep][A

tin/rn18/el2nbest/hl/ipc10 s45:  53%|█████▎    | 160/300 [21:04<18:21,  7.87s/ep][A

tin/rn18/el2nbest/hl/ipc10 s45:  54%|█████▎    | 161/300 [21:12<18:15,  7.88s/ep][A

tin/rn18/el2nbest/hl/ipc10 s45:  54%|█████▍    | 162/300 [21:20<18:07,  7.88s/ep][A

tin/rn18/el2nbest/hl/ipc10 s45:  54%|█████▍    | 163/300 [21:28<17:59,  7.88s/ep][A

tin/rn18/el2nbest/hl/ipc10 s45:  55%|█████▍    | 164/300 [21:36<17:46,  7.84s/ep][A

tin/rn18/el2nbest/hl/ipc10 s45:  55%|█████▌    | 165/300 [21:44<17:46,  7.90s/ep][A

tin/rn18/el2nbest/hl/ipc10 s45:  55%|█████▌    | 166/300 [21:52<17:34,  7.87s/ep][A

tin/rn18/el2nbest/hl/ipc10 s45:  56%|█████▌    | 167/300 [22:00<17:26,  7.87s/ep][A

tin/rn18/el2nbest/hl/ipc10 s45:  56%|█████▌    | 168/300 [22:07<17:12,  7.82s/ep][A

tin/rn18/el2nbest/hl/ipc10 s45:  56%|█████▋    | 169/300 [22:15<17:01,  7.80s/ep][A

tin/rn18/el2nbest/hl/ipc10 s45:  57%|█████▋    | 170/300 [22:23<16:53,  7.79s/ep][A

tin/rn18/el2nbest/hl/ipc10 s45:  57%|█████▋    | 171/300 [22:31<16:48,  7.82s/ep][A

tin/rn18/el2nbest/hl/ipc10 s45:  57%|█████▋    | 172/300 [22:39<16:44,  7.84s/ep][A

tin/rn18/el2nbest/hl/ipc10 s45:  58%|█████▊    | 173/300 [22:46<16:33,  7.82s/ep][A

tin/rn18/el2nbest/hl/ipc10 s45:  58%|█████▊    | 174/300 [22:54<16:30,  7.86s/ep][A

tin/rn18/el2nbest/hl/ipc10 s45:  58%|█████▊    | 175/300 [23:02<16:25,  7.88s/ep][A

tin/rn18/el2nbest/hl/ipc10 s45:  59%|█████▊    | 176/300 [23:10<16:15,  7.87s/ep][A

tin/rn18/el2nbest/hl/ipc10 s45:  59%|█████▉    | 177/300 [23:18<16:10,  7.89s/ep][A

tin/rn18/el2nbest/hl/ipc10 s45:  59%|█████▉    | 178/300 [23:26<16:06,  7.92s/ep][A

tin/rn18/el2nbest/hl/ipc10 s45:  60%|█████▉    | 179/300 [23:34<15:50,  7.85s/ep][A

tin/rn18/el2nbest/hl/ipc10 s45:  60%|██████    | 180/300 [23:42<15:41,  7.84s/ep][A

tin/rn18/el2nbest/hl/ipc10 s45:  60%|██████    | 181/300 [23:49<15:33,  7.85s/ep][A

tin/rn18/el2nbest/hl/ipc10 s45:  61%|██████    | 182/300 [23:57<15:31,  7.89s/ep][A

tin/rn18/el2nbest/hl/ipc10 s45:  61%|██████    | 183/300 [24:05<15:27,  7.92s/ep][A

tin/rn18/el2nbest/hl/ipc10 s45:  61%|██████▏   | 184/300 [24:13<15:22,  7.95s/ep][A

tin/rn18/el2nbest/hl/ipc10 s45:  62%|██████▏   | 185/300 [24:21<15:07,  7.89s/ep][A

tin/rn18/el2nbest/hl/ipc10 s45:  62%|██████▏   | 186/300 [24:29<14:58,  7.88s/ep][A

tin/rn18/el2nbest/hl/ipc10 s45:  62%|██████▏   | 187/300 [24:37<14:54,  7.91s/ep][A

tin/rn18/el2nbest/hl/ipc10 s45:  63%|██████▎   | 188/300 [24:45<14:47,  7.92s/ep][A

tin/rn18/el2nbest/hl/ipc10 s45:  63%|██████▎   | 189/300 [24:53<14:41,  7.94s/ep][A

tin/rn18/el2nbest/hl/ipc10 s45:  63%|██████▎   | 190/300 [25:01<14:31,  7.92s/ep][A

tin/rn18/el2nbest/hl/ipc10 s45:  64%|██████▎   | 191/300 [25:09<14:24,  7.93s/ep][A

tin/rn18/el2nbest/hl/ipc10 s45:  64%|██████▍   | 192/300 [25:17<14:16,  7.93s/ep][A

tin/rn18/el2nbest/hl/ipc10 s45:  64%|██████▍   | 193/300 [25:25<14:08,  7.93s/ep][A

tin/rn18/el2nbest/hl/ipc10 s45:  65%|██████▍   | 194/300 [25:33<14:02,  7.94s/ep][A

tin/rn18/el2nbest/hl/ipc10 s45:  65%|██████▌   | 195/300 [25:41<13:56,  7.96s/ep][A

tin/rn18/el2nbest/hl/ipc10 s45:  65%|██████▌   | 196/300 [25:49<13:49,  7.97s/ep][A

tin/rn18/el2nbest/hl/ipc10 s45:  66%|██████▌   | 197/300 [25:57<13:41,  7.97s/ep][A

tin/rn18/el2nbest/hl/ipc10 s45:  66%|██████▌   | 198/300 [26:04<13:32,  7.97s/ep][A

tin/rn18/el2nbest/hl/ipc10 s45:  66%|██████▋   | 199/300 [26:12<13:25,  7.97s/ep][A

tin/rn18/el2nbest/hl/ipc10 s45:  67%|██████▋   | 200/300 [26:20<13:14,  7.95s/ep][A

tin/rn18/el2nbest/hl/ipc10 s45:  67%|██████▋   | 201/300 [26:28<13:07,  7.96s/ep][A

tin/rn18/el2nbest/hl/ipc10 s45:  67%|██████▋   | 202/300 [26:36<13:00,  7.96s/ep][A

tin/rn18/el2nbest/hl/ipc10 s45:  68%|██████▊   | 203/300 [26:44<12:53,  7.98s/ep][A

tin/rn18/el2nbest/hl/ipc10 s45:  68%|██████▊   | 204/300 [26:52<12:45,  7.97s/ep][A

tin/rn18/el2nbest/hl/ipc10 s45:  68%|██████▊   | 205/300 [27:00<12:37,  7.98s/ep][A

tin/rn18/el2nbest/hl/ipc10 s45:  69%|██████▊   | 206/300 [27:08<12:30,  7.98s/ep][A

tin/rn18/el2nbest/hl/ipc10 s45:  69%|██████▉   | 207/300 [27:16<12:19,  7.95s/ep][A

tin/rn18/el2nbest/hl/ipc10 s45:  69%|██████▉   | 208/300 [27:24<12:14,  7.98s/ep][A

tin/rn18/el2nbest/hl/ipc10 s45:  70%|██████▉   | 209/300 [27:32<12:07,  7.99s/ep][A

tin/rn18/el2nbest/hl/ipc10 s45:  70%|███████   | 210/300 [27:40<11:58,  7.99s/ep][A

tin/rn18/el2nbest/hl/ipc10 s45:  70%|███████   | 211/300 [27:48<11:51,  7.99s/ep][A

tin/rn18/el2nbest/hl/ipc10 s45:  71%|███████   | 212/300 [27:56<11:38,  7.93s/ep][A

tin/rn18/el2nbest/hl/ipc10 s45:  71%|███████   | 213/300 [28:04<11:29,  7.93s/ep][A

tin/rn18/el2nbest/hl/ipc10 s45:  71%|███████▏  | 214/300 [28:12<11:20,  7.92s/ep][A

tin/rn18/el2nbest/hl/ipc10 s45:  72%|███████▏  | 215/300 [28:20<11:13,  7.92s/ep][A

tin/rn18/el2nbest/hl/ipc10 s45:  72%|███████▏  | 216/300 [28:28<11:03,  7.90s/ep][A

tin/rn18/el2nbest/hl/ipc10 s45:  72%|███████▏  | 217/300 [28:35<10:53,  7.87s/ep][A

tin/rn18/el2nbest/hl/ipc10 s45:  73%|███████▎  | 218/300 [28:43<10:46,  7.89s/ep][A

tin/rn18/el2nbest/hl/ipc10 s45:  73%|███████▎  | 219/300 [28:51<10:36,  7.86s/ep][A

tin/rn18/el2nbest/hl/ipc10 s45:  73%|███████▎  | 220/300 [28:59<10:30,  7.88s/ep][A

tin/rn18/el2nbest/hl/ipc10 s45:  74%|███████▎  | 221/300 [29:07<10:25,  7.92s/ep][A

tin/rn18/el2nbest/hl/ipc10 s45:  74%|███████▍  | 222/300 [29:15<10:19,  7.95s/ep][A

tin/rn18/el2nbest/hl/ipc10 s45:  74%|███████▍  | 223/300 [29:23<10:12,  7.96s/ep][A

tin/rn18/el2nbest/hl/ipc10 s45:  75%|███████▍  | 224/300 [29:31<10:00,  7.90s/ep][A

tin/rn18/el2nbest/hl/ipc10 s45:  75%|███████▌  | 225/300 [29:39<09:50,  7.87s/ep][A

tin/rn18/el2nbest/hl/ipc10 s45:  75%|███████▌  | 226/300 [29:47<09:44,  7.90s/ep][A

tin/rn18/el2nbest/hl/ipc10 s45:  76%|███████▌  | 227/300 [29:54<09:34,  7.87s/ep][A

tin/rn18/el2nbest/hl/ipc10 s45:  76%|███████▌  | 228/300 [30:02<09:29,  7.91s/ep][A

tin/rn18/el2nbest/hl/ipc10 s45:  76%|███████▋  | 229/300 [30:10<09:20,  7.90s/ep][A

tin/rn18/el2nbest/hl/ipc10 s45:  77%|███████▋  | 230/300 [30:18<09:11,  7.87s/ep][A

tin/rn18/el2nbest/hl/ipc10 s45:  77%|███████▋  | 231/300 [30:26<09:04,  7.89s/ep][A

tin/rn18/el2nbest/hl/ipc10 s45:  77%|███████▋  | 232/300 [30:34<08:56,  7.89s/ep][A

tin/rn18/el2nbest/hl/ipc10 s45:  78%|███████▊  | 233/300 [30:42<08:48,  7.88s/ep][A

tin/rn18/el2nbest/hl/ipc10 s45:  78%|███████▊  | 234/300 [30:49<08:37,  7.84s/ep][A

tin/rn18/el2nbest/hl/ipc10 s45:  78%|███████▊  | 235/300 [30:57<08:32,  7.88s/ep][A

tin/rn18/el2nbest/hl/ipc10 s45:  79%|███████▊  | 236/300 [31:05<08:22,  7.85s/ep][A

tin/rn18/el2nbest/hl/ipc10 s45:  79%|███████▉  | 237/300 [31:13<08:16,  7.89s/ep][A

tin/rn18/el2nbest/hl/ipc10 s45:  79%|███████▉  | 238/300 [31:21<08:09,  7.90s/ep][A

tin/rn18/el2nbest/hl/ipc10 s45:  80%|███████▉  | 239/300 [31:29<08:03,  7.93s/ep][A

tin/rn18/el2nbest/hl/ipc10 s45:  80%|████████  | 240/300 [31:37<07:56,  7.95s/ep][A

tin/rn18/el2nbest/hl/ipc10 s45:  80%|████████  | 241/300 [31:45<07:48,  7.93s/ep][A

tin/rn18/el2nbest/hl/ipc10 s45:  81%|████████  | 242/300 [31:53<07:36,  7.87s/ep][A

tin/rn18/el2nbest/hl/ipc10 s45:  81%|████████  | 243/300 [32:01<07:30,  7.90s/ep][A

tin/rn18/el2nbest/hl/ipc10 s45:  81%|████████▏ | 244/300 [32:09<07:23,  7.92s/ep][A

tin/rn18/el2nbest/hl/ipc10 s45:  82%|████████▏ | 245/300 [32:17<07:16,  7.94s/ep][A

tin/rn18/el2nbest/hl/ipc10 s45:  82%|████████▏ | 246/300 [32:25<07:08,  7.93s/ep][A

tin/rn18/el2nbest/hl/ipc10 s45:  82%|████████▏ | 247/300 [32:32<06:58,  7.89s/ep][A

tin/rn18/el2nbest/hl/ipc10 s45:  83%|████████▎ | 248/300 [32:40<06:52,  7.93s/ep][A

tin/rn18/el2nbest/hl/ipc10 s45:  83%|████████▎ | 249/300 [32:48<06:46,  7.96s/ep][A

tin/rn18/el2nbest/hl/ipc10 s45:  83%|████████▎ | 250/300 [32:56<06:38,  7.97s/ep][A

tin/rn18/el2nbest/hl/ipc10 s45:  84%|████████▎ | 251/300 [33:04<06:31,  7.98s/ep][A

tin/rn18/el2nbest/hl/ipc10 s45:  84%|████████▍ | 252/300 [33:12<06:23,  7.98s/ep][A

tin/rn18/el2nbest/hl/ipc10 s45:  84%|████████▍ | 253/300 [33:20<06:13,  7.95s/ep][A

tin/rn18/el2nbest/hl/ipc10 s45:  85%|████████▍ | 254/300 [33:28<06:07,  7.98s/ep][A

tin/rn18/el2nbest/hl/ipc10 s45:  85%|████████▌ | 255/300 [33:36<05:59,  7.99s/ep][A

tin/rn18/el2nbest/hl/ipc10 s45:  85%|████████▌ | 256/300 [33:44<05:50,  7.96s/ep][A

tin/rn18/el2nbest/hl/ipc10 s45:  86%|████████▌ | 257/300 [33:52<05:40,  7.93s/ep][A

tin/rn18/el2nbest/hl/ipc10 s45:  86%|████████▌ | 258/300 [34:00<05:33,  7.94s/ep][A

tin/rn18/el2nbest/hl/ipc10 s45:  86%|████████▋ | 259/300 [34:08<05:26,  7.97s/ep][A

tin/rn18/el2nbest/hl/ipc10 s45:  87%|████████▋ | 260/300 [34:16<05:18,  7.96s/ep][A

tin/rn18/el2nbest/hl/ipc10 s45:  87%|████████▋ | 261/300 [34:24<05:09,  7.95s/ep][A

tin/rn18/el2nbest/hl/ipc10 s45:  87%|████████▋ | 262/300 [34:32<05:03,  7.98s/ep][A

tin/rn18/el2nbest/hl/ipc10 s45:  88%|████████▊ | 263/300 [34:40<04:55,  7.97s/ep][A

tin/rn18/el2nbest/hl/ipc10 s45:  88%|████████▊ | 264/300 [34:48<04:44,  7.91s/ep][A

tin/rn18/el2nbest/hl/ipc10 s45:  88%|████████▊ | 265/300 [34:56<04:37,  7.93s/ep][A

tin/rn18/el2nbest/hl/ipc10 s45:  89%|████████▊ | 266/300 [35:04<04:28,  7.91s/ep][A

tin/rn18/el2nbest/hl/ipc10 s45:  89%|████████▉ | 267/300 [35:11<04:20,  7.90s/ep][A

tin/rn18/el2nbest/hl/ipc10 s45:  89%|████████▉ | 268/300 [35:19<04:13,  7.92s/ep][A

tin/rn18/el2nbest/hl/ipc10 s45:  90%|████████▉ | 269/300 [35:27<04:05,  7.93s/ep][A

tin/rn18/el2nbest/hl/ipc10 s45:  90%|█████████ | 270/300 [35:35<03:57,  7.93s/ep][A

tin/rn18/el2nbest/hl/ipc10 s45:  90%|█████████ | 271/300 [35:43<03:50,  7.95s/ep][A

tin/rn18/el2nbest/hl/ipc10 s45:  91%|█████████ | 272/300 [35:51<03:41,  7.90s/ep][A

tin/rn18/el2nbest/hl/ipc10 s45:  91%|█████████ | 273/300 [35:59<03:34,  7.93s/ep][A

tin/rn18/el2nbest/hl/ipc10 s45:  91%|█████████▏| 274/300 [36:07<03:26,  7.93s/ep][A

tin/rn18/el2nbest/hl/ipc10 s45:  92%|█████████▏| 275/300 [36:15<03:18,  7.94s/ep][A

tin/rn18/el2nbest/hl/ipc10 s45:  92%|█████████▏| 276/300 [36:23<03:10,  7.95s/ep][A

tin/rn18/el2nbest/hl/ipc10 s45:  92%|█████████▏| 277/300 [36:31<03:02,  7.92s/ep][A

tin/rn18/el2nbest/hl/ipc10 s45:  93%|█████████▎| 278/300 [36:39<02:54,  7.94s/ep][A

tin/rn18/el2nbest/hl/ipc10 s45:  93%|█████████▎| 279/300 [36:47<02:47,  7.95s/ep][A

tin/rn18/el2nbest/hl/ipc10 s45:  93%|█████████▎| 280/300 [36:55<02:39,  7.96s/ep][A

tin/rn18/el2nbest/hl/ipc10 s45:  94%|█████████▎| 281/300 [37:03<02:31,  7.97s/ep][A

tin/rn18/el2nbest/hl/ipc10 s45:  94%|█████████▍| 282/300 [37:11<02:22,  7.93s/ep][A

tin/rn18/el2nbest/hl/ipc10 s45:  94%|█████████▍| 283/300 [37:19<02:14,  7.93s/ep][A

tin/rn18/el2nbest/hl/ipc10 s45:  95%|█████████▍| 284/300 [37:27<02:07,  7.95s/ep][A

tin/rn18/el2nbest/hl/ipc10 s45:  95%|█████████▌| 285/300 [37:34<01:59,  7.96s/ep][A

tin/rn18/el2nbest/hl/ipc10 s45:  95%|█████████▌| 286/300 [37:42<01:51,  7.95s/ep][A

tin/rn18/el2nbest/hl/ipc10 s45:  96%|█████████▌| 287/300 [37:50<01:42,  7.91s/ep][A

tin/rn18/el2nbest/hl/ipc10 s45:  96%|█████████▌| 288/300 [37:58<01:35,  7.93s/ep][A

tin/rn18/el2nbest/hl/ipc10 s45:  96%|█████████▋| 289/300 [38:06<01:27,  7.94s/ep][A

tin/rn18/el2nbest/hl/ipc10 s45:  97%|█████████▋| 290/300 [38:14<01:19,  7.94s/ep][A

tin/rn18/el2nbest/hl/ipc10 s45:  97%|█████████▋| 291/300 [38:22<01:11,  7.92s/ep][A

tin/rn18/el2nbest/hl/ipc10 s45:  97%|█████████▋| 292/300 [38:30<01:03,  7.94s/ep][A

tin/rn18/el2nbest/hl/ipc10 s45:  98%|█████████▊| 293/300 [38:38<00:55,  7.93s/ep][A

tin/rn18/el2nbest/hl/ipc10 s45:  98%|█████████▊| 294/300 [38:46<00:47,  7.88s/ep][A

tin/rn18/el2nbest/hl/ipc10 s45:  98%|█████████▊| 295/300 [38:54<00:39,  7.89s/ep][A

tin/rn18/el2nbest/hl/ipc10 s45:  99%|█████████▊| 296/300 [39:01<00:31,  7.89s/ep][A

tin/rn18/el2nbest/hl/ipc10 s45:  99%|█████████▉| 297/300 [39:09<00:23,  7.89s/ep][A

tin/rn18/el2nbest/hl/ipc10 s45:  99%|█████████▉| 298/300 [39:17<00:15,  7.86s/ep][A

tin/rn18/el2nbest/hl/ipc10 s45: 100%|█████████▉| 299/300 [39:25<00:07,  7.88s/ep][A

tin/rn18/el2nbest/hl/ipc10 s45: 100%|██████████| 300/300 [39:33<00:00,  7.92s/ep][A

                                                                                 [A[cell] tin/rn18/el2nbest/hl/ipc10 seed45: 7.60%  (2387s)


tin/rn18/el2nbest/hl/ipc10 s46:   0%|          | 0/300 [00:00<?, ?ep/s][A

tin/rn18/el2nbest/hl/ipc10 s46:   0%|          | 1/300 [00:06<34:49,  6.99s/ep][A

tin/rn18/el2nbest/hl/ipc10 s46:   1%|          | 2/300 [00:15<37:46,  7.61s/ep][A

tin/rn18/el2nbest/hl/ipc10 s46:   1%|          | 3/300 [00:23<38:30,  7.78s/ep][A

tin/rn18/el2nbest/hl/ipc10 s46:   1%|▏         | 4/300 [00:30<38:19,  7.77s/ep][A

tin/rn18/el2nbest/hl/ipc10 s46:   2%|▏         | 5/300 [00:38<38:22,  7.81s/ep][A

tin/rn18/el2nbest/hl/ipc10 s46:   2%|▏         | 6/300 [00:46<38:31,  7.86s/ep][A

tin/rn18/el2nbest/hl/ipc10 s46:   2%|▏         | 7/300 [00:54<38:06,  7.80s/ep][A

tin/rn18/el2nbest/hl/ipc10 s46:   3%|▎         | 8/300 [01:02<38:18,  7.87s/ep][A

tin/rn18/el2nbest/hl/ipc10 s46:   3%|▎         | 9/300 [01:10<38:20,  7.91s/ep][A

tin/rn18/el2nbest/hl/ipc10 s46:   3%|▎         | 10/300 [01:18<38:14,  7.91s/ep][A

tin/rn18/el2nbest/hl/ipc10 s46:   4%|▎         | 11/300 [01:26<38:20,  7.96s/ep][A

tin/rn18/el2nbest/hl/ipc10 s46:   4%|▍         | 12/300 [01:34<38:06,  7.94s/ep][A

tin/rn18/el2nbest/hl/ipc10 s46:   4%|▍         | 13/300 [01:42<38:03,  7.96s/ep][A

tin/rn18/el2nbest/hl/ipc10 s46:   5%|▍         | 14/300 [01:50<38:00,  7.97s/ep][A

tin/rn18/el2nbest/hl/ipc10 s46:   5%|▌         | 15/300 [01:58<37:41,  7.94s/ep][A

tin/rn18/el2nbest/hl/ipc10 s46:   5%|▌         | 16/300 [02:06<37:37,  7.95s/ep][A

tin/rn18/el2nbest/hl/ipc10 s46:   6%|▌         | 17/300 [02:14<37:33,  7.96s/ep][A

tin/rn18/el2nbest/hl/ipc10 s46:   6%|▌         | 18/300 [02:21<37:08,  7.90s/ep][A

tin/rn18/el2nbest/hl/ipc10 s46:   6%|▋         | 19/300 [02:29<37:06,  7.92s/ep][A

tin/rn18/el2nbest/hl/ipc10 s46:   7%|▋         | 20/300 [02:37<36:46,  7.88s/ep][A

tin/rn18/el2nbest/hl/ipc10 s46:   7%|▋         | 21/300 [02:45<36:47,  7.91s/ep][A

tin/rn18/el2nbest/hl/ipc10 s46:   7%|▋         | 22/300 [02:53<36:43,  7.93s/ep][A

tin/rn18/el2nbest/hl/ipc10 s46:   8%|▊         | 23/300 [03:01<36:44,  7.96s/ep][A

tin/rn18/el2nbest/hl/ipc10 s46:   8%|▊         | 24/300 [03:09<36:31,  7.94s/ep][A

tin/rn18/el2nbest/hl/ipc10 s46:   8%|▊         | 25/300 [03:17<36:27,  7.95s/ep][A

tin/rn18/el2nbest/hl/ipc10 s46:   9%|▊         | 26/300 [03:25<36:23,  7.97s/ep][A

tin/rn18/el2nbest/hl/ipc10 s46:   9%|▉         | 27/300 [03:33<36:20,  7.99s/ep][A

tin/rn18/el2nbest/hl/ipc10 s46:   9%|▉         | 28/300 [03:41<36:13,  7.99s/ep][A

tin/rn18/el2nbest/hl/ipc10 s46:  10%|▉         | 29/300 [03:49<36:04,  7.99s/ep][A

tin/rn18/el2nbest/hl/ipc10 s46:  10%|█         | 30/300 [03:57<35:51,  7.97s/ep][A

tin/rn18/el2nbest/hl/ipc10 s46:  10%|█         | 31/300 [04:05<35:33,  7.93s/ep][A

tin/rn18/el2nbest/hl/ipc10 s46:  11%|█         | 32/300 [04:12<35:16,  7.90s/ep][A

tin/rn18/el2nbest/hl/ipc10 s46:  11%|█         | 33/300 [04:20<35:08,  7.90s/ep][A

tin/rn18/el2nbest/hl/ipc10 s46:  11%|█▏        | 34/300 [04:28<34:58,  7.89s/ep][A

tin/rn18/el2nbest/hl/ipc10 s46:  12%|█▏        | 35/300 [04:36<34:29,  7.81s/ep][A

tin/rn18/el2nbest/hl/ipc10 s46:  12%|█▏        | 36/300 [04:44<34:30,  7.84s/ep][A

tin/rn18/el2nbest/hl/ipc10 s46:  12%|█▏        | 37/300 [04:52<34:36,  7.90s/ep][A

tin/rn18/el2nbest/hl/ipc10 s46:  13%|█▎        | 38/300 [05:00<34:28,  7.89s/ep][A

tin/rn18/el2nbest/hl/ipc10 s46:  13%|█▎        | 39/300 [05:08<34:29,  7.93s/ep][A

tin/rn18/el2nbest/hl/ipc10 s46:  13%|█▎        | 40/300 [05:16<34:28,  7.96s/ep][A

tin/rn18/el2nbest/hl/ipc10 s46:  14%|█▎        | 41/300 [05:24<34:22,  7.96s/ep][A

tin/rn18/el2nbest/hl/ipc10 s46:  14%|█▍        | 42/300 [05:32<34:03,  7.92s/ep][A

tin/rn18/el2nbest/hl/ipc10 s46:  14%|█▍        | 43/300 [05:39<33:49,  7.90s/ep][A

tin/rn18/el2nbest/hl/ipc10 s46:  15%|█▍        | 44/300 [05:47<33:43,  7.90s/ep][A

tin/rn18/el2nbest/hl/ipc10 s46:  15%|█▌        | 45/300 [05:55<33:34,  7.90s/ep][A

tin/rn18/el2nbest/hl/ipc10 s46:  15%|█▌        | 46/300 [06:03<33:23,  7.89s/ep][A

tin/rn18/el2nbest/hl/ipc10 s46:  16%|█▌        | 47/300 [06:11<33:19,  7.90s/ep][A

tin/rn18/el2nbest/hl/ipc10 s46:  16%|█▌        | 48/300 [06:19<33:21,  7.94s/ep][A

tin/rn18/el2nbest/hl/ipc10 s46:  16%|█▋        | 49/300 [06:27<33:15,  7.95s/ep][A

tin/rn18/el2nbest/hl/ipc10 s46:  17%|█▋        | 50/300 [06:35<32:57,  7.91s/ep][A

tin/rn18/el2nbest/hl/ipc10 s46:  17%|█▋        | 51/300 [06:43<32:56,  7.94s/ep][A

tin/rn18/el2nbest/hl/ipc10 s46:  17%|█▋        | 52/300 [06:51<32:47,  7.93s/ep][A

tin/rn18/el2nbest/hl/ipc10 s46:  18%|█▊        | 53/300 [06:59<32:37,  7.93s/ep][A

tin/rn18/el2nbest/hl/ipc10 s46:  18%|█▊        | 54/300 [07:06<32:14,  7.86s/ep][A

tin/rn18/el2nbest/hl/ipc10 s46:  18%|█▊        | 55/300 [07:14<32:03,  7.85s/ep][A

tin/rn18/el2nbest/hl/ipc10 s46:  19%|█▊        | 56/300 [07:22<32:04,  7.89s/ep][A

tin/rn18/el2nbest/hl/ipc10 s46:  19%|█▉        | 57/300 [07:30<31:54,  7.88s/ep][A

tin/rn18/el2nbest/hl/ipc10 s46:  19%|█▉        | 58/300 [07:38<31:53,  7.91s/ep][A

tin/rn18/el2nbest/hl/ipc10 s46:  20%|█▉        | 59/300 [07:46<31:45,  7.91s/ep][A

tin/rn18/el2nbest/hl/ipc10 s46:  20%|██        | 60/300 [07:54<31:38,  7.91s/ep][A

tin/rn18/el2nbest/hl/ipc10 s46:  20%|██        | 61/300 [08:02<31:39,  7.95s/ep][A

tin/rn18/el2nbest/hl/ipc10 s46:  21%|██        | 62/300 [08:10<31:27,  7.93s/ep][A

tin/rn18/el2nbest/hl/ipc10 s46:  21%|██        | 63/300 [08:18<31:21,  7.94s/ep][A

tin/rn18/el2nbest/hl/ipc10 s46:  21%|██▏       | 64/300 [08:26<31:08,  7.92s/ep][A

tin/rn18/el2nbest/hl/ipc10 s46:  22%|██▏       | 65/300 [08:34<31:04,  7.94s/ep][A

tin/rn18/el2nbest/hl/ipc10 s46:  22%|██▏       | 66/300 [08:41<30:32,  7.83s/ep][A

tin/rn18/el2nbest/hl/ipc10 s46:  22%|██▏       | 67/300 [08:49<30:27,  7.85s/ep][A

tin/rn18/el2nbest/hl/ipc10 s46:  23%|██▎       | 68/300 [08:57<30:27,  7.88s/ep][A

tin/rn18/el2nbest/hl/ipc10 s46:  23%|██▎       | 69/300 [09:05<30:22,  7.89s/ep][A

tin/rn18/el2nbest/hl/ipc10 s46:  23%|██▎       | 70/300 [09:13<30:19,  7.91s/ep][A

tin/rn18/el2nbest/hl/ipc10 s46:  24%|██▎       | 71/300 [09:20<29:54,  7.84s/ep][A

tin/rn18/el2nbest/hl/ipc10 s46:  24%|██▍       | 72/300 [09:28<29:55,  7.88s/ep][A

tin/rn18/el2nbest/hl/ipc10 s46:  24%|██▍       | 73/300 [09:36<29:43,  7.86s/ep][A

tin/rn18/el2nbest/hl/ipc10 s46:  25%|██▍       | 74/300 [09:44<29:33,  7.85s/ep][A

tin/rn18/el2nbest/hl/ipc10 s46:  25%|██▌       | 75/300 [09:52<29:30,  7.87s/ep][A

tin/rn18/el2nbest/hl/ipc10 s46:  25%|██▌       | 76/300 [10:00<29:28,  7.90s/ep][A

tin/rn18/el2nbest/hl/ipc10 s46:  26%|██▌       | 77/300 [10:08<29:23,  7.91s/ep][A

tin/rn18/el2nbest/hl/ipc10 s46:  26%|██▌       | 78/300 [10:16<29:23,  7.95s/ep][A

tin/rn18/el2nbest/hl/ipc10 s46:  26%|██▋       | 79/300 [10:24<29:20,  7.97s/ep][A

tin/rn18/el2nbest/hl/ipc10 s46:  27%|██▋       | 80/300 [10:32<29:12,  7.96s/ep][A

tin/rn18/el2nbest/hl/ipc10 s46:  27%|██▋       | 81/300 [10:40<29:02,  7.96s/ep][A

tin/rn18/el2nbest/hl/ipc10 s46:  27%|██▋       | 82/300 [10:48<28:55,  7.96s/ep][A

tin/rn18/el2nbest/hl/ipc10 s46:  28%|██▊       | 83/300 [10:56<28:29,  7.88s/ep][A

tin/rn18/el2nbest/hl/ipc10 s46:  28%|██▊       | 84/300 [11:03<28:25,  7.90s/ep][A

tin/rn18/el2nbest/hl/ipc10 s46:  28%|██▊       | 85/300 [11:11<28:23,  7.92s/ep][A

tin/rn18/el2nbest/hl/ipc10 s46:  29%|██▊       | 86/300 [11:19<28:21,  7.95s/ep][A

tin/rn18/el2nbest/hl/ipc10 s46:  29%|██▉       | 87/300 [11:27<28:15,  7.96s/ep][A

tin/rn18/el2nbest/hl/ipc10 s46:  29%|██▉       | 88/300 [11:35<28:09,  7.97s/ep][A

tin/rn18/el2nbest/hl/ipc10 s46:  30%|██▉       | 89/300 [11:43<28:03,  7.98s/ep][A

tin/rn18/el2nbest/hl/ipc10 s46:  30%|███       | 90/300 [11:51<27:53,  7.97s/ep][A

tin/rn18/el2nbest/hl/ipc10 s46:  30%|███       | 91/300 [11:59<27:47,  7.98s/ep][A

tin/rn18/el2nbest/hl/ipc10 s46:  31%|███       | 92/300 [12:07<27:31,  7.94s/ep][A

tin/rn18/el2nbest/hl/ipc10 s46:  31%|███       | 93/300 [12:15<27:25,  7.95s/ep][A

tin/rn18/el2nbest/hl/ipc10 s46:  31%|███▏      | 94/300 [12:23<27:18,  7.95s/ep][A

tin/rn18/el2nbest/hl/ipc10 s46:  32%|███▏      | 95/300 [12:31<27:10,  7.96s/ep][A

tin/rn18/el2nbest/hl/ipc10 s46:  32%|███▏      | 96/300 [12:39<26:59,  7.94s/ep][A

tin/rn18/el2nbest/hl/ipc10 s46:  32%|███▏      | 97/300 [12:47<26:58,  7.98s/ep][A

tin/rn18/el2nbest/hl/ipc10 s46:  33%|███▎      | 98/300 [12:55<26:51,  7.98s/ep][A

tin/rn18/el2nbest/hl/ipc10 s46:  33%|███▎      | 99/300 [13:03<26:43,  7.98s/ep][A

tin/rn18/el2nbest/hl/ipc10 s46:  33%|███▎      | 100/300 [13:11<26:32,  7.96s/ep][A

tin/rn18/el2nbest/hl/ipc10 s46:  34%|███▎      | 101/300 [13:19<26:30,  7.99s/ep][A

tin/rn18/el2nbest/hl/ipc10 s46:  34%|███▍      | 102/300 [13:27<26:23,  8.00s/ep][A

tin/rn18/el2nbest/hl/ipc10 s46:  34%|███▍      | 103/300 [13:35<26:04,  7.94s/ep][A

tin/rn18/el2nbest/hl/ipc10 s46:  35%|███▍      | 104/300 [13:43<25:59,  7.96s/ep][A

tin/rn18/el2nbest/hl/ipc10 s46:  35%|███▌      | 105/300 [13:51<25:51,  7.96s/ep][A

tin/rn18/el2nbest/hl/ipc10 s46:  35%|███▌      | 106/300 [13:59<25:45,  7.97s/ep][A

tin/rn18/el2nbest/hl/ipc10 s46:  36%|███▌      | 107/300 [14:07<25:35,  7.96s/ep][A

tin/rn18/el2nbest/hl/ipc10 s46:  36%|███▌      | 108/300 [14:15<25:21,  7.93s/ep][A

tin/rn18/el2nbest/hl/ipc10 s46:  36%|███▋      | 109/300 [14:22<25:12,  7.92s/ep][A

tin/rn18/el2nbest/hl/ipc10 s46:  37%|███▋      | 110/300 [14:31<25:11,  7.95s/ep][A

tin/rn18/el2nbest/hl/ipc10 s46:  37%|███▋      | 111/300 [14:38<25:00,  7.94s/ep][A

tin/rn18/el2nbest/hl/ipc10 s46:  37%|███▋      | 112/300 [14:46<24:53,  7.94s/ep][A

tin/rn18/el2nbest/hl/ipc10 s46:  38%|███▊      | 113/300 [14:54<24:44,  7.94s/ep][A

tin/rn18/el2nbest/hl/ipc10 s46:  38%|███▊      | 114/300 [15:02<24:34,  7.92s/ep][A

tin/rn18/el2nbest/hl/ipc10 s46:  38%|███▊      | 115/300 [15:10<24:22,  7.90s/ep][A

tin/rn18/el2nbest/hl/ipc10 s46:  39%|███▊      | 116/300 [15:18<24:18,  7.93s/ep][A

tin/rn18/el2nbest/hl/ipc10 s46:  39%|███▉      | 117/300 [15:26<23:51,  7.82s/ep][A

tin/rn18/el2nbest/hl/ipc10 s46:  39%|███▉      | 118/300 [15:34<23:48,  7.85s/ep][A

tin/rn18/el2nbest/hl/ipc10 s46:  40%|███▉      | 119/300 [15:41<23:40,  7.85s/ep][A

tin/rn18/el2nbest/hl/ipc10 s46:  40%|████      | 120/300 [15:49<23:40,  7.89s/ep][A

tin/rn18/el2nbest/hl/ipc10 s46:  40%|████      | 121/300 [15:57<23:34,  7.90s/ep][A

tin/rn18/el2nbest/hl/ipc10 s46:  41%|████      | 122/300 [16:05<23:32,  7.94s/ep][A

tin/rn18/el2nbest/hl/ipc10 s46:  41%|████      | 123/300 [16:13<23:20,  7.91s/ep][A

tin/rn18/el2nbest/hl/ipc10 s46:  41%|████▏     | 124/300 [16:21<23:11,  7.90s/ep][A

tin/rn18/el2nbest/hl/ipc10 s46:  42%|████▏     | 125/300 [16:29<22:51,  7.84s/ep][A

tin/rn18/el2nbest/hl/ipc10 s46:  42%|████▏     | 126/300 [16:37<22:49,  7.87s/ep][A

tin/rn18/el2nbest/hl/ipc10 s46:  42%|████▏     | 127/300 [16:45<22:47,  7.90s/ep][A

tin/rn18/el2nbest/hl/ipc10 s46:  43%|████▎     | 128/300 [16:53<22:44,  7.94s/ep][A

tin/rn18/el2nbest/hl/ipc10 s46:  43%|████▎     | 129/300 [17:01<22:37,  7.94s/ep][A

tin/rn18/el2nbest/hl/ipc10 s46:  43%|████▎     | 130/300 [17:09<22:29,  7.94s/ep][A

tin/rn18/el2nbest/hl/ipc10 s46:  44%|████▎     | 131/300 [17:16<22:17,  7.92s/ep][A

tin/rn18/el2nbest/hl/ipc10 s46:  44%|████▍     | 132/300 [17:24<22:14,  7.95s/ep][A

tin/rn18/el2nbest/hl/ipc10 s46:  44%|████▍     | 133/300 [17:32<22:08,  7.96s/ep][A

tin/rn18/el2nbest/hl/ipc10 s46:  45%|████▍     | 134/300 [17:40<21:59,  7.95s/ep][A

tin/rn18/el2nbest/hl/ipc10 s46:  45%|████▌     | 135/300 [17:48<21:46,  7.92s/ep][A

tin/rn18/el2nbest/hl/ipc10 s46:  45%|████▌     | 136/300 [17:56<21:38,  7.92s/ep][A

tin/rn18/el2nbest/hl/ipc10 s46:  46%|████▌     | 137/300 [18:04<21:26,  7.89s/ep][A

tin/rn18/el2nbest/hl/ipc10 s46:  46%|████▌     | 138/300 [18:12<21:17,  7.88s/ep][A

tin/rn18/el2nbest/hl/ipc10 s46:  46%|████▋     | 139/300 [18:20<21:12,  7.90s/ep][A

tin/rn18/el2nbest/hl/ipc10 s46:  47%|████▋     | 140/300 [18:28<20:58,  7.86s/ep][A

tin/rn18/el2nbest/hl/ipc10 s46:  47%|████▋     | 141/300 [18:35<20:55,  7.90s/ep][A

tin/rn18/el2nbest/hl/ipc10 s46:  47%|████▋     | 142/300 [18:43<20:50,  7.91s/ep][A

tin/rn18/el2nbest/hl/ipc10 s46:  48%|████▊     | 143/300 [18:51<20:45,  7.93s/ep][A

tin/rn18/el2nbest/hl/ipc10 s46:  48%|████▊     | 144/300 [18:59<20:37,  7.93s/ep][A

tin/rn18/el2nbest/hl/ipc10 s46:  48%|████▊     | 145/300 [19:07<20:19,  7.87s/ep][A

tin/rn18/el2nbest/hl/ipc10 s46:  49%|████▊     | 146/300 [19:15<20:15,  7.89s/ep][A

tin/rn18/el2nbest/hl/ipc10 s46:  49%|████▉     | 147/300 [19:23<20:07,  7.89s/ep][A

tin/rn18/el2nbest/hl/ipc10 s46:  49%|████▉     | 148/300 [19:31<19:57,  7.88s/ep][A

tin/rn18/el2nbest/hl/ipc10 s46:  50%|████▉     | 149/300 [19:39<19:50,  7.88s/ep][A

tin/rn18/el2nbest/hl/ipc10 s46:  50%|█████     | 150/300 [19:47<19:42,  7.89s/ep][A

tin/rn18/el2nbest/hl/ipc10 s46:  50%|█████     | 151/300 [19:54<19:37,  7.90s/ep][A

tin/rn18/el2nbest/hl/ipc10 s46:  51%|█████     | 152/300 [20:02<19:27,  7.89s/ep][A

tin/rn18/el2nbest/hl/ipc10 s46:  51%|█████     | 153/300 [20:10<19:18,  7.88s/ep][A

tin/rn18/el2nbest/hl/ipc10 s46:  51%|█████▏    | 154/300 [20:18<19:10,  7.88s/ep][A

tin/rn18/el2nbest/hl/ipc10 s46:  52%|█████▏    | 155/300 [20:26<19:01,  7.88s/ep][A

tin/rn18/el2nbest/hl/ipc10 s46:  52%|█████▏    | 156/300 [20:34<18:56,  7.89s/ep][A

tin/rn18/el2nbest/hl/ipc10 s46:  52%|█████▏    | 157/300 [20:42<18:40,  7.84s/ep][A

tin/rn18/el2nbest/hl/ipc10 s46:  53%|█████▎    | 158/300 [20:49<18:34,  7.85s/ep][A

tin/rn18/el2nbest/hl/ipc10 s46:  53%|█████▎    | 159/300 [20:57<18:25,  7.84s/ep][A

tin/rn18/el2nbest/hl/ipc10 s46:  53%|█████▎    | 160/300 [21:05<18:20,  7.86s/ep][A

tin/rn18/el2nbest/hl/ipc10 s46:  54%|█████▎    | 161/300 [21:13<18:08,  7.83s/ep][A

tin/rn18/el2nbest/hl/ipc10 s46:  54%|█████▍    | 162/300 [21:21<17:58,  7.82s/ep][A

tin/rn18/el2nbest/hl/ipc10 s46:  54%|█████▍    | 163/300 [21:29<17:51,  7.82s/ep][A

tin/rn18/el2nbest/hl/ipc10 s46:  55%|█████▍    | 164/300 [21:36<17:45,  7.83s/ep][A

tin/rn18/el2nbest/hl/ipc10 s46:  55%|█████▌    | 165/300 [21:44<17:37,  7.84s/ep][A

tin/rn18/el2nbest/hl/ipc10 s46:  55%|█████▌    | 166/300 [21:52<17:32,  7.85s/ep][A

tin/rn18/el2nbest/hl/ipc10 s46:  56%|█████▌    | 167/300 [22:00<17:28,  7.88s/ep][A

tin/rn18/el2nbest/hl/ipc10 s46:  56%|█████▌    | 168/300 [22:08<17:22,  7.90s/ep][A

tin/rn18/el2nbest/hl/ipc10 s46:  56%|█████▋    | 169/300 [22:16<17:14,  7.90s/ep][A

tin/rn18/el2nbest/hl/ipc10 s46:  57%|█████▋    | 170/300 [22:24<17:03,  7.87s/ep][A

tin/rn18/el2nbest/hl/ipc10 s46:  57%|█████▋    | 171/300 [22:32<16:55,  7.87s/ep][A

tin/rn18/el2nbest/hl/ipc10 s46:  57%|█████▋    | 172/300 [22:40<16:48,  7.88s/ep][A

tin/rn18/el2nbest/hl/ipc10 s46:  58%|█████▊    | 173/300 [22:47<16:41,  7.89s/ep][A

tin/rn18/el2nbest/hl/ipc10 s46:  58%|█████▊    | 174/300 [22:55<16:30,  7.86s/ep][A

tin/rn18/el2nbest/hl/ipc10 s46:  58%|█████▊    | 175/300 [23:03<16:18,  7.83s/ep][A

tin/rn18/el2nbest/hl/ipc10 s46:  59%|█████▊    | 176/300 [23:11<16:09,  7.82s/ep][A

tin/rn18/el2nbest/hl/ipc10 s46:  59%|█████▉    | 177/300 [23:19<16:02,  7.83s/ep][A

tin/rn18/el2nbest/hl/ipc10 s46:  59%|█████▉    | 178/300 [23:26<15:55,  7.83s/ep][A

tin/rn18/el2nbest/hl/ipc10 s46:  60%|█████▉    | 179/300 [23:34<15:46,  7.82s/ep][A

tin/rn18/el2nbest/hl/ipc10 s46:  60%|██████    | 180/300 [23:42<15:37,  7.81s/ep][A

tin/rn18/el2nbest/hl/ipc10 s46:  60%|██████    | 181/300 [23:50<15:28,  7.80s/ep][A

tin/rn18/el2nbest/hl/ipc10 s46:  61%|██████    | 182/300 [23:58<15:27,  7.86s/ep][A

tin/rn18/el2nbest/hl/ipc10 s46:  61%|██████    | 183/300 [24:06<15:21,  7.87s/ep][A

tin/rn18/el2nbest/hl/ipc10 s46:  61%|██████▏   | 184/300 [24:14<15:14,  7.88s/ep][A

tin/rn18/el2nbest/hl/ipc10 s46:  62%|██████▏   | 185/300 [24:21<15:03,  7.86s/ep][A

tin/rn18/el2nbest/hl/ipc10 s46:  62%|██████▏   | 186/300 [24:29<14:57,  7.87s/ep][A

tin/rn18/el2nbest/hl/ipc10 s46:  62%|██████▏   | 187/300 [24:37<14:53,  7.90s/ep][A

tin/rn18/el2nbest/hl/ipc10 s46:  63%|██████▎   | 188/300 [24:45<14:44,  7.89s/ep][A

tin/rn18/el2nbest/hl/ipc10 s46:  63%|██████▎   | 189/300 [24:53<14:36,  7.90s/ep][A

tin/rn18/el2nbest/hl/ipc10 s46:  63%|██████▎   | 190/300 [25:01<14:30,  7.91s/ep][A

tin/rn18/el2nbest/hl/ipc10 s46:  64%|██████▎   | 191/300 [25:09<14:25,  7.94s/ep][A

tin/rn18/el2nbest/hl/ipc10 s46:  64%|██████▍   | 192/300 [25:17<14:19,  7.96s/ep][A

tin/rn18/el2nbest/hl/ipc10 s46:  64%|██████▍   | 193/300 [25:25<14:11,  7.95s/ep][A

tin/rn18/el2nbest/hl/ipc10 s46:  65%|██████▍   | 194/300 [25:33<14:05,  7.98s/ep][A

tin/rn18/el2nbest/hl/ipc10 s46:  65%|██████▌   | 195/300 [25:41<13:54,  7.95s/ep][A

tin/rn18/el2nbest/hl/ipc10 s46:  65%|██████▌   | 196/300 [25:49<13:45,  7.94s/ep][A

tin/rn18/el2nbest/hl/ipc10 s46:  66%|██████▌   | 197/300 [25:57<13:39,  7.95s/ep][A

tin/rn18/el2nbest/hl/ipc10 s46:  66%|██████▌   | 198/300 [26:05<13:26,  7.90s/ep][A

tin/rn18/el2nbest/hl/ipc10 s46:  66%|██████▋   | 199/300 [26:12<13:13,  7.85s/ep][A

tin/rn18/el2nbest/hl/ipc10 s46:  67%|██████▋   | 200/300 [26:20<13:07,  7.88s/ep][A

tin/rn18/el2nbest/hl/ipc10 s46:  67%|██████▋   | 201/300 [26:28<12:59,  7.88s/ep][A

tin/rn18/el2nbest/hl/ipc10 s46:  67%|██████▋   | 202/300 [26:36<12:52,  7.88s/ep][A

tin/rn18/el2nbest/hl/ipc10 s46:  68%|██████▊   | 203/300 [26:44<12:45,  7.89s/ep][A

tin/rn18/el2nbest/hl/ipc10 s46:  68%|██████▊   | 204/300 [26:52<12:32,  7.84s/ep][A

tin/rn18/el2nbest/hl/ipc10 s46:  68%|██████▊   | 205/300 [27:00<12:28,  7.88s/ep][A

tin/rn18/el2nbest/hl/ipc10 s46:  69%|██████▊   | 206/300 [27:07<12:19,  7.86s/ep][A

tin/rn18/el2nbest/hl/ipc10 s46:  69%|██████▉   | 207/300 [27:15<12:14,  7.90s/ep][A

tin/rn18/el2nbest/hl/ipc10 s46:  69%|██████▉   | 208/300 [27:23<12:07,  7.91s/ep][A

tin/rn18/el2nbest/hl/ipc10 s46:  70%|██████▉   | 209/300 [27:31<11:58,  7.89s/ep][A

tin/rn18/el2nbest/hl/ipc10 s46:  70%|███████   | 210/300 [27:39<11:48,  7.88s/ep][A

tin/rn18/el2nbest/hl/ipc10 s46:  70%|███████   | 211/300 [27:47<11:36,  7.83s/ep][A

tin/rn18/el2nbest/hl/ipc10 s46:  71%|███████   | 212/300 [27:55<11:31,  7.86s/ep][A

tin/rn18/el2nbest/hl/ipc10 s46:  71%|███████   | 213/300 [28:03<11:22,  7.84s/ep][A

tin/rn18/el2nbest/hl/ipc10 s46:  71%|███████▏  | 214/300 [28:10<11:14,  7.85s/ep][A

tin/rn18/el2nbest/hl/ipc10 s46:  72%|███████▏  | 215/300 [28:18<11:09,  7.88s/ep][A

tin/rn18/el2nbest/hl/ipc10 s46:  72%|███████▏  | 216/300 [28:26<11:01,  7.88s/ep][A

tin/rn18/el2nbest/hl/ipc10 s46:  72%|███████▏  | 217/300 [28:34<10:53,  7.87s/ep][A

tin/rn18/el2nbest/hl/ipc10 s46:  73%|███████▎  | 218/300 [28:42<10:46,  7.89s/ep][A

tin/rn18/el2nbest/hl/ipc10 s46:  73%|███████▎  | 219/300 [28:50<10:34,  7.83s/ep][A

tin/rn18/el2nbest/hl/ipc10 s46:  73%|███████▎  | 220/300 [28:58<10:28,  7.86s/ep][A

tin/rn18/el2nbest/hl/ipc10 s46:  74%|███████▎  | 221/300 [29:06<10:24,  7.91s/ep][A

tin/rn18/el2nbest/hl/ipc10 s46:  74%|███████▍  | 222/300 [29:14<10:17,  7.92s/ep][A

tin/rn18/el2nbest/hl/ipc10 s46:  74%|███████▍  | 223/300 [29:22<10:11,  7.95s/ep][A

tin/rn18/el2nbest/hl/ipc10 s46:  75%|███████▍  | 224/300 [29:29<10:02,  7.92s/ep][A

tin/rn18/el2nbest/hl/ipc10 s46:  75%|███████▌  | 225/300 [29:37<09:53,  7.92s/ep][A

tin/rn18/el2nbest/hl/ipc10 s46:  75%|███████▌  | 226/300 [29:45<09:45,  7.91s/ep][A

tin/rn18/el2nbest/hl/ipc10 s46:  76%|███████▌  | 227/300 [29:53<09:36,  7.90s/ep][A

tin/rn18/el2nbest/hl/ipc10 s46:  76%|███████▌  | 228/300 [30:01<09:30,  7.93s/ep][A

tin/rn18/el2nbest/hl/ipc10 s46:  76%|███████▋  | 229/300 [30:09<09:19,  7.88s/ep][A

tin/rn18/el2nbest/hl/ipc10 s46:  77%|███████▋  | 230/300 [30:17<09:09,  7.85s/ep][A

tin/rn18/el2nbest/hl/ipc10 s46:  77%|███████▋  | 231/300 [30:25<09:04,  7.90s/ep][A

tin/rn18/el2nbest/hl/ipc10 s46:  77%|███████▋  | 232/300 [30:32<08:54,  7.86s/ep][A

tin/rn18/el2nbest/hl/ipc10 s46:  78%|███████▊  | 233/300 [30:40<08:48,  7.89s/ep][A

tin/rn18/el2nbest/hl/ipc10 s46:  78%|███████▊  | 234/300 [30:48<08:42,  7.92s/ep][A

tin/rn18/el2nbest/hl/ipc10 s46:  78%|███████▊  | 235/300 [30:56<08:36,  7.94s/ep][A

tin/rn18/el2nbest/hl/ipc10 s46:  79%|███████▊  | 236/300 [31:04<08:29,  7.96s/ep][A

tin/rn18/el2nbest/hl/ipc10 s46:  79%|███████▉  | 237/300 [31:12<08:21,  7.96s/ep][A

tin/rn18/el2nbest/hl/ipc10 s46:  79%|███████▉  | 238/300 [31:20<08:14,  7.97s/ep][A

tin/rn18/el2nbest/hl/ipc10 s46:  80%|███████▉  | 239/300 [31:28<08:06,  7.98s/ep][A

tin/rn18/el2nbest/hl/ipc10 s46:  80%|████████  | 240/300 [31:36<07:56,  7.95s/ep][A

tin/rn18/el2nbest/hl/ipc10 s46:  80%|████████  | 241/300 [31:44<07:46,  7.91s/ep][A

tin/rn18/el2nbest/hl/ipc10 s46:  81%|████████  | 242/300 [31:52<07:38,  7.90s/ep][A

tin/rn18/el2nbest/hl/ipc10 s46:  81%|████████  | 243/300 [32:00<07:28,  7.87s/ep][A

tin/rn18/el2nbest/hl/ipc10 s46:  81%|████████▏ | 244/300 [32:08<07:22,  7.89s/ep][A

tin/rn18/el2nbest/hl/ipc10 s46:  82%|████████▏ | 245/300 [32:16<07:16,  7.93s/ep][A

tin/rn18/el2nbest/hl/ipc10 s46:  82%|████████▏ | 246/300 [32:24<07:07,  7.92s/ep][A

tin/rn18/el2nbest/hl/ipc10 s46:  82%|████████▏ | 247/300 [32:31<06:55,  7.85s/ep][A

tin/rn18/el2nbest/hl/ipc10 s46:  83%|████████▎ | 248/300 [32:39<06:49,  7.88s/ep][A

tin/rn18/el2nbest/hl/ipc10 s46:  83%|████████▎ | 249/300 [32:47<06:43,  7.91s/ep][A

tin/rn18/el2nbest/hl/ipc10 s46:  83%|████████▎ | 250/300 [32:55<06:36,  7.93s/ep][A

tin/rn18/el2nbest/hl/ipc10 s46:  84%|████████▎ | 251/300 [33:03<06:28,  7.93s/ep][A

tin/rn18/el2nbest/hl/ipc10 s46:  84%|████████▍ | 252/300 [33:11<06:16,  7.85s/ep][A

tin/rn18/el2nbest/hl/ipc10 s46:  84%|████████▍ | 253/300 [33:19<06:08,  7.83s/ep][A

tin/rn18/el2nbest/hl/ipc10 s46:  85%|████████▍ | 254/300 [33:27<06:02,  7.87s/ep][A

tin/rn18/el2nbest/hl/ipc10 s46:  85%|████████▌ | 255/300 [33:35<05:56,  7.91s/ep][A

tin/rn18/el2nbest/hl/ipc10 s46:  85%|████████▌ | 256/300 [33:43<05:49,  7.93s/ep][A

tin/rn18/el2nbest/hl/ipc10 s46:  86%|████████▌ | 257/300 [33:50<05:41,  7.94s/ep][A

tin/rn18/el2nbest/hl/ipc10 s46:  86%|████████▌ | 258/300 [33:58<05:33,  7.94s/ep][A

tin/rn18/el2nbest/hl/ipc10 s46:  86%|████████▋ | 259/300 [34:06<05:24,  7.91s/ep][A

tin/rn18/el2nbest/hl/ipc10 s46:  87%|████████▋ | 260/300 [34:14<05:17,  7.93s/ep][A

tin/rn18/el2nbest/hl/ipc10 s46:  87%|████████▋ | 261/300 [34:22<05:10,  7.96s/ep][A

tin/rn18/el2nbest/hl/ipc10 s46:  87%|████████▋ | 262/300 [34:30<05:01,  7.93s/ep][A

tin/rn18/el2nbest/hl/ipc10 s46:  88%|████████▊ | 263/300 [34:38<04:54,  7.96s/ep][A

tin/rn18/el2nbest/hl/ipc10 s46:  88%|████████▊ | 264/300 [34:46<04:45,  7.93s/ep][A

tin/rn18/el2nbest/hl/ipc10 s46:  88%|████████▊ | 265/300 [34:54<04:37,  7.94s/ep][A

tin/rn18/el2nbest/hl/ipc10 s46:  89%|████████▊ | 266/300 [35:02<04:30,  7.96s/ep][A

tin/rn18/el2nbest/hl/ipc10 s46:  89%|████████▉ | 267/300 [35:10<04:22,  7.95s/ep][A

tin/rn18/el2nbest/hl/ipc10 s46:  89%|████████▉ | 268/300 [35:18<04:15,  7.97s/ep][A

tin/rn18/el2nbest/hl/ipc10 s46:  90%|████████▉ | 269/300 [35:26<04:06,  7.96s/ep][A

tin/rn18/el2nbest/hl/ipc10 s46:  90%|█████████ | 270/300 [35:34<03:57,  7.93s/ep][A

tin/rn18/el2nbest/hl/ipc10 s46:  90%|█████████ | 271/300 [35:42<03:50,  7.94s/ep][A

tin/rn18/el2nbest/hl/ipc10 s46:  91%|█████████ | 272/300 [35:50<03:42,  7.96s/ep][A

tin/rn18/el2nbest/hl/ipc10 s46:  91%|█████████ | 273/300 [35:58<03:35,  7.97s/ep][A

tin/rn18/el2nbest/hl/ipc10 s46:  91%|█████████▏| 274/300 [36:06<03:27,  7.97s/ep][A

tin/rn18/el2nbest/hl/ipc10 s46:  92%|█████████▏| 275/300 [36:13<03:18,  7.92s/ep][A

tin/rn18/el2nbest/hl/ipc10 s46:  92%|█████████▏| 276/300 [36:21<03:09,  7.88s/ep][A

tin/rn18/el2nbest/hl/ipc10 s46:  92%|█████████▏| 277/300 [36:29<03:01,  7.91s/ep][A

tin/rn18/el2nbest/hl/ipc10 s46:  93%|█████████▎| 278/300 [36:37<02:53,  7.88s/ep][A

tin/rn18/el2nbest/hl/ipc10 s46:  93%|█████████▎| 279/300 [36:45<02:43,  7.79s/ep][A

tin/rn18/el2nbest/hl/ipc10 s46:  93%|█████████▎| 280/300 [36:52<02:35,  7.78s/ep][A

tin/rn18/el2nbest/hl/ipc10 s46:  94%|█████████▎| 281/300 [37:00<02:28,  7.80s/ep][A

tin/rn18/el2nbest/hl/ipc10 s46:  94%|█████████▍| 282/300 [37:08<02:21,  7.84s/ep][A

tin/rn18/el2nbest/hl/ipc10 s46:  94%|█████████▍| 283/300 [37:16<02:13,  7.83s/ep][A

tin/rn18/el2nbest/hl/ipc10 s46:  95%|█████████▍| 284/300 [37:24<02:05,  7.87s/ep][A

tin/rn18/el2nbest/hl/ipc10 s46:  95%|█████████▌| 285/300 [37:32<01:57,  7.85s/ep][A

tin/rn18/el2nbest/hl/ipc10 s46:  95%|█████████▌| 286/300 [37:39<01:49,  7.80s/ep][A

tin/rn18/el2nbest/hl/ipc10 s46:  96%|█████████▌| 287/300 [37:47<01:42,  7.85s/ep][A

tin/rn18/el2nbest/hl/ipc10 s46:  96%|█████████▌| 288/300 [37:55<01:34,  7.86s/ep][A

tin/rn18/el2nbest/hl/ipc10 s46:  96%|█████████▋| 289/300 [38:03<01:26,  7.90s/ep][A

tin/rn18/el2nbest/hl/ipc10 s46:  97%|█████████▋| 290/300 [38:11<01:19,  7.91s/ep][A

tin/rn18/el2nbest/hl/ipc10 s46:  97%|█████████▋| 291/300 [38:19<01:11,  7.90s/ep][A

tin/rn18/el2nbest/hl/ipc10 s46:  97%|█████████▋| 292/300 [38:27<01:03,  7.89s/ep][A

tin/rn18/el2nbest/hl/ipc10 s46:  98%|█████████▊| 293/300 [38:35<00:55,  7.87s/ep][A

tin/rn18/el2nbest/hl/ipc10 s46:  98%|█████████▊| 294/300 [38:42<00:46,  7.82s/ep][A

tin/rn18/el2nbest/hl/ipc10 s46:  98%|█████████▊| 295/300 [38:50<00:39,  7.85s/ep][A

tin/rn18/el2nbest/hl/ipc10 s46:  99%|█████████▊| 296/300 [38:58<00:31,  7.89s/ep][A

tin/rn18/el2nbest/hl/ipc10 s46:  99%|█████████▉| 297/300 [39:06<00:23,  7.86s/ep][A

tin/rn18/el2nbest/hl/ipc10 s46:  99%|█████████▉| 298/300 [39:14<00:15,  7.89s/ep][A

tin/rn18/el2nbest/hl/ipc10 s46: 100%|█████████▉| 299/300 [39:22<00:07,  7.84s/ep][A

tin/rn18/el2nbest/hl/ipc10 s46: 100%|██████████| 300/300 [39:30<00:00,  7.84s/ep][A

                                                                                 [A[cell] tin/rn18/el2nbest/hl/ipc10 seed46: 7.53%  (2383s)
[cell] tin/rn18/el2nbest/hl/ipc10: union seeds [42, 43, 44] + [45, 46]

rn18-tin:   7%|▋         | 2/27 [2:27:52<31:13:13, 4495.72s/cell, el2nbest/hl/ipc10]
rn18-tin:   7%|▋         | 2/27 [2:27:52<31:13:13, 4495.72s/cell, cadprune/hl/ipc10][cell] tin/rn18/el2nbest/hl/ipc10: 7.79 +- 0.49 (window 90%)
[cell] partial (bench_tin_rn18_cadprune_hl_ipc10.json): have [42, 43, 44], running [45, 46]


tin/rn18/cadprune/hl/ipc10 s45:   0%|          | 0/300 [00:00<?, ?ep/s][A

tin/rn18/cadprune/hl/ipc10 s45:   0%|          | 1/300 [00:06<34:49,  6.99s/ep][A

tin/rn18/cadprune/hl/ipc10 s45:   1%|          | 2/300 [00:14<37:29,  7.55s/ep][A

tin/rn18/cadprune/hl/ipc10 s45:   1%|          | 3/300 [00:22<38:20,  7.75s/ep][A

tin/rn18/cadprune/hl/ipc10 s45:   1%|▏         | 4/300 [00:30<38:12,  7.74s/ep][A

tin/rn18/cadprune/hl/ipc10 s45:   2%|▏         | 5/300 [00:38<38:20,  7.80s/ep][A

tin/rn18/cadprune/hl/ipc10 s45:   2%|▏         | 6/300 [00:46<38:23,  7.84s/ep][A

tin/rn18/cadprune/hl/ipc10 s45:   2%|▏         | 7/300 [00:54<38:03,  7.79s/ep][A

tin/rn18/cadprune/hl/ipc10 s45:   3%|▎         | 8/300 [01:02<38:00,  7.81s/ep][A

tin/rn18/cadprune/hl/ipc10 s45:   3%|▎         | 9/300 [01:09<38:09,  7.87s/ep][A

tin/rn18/cadprune/hl/ipc10 s45:   3%|▎         | 10/300 [01:17<38:11,  7.90s/ep][A

tin/rn18/cadprune/hl/ipc10 s45:   4%|▎         | 11/300 [01:25<37:59,  7.89s/ep][A

tin/rn18/cadprune/hl/ipc10 s45:   4%|▍         | 12/300 [01:33<37:57,  7.91s/ep][A

tin/rn18/cadprune/hl/ipc10 s45:   4%|▍         | 13/300 [01:41<37:37,  7.87s/ep][A

tin/rn18/cadprune/hl/ipc10 s45:   5%|▍         | 14/300 [01:49<37:41,  7.91s/ep][A

tin/rn18/cadprune/hl/ipc10 s45:   5%|▌         | 15/300 [01:57<37:40,  7.93s/ep][A

tin/rn18/cadprune/hl/ipc10 s45:   5%|▌         | 16/300 [02:05<37:31,  7.93s/ep][A

tin/rn18/cadprune/hl/ipc10 s45:   6%|▌         | 17/300 [02:13<37:26,  7.94s/ep][A

tin/rn18/cadprune/hl/ipc10 s45:   6%|▌         | 18/300 [02:21<37:14,  7.92s/ep][A

tin/rn18/cadprune/hl/ipc10 s45:   6%|▋         | 19/300 [02:29<37:03,  7.91s/ep][A

tin/rn18/cadprune/hl/ipc10 s45:   7%|▋         | 20/300 [02:37<37:07,  7.96s/ep][A

tin/rn18/cadprune/hl/ipc10 s45:   7%|▋         | 21/300 [02:45<36:47,  7.91s/ep][A

tin/rn18/cadprune/hl/ipc10 s45:   7%|▋         | 22/300 [02:52<36:40,  7.91s/ep][A

tin/rn18/cadprune/hl/ipc10 s45:   8%|▊         | 23/300 [03:00<36:28,  7.90s/ep][A

tin/rn18/cadprune/hl/ipc10 s45:   8%|▊         | 24/300 [03:08<36:20,  7.90s/ep][A

tin/rn18/cadprune/hl/ipc10 s45:   8%|▊         | 25/300 [03:16<36:05,  7.88s/ep][A

tin/rn18/cadprune/hl/ipc10 s45:   9%|▊         | 26/300 [03:24<36:05,  7.90s/ep][A

tin/rn18/cadprune/hl/ipc10 s45:   9%|▉         | 27/300 [03:32<36:04,  7.93s/ep][A

tin/rn18/cadprune/hl/ipc10 s45:   9%|▉         | 28/300 [03:40<36:00,  7.94s/ep][A

tin/rn18/cadprune/hl/ipc10 s45:  10%|▉         | 29/300 [03:48<35:52,  7.94s/ep][A

tin/rn18/cadprune/hl/ipc10 s45:  10%|█         | 30/300 [03:56<35:22,  7.86s/ep][A

tin/rn18/cadprune/hl/ipc10 s45:  10%|█         | 31/300 [04:04<35:25,  7.90s/ep][A

tin/rn18/cadprune/hl/ipc10 s45:  11%|█         | 32/300 [04:12<35:20,  7.91s/ep][A

tin/rn18/cadprune/hl/ipc10 s45:  11%|█         | 33/300 [04:19<35:09,  7.90s/ep][A

tin/rn18/cadprune/hl/ipc10 s45:  11%|█▏        | 34/300 [04:27<35:06,  7.92s/ep][A

tin/rn18/cadprune/hl/ipc10 s45:  12%|█▏        | 35/300 [04:35<34:40,  7.85s/ep][A

tin/rn18/cadprune/hl/ipc10 s45:  12%|█▏        | 36/300 [04:43<34:33,  7.85s/ep][A

tin/rn18/cadprune/hl/ipc10 s45:  12%|█▏        | 37/300 [04:51<34:31,  7.87s/ep][A

tin/rn18/cadprune/hl/ipc10 s45:  13%|█▎        | 38/300 [04:59<34:29,  7.90s/ep][A

tin/rn18/cadprune/hl/ipc10 s45:  13%|█▎        | 39/300 [05:06<34:02,  7.82s/ep][A

tin/rn18/cadprune/hl/ipc10 s45:  13%|█▎        | 40/300 [05:14<34:01,  7.85s/ep][A

tin/rn18/cadprune/hl/ipc10 s45:  14%|█▎        | 41/300 [05:22<33:53,  7.85s/ep][A

tin/rn18/cadprune/hl/ipc10 s45:  14%|█▍        | 42/300 [05:30<33:54,  7.89s/ep][A

tin/rn18/cadprune/hl/ipc10 s45:  14%|█▍        | 43/300 [05:38<33:51,  7.91s/ep][A

tin/rn18/cadprune/hl/ipc10 s45:  15%|█▍        | 44/300 [05:46<33:32,  7.86s/ep][A

tin/rn18/cadprune/hl/ipc10 s45:  15%|█▌        | 45/300 [05:54<33:25,  7.87s/ep][A

tin/rn18/cadprune/hl/ipc10 s45:  15%|█▌        | 46/300 [06:02<33:10,  7.84s/ep][A

tin/rn18/cadprune/hl/ipc10 s45:  16%|█▌        | 47/300 [06:10<33:15,  7.89s/ep][A

tin/rn18/cadprune/hl/ipc10 s45:  16%|█▌        | 48/300 [06:17<33:09,  7.89s/ep][A

tin/rn18/cadprune/hl/ipc10 s45:  16%|█▋        | 49/300 [06:25<32:50,  7.85s/ep][A

tin/rn18/cadprune/hl/ipc10 s45:  17%|█▋        | 50/300 [06:33<32:46,  7.87s/ep][A

tin/rn18/cadprune/hl/ipc10 s45:  17%|█▋        | 51/300 [06:41<32:46,  7.90s/ep][A

tin/rn18/cadprune/hl/ipc10 s45:  17%|█▋        | 52/300 [06:49<32:43,  7.92s/ep][A

tin/rn18/cadprune/hl/ipc10 s45:  18%|█▊        | 53/300 [06:57<32:40,  7.94s/ep][A

tin/rn18/cadprune/hl/ipc10 s45:  18%|█▊        | 54/300 [07:05<32:31,  7.93s/ep][A

tin/rn18/cadprune/hl/ipc10 s45:  18%|█▊        | 55/300 [07:13<32:18,  7.91s/ep][A

tin/rn18/cadprune/hl/ipc10 s45:  19%|█▊        | 56/300 [07:21<32:06,  7.90s/ep][A

tin/rn18/cadprune/hl/ipc10 s45:  19%|█▉        | 57/300 [07:29<31:59,  7.90s/ep][A

tin/rn18/cadprune/hl/ipc10 s45:  19%|█▉        | 58/300 [07:36<31:43,  7.87s/ep][A

tin/rn18/cadprune/hl/ipc10 s45:  20%|█▉        | 59/300 [07:44<31:45,  7.90s/ep][A

tin/rn18/cadprune/hl/ipc10 s45:  20%|██        | 60/300 [07:52<31:40,  7.92s/ep][A

tin/rn18/cadprune/hl/ipc10 s45:  20%|██        | 61/300 [08:00<31:24,  7.88s/ep][A

tin/rn18/cadprune/hl/ipc10 s45:  21%|██        | 62/300 [08:08<31:15,  7.88s/ep][A

tin/rn18/cadprune/hl/ipc10 s45:  21%|██        | 63/300 [08:16<31:02,  7.86s/ep][A

tin/rn18/cadprune/hl/ipc10 s45:  21%|██▏       | 64/300 [08:24<30:56,  7.87s/ep][A

tin/rn18/cadprune/hl/ipc10 s45:  22%|██▏       | 65/300 [08:32<30:56,  7.90s/ep][A

tin/rn18/cadprune/hl/ipc10 s45:  22%|██▏       | 66/300 [08:39<30:33,  7.84s/ep][A

tin/rn18/cadprune/hl/ipc10 s45:  22%|██▏       | 67/300 [08:47<30:25,  7.84s/ep][A

tin/rn18/cadprune/hl/ipc10 s45:  23%|██▎       | 68/300 [08:55<30:24,  7.87s/ep][A

tin/rn18/cadprune/hl/ipc10 s45:  23%|██▎       | 69/300 [09:03<30:21,  7.88s/ep][A

tin/rn18/cadprune/hl/ipc10 s45:  23%|██▎       | 70/300 [09:11<30:14,  7.89s/ep][A

tin/rn18/cadprune/hl/ipc10 s45:  24%|██▎       | 71/300 [09:19<30:14,  7.92s/ep][A

tin/rn18/cadprune/hl/ipc10 s45:  24%|██▍       | 72/300 [09:27<30:09,  7.94s/ep][A

tin/rn18/cadprune/hl/ipc10 s45:  24%|██▍       | 73/300 [09:35<29:59,  7.93s/ep][A

tin/rn18/cadprune/hl/ipc10 s45:  25%|██▍       | 74/300 [09:43<29:50,  7.92s/ep][A

tin/rn18/cadprune/hl/ipc10 s45:  25%|██▌       | 75/300 [09:51<29:45,  7.94s/ep][A

tin/rn18/cadprune/hl/ipc10 s45:  25%|██▌       | 76/300 [09:59<29:39,  7.95s/ep][A

tin/rn18/cadprune/hl/ipc10 s45:  26%|██▌       | 77/300 [10:07<29:29,  7.93s/ep][A

tin/rn18/cadprune/hl/ipc10 s45:  26%|██▌       | 78/300 [10:14<29:06,  7.87s/ep][A

tin/rn18/cadprune/hl/ipc10 s45:  26%|██▋       | 79/300 [10:22<28:56,  7.86s/ep][A

tin/rn18/cadprune/hl/ipc10 s45:  27%|██▋       | 80/300 [10:30<28:52,  7.87s/ep][A

tin/rn18/cadprune/hl/ipc10 s45:  27%|██▋       | 81/300 [10:38<28:50,  7.90s/ep][A

tin/rn18/cadprune/hl/ipc10 s45:  27%|██▋       | 82/300 [10:46<28:49,  7.93s/ep][A

tin/rn18/cadprune/hl/ipc10 s45:  28%|██▊       | 83/300 [10:54<28:44,  7.95s/ep][A

tin/rn18/cadprune/hl/ipc10 s45:  28%|██▊       | 84/300 [11:02<28:39,  7.96s/ep][A

tin/rn18/cadprune/hl/ipc10 s45:  28%|██▊       | 85/300 [11:10<28:33,  7.97s/ep][A

tin/rn18/cadprune/hl/ipc10 s45:  29%|██▊       | 86/300 [11:18<28:26,  7.97s/ep][A

tin/rn18/cadprune/hl/ipc10 s45:  29%|██▉       | 87/300 [11:26<28:18,  7.97s/ep][A

tin/rn18/cadprune/hl/ipc10 s45:  29%|██▉       | 88/300 [11:34<27:59,  7.92s/ep][A

tin/rn18/cadprune/hl/ipc10 s45:  30%|██▉       | 89/300 [11:42<27:55,  7.94s/ep][A

tin/rn18/cadprune/hl/ipc10 s45:  30%|███       | 90/300 [11:50<27:36,  7.89s/ep][A

tin/rn18/cadprune/hl/ipc10 s45:  30%|███       | 91/300 [11:58<27:35,  7.92s/ep][A

tin/rn18/cadprune/hl/ipc10 s45:  31%|███       | 92/300 [12:05<27:19,  7.88s/ep][A

tin/rn18/cadprune/hl/ipc10 s45:  31%|███       | 93/300 [12:13<27:15,  7.90s/ep][A

tin/rn18/cadprune/hl/ipc10 s45:  31%|███▏      | 94/300 [12:21<27:02,  7.88s/ep][A

tin/rn18/cadprune/hl/ipc10 s45:  32%|███▏      | 95/300 [12:29<26:59,  7.90s/ep][A

tin/rn18/cadprune/hl/ipc10 s45:  32%|███▏      | 96/300 [12:37<26:57,  7.93s/ep][A

tin/rn18/cadprune/hl/ipc10 s45:  32%|███▏      | 97/300 [12:45<26:53,  7.95s/ep][A

tin/rn18/cadprune/hl/ipc10 s45:  33%|███▎      | 98/300 [12:53<26:43,  7.94s/ep][A

tin/rn18/cadprune/hl/ipc10 s45:  33%|███▎      | 99/300 [13:01<26:33,  7.93s/ep][A

tin/rn18/cadprune/hl/ipc10 s45:  33%|███▎      | 100/300 [13:09<26:25,  7.93s/ep][A

tin/rn18/cadprune/hl/ipc10 s45:  34%|███▎      | 101/300 [13:17<26:13,  7.91s/ep][A

tin/rn18/cadprune/hl/ipc10 s45:  34%|███▍      | 102/300 [13:25<26:09,  7.92s/ep][A

tin/rn18/cadprune/hl/ipc10 s45:  34%|███▍      | 103/300 [13:32<25:57,  7.91s/ep][A

tin/rn18/cadprune/hl/ipc10 s45:  35%|███▍      | 104/300 [13:40<25:28,  7.80s/ep][A

tin/rn18/cadprune/hl/ipc10 s45:  35%|███▌      | 105/300 [13:48<25:26,  7.83s/ep][A

tin/rn18/cadprune/hl/ipc10 s45:  35%|███▌      | 106/300 [13:56<25:28,  7.88s/ep][A

tin/rn18/cadprune/hl/ipc10 s45:  36%|███▌      | 107/300 [14:04<25:14,  7.85s/ep][A

tin/rn18/cadprune/hl/ipc10 s45:  36%|███▌      | 108/300 [14:12<25:13,  7.88s/ep][A

tin/rn18/cadprune/hl/ipc10 s45:  36%|███▋      | 109/300 [14:19<25:02,  7.87s/ep][A

tin/rn18/cadprune/hl/ipc10 s45:  37%|███▋      | 110/300 [14:27<24:54,  7.87s/ep][A

tin/rn18/cadprune/hl/ipc10 s45:  37%|███▋      | 111/300 [14:35<24:49,  7.88s/ep][A

tin/rn18/cadprune/hl/ipc10 s45:  37%|███▋      | 112/300 [14:43<24:41,  7.88s/ep][A

tin/rn18/cadprune/hl/ipc10 s45:  38%|███▊      | 113/300 [14:51<24:32,  7.88s/ep][A

tin/rn18/cadprune/hl/ipc10 s45:  38%|███▊      | 114/300 [14:59<24:26,  7.88s/ep][A

tin/rn18/cadprune/hl/ipc10 s45:  38%|███▊      | 115/300 [15:07<24:26,  7.93s/ep][A

tin/rn18/cadprune/hl/ipc10 s45:  39%|███▊      | 116/300 [15:15<24:13,  7.90s/ep][A

tin/rn18/cadprune/hl/ipc10 s45:  39%|███▉      | 117/300 [15:23<24:05,  7.90s/ep][A

tin/rn18/cadprune/hl/ipc10 s45:  39%|███▉      | 118/300 [15:31<24:00,  7.92s/ep][A

tin/rn18/cadprune/hl/ipc10 s45:  40%|███▉      | 119/300 [15:39<23:54,  7.92s/ep][A

tin/rn18/cadprune/hl/ipc10 s45:  40%|████      | 120/300 [15:46<23:47,  7.93s/ep][A

tin/rn18/cadprune/hl/ipc10 s45:  40%|████      | 121/300 [15:54<23:42,  7.95s/ep][A

tin/rn18/cadprune/hl/ipc10 s45:  41%|████      | 122/300 [16:02<23:31,  7.93s/ep][A

tin/rn18/cadprune/hl/ipc10 s45:  41%|████      | 123/300 [16:10<23:26,  7.95s/ep][A

tin/rn18/cadprune/hl/ipc10 s45:  41%|████▏     | 124/300 [16:18<23:14,  7.92s/ep][A

tin/rn18/cadprune/hl/ipc10 s45:  42%|████▏     | 125/300 [16:26<23:09,  7.94s/ep][A

tin/rn18/cadprune/hl/ipc10 s45:  42%|████▏     | 126/300 [16:34<23:04,  7.96s/ep][A

tin/rn18/cadprune/hl/ipc10 s45:  42%|████▏     | 127/300 [16:42<22:53,  7.94s/ep][A

tin/rn18/cadprune/hl/ipc10 s45:  43%|████▎     | 128/300 [16:50<22:40,  7.91s/ep][A

tin/rn18/cadprune/hl/ipc10 s45:  43%|████▎     | 129/300 [16:58<22:37,  7.94s/ep][A

tin/rn18/cadprune/hl/ipc10 s45:  43%|████▎     | 130/300 [17:06<22:12,  7.84s/ep][A

tin/rn18/cadprune/hl/ipc10 s45:  44%|████▎     | 131/300 [17:14<22:11,  7.88s/ep][A

tin/rn18/cadprune/hl/ipc10 s45:  44%|████▍     | 132/300 [17:21<22:07,  7.90s/ep][A

tin/rn18/cadprune/hl/ipc10 s45:  44%|████▍     | 133/300 [17:29<22:03,  7.92s/ep][A

tin/rn18/cadprune/hl/ipc10 s45:  45%|████▍     | 134/300 [17:37<21:57,  7.93s/ep][A

tin/rn18/cadprune/hl/ipc10 s45:  45%|████▌     | 135/300 [17:45<21:44,  7.91s/ep][A

tin/rn18/cadprune/hl/ipc10 s45:  45%|████▌     | 136/300 [17:53<21:31,  7.88s/ep][A

tin/rn18/cadprune/hl/ipc10 s45:  46%|████▌     | 137/300 [18:01<21:29,  7.91s/ep][A

tin/rn18/cadprune/hl/ipc10 s45:  46%|████▌     | 138/300 [18:09<21:16,  7.88s/ep][A

tin/rn18/cadprune/hl/ipc10 s45:  46%|████▋     | 139/300 [18:17<21:11,  7.90s/ep][A

tin/rn18/cadprune/hl/ipc10 s45:  47%|████▋     | 140/300 [18:25<21:03,  7.90s/ep][A

tin/rn18/cadprune/hl/ipc10 s45:  47%|████▋     | 141/300 [18:33<20:54,  7.89s/ep][A

tin/rn18/cadprune/hl/ipc10 s45:  47%|████▋     | 142/300 [18:40<20:47,  7.89s/ep][A

tin/rn18/cadprune/hl/ipc10 s45:  48%|████▊     | 143/300 [18:48<20:28,  7.82s/ep][A

tin/rn18/cadprune/hl/ipc10 s45:  48%|████▊     | 144/300 [18:56<20:18,  7.81s/ep][A

tin/rn18/cadprune/hl/ipc10 s45:  48%|████▊     | 145/300 [19:04<20:10,  7.81s/ep][A

tin/rn18/cadprune/hl/ipc10 s45:  49%|████▊     | 146/300 [19:12<20:09,  7.85s/ep][A

tin/rn18/cadprune/hl/ipc10 s45:  49%|████▉     | 147/300 [19:20<20:06,  7.89s/ep][A

tin/rn18/cadprune/hl/ipc10 s45:  49%|████▉     | 148/300 [19:27<19:52,  7.85s/ep][A

tin/rn18/cadprune/hl/ipc10 s45:  50%|████▉     | 149/300 [19:35<19:44,  7.84s/ep][A

tin/rn18/cadprune/hl/ipc10 s45:  50%|█████     | 150/300 [19:43<19:42,  7.89s/ep][A

tin/rn18/cadprune/hl/ipc10 s45:  50%|█████     | 151/300 [19:51<19:31,  7.87s/ep][A

tin/rn18/cadprune/hl/ipc10 s45:  51%|█████     | 152/300 [19:59<19:29,  7.90s/ep][A

tin/rn18/cadprune/hl/ipc10 s45:  51%|█████     | 153/300 [20:07<19:24,  7.92s/ep][A

tin/rn18/cadprune/hl/ipc10 s45:  51%|█████▏    | 154/300 [20:15<19:19,  7.94s/ep][A

tin/rn18/cadprune/hl/ipc10 s45:  52%|█████▏    | 155/300 [20:23<18:59,  7.86s/ep][A

tin/rn18/cadprune/hl/ipc10 s45:  52%|█████▏    | 156/300 [20:30<18:46,  7.83s/ep][A

tin/rn18/cadprune/hl/ipc10 s45:  52%|█████▏    | 157/300 [20:38<18:37,  7.81s/ep][A

tin/rn18/cadprune/hl/ipc10 s45:  53%|█████▎    | 158/300 [20:46<18:28,  7.81s/ep][A

tin/rn18/cadprune/hl/ipc10 s45:  53%|█████▎    | 159/300 [20:54<18:25,  7.84s/ep][A

tin/rn18/cadprune/hl/ipc10 s45:  53%|█████▎    | 160/300 [21:02<18:20,  7.86s/ep][A

tin/rn18/cadprune/hl/ipc10 s45:  54%|█████▎    | 161/300 [21:10<18:12,  7.86s/ep][A

tin/rn18/cadprune/hl/ipc10 s45:  54%|█████▍    | 162/300 [21:17<17:59,  7.82s/ep][A

tin/rn18/cadprune/hl/ipc10 s45:  54%|█████▍    | 163/300 [21:25<17:55,  7.85s/ep][A

tin/rn18/cadprune/hl/ipc10 s45:  55%|█████▍    | 164/300 [21:33<17:50,  7.87s/ep][A

tin/rn18/cadprune/hl/ipc10 s45:  55%|█████▌    | 165/300 [21:41<17:44,  7.88s/ep][A

tin/rn18/cadprune/hl/ipc10 s45:  55%|█████▌    | 166/300 [21:49<17:33,  7.87s/ep][A

tin/rn18/cadprune/hl/ipc10 s45:  56%|█████▌    | 167/300 [21:57<17:30,  7.90s/ep][A

tin/rn18/cadprune/hl/ipc10 s45:  56%|█████▌    | 168/300 [22:05<17:23,  7.90s/ep][A

tin/rn18/cadprune/hl/ipc10 s45:  56%|█████▋    | 169/300 [22:13<17:07,  7.84s/ep][A

tin/rn18/cadprune/hl/ipc10 s45:  57%|█████▋    | 170/300 [22:20<17:04,  7.88s/ep][A

tin/rn18/cadprune/hl/ipc10 s45:  57%|█████▋    | 171/300 [22:28<16:46,  7.80s/ep][A

tin/rn18/cadprune/hl/ipc10 s45:  57%|█████▋    | 172/300 [22:36<16:44,  7.85s/ep][A

tin/rn18/cadprune/hl/ipc10 s45:  58%|█████▊    | 173/300 [22:44<16:34,  7.83s/ep][A

tin/rn18/cadprune/hl/ipc10 s45:  58%|█████▊    | 174/300 [22:52<16:20,  7.78s/ep][A

tin/rn18/cadprune/hl/ipc10 s45:  58%|█████▊    | 175/300 [22:59<16:11,  7.77s/ep][A

tin/rn18/cadprune/hl/ipc10 s45:  59%|█████▊    | 176/300 [23:07<16:11,  7.83s/ep][A

tin/rn18/cadprune/hl/ipc10 s45:  59%|█████▉    | 177/300 [23:15<16:08,  7.88s/ep][A

tin/rn18/cadprune/hl/ipc10 s45:  59%|█████▉    | 178/300 [23:23<15:55,  7.83s/ep][A

tin/rn18/cadprune/hl/ipc10 s45:  60%|█████▉    | 179/300 [23:31<15:49,  7.85s/ep][A

tin/rn18/cadprune/hl/ipc10 s45:  60%|██████    | 180/300 [23:39<15:43,  7.86s/ep][A

tin/rn18/cadprune/hl/ipc10 s45:  60%|██████    | 181/300 [23:47<15:38,  7.88s/ep][A

tin/rn18/cadprune/hl/ipc10 s45:  61%|██████    | 182/300 [23:55<15:28,  7.87s/ep][A

tin/rn18/cadprune/hl/ipc10 s45:  61%|██████    | 183/300 [24:02<15:21,  7.88s/ep][A

tin/rn18/cadprune/hl/ipc10 s45:  61%|██████▏   | 184/300 [24:10<15:13,  7.88s/ep][A

tin/rn18/cadprune/hl/ipc10 s45:  62%|██████▏   | 185/300 [24:18<15:04,  7.86s/ep][A

tin/rn18/cadprune/hl/ipc10 s45:  62%|██████▏   | 186/300 [24:26<14:58,  7.88s/ep][A

tin/rn18/cadprune/hl/ipc10 s45:  62%|██████▏   | 187/300 [24:34<14:49,  7.87s/ep][A

tin/rn18/cadprune/hl/ipc10 s45:  63%|██████▎   | 188/300 [24:42<14:37,  7.84s/ep][A

tin/rn18/cadprune/hl/ipc10 s45:  63%|██████▎   | 189/300 [24:50<14:34,  7.87s/ep][A

tin/rn18/cadprune/hl/ipc10 s45:  63%|██████▎   | 190/300 [24:57<14:24,  7.86s/ep][A

tin/rn18/cadprune/hl/ipc10 s45:  64%|██████▎   | 191/300 [25:05<14:14,  7.84s/ep][A

tin/rn18/cadprune/hl/ipc10 s45:  64%|██████▍   | 192/300 [25:13<14:09,  7.86s/ep][A

tin/rn18/cadprune/hl/ipc10 s45:  64%|██████▍   | 193/300 [25:21<14:04,  7.89s/ep][A

tin/rn18/cadprune/hl/ipc10 s45:  65%|██████▍   | 194/300 [25:29<13:52,  7.85s/ep][A

tin/rn18/cadprune/hl/ipc10 s45:  65%|██████▌   | 195/300 [25:37<13:46,  7.87s/ep][A

tin/rn18/cadprune/hl/ipc10 s45:  65%|██████▌   | 196/300 [25:44<13:33,  7.82s/ep][A

tin/rn18/cadprune/hl/ipc10 s45:  66%|██████▌   | 197/300 [25:52<13:28,  7.85s/ep][A

tin/rn18/cadprune/hl/ipc10 s45:  66%|██████▌   | 198/300 [26:00<13:22,  7.87s/ep][A

tin/rn18/cadprune/hl/ipc10 s45:  66%|██████▋   | 199/300 [26:08<13:16,  7.88s/ep][A

tin/rn18/cadprune/hl/ipc10 s45:  67%|██████▋   | 200/300 [26:16<13:05,  7.86s/ep][A

tin/rn18/cadprune/hl/ipc10 s45:  67%|██████▋   | 201/300 [26:24<12:57,  7.86s/ep][A

tin/rn18/cadprune/hl/ipc10 s45:  67%|██████▋   | 202/300 [26:32<12:52,  7.88s/ep][A

tin/rn18/cadprune/hl/ipc10 s45:  68%|██████▊   | 203/300 [26:40<12:47,  7.91s/ep][A

tin/rn18/cadprune/hl/ipc10 s45:  68%|██████▊   | 204/300 [26:48<12:35,  7.87s/ep][A

tin/rn18/cadprune/hl/ipc10 s45:  68%|██████▊   | 205/300 [26:56<12:31,  7.91s/ep][A

tin/rn18/cadprune/hl/ipc10 s45:  69%|██████▊   | 206/300 [27:03<12:20,  7.87s/ep][A

tin/rn18/cadprune/hl/ipc10 s45:  69%|██████▉   | 207/300 [27:11<12:14,  7.90s/ep][A

tin/rn18/cadprune/hl/ipc10 s45:  69%|██████▉   | 208/300 [27:19<12:05,  7.89s/ep][A

tin/rn18/cadprune/hl/ipc10 s45:  70%|██████▉   | 209/300 [27:27<11:55,  7.87s/ep][A

tin/rn18/cadprune/hl/ipc10 s45:  70%|███████   | 210/300 [27:35<11:47,  7.86s/ep][A

tin/rn18/cadprune/hl/ipc10 s45:  70%|███████   | 211/300 [27:43<11:38,  7.85s/ep][A

tin/rn18/cadprune/hl/ipc10 s45:  71%|███████   | 212/300 [27:50<11:30,  7.84s/ep][A

tin/rn18/cadprune/hl/ipc10 s45:  71%|███████   | 213/300 [27:58<11:25,  7.88s/ep][A

tin/rn18/cadprune/hl/ipc10 s45:  71%|███████▏  | 214/300 [28:06<11:19,  7.90s/ep][A

tin/rn18/cadprune/hl/ipc10 s45:  72%|███████▏  | 215/300 [28:14<11:10,  7.89s/ep][A

tin/rn18/cadprune/hl/ipc10 s45:  72%|███████▏  | 216/300 [28:22<11:01,  7.87s/ep][A

tin/rn18/cadprune/hl/ipc10 s45:  72%|███████▏  | 217/300 [28:30<10:53,  7.87s/ep][A

tin/rn18/cadprune/hl/ipc10 s45:  73%|███████▎  | 218/300 [28:38<10:43,  7.84s/ep][A

tin/rn18/cadprune/hl/ipc10 s45:  73%|███████▎  | 219/300 [28:46<10:35,  7.84s/ep][A

tin/rn18/cadprune/hl/ipc10 s45:  73%|███████▎  | 220/300 [28:54<10:30,  7.89s/ep][A

tin/rn18/cadprune/hl/ipc10 s45:  74%|███████▎  | 221/300 [29:01<10:20,  7.85s/ep][A

tin/rn18/cadprune/hl/ipc10 s45:  74%|███████▍  | 222/300 [29:09<10:14,  7.88s/ep][A

tin/rn18/cadprune/hl/ipc10 s45:  74%|███████▍  | 223/300 [29:17<10:06,  7.87s/ep][A

tin/rn18/cadprune/hl/ipc10 s45:  75%|███████▍  | 224/300 [29:25<09:49,  7.75s/ep][A

tin/rn18/cadprune/hl/ipc10 s45:  75%|███████▌  | 225/300 [29:32<09:42,  7.77s/ep][A

tin/rn18/cadprune/hl/ipc10 s45:  75%|███████▌  | 226/300 [29:40<09:37,  7.81s/ep][A

tin/rn18/cadprune/hl/ipc10 s45:  76%|███████▌  | 227/300 [29:48<09:31,  7.83s/ep][A

tin/rn18/cadprune/hl/ipc10 s45:  76%|███████▌  | 228/300 [29:56<09:21,  7.81s/ep][A

tin/rn18/cadprune/hl/ipc10 s45:  76%|███████▋  | 229/300 [30:04<09:10,  7.76s/ep][A

tin/rn18/cadprune/hl/ipc10 s45:  77%|███████▋  | 230/300 [30:11<09:04,  7.78s/ep][A

tin/rn18/cadprune/hl/ipc10 s45:  77%|███████▋  | 231/300 [30:19<08:59,  7.82s/ep][A

tin/rn18/cadprune/hl/ipc10 s45:  77%|███████▋  | 232/300 [30:27<08:54,  7.86s/ep][A

tin/rn18/cadprune/hl/ipc10 s45:  78%|███████▊  | 233/300 [30:35<08:45,  7.84s/ep][A

tin/rn18/cadprune/hl/ipc10 s45:  78%|███████▊  | 234/300 [30:43<08:36,  7.83s/ep][A

tin/rn18/cadprune/hl/ipc10 s45:  78%|███████▊  | 235/300 [30:51<08:31,  7.87s/ep][A

tin/rn18/cadprune/hl/ipc10 s45:  79%|███████▊  | 236/300 [30:59<08:24,  7.88s/ep][A

tin/rn18/cadprune/hl/ipc10 s45:  79%|███████▉  | 237/300 [31:07<08:14,  7.85s/ep][A

tin/rn18/cadprune/hl/ipc10 s45:  79%|███████▉  | 238/300 [31:14<08:07,  7.86s/ep][A

tin/rn18/cadprune/hl/ipc10 s45:  80%|███████▉  | 239/300 [31:22<07:58,  7.84s/ep][A

tin/rn18/cadprune/hl/ipc10 s45:  80%|████████  | 240/300 [31:30<07:51,  7.85s/ep][A

tin/rn18/cadprune/hl/ipc10 s45:  80%|████████  | 241/300 [31:38<07:41,  7.82s/ep][A

tin/rn18/cadprune/hl/ipc10 s45:  81%|████████  | 242/300 [31:46<07:32,  7.80s/ep][A

tin/rn18/cadprune/hl/ipc10 s45:  81%|████████  | 243/300 [31:54<07:28,  7.87s/ep][A

tin/rn18/cadprune/hl/ipc10 s45:  81%|████████▏ | 244/300 [32:02<07:22,  7.90s/ep][A

tin/rn18/cadprune/hl/ipc10 s45:  82%|████████▏ | 245/300 [32:10<07:15,  7.91s/ep][A

tin/rn18/cadprune/hl/ipc10 s45:  82%|████████▏ | 246/300 [32:17<07:05,  7.88s/ep][A

tin/rn18/cadprune/hl/ipc10 s45:  82%|████████▏ | 247/300 [32:25<06:56,  7.86s/ep][A

tin/rn18/cadprune/hl/ipc10 s45:  83%|████████▎ | 248/300 [32:33<06:48,  7.87s/ep][A

tin/rn18/cadprune/hl/ipc10 s45:  83%|████████▎ | 249/300 [32:41<06:38,  7.82s/ep][A

tin/rn18/cadprune/hl/ipc10 s45:  83%|████████▎ | 250/300 [32:49<06:31,  7.83s/ep][A

tin/rn18/cadprune/hl/ipc10 s45:  84%|████████▎ | 251/300 [32:56<06:22,  7.81s/ep][A

tin/rn18/cadprune/hl/ipc10 s45:  84%|████████▍ | 252/300 [33:04<06:15,  7.82s/ep][A

tin/rn18/cadprune/hl/ipc10 s45:  84%|████████▍ | 253/300 [33:12<06:08,  7.83s/ep][A

tin/rn18/cadprune/hl/ipc10 s45:  85%|████████▍ | 254/300 [33:20<06:01,  7.86s/ep][A

tin/rn18/cadprune/hl/ipc10 s45:  85%|████████▌ | 255/300 [33:28<05:51,  7.82s/ep][A

tin/rn18/cadprune/hl/ipc10 s45:  85%|████████▌ | 256/300 [33:35<05:41,  7.77s/ep][A

tin/rn18/cadprune/hl/ipc10 s45:  86%|████████▌ | 257/300 [33:43<05:36,  7.82s/ep][A

tin/rn18/cadprune/hl/ipc10 s45:  86%|████████▌ | 258/300 [33:51<05:30,  7.86s/ep][A

tin/rn18/cadprune/hl/ipc10 s45:  86%|████████▋ | 259/300 [33:59<05:21,  7.84s/ep][A

tin/rn18/cadprune/hl/ipc10 s45:  87%|████████▋ | 260/300 [34:06<05:07,  7.69s/ep][A

tin/rn18/cadprune/hl/ipc10 s45:  87%|████████▋ | 261/300 [34:14<05:02,  7.75s/ep][A

tin/rn18/cadprune/hl/ipc10 s45:  87%|████████▋ | 262/300 [34:22<04:56,  7.81s/ep][A

tin/rn18/cadprune/hl/ipc10 s45:  88%|████████▊ | 263/300 [34:30<04:48,  7.80s/ep][A

tin/rn18/cadprune/hl/ipc10 s45:  88%|████████▊ | 264/300 [34:38<04:39,  7.75s/ep][A

tin/rn18/cadprune/hl/ipc10 s45:  88%|████████▊ | 265/300 [34:45<04:31,  7.76s/ep][A

tin/rn18/cadprune/hl/ipc10 s45:  89%|████████▊ | 266/300 [34:53<04:22,  7.71s/ep][A

tin/rn18/cadprune/hl/ipc10 s45:  89%|████████▉ | 267/300 [35:01<04:14,  7.73s/ep][A

tin/rn18/cadprune/hl/ipc10 s45:  89%|████████▉ | 268/300 [35:09<04:07,  7.73s/ep][A

tin/rn18/cadprune/hl/ipc10 s45:  90%|████████▉ | 269/300 [35:16<03:59,  7.72s/ep][A

tin/rn18/cadprune/hl/ipc10 s45:  90%|█████████ | 270/300 [35:24<03:52,  7.74s/ep][A

tin/rn18/cadprune/hl/ipc10 s45:  90%|█████████ | 271/300 [35:32<03:44,  7.74s/ep][A

tin/rn18/cadprune/hl/ipc10 s45:  91%|█████████ | 272/300 [35:40<03:37,  7.78s/ep][A

tin/rn18/cadprune/hl/ipc10 s45:  91%|█████████ | 273/300 [35:47<03:30,  7.80s/ep][A

tin/rn18/cadprune/hl/ipc10 s45:  91%|█████████▏| 274/300 [35:56<03:24,  7.87s/ep][A

tin/rn18/cadprune/hl/ipc10 s45:  92%|█████████▏| 275/300 [36:04<03:17,  7.92s/ep][A

tin/rn18/cadprune/hl/ipc10 s45:  92%|█████████▏| 276/300 [36:11<03:09,  7.90s/ep][A

tin/rn18/cadprune/hl/ipc10 s45:  92%|█████████▏| 277/300 [36:19<03:01,  7.90s/ep][A

tin/rn18/cadprune/hl/ipc10 s45:  93%|█████████▎| 278/300 [36:27<02:53,  7.90s/ep][A

tin/rn18/cadprune/hl/ipc10 s45:  93%|█████████▎| 279/300 [36:35<02:46,  7.94s/ep][A

tin/rn18/cadprune/hl/ipc10 s45:  93%|█████████▎| 280/300 [36:43<02:38,  7.93s/ep][A

tin/rn18/cadprune/hl/ipc10 s45:  94%|█████████▎| 281/300 [36:51<02:30,  7.95s/ep][A

tin/rn18/cadprune/hl/ipc10 s45:  94%|█████████▍| 282/300 [36:59<02:23,  7.95s/ep][A

tin/rn18/cadprune/hl/ipc10 s45:  94%|█████████▍| 283/300 [37:07<02:14,  7.93s/ep][A

tin/rn18/cadprune/hl/ipc10 s45:  95%|█████████▍| 284/300 [37:15<02:05,  7.86s/ep][A

tin/rn18/cadprune/hl/ipc10 s45:  95%|█████████▌| 285/300 [37:22<01:57,  7.85s/ep][A

tin/rn18/cadprune/hl/ipc10 s45:  95%|█████████▌| 286/300 [37:30<01:49,  7.84s/ep][A

tin/rn18/cadprune/hl/ipc10 s45:  96%|█████████▌| 287/300 [37:38<01:41,  7.83s/ep][A

tin/rn18/cadprune/hl/ipc10 s45:  96%|█████████▌| 288/300 [37:46<01:34,  7.84s/ep][A

tin/rn18/cadprune/hl/ipc10 s45:  96%|█████████▋| 289/300 [37:54<01:26,  7.87s/ep][A

tin/rn18/cadprune/hl/ipc10 s45:  97%|█████████▋| 290/300 [38:02<01:18,  7.83s/ep][A

tin/rn18/cadprune/hl/ipc10 s45:  97%|█████████▋| 291/300 [38:10<01:10,  7.85s/ep][A

tin/rn18/cadprune/hl/ipc10 s45:  97%|█████████▋| 292/300 [38:17<01:02,  7.84s/ep][A

tin/rn18/cadprune/hl/ipc10 s45:  98%|█████████▊| 293/300 [38:25<00:55,  7.86s/ep][A

tin/rn18/cadprune/hl/ipc10 s45:  98%|█████████▊| 294/300 [38:33<00:47,  7.85s/ep][A

tin/rn18/cadprune/hl/ipc10 s45:  98%|█████████▊| 295/300 [38:41<00:39,  7.84s/ep][A

tin/rn18/cadprune/hl/ipc10 s45:  99%|█████████▊| 296/300 [38:49<00:31,  7.85s/ep][A

tin/rn18/cadprune/hl/ipc10 s45:  99%|█████████▉| 297/300 [38:56<00:23,  7.80s/ep][A

tin/rn18/cadprune/hl/ipc10 s45:  99%|█████████▉| 298/300 [39:04<00:15,  7.78s/ep][A

tin/rn18/cadprune/hl/ipc10 s45: 100%|█████████▉| 299/300 [39:12<00:07,  7.80s/ep][A

tin/rn18/cadprune/hl/ipc10 s45: 100%|██████████| 300/300 [39:20<00:00,  7.85s/ep][A

                                                                                 [A[cell] tin/rn18/cadprune/hl/ipc10 seed45: 4.66%  (2374s)


tin/rn18/cadprune/hl/ipc10 s46:   0%|          | 0/300 [00:00<?, ?ep/s][A

tin/rn18/cadprune/hl/ipc10 s46:   0%|          | 1/300 [00:07<35:07,  7.05s/ep][A

tin/rn18/cadprune/hl/ipc10 s46:   1%|          | 2/300 [00:14<37:28,  7.54s/ep][A

tin/rn18/cadprune/hl/ipc10 s46:   1%|          | 3/300 [00:22<38:10,  7.71s/ep][A

tin/rn18/cadprune/hl/ipc10 s46:   1%|▏         | 4/300 [00:30<38:25,  7.79s/ep][A

tin/rn18/cadprune/hl/ipc10 s46:   2%|▏         | 5/300 [00:38<38:03,  7.74s/ep][A

tin/rn18/cadprune/hl/ipc10 s46:   2%|▏         | 6/300 [00:46<38:16,  7.81s/ep][A

tin/rn18/cadprune/hl/ipc10 s46:   2%|▏         | 7/300 [00:54<38:14,  7.83s/ep][A

tin/rn18/cadprune/hl/ipc10 s46:   3%|▎         | 8/300 [01:02<38:05,  7.83s/ep][A

tin/rn18/cadprune/hl/ipc10 s46:   3%|▎         | 9/300 [01:09<37:59,  7.83s/ep][A

tin/rn18/cadprune/hl/ipc10 s46:   3%|▎         | 10/300 [01:17<38:03,  7.87s/ep][A

tin/rn18/cadprune/hl/ipc10 s46:   4%|▎         | 11/300 [01:25<38:05,  7.91s/ep][A

tin/rn18/cadprune/hl/ipc10 s46:   4%|▍         | 12/300 [01:33<38:08,  7.95s/ep][A

tin/rn18/cadprune/hl/ipc10 s46:   4%|▍         | 13/300 [01:41<37:52,  7.92s/ep][A

tin/rn18/cadprune/hl/ipc10 s46:   5%|▍         | 14/300 [01:49<37:42,  7.91s/ep][A

tin/rn18/cadprune/hl/ipc10 s46:   5%|▌         | 15/300 [01:57<37:27,  7.89s/ep][A

tin/rn18/cadprune/hl/ipc10 s46:   5%|▌         | 16/300 [02:05<37:17,  7.88s/ep][A

tin/rn18/cadprune/hl/ipc10 s46:   6%|▌         | 17/300 [02:13<37:08,  7.87s/ep][A

tin/rn18/cadprune/hl/ipc10 s46:   6%|▌         | 18/300 [02:20<36:52,  7.84s/ep][A

tin/rn18/cadprune/hl/ipc10 s46:   6%|▋         | 19/300 [02:28<36:48,  7.86s/ep][A

tin/rn18/cadprune/hl/ipc10 s46:   7%|▋         | 20/300 [02:36<36:38,  7.85s/ep][A

tin/rn18/cadprune/hl/ipc10 s46:   7%|▋         | 21/300 [02:44<36:29,  7.85s/ep][A

tin/rn18/cadprune/hl/ipc10 s46:   7%|▋         | 22/300 [02:52<36:18,  7.84s/ep][A

tin/rn18/cadprune/hl/ipc10 s46:   8%|▊         | 23/300 [03:00<36:04,  7.81s/ep][A

tin/rn18/cadprune/hl/ipc10 s46:   8%|▊         | 24/300 [03:07<36:02,  7.83s/ep][A

tin/rn18/cadprune/hl/ipc10 s46:   8%|▊         | 25/300 [03:15<35:37,  7.77s/ep][A

tin/rn18/cadprune/hl/ipc10 s46:   9%|▊         | 26/300 [03:23<35:32,  7.78s/ep][A

tin/rn18/cadprune/hl/ipc10 s46:   9%|▉         | 27/300 [03:31<35:27,  7.79s/ep][A

tin/rn18/cadprune/hl/ipc10 s46:   9%|▉         | 28/300 [03:38<35:08,  7.75s/ep][A

tin/rn18/cadprune/hl/ipc10 s46:  10%|▉         | 29/300 [03:46<34:54,  7.73s/ep][A

tin/rn18/cadprune/hl/ipc10 s46:  10%|█         | 30/300 [03:54<34:53,  7.75s/ep][A

tin/rn18/cadprune/hl/ipc10 s46:  10%|█         | 31/300 [04:02<34:44,  7.75s/ep][A

tin/rn18/cadprune/hl/ipc10 s46:  11%|█         | 32/300 [04:09<34:32,  7.73s/ep][A

tin/rn18/cadprune/hl/ipc10 s46:  11%|█         | 33/300 [04:17<34:36,  7.78s/ep][A

tin/rn18/cadprune/hl/ipc10 s46:  11%|█▏        | 34/300 [04:25<34:39,  7.82s/ep][A

tin/rn18/cadprune/hl/ipc10 s46:  12%|█▏        | 35/300 [04:33<34:33,  7.82s/ep][A

tin/rn18/cadprune/hl/ipc10 s46:  12%|█▏        | 36/300 [04:41<34:25,  7.82s/ep][A

tin/rn18/cadprune/hl/ipc10 s46:  12%|█▏        | 37/300 [04:49<34:30,  7.87s/ep][A

tin/rn18/cadprune/hl/ipc10 s46:  13%|█▎        | 38/300 [04:57<34:32,  7.91s/ep][A

tin/rn18/cadprune/hl/ipc10 s46:  13%|█▎        | 39/300 [05:05<34:19,  7.89s/ep][A

tin/rn18/cadprune/hl/ipc10 s46:  13%|█▎        | 40/300 [05:13<34:13,  7.90s/ep][A

tin/rn18/cadprune/hl/ipc10 s46:  14%|█▎        | 41/300 [05:20<33:45,  7.82s/ep][A

tin/rn18/cadprune/hl/ipc10 s46:  14%|█▍        | 42/300 [05:28<33:29,  7.79s/ep][A

tin/rn18/cadprune/hl/ipc10 s46:  14%|█▍        | 43/300 [05:35<33:06,  7.73s/ep][A

tin/rn18/cadprune/hl/ipc10 s46:  15%|█▍        | 44/300 [05:43<32:46,  7.68s/ep][A

tin/rn18/cadprune/hl/ipc10 s46:  15%|█▌        | 45/300 [05:51<32:43,  7.70s/ep][A

tin/rn18/cadprune/hl/ipc10 s46:  15%|█▌        | 46/300 [05:58<32:23,  7.65s/ep][A

tin/rn18/cadprune/hl/ipc10 s46:  16%|█▌        | 47/300 [06:06<32:29,  7.71s/ep][A

tin/rn18/cadprune/hl/ipc10 s46:  16%|█▌        | 48/300 [06:14<32:29,  7.74s/ep][A

tin/rn18/cadprune/hl/ipc10 s46:  16%|█▋        | 49/300 [06:22<32:40,  7.81s/ep][A

tin/rn18/cadprune/hl/ipc10 s46:  17%|█▋        | 50/300 [06:30<32:44,  7.86s/ep][A

tin/rn18/cadprune/hl/ipc10 s46:  17%|█▋        | 51/300 [06:38<32:38,  7.87s/ep][A

tin/rn18/cadprune/hl/ipc10 s46:  17%|█▋        | 52/300 [06:46<32:27,  7.85s/ep][A

tin/rn18/cadprune/hl/ipc10 s46:  18%|█▊        | 53/300 [06:53<32:19,  7.85s/ep][A

tin/rn18/cadprune/hl/ipc10 s46:  18%|█▊        | 54/300 [07:01<32:07,  7.84s/ep][A

tin/rn18/cadprune/hl/ipc10 s46:  18%|█▊        | 55/300 [07:09<32:09,  7.87s/ep][A

tin/rn18/cadprune/hl/ipc10 s46:  19%|█▊        | 56/300 [07:17<32:09,  7.91s/ep][A

tin/rn18/cadprune/hl/ipc10 s46:  19%|█▉        | 57/300 [07:25<32:07,  7.93s/ep][A

tin/rn18/cadprune/hl/ipc10 s46:  19%|█▉        | 58/300 [07:33<31:54,  7.91s/ep][A

tin/rn18/cadprune/hl/ipc10 s46:  20%|█▉        | 59/300 [07:41<31:49,  7.93s/ep][A

tin/rn18/cadprune/hl/ipc10 s46:  20%|██        | 60/300 [07:49<31:38,  7.91s/ep][A

tin/rn18/cadprune/hl/ipc10 s46:  20%|██        | 61/300 [07:57<31:16,  7.85s/ep][A

tin/rn18/cadprune/hl/ipc10 s46:  21%|██        | 62/300 [08:05<31:19,  7.90s/ep][A

tin/rn18/cadprune/hl/ipc10 s46:  21%|██        | 63/300 [08:12<31:02,  7.86s/ep][A

tin/rn18/cadprune/hl/ipc10 s46:  21%|██▏       | 64/300 [08:20<30:56,  7.87s/ep][A

tin/rn18/cadprune/hl/ipc10 s46:  22%|██▏       | 65/300 [08:28<30:37,  7.82s/ep][A

tin/rn18/cadprune/hl/ipc10 s46:  22%|██▏       | 66/300 [08:36<30:28,  7.81s/ep][A

tin/rn18/cadprune/hl/ipc10 s46:  22%|██▏       | 67/300 [08:43<30:12,  7.78s/ep][A

tin/rn18/cadprune/hl/ipc10 s46:  23%|██▎       | 68/300 [08:51<30:17,  7.84s/ep][A

tin/rn18/cadprune/hl/ipc10 s46:  23%|██▎       | 69/300 [08:59<30:16,  7.86s/ep][A

tin/rn18/cadprune/hl/ipc10 s46:  23%|██▎       | 70/300 [09:07<29:54,  7.80s/ep][A

tin/rn18/cadprune/hl/ipc10 s46:  24%|██▎       | 71/300 [09:15<29:30,  7.73s/ep][A

tin/rn18/cadprune/hl/ipc10 s46:  24%|██▍       | 72/300 [09:23<29:37,  7.80s/ep][A

tin/rn18/cadprune/hl/ipc10 s46:  24%|██▍       | 73/300 [09:31<29:43,  7.86s/ep][A

tin/rn18/cadprune/hl/ipc10 s46:  25%|██▍       | 74/300 [09:39<29:43,  7.89s/ep][A

tin/rn18/cadprune/hl/ipc10 s46:  25%|██▌       | 75/300 [09:47<29:42,  7.92s/ep][A

tin/rn18/cadprune/hl/ipc10 s46:  25%|██▌       | 76/300 [09:54<29:25,  7.88s/ep][A

tin/rn18/cadprune/hl/ipc10 s46:  26%|██▌       | 77/300 [10:02<29:22,  7.90s/ep][A

tin/rn18/cadprune/hl/ipc10 s46:  26%|██▌       | 78/300 [10:10<29:10,  7.88s/ep][A

tin/rn18/cadprune/hl/ipc10 s46:  26%|██▋       | 79/300 [10:18<29:07,  7.91s/ep][A

tin/rn18/cadprune/hl/ipc10 s46:  27%|██▋       | 80/300 [10:26<28:56,  7.89s/ep][A

tin/rn18/cadprune/hl/ipc10 s46:  27%|██▋       | 81/300 [10:34<28:52,  7.91s/ep][A

tin/rn18/cadprune/hl/ipc10 s46:  27%|██▋       | 82/300 [10:42<28:33,  7.86s/ep][A

tin/rn18/cadprune/hl/ipc10 s46:  28%|██▊       | 83/300 [10:50<28:33,  7.90s/ep][A

tin/rn18/cadprune/hl/ipc10 s46:  28%|██▊       | 84/300 [10:57<28:22,  7.88s/ep][A

tin/rn18/cadprune/hl/ipc10 s46:  28%|██▊       | 85/300 [11:05<28:06,  7.85s/ep][A

tin/rn18/cadprune/hl/ipc10 s46:  29%|██▊       | 86/300 [11:13<28:05,  7.88s/ep][A

tin/rn18/cadprune/hl/ipc10 s46:  29%|██▉       | 87/300 [11:21<27:51,  7.85s/ep][A

tin/rn18/cadprune/hl/ipc10 s46:  29%|██▉       | 88/300 [11:29<27:52,  7.89s/ep][A

tin/rn18/cadprune/hl/ipc10 s46:  30%|██▉       | 89/300 [11:37<27:52,  7.93s/ep][A

tin/rn18/cadprune/hl/ipc10 s46:  30%|███       | 90/300 [11:45<27:46,  7.94s/ep][A

tin/rn18/cadprune/hl/ipc10 s46:  30%|███       | 91/300 [11:53<27:42,  7.95s/ep][A

tin/rn18/cadprune/hl/ipc10 s46:  31%|███       | 92/300 [12:01<27:23,  7.90s/ep][A

tin/rn18/cadprune/hl/ipc10 s46:  31%|███       | 93/300 [12:08<27:02,  7.84s/ep][A

tin/rn18/cadprune/hl/ipc10 s46:  31%|███▏      | 94/300 [12:16<26:58,  7.86s/ep][A

tin/rn18/cadprune/hl/ipc10 s46:  32%|███▏      | 95/300 [12:24<26:52,  7.86s/ep][A

tin/rn18/cadprune/hl/ipc10 s46:  32%|███▏      | 96/300 [12:32<26:43,  7.86s/ep][A

tin/rn18/cadprune/hl/ipc10 s46:  32%|███▏      | 97/300 [12:40<26:45,  7.91s/ep][A

tin/rn18/cadprune/hl/ipc10 s46:  33%|███▎      | 98/300 [12:48<26:34,  7.89s/ep][A

tin/rn18/cadprune/hl/ipc10 s46:  33%|███▎      | 99/300 [12:56<26:26,  7.89s/ep][A

tin/rn18/cadprune/hl/ipc10 s46:  33%|███▎      | 100/300 [13:04<26:25,  7.93s/ep][A

tin/rn18/cadprune/hl/ipc10 s46:  34%|███▎      | 101/300 [13:12<26:19,  7.94s/ep][A

tin/rn18/cadprune/hl/ipc10 s46:  34%|███▍      | 102/300 [13:20<26:12,  7.94s/ep][A

tin/rn18/cadprune/hl/ipc10 s46:  34%|███▍      | 103/300 [13:28<25:59,  7.92s/ep][A

tin/rn18/cadprune/hl/ipc10 s46:  35%|███▍      | 104/300 [13:35<25:42,  7.87s/ep][A

tin/rn18/cadprune/hl/ipc10 s46:  35%|███▌      | 105/300 [13:43<25:18,  7.79s/ep][A

tin/rn18/cadprune/hl/ipc10 s46:  35%|███▌      | 106/300 [13:51<25:10,  7.78s/ep][A

tin/rn18/cadprune/hl/ipc10 s46:  36%|███▌      | 107/300 [13:59<25:13,  7.84s/ep][A

tin/rn18/cadprune/hl/ipc10 s46:  36%|███▌      | 108/300 [14:06<25:03,  7.83s/ep][A

tin/rn18/cadprune/hl/ipc10 s46:  36%|███▋      | 109/300 [14:14<25:05,  7.88s/ep][A

tin/rn18/cadprune/hl/ipc10 s46:  37%|███▋      | 110/300 [14:22<24:36,  7.77s/ep][A

tin/rn18/cadprune/hl/ipc10 s46:  37%|███▋      | 111/300 [14:30<24:37,  7.82s/ep][A

tin/rn18/cadprune/hl/ipc10 s46:  37%|███▋      | 112/300 [14:38<24:27,  7.80s/ep][A

tin/rn18/cadprune/hl/ipc10 s46:  38%|███▊      | 113/300 [14:45<24:13,  7.77s/ep][A

tin/rn18/cadprune/hl/ipc10 s46:  38%|███▊      | 114/300 [14:53<24:10,  7.80s/ep][A

tin/rn18/cadprune/hl/ipc10 s46:  38%|███▊      | 115/300 [15:01<24:05,  7.82s/ep][A

tin/rn18/cadprune/hl/ipc10 s46:  39%|███▊      | 116/300 [15:09<24:07,  7.87s/ep][A

tin/rn18/cadprune/hl/ipc10 s46:  39%|███▉      | 117/300 [15:17<24:06,  7.90s/ep][A

tin/rn18/cadprune/hl/ipc10 s46:  39%|███▉      | 118/300 [15:25<24:03,  7.93s/ep][A

tin/rn18/cadprune/hl/ipc10 s46:  40%|███▉      | 119/300 [15:33<23:48,  7.89s/ep][A

tin/rn18/cadprune/hl/ipc10 s46:  40%|████      | 120/300 [15:41<23:37,  7.87s/ep][A

tin/rn18/cadprune/hl/ipc10 s46:  40%|████      | 121/300 [15:49<23:31,  7.89s/ep][A

tin/rn18/cadprune/hl/ipc10 s46:  41%|████      | 122/300 [15:56<23:20,  7.87s/ep][A

tin/rn18/cadprune/hl/ipc10 s46:  41%|████      | 123/300 [16:04<23:13,  7.88s/ep][A

tin/rn18/cadprune/hl/ipc10 s46:  41%|████▏     | 124/300 [16:12<23:11,  7.91s/ep][A

tin/rn18/cadprune/hl/ipc10 s46:  42%|████▏     | 125/300 [16:20<22:56,  7.87s/ep][A

tin/rn18/cadprune/hl/ipc10 s46:  42%|████▏     | 126/300 [16:28<22:44,  7.84s/ep][A

tin/rn18/cadprune/hl/ipc10 s46:  42%|████▏     | 127/300 [16:36<22:39,  7.86s/ep][A

tin/rn18/cadprune/hl/ipc10 s46:  43%|████▎     | 128/300 [16:44<22:28,  7.84s/ep][A

tin/rn18/cadprune/hl/ipc10 s46:  43%|████▎     | 129/300 [16:51<22:11,  7.78s/ep][A

tin/rn18/cadprune/hl/ipc10 s46:  43%|████▎     | 130/300 [16:59<22:08,  7.81s/ep][A

tin/rn18/cadprune/hl/ipc10 s46:  44%|████▎     | 131/300 [17:07<21:58,  7.80s/ep][A

tin/rn18/cadprune/hl/ipc10 s46:  44%|████▍     | 132/300 [17:15<21:59,  7.85s/ep][A

tin/rn18/cadprune/hl/ipc10 s46:  44%|████▍     | 133/300 [17:23<21:57,  7.89s/ep][A

tin/rn18/cadprune/hl/ipc10 s46:  45%|████▍     | 134/300 [17:31<21:48,  7.88s/ep][A

tin/rn18/cadprune/hl/ipc10 s46:  45%|████▌     | 135/300 [17:39<21:41,  7.89s/ep][A

tin/rn18/cadprune/hl/ipc10 s46:  45%|████▌     | 136/300 [17:46<21:27,  7.85s/ep][A

tin/rn18/cadprune/hl/ipc10 s46:  46%|████▌     | 137/300 [17:54<21:16,  7.83s/ep][A

tin/rn18/cadprune/hl/ipc10 s46:  46%|████▌     | 138/300 [18:02<21:09,  7.83s/ep][A

tin/rn18/cadprune/hl/ipc10 s46:  46%|████▋     | 139/300 [18:10<21:07,  7.87s/ep][A

tin/rn18/cadprune/hl/ipc10 s46:  47%|████▋     | 140/300 [18:18<20:57,  7.86s/ep][A

tin/rn18/cadprune/hl/ipc10 s46:  47%|████▋     | 141/300 [18:26<20:44,  7.83s/ep][A

tin/rn18/cadprune/hl/ipc10 s46:  47%|████▋     | 142/300 [18:33<20:33,  7.81s/ep][A

tin/rn18/cadprune/hl/ipc10 s46:  48%|████▊     | 143/300 [18:41<20:30,  7.84s/ep][A

tin/rn18/cadprune/hl/ipc10 s46:  48%|████▊     | 144/300 [18:49<20:17,  7.81s/ep][A

tin/rn18/cadprune/hl/ipc10 s46:  48%|████▊     | 145/300 [18:57<20:16,  7.85s/ep][A

tin/rn18/cadprune/hl/ipc10 s46:  49%|████▊     | 146/300 [19:05<20:10,  7.86s/ep][A

tin/rn18/cadprune/hl/ipc10 s46:  49%|████▉     | 147/300 [19:13<20:03,  7.87s/ep][A

tin/rn18/cadprune/hl/ipc10 s46:  49%|████▉     | 148/300 [19:20<19:54,  7.86s/ep][A

tin/rn18/cadprune/hl/ipc10 s46:  50%|████▉     | 149/300 [19:28<19:39,  7.81s/ep][A

tin/rn18/cadprune/hl/ipc10 s46:  50%|█████     | 150/300 [19:36<19:22,  7.75s/ep][A

tin/rn18/cadprune/hl/ipc10 s46:  50%|█████     | 151/300 [19:43<19:05,  7.69s/ep][A

tin/rn18/cadprune/hl/ipc10 s46:  51%|█████     | 152/300 [19:51<19:08,  7.76s/ep][A

tin/rn18/cadprune/hl/ipc10 s46:  51%|█████     | 153/300 [19:59<19:09,  7.82s/ep][A

tin/rn18/cadprune/hl/ipc10 s46:  51%|█████▏    | 154/300 [20:07<18:57,  7.79s/ep][A

tin/rn18/cadprune/hl/ipc10 s46:  52%|█████▏    | 155/300 [20:15<18:49,  7.79s/ep][A

tin/rn18/cadprune/hl/ipc10 s46:  52%|█████▏    | 156/300 [20:23<18:46,  7.82s/ep][A

tin/rn18/cadprune/hl/ipc10 s46:  52%|█████▏    | 157/300 [20:30<18:38,  7.82s/ep][A

tin/rn18/cadprune/hl/ipc10 s46:  53%|█████▎    | 158/300 [20:38<18:27,  7.80s/ep][A

tin/rn18/cadprune/hl/ipc10 s46:  53%|█████▎    | 159/300 [20:46<18:24,  7.83s/ep][A

tin/rn18/cadprune/hl/ipc10 s46:  53%|█████▎    | 160/300 [20:54<18:13,  7.81s/ep][A

tin/rn18/cadprune/hl/ipc10 s46:  54%|█████▎    | 161/300 [21:02<18:04,  7.80s/ep][A

tin/rn18/cadprune/hl/ipc10 s46:  54%|█████▍    | 162/300 [21:09<17:52,  7.78s/ep][A

tin/rn18/cadprune/hl/ipc10 s46:  54%|█████▍    | 163/300 [21:17<17:49,  7.81s/ep][A

tin/rn18/cadprune/hl/ipc10 s46:  55%|█████▍    | 164/300 [21:25<17:39,  7.79s/ep][A

tin/rn18/cadprune/hl/ipc10 s46:  55%|█████▌    | 165/300 [21:33<17:26,  7.75s/ep][A

tin/rn18/cadprune/hl/ipc10 s46:  55%|█████▌    | 166/300 [21:40<17:19,  7.76s/ep][A

tin/rn18/cadprune/hl/ipc10 s46:  56%|█████▌    | 167/300 [21:48<17:10,  7.75s/ep][A

tin/rn18/cadprune/hl/ipc10 s46:  56%|█████▌    | 168/300 [21:56<17:04,  7.76s/ep][A

tin/rn18/cadprune/hl/ipc10 s46:  56%|█████▋    | 169/300 [22:04<17:01,  7.80s/ep][A

tin/rn18/cadprune/hl/ipc10 s46:  57%|█████▋    | 170/300 [22:12<16:53,  7.79s/ep][A

tin/rn18/cadprune/hl/ipc10 s46:  57%|█████▋    | 171/300 [22:19<16:45,  7.80s/ep][A

tin/rn18/cadprune/hl/ipc10 s46:  57%|█████▋    | 172/300 [22:27<16:34,  7.77s/ep][A

tin/rn18/cadprune/hl/ipc10 s46:  58%|█████▊    | 173/300 [22:35<16:26,  7.77s/ep][A

tin/rn18/cadprune/hl/ipc10 s46:  58%|█████▊    | 174/300 [22:43<16:13,  7.73s/ep][A

tin/rn18/cadprune/hl/ipc10 s46:  58%|█████▊    | 175/300 [22:50<16:06,  7.73s/ep][A

tin/rn18/cadprune/hl/ipc10 s46:  59%|█████▊    | 176/300 [22:58<16:00,  7.74s/ep][A

tin/rn18/cadprune/hl/ipc10 s46:  59%|█████▉    | 177/300 [23:06<15:49,  7.72s/ep][A

tin/rn18/cadprune/hl/ipc10 s46:  59%|█████▉    | 178/300 [23:13<15:43,  7.73s/ep][A

tin/rn18/cadprune/hl/ipc10 s46:  60%|█████▉    | 179/300 [23:21<15:43,  7.80s/ep][A

tin/rn18/cadprune/hl/ipc10 s46:  60%|██████    | 180/300 [23:29<15:31,  7.76s/ep][A

tin/rn18/cadprune/hl/ipc10 s46:  60%|██████    | 181/300 [23:37<15:28,  7.80s/ep][A

tin/rn18/cadprune/hl/ipc10 s46:  61%|██████    | 182/300 [23:45<15:21,  7.81s/ep][A

tin/rn18/cadprune/hl/ipc10 s46:  61%|██████    | 183/300 [23:53<15:14,  7.81s/ep][A

tin/rn18/cadprune/hl/ipc10 s46:  61%|██████▏   | 184/300 [24:01<15:13,  7.87s/ep][A

tin/rn18/cadprune/hl/ipc10 s46:  62%|██████▏   | 185/300 [24:08<15:03,  7.86s/ep][A

tin/rn18/cadprune/hl/ipc10 s46:  62%|██████▏   | 186/300 [24:16<14:56,  7.87s/ep][A

tin/rn18/cadprune/hl/ipc10 s46:  62%|██████▏   | 187/300 [24:24<14:52,  7.90s/ep][A

tin/rn18/cadprune/hl/ipc10 s46:  63%|██████▎   | 188/300 [24:32<14:35,  7.81s/ep][A

tin/rn18/cadprune/hl/ipc10 s46:  63%|██████▎   | 189/300 [24:40<14:30,  7.84s/ep][A

tin/rn18/cadprune/hl/ipc10 s46:  63%|██████▎   | 190/300 [24:48<14:25,  7.86s/ep][A

tin/rn18/cadprune/hl/ipc10 s46:  64%|██████▎   | 191/300 [24:56<14:18,  7.87s/ep][A

tin/rn18/cadprune/hl/ipc10 s46:  64%|██████▍   | 192/300 [25:03<14:06,  7.84s/ep][A

tin/rn18/cadprune/hl/ipc10 s46:  64%|██████▍   | 193/300 [25:11<14:01,  7.86s/ep][A

tin/rn18/cadprune/hl/ipc10 s46:  65%|██████▍   | 194/300 [25:19<13:54,  7.88s/ep][A

tin/rn18/cadprune/hl/ipc10 s46:  65%|██████▌   | 195/300 [25:27<13:47,  7.88s/ep][A

tin/rn18/cadprune/hl/ipc10 s46:  65%|██████▌   | 196/300 [25:35<13:39,  7.88s/ep][A

tin/rn18/cadprune/hl/ipc10 s46:  66%|██████▌   | 197/300 [25:43<13:32,  7.89s/ep][A

tin/rn18/cadprune/hl/ipc10 s46:  66%|██████▌   | 198/300 [25:51<13:20,  7.85s/ep][A

tin/rn18/cadprune/hl/ipc10 s46:  66%|██████▋   | 199/300 [25:59<13:12,  7.85s/ep][A

tin/rn18/cadprune/hl/ipc10 s46:  67%|██████▋   | 200/300 [26:06<13:05,  7.85s/ep][A

tin/rn18/cadprune/hl/ipc10 s46:  67%|██████▋   | 201/300 [26:14<12:55,  7.83s/ep][A

tin/rn18/cadprune/hl/ipc10 s46:  67%|██████▋   | 202/300 [26:22<12:49,  7.86s/ep][A

tin/rn18/cadprune/hl/ipc10 s46:  68%|██████▊   | 203/300 [26:30<12:42,  7.87s/ep][A

tin/rn18/cadprune/hl/ipc10 s46:  68%|██████▊   | 204/300 [26:38<12:35,  7.87s/ep][A

tin/rn18/cadprune/hl/ipc10 s46:  68%|██████▊   | 205/300 [26:46<12:28,  7.88s/ep][A

tin/rn18/cadprune/hl/ipc10 s46:  69%|██████▊   | 206/300 [26:54<12:20,  7.87s/ep][A

tin/rn18/cadprune/hl/ipc10 s46:  69%|██████▉   | 207/300 [27:01<12:09,  7.84s/ep][A

tin/rn18/cadprune/hl/ipc10 s46:  69%|██████▉   | 208/300 [27:09<12:00,  7.83s/ep][A

tin/rn18/cadprune/hl/ipc10 s46:  70%|██████▉   | 209/300 [27:17<11:56,  7.87s/ep][A

tin/rn18/cadprune/hl/ipc10 s46:  70%|███████   | 210/300 [27:25<11:46,  7.85s/ep][A

tin/rn18/cadprune/hl/ipc10 s46:  70%|███████   | 211/300 [27:33<11:39,  7.86s/ep][A

tin/rn18/cadprune/hl/ipc10 s46:  71%|███████   | 212/300 [27:41<11:33,  7.88s/ep][A

tin/rn18/cadprune/hl/ipc10 s46:  71%|███████   | 213/300 [27:49<11:22,  7.85s/ep][A

tin/rn18/cadprune/hl/ipc10 s46:  71%|███████▏  | 214/300 [27:56<11:11,  7.81s/ep][A

tin/rn18/cadprune/hl/ipc10 s46:  72%|███████▏  | 215/300 [28:04<11:02,  7.79s/ep][A

tin/rn18/cadprune/hl/ipc10 s46:  72%|███████▏  | 216/300 [28:12<10:54,  7.80s/ep][A

tin/rn18/cadprune/hl/ipc10 s46:  72%|███████▏  | 217/300 [28:20<10:50,  7.84s/ep][A

tin/rn18/cadprune/hl/ipc10 s46:  73%|███████▎  | 218/300 [28:27<10:38,  7.79s/ep][A

tin/rn18/cadprune/hl/ipc10 s46:  73%|███████▎  | 219/300 [28:35<10:32,  7.81s/ep][A

tin/rn18/cadprune/hl/ipc10 s46:  73%|███████▎  | 220/300 [28:43<10:26,  7.83s/ep][A

tin/rn18/cadprune/hl/ipc10 s46:  74%|███████▎  | 221/300 [28:51<10:17,  7.82s/ep][A

tin/rn18/cadprune/hl/ipc10 s46:  74%|███████▍  | 222/300 [28:59<10:09,  7.82s/ep][A

tin/rn18/cadprune/hl/ipc10 s46:  74%|███████▍  | 223/300 [29:07<10:02,  7.83s/ep][A

tin/rn18/cadprune/hl/ipc10 s46:  75%|███████▍  | 224/300 [29:14<09:49,  7.75s/ep][A

tin/rn18/cadprune/hl/ipc10 s46:  75%|███████▌  | 225/300 [29:22<09:45,  7.80s/ep][A

tin/rn18/cadprune/hl/ipc10 s46:  75%|███████▌  | 226/300 [29:30<09:41,  7.85s/ep][A

tin/rn18/cadprune/hl/ipc10 s46:  76%|███████▌  | 227/300 [29:38<09:32,  7.85s/ep][A

tin/rn18/cadprune/hl/ipc10 s46:  76%|███████▌  | 228/300 [29:46<09:27,  7.88s/ep][A

tin/rn18/cadprune/hl/ipc10 s46:  76%|███████▋  | 229/300 [29:54<09:14,  7.82s/ep][A

tin/rn18/cadprune/hl/ipc10 s46:  77%|███████▋  | 230/300 [30:01<09:08,  7.83s/ep][A

tin/rn18/cadprune/hl/ipc10 s46:  77%|███████▋  | 231/300 [30:09<08:59,  7.82s/ep][A

tin/rn18/cadprune/hl/ipc10 s46:  77%|███████▋  | 232/300 [30:17<08:48,  7.77s/ep][A

tin/rn18/cadprune/hl/ipc10 s46:  78%|███████▊  | 233/300 [30:25<08:41,  7.79s/ep][A

tin/rn18/cadprune/hl/ipc10 s46:  78%|███████▊  | 234/300 [30:32<08:31,  7.75s/ep][A

tin/rn18/cadprune/hl/ipc10 s46:  78%|███████▊  | 235/300 [30:40<08:21,  7.71s/ep][A

tin/rn18/cadprune/hl/ipc10 s46:  79%|███████▊  | 236/300 [30:48<08:16,  7.76s/ep][A

tin/rn18/cadprune/hl/ipc10 s46:  79%|███████▉  | 237/300 [30:56<08:10,  7.78s/ep][A

tin/rn18/cadprune/hl/ipc10 s46:  79%|███████▉  | 238/300 [31:04<08:03,  7.80s/ep][A

tin/rn18/cadprune/hl/ipc10 s46:  80%|███████▉  | 239/300 [31:11<07:58,  7.84s/ep][A

tin/rn18/cadprune/hl/ipc10 s46:  80%|████████  | 240/300 [31:19<07:49,  7.82s/ep][A

tin/rn18/cadprune/hl/ipc10 s46:  80%|████████  | 241/300 [31:27<07:44,  7.86s/ep][A

tin/rn18/cadprune/hl/ipc10 s46:  81%|████████  | 242/300 [31:35<07:32,  7.81s/ep][A

tin/rn18/cadprune/hl/ipc10 s46:  81%|████████  | 243/300 [31:43<07:26,  7.83s/ep][A

tin/rn18/cadprune/hl/ipc10 s46:  81%|████████▏ | 244/300 [31:51<07:19,  7.84s/ep][A

tin/rn18/cadprune/hl/ipc10 s46:  82%|████████▏ | 245/300 [31:58<07:11,  7.84s/ep][A

tin/rn18/cadprune/hl/ipc10 s46:  82%|████████▏ | 246/300 [32:06<07:02,  7.82s/ep][A

tin/rn18/cadprune/hl/ipc10 s46:  82%|████████▏ | 247/300 [32:14<06:52,  7.79s/ep][A

tin/rn18/cadprune/hl/ipc10 s46:  83%|████████▎ | 248/300 [32:22<06:47,  7.83s/ep][A

tin/rn18/cadprune/hl/ipc10 s46:  83%|████████▎ | 249/300 [32:30<06:37,  7.79s/ep][A

tin/rn18/cadprune/hl/ipc10 s46:  83%|████████▎ | 250/300 [32:37<06:31,  7.83s/ep][A

tin/rn18/cadprune/hl/ipc10 s46:  84%|████████▎ | 251/300 [32:45<06:22,  7.81s/ep][A

tin/rn18/cadprune/hl/ipc10 s46:  84%|████████▍ | 252/300 [32:53<06:14,  7.80s/ep][A

tin/rn18/cadprune/hl/ipc10 s46:  84%|████████▍ | 253/300 [33:01<06:08,  7.85s/ep][A

tin/rn18/cadprune/hl/ipc10 s46:  85%|████████▍ | 254/300 [33:09<05:59,  7.81s/ep][A

tin/rn18/cadprune/hl/ipc10 s46:  85%|████████▌ | 255/300 [33:17<05:51,  7.82s/ep][A

tin/rn18/cadprune/hl/ipc10 s46:  85%|████████▌ | 256/300 [33:24<05:38,  7.70s/ep][A

tin/rn18/cadprune/hl/ipc10 s46:  86%|████████▌ | 257/300 [33:32<05:32,  7.72s/ep][A

tin/rn18/cadprune/hl/ipc10 s46:  86%|████████▌ | 258/300 [33:40<05:25,  7.74s/ep][A

tin/rn18/cadprune/hl/ipc10 s46:  86%|████████▋ | 259/300 [33:47<05:19,  7.80s/ep][A

tin/rn18/cadprune/hl/ipc10 s46:  87%|████████▋ | 260/300 [33:55<05:12,  7.82s/ep][A

tin/rn18/cadprune/hl/ipc10 s46:  87%|████████▋ | 261/300 [34:03<05:04,  7.82s/ep][A

tin/rn18/cadprune/hl/ipc10 s46:  87%|████████▋ | 262/300 [34:11<04:58,  7.85s/ep][A

tin/rn18/cadprune/hl/ipc10 s46:  88%|████████▊ | 263/300 [34:19<04:49,  7.83s/ep][A

tin/rn18/cadprune/hl/ipc10 s46:  88%|████████▊ | 264/300 [34:27<04:43,  7.87s/ep][A

tin/rn18/cadprune/hl/ipc10 s46:  88%|████████▊ | 265/300 [34:35<04:36,  7.89s/ep][A

tin/rn18/cadprune/hl/ipc10 s46:  89%|████████▊ | 266/300 [34:43<04:28,  7.88s/ep][A

tin/rn18/cadprune/hl/ipc10 s46:  89%|████████▉ | 267/300 [34:50<04:16,  7.78s/ep][A

tin/rn18/cadprune/hl/ipc10 s46:  89%|████████▉ | 268/300 [34:58<04:09,  7.80s/ep][A

tin/rn18/cadprune/hl/ipc10 s46:  90%|████████▉ | 269/300 [35:06<04:03,  7.85s/ep][A

tin/rn18/cadprune/hl/ipc10 s46:  90%|█████████ | 270/300 [35:14<03:55,  7.86s/ep][A

tin/rn18/cadprune/hl/ipc10 s46:  90%|█████████ | 271/300 [35:22<03:48,  7.88s/ep][A

tin/rn18/cadprune/hl/ipc10 s46:  91%|█████████ | 272/300 [35:30<03:40,  7.88s/ep][A

tin/rn18/cadprune/hl/ipc10 s46:  91%|█████████ | 273/300 [35:37<03:31,  7.84s/ep][A

tin/rn18/cadprune/hl/ipc10 s46:  91%|█████████▏| 274/300 [35:45<03:23,  7.82s/ep][A

tin/rn18/cadprune/hl/ipc10 s46:  92%|█████████▏| 275/300 [35:53<03:16,  7.86s/ep][A

tin/rn18/cadprune/hl/ipc10 s46:  92%|█████████▏| 276/300 [36:01<03:07,  7.83s/ep][A

tin/rn18/cadprune/hl/ipc10 s46:  92%|█████████▏| 277/300 [36:09<02:59,  7.82s/ep][A

tin/rn18/cadprune/hl/ipc10 s46:  93%|█████████▎| 278/300 [36:17<02:52,  7.83s/ep][A

tin/rn18/cadprune/hl/ipc10 s46:  93%|█████████▎| 279/300 [36:24<02:43,  7.78s/ep][A

tin/rn18/cadprune/hl/ipc10 s46:  93%|█████████▎| 280/300 [36:32<02:36,  7.83s/ep][A

tin/rn18/cadprune/hl/ipc10 s46:  94%|█████████▎| 281/300 [36:40<02:28,  7.83s/ep][A

tin/rn18/cadprune/hl/ipc10 s46:  94%|█████████▍| 282/300 [36:48<02:21,  7.87s/ep][A

tin/rn18/cadprune/hl/ipc10 s46:  94%|█████████▍| 283/300 [36:56<02:12,  7.79s/ep][A

tin/rn18/cadprune/hl/ipc10 s46:  95%|█████████▍| 284/300 [37:04<02:05,  7.84s/ep][A

tin/rn18/cadprune/hl/ipc10 s46:  95%|█████████▌| 285/300 [37:11<01:57,  7.82s/ep][A

tin/rn18/cadprune/hl/ipc10 s46:  95%|█████████▌| 286/300 [37:19<01:50,  7.87s/ep][A

tin/rn18/cadprune/hl/ipc10 s46:  96%|█████████▌| 287/300 [37:27<01:41,  7.84s/ep][A

tin/rn18/cadprune/hl/ipc10 s46:  96%|█████████▌| 288/300 [37:35<01:33,  7.80s/ep][A

tin/rn18/cadprune/hl/ipc10 s46:  96%|█████████▋| 289/300 [37:42<01:25,  7.77s/ep][A

tin/rn18/cadprune/hl/ipc10 s46:  97%|█████████▋| 290/300 [37:50<01:17,  7.76s/ep][A

tin/rn18/cadprune/hl/ipc10 s46:  97%|█████████▋| 291/300 [37:58<01:09,  7.68s/ep][A

tin/rn18/cadprune/hl/ipc10 s46:  97%|█████████▋| 292/300 [38:05<01:01,  7.68s/ep][A

tin/rn18/cadprune/hl/ipc10 s46:  98%|█████████▊| 293/300 [38:13<00:54,  7.72s/ep][A

tin/rn18/cadprune/hl/ipc10 s46:  98%|█████████▊| 294/300 [38:21<00:46,  7.76s/ep][A

tin/rn18/cadprune/hl/ipc10 s46:  98%|█████████▊| 295/300 [38:29<00:38,  7.73s/ep][A

tin/rn18/cadprune/hl/ipc10 s46:  99%|█████████▊| 296/300 [38:36<00:31,  7.75s/ep][A

tin/rn18/cadprune/hl/ipc10 s46:  99%|█████████▉| 297/300 [38:44<00:23,  7.76s/ep][A

tin/rn18/cadprune/hl/ipc10 s46:  99%|█████████▉| 298/300 [38:52<00:15,  7.73s/ep][A

tin/rn18/cadprune/hl/ipc10 s46: 100%|█████████▉| 299/300 [39:00<00:07,  7.75s/ep][A

tin/rn18/cadprune/hl/ipc10 s46: 100%|██████████| 300/300 [39:07<00:00,  7.74s/ep][A

                                                                                 [A[cell] tin/rn18/cadprune/hl/ipc10 seed46: 4.87%  (2361s)
[cell] tin/rn18/cadprune/hl/ipc10: union seeds [42, 43, 44] + [45, 46]

rn18-tin:  11%|█         | 3/27 [3:46:48<30:42:08, 4605.35s/cell, cadprune/hl/ipc10]
rn18-tin:  11%|█         | 3/27 [3:46:48<30:42:08, 4605.35s/cell, sharp/hl/ipc10]   [cell] tin/rn18/cadprune/hl/ipc10: 4.71 +- 0.14 (6466s)
[cell] partial (bench_tin_rn18_sharp_hl_ipc10.json): have [42, 43, 44], running [45, 46]


tin/rn18/sharp/hl/ipc10 s45:   0%|          | 0/300 [00:00<?, ?ep/s][A

tin/rn18/sharp/hl/ipc10 s45:   0%|          | 1/300 [00:06<34:33,  6.94s/ep][A

tin/rn18/sharp/hl/ipc10 s45:   1%|          | 2/300 [00:14<36:38,  7.38s/ep][A

tin/rn18/sharp/hl/ipc10 s45:   1%|          | 3/300 [00:22<37:15,  7.53s/ep][A

tin/rn18/sharp/hl/ipc10 s45:   1%|▏         | 4/300 [00:29<37:22,  7.58s/ep][A

tin/rn18/sharp/hl/ipc10 s45:   2%|▏         | 5/300 [00:37<37:26,  7.62s/ep][A

tin/rn18/sharp/hl/ipc10 s45:   2%|▏         | 6/300 [00:45<37:07,  7.58s/ep][A

tin/rn18/sharp/hl/ipc10 s45:   2%|▏         | 7/300 [00:53<37:29,  7.68s/ep][A

tin/rn18/sharp/hl/ipc10 s45:   3%|▎         | 8/300 [01:00<37:29,  7.70s/ep][A

tin/rn18/sharp/hl/ipc10 s45:   3%|▎         | 9/300 [01:08<37:11,  7.67s/ep][A

tin/rn18/sharp/hl/ipc10 s45:   3%|▎         | 10/300 [01:16<37:16,  7.71s/ep][A

tin/rn18/sharp/hl/ipc10 s45:   4%|▎         | 11/300 [01:24<37:18,  7.75s/ep][A

tin/rn18/sharp/hl/ipc10 s45:   4%|▍         | 12/300 [01:31<37:28,  7.81s/ep][A

tin/rn18/sharp/hl/ipc10 s45:   4%|▍         | 13/300 [01:39<37:27,  7.83s/ep][A

tin/rn18/sharp/hl/ipc10 s45:   5%|▍         | 14/300 [01:47<37:11,  7.80s/ep][A

tin/rn18/sharp/hl/ipc10 s45:   5%|▌         | 15/300 [01:55<37:10,  7.82s/ep][A

tin/rn18/sharp/hl/ipc10 s45:   5%|▌         | 16/300 [02:03<36:56,  7.80s/ep][A

tin/rn18/sharp/hl/ipc10 s45:   6%|▌         | 17/300 [02:10<36:30,  7.74s/ep][A

tin/rn18/sharp/hl/ipc10 s45:   6%|▌         | 18/300 [02:18<36:29,  7.76s/ep][A

tin/rn18/sharp/hl/ipc10 s45:   6%|▋         | 19/300 [02:26<36:40,  7.83s/ep][A

tin/rn18/sharp/hl/ipc10 s45:   7%|▋         | 20/300 [02:34<36:30,  7.82s/ep][A

tin/rn18/sharp/hl/ipc10 s45:   7%|▋         | 21/300 [02:42<36:24,  7.83s/ep][A

tin/rn18/sharp/hl/ipc10 s45:   7%|▋         | 22/300 [02:50<36:08,  7.80s/ep][A

tin/rn18/sharp/hl/ipc10 s45:   8%|▊         | 23/300 [02:57<36:09,  7.83s/ep][A

tin/rn18/sharp/hl/ipc10 s45:   8%|▊         | 24/300 [03:05<36:01,  7.83s/ep][A

tin/rn18/sharp/hl/ipc10 s45:   8%|▊         | 25/300 [03:13<36:05,  7.88s/ep][A

tin/rn18/sharp/hl/ipc10 s45:   9%|▊         | 26/300 [03:21<35:51,  7.85s/ep][A

tin/rn18/sharp/hl/ipc10 s45:   9%|▉         | 27/300 [03:29<35:50,  7.88s/ep][A

tin/rn18/sharp/hl/ipc10 s45:   9%|▉         | 28/300 [03:37<35:45,  7.89s/ep][A

tin/rn18/sharp/hl/ipc10 s45:  10%|▉         | 29/300 [03:45<35:41,  7.90s/ep][A

tin/rn18/sharp/hl/ipc10 s45:  10%|█         | 30/300 [03:53<35:34,  7.90s/ep][A

tin/rn18/sharp/hl/ipc10 s45:  10%|█         | 31/300 [04:01<35:19,  7.88s/ep][A

tin/rn18/sharp/hl/ipc10 s45:  11%|█         | 32/300 [04:08<34:54,  7.81s/ep][A

tin/rn18/sharp/hl/ipc10 s45:  11%|█         | 33/300 [04:16<34:50,  7.83s/ep][A

tin/rn18/sharp/hl/ipc10 s45:  11%|█▏        | 34/300 [04:24<34:25,  7.76s/ep][A

tin/rn18/sharp/hl/ipc10 s45:  12%|█▏        | 35/300 [04:31<34:19,  7.77s/ep][A

tin/rn18/sharp/hl/ipc10 s45:  12%|█▏        | 36/300 [04:39<34:14,  7.78s/ep][A

tin/rn18/sharp/hl/ipc10 s45:  12%|█▏        | 37/300 [04:47<34:10,  7.80s/ep][A

tin/rn18/sharp/hl/ipc10 s45:  13%|█▎        | 38/300 [04:55<34:05,  7.81s/ep][A

tin/rn18/sharp/hl/ipc10 s45:  13%|█▎        | 39/300 [05:03<33:52,  7.79s/ep][A

tin/rn18/sharp/hl/ipc10 s45:  13%|█▎        | 40/300 [05:11<33:48,  7.80s/ep][A

tin/rn18/sharp/hl/ipc10 s45:  14%|█▎        | 41/300 [05:18<33:16,  7.71s/ep][A

tin/rn18/sharp/hl/ipc10 s45:  14%|█▍        | 42/300 [05:26<33:09,  7.71s/ep][A

tin/rn18/sharp/hl/ipc10 s45:  14%|█▍        | 43/300 [05:34<33:07,  7.73s/ep][A

tin/rn18/sharp/hl/ipc10 s45:  15%|█▍        | 44/300 [05:41<33:04,  7.75s/ep][A

tin/rn18/sharp/hl/ipc10 s45:  15%|█▌        | 45/300 [05:49<32:57,  7.75s/ep][A

tin/rn18/sharp/hl/ipc10 s45:  15%|█▌        | 46/300 [05:57<32:52,  7.77s/ep][A

tin/rn18/sharp/hl/ipc10 s45:  16%|█▌        | 47/300 [06:05<32:43,  7.76s/ep][A

tin/rn18/sharp/hl/ipc10 s45:  16%|█▌        | 48/300 [06:12<32:40,  7.78s/ep][A

tin/rn18/sharp/hl/ipc10 s45:  16%|█▋        | 49/300 [06:20<32:32,  7.78s/ep][A

tin/rn18/sharp/hl/ipc10 s45:  17%|█▋        | 50/300 [06:28<32:24,  7.78s/ep][A

tin/rn18/sharp/hl/ipc10 s45:  17%|█▋        | 51/300 [06:36<32:19,  7.79s/ep][A

tin/rn18/sharp/hl/ipc10 s45:  17%|█▋        | 52/300 [06:44<32:11,  7.79s/ep][A

tin/rn18/sharp/hl/ipc10 s45:  18%|█▊        | 53/300 [06:51<32:07,  7.80s/ep][A

tin/rn18/sharp/hl/ipc10 s45:  18%|█▊        | 54/300 [06:59<32:05,  7.83s/ep][A

tin/rn18/sharp/hl/ipc10 s45:  18%|█▊        | 55/300 [07:07<32:04,  7.85s/ep][A

tin/rn18/sharp/hl/ipc10 s45:  19%|█▊        | 56/300 [07:15<31:59,  7.87s/ep][A

tin/rn18/sharp/hl/ipc10 s45:  19%|█▉        | 57/300 [07:23<31:58,  7.89s/ep][A

tin/rn18/sharp/hl/ipc10 s45:  19%|█▉        | 58/300 [07:31<31:34,  7.83s/ep][A

tin/rn18/sharp/hl/ipc10 s45:  20%|█▉        | 59/300 [07:39<31:28,  7.83s/ep][A

tin/rn18/sharp/hl/ipc10 s45:  20%|██        | 60/300 [07:46<31:18,  7.83s/ep][A

tin/rn18/sharp/hl/ipc10 s45:  20%|██        | 61/300 [07:54<31:00,  7.78s/ep][A

tin/rn18/sharp/hl/ipc10 s45:  21%|██        | 62/300 [08:02<30:49,  7.77s/ep][A

tin/rn18/sharp/hl/ipc10 s45:  21%|██        | 63/300 [08:10<30:37,  7.76s/ep][A

tin/rn18/sharp/hl/ipc10 s45:  21%|██▏       | 64/300 [08:17<30:32,  7.76s/ep][A

tin/rn18/sharp/hl/ipc10 s45:  22%|██▏       | 65/300 [08:25<30:27,  7.78s/ep][A

tin/rn18/sharp/hl/ipc10 s45:  22%|██▏       | 66/300 [08:33<30:28,  7.82s/ep][A

tin/rn18/sharp/hl/ipc10 s45:  22%|██▏       | 67/300 [08:41<30:04,  7.75s/ep][A

tin/rn18/sharp/hl/ipc10 s45:  23%|██▎       | 68/300 [08:48<29:56,  7.74s/ep][A

tin/rn18/sharp/hl/ipc10 s45:  23%|██▎       | 69/300 [08:56<29:46,  7.73s/ep][A

tin/rn18/sharp/hl/ipc10 s45:  23%|██▎       | 70/300 [09:04<29:39,  7.74s/ep][A

tin/rn18/sharp/hl/ipc10 s45:  24%|██▎       | 71/300 [09:12<29:45,  7.80s/ep][A

tin/rn18/sharp/hl/ipc10 s45:  24%|██▍       | 72/300 [09:19<29:30,  7.77s/ep][A

tin/rn18/sharp/hl/ipc10 s45:  24%|██▍       | 73/300 [09:27<29:37,  7.83s/ep][A

tin/rn18/sharp/hl/ipc10 s45:  25%|██▍       | 74/300 [09:35<29:20,  7.79s/ep][A

tin/rn18/sharp/hl/ipc10 s45:  25%|██▌       | 75/300 [09:43<29:11,  7.79s/ep][A

tin/rn18/sharp/hl/ipc10 s45:  25%|██▌       | 76/300 [09:51<29:06,  7.80s/ep][A

tin/rn18/sharp/hl/ipc10 s45:  26%|██▌       | 77/300 [09:58<28:54,  7.78s/ep][A

tin/rn18/sharp/hl/ipc10 s45:  26%|██▌       | 78/300 [10:06<28:47,  7.78s/ep][A

tin/rn18/sharp/hl/ipc10 s45:  26%|██▋       | 79/300 [10:14<28:35,  7.76s/ep][A

tin/rn18/sharp/hl/ipc10 s45:  27%|██▋       | 80/300 [10:22<28:33,  7.79s/ep][A

tin/rn18/sharp/hl/ipc10 s45:  27%|██▋       | 81/300 [10:30<28:27,  7.80s/ep][A

tin/rn18/sharp/hl/ipc10 s45:  27%|██▋       | 82/300 [10:37<28:17,  7.79s/ep][A

tin/rn18/sharp/hl/ipc10 s45:  28%|██▊       | 83/300 [10:45<28:23,  7.85s/ep][A

tin/rn18/sharp/hl/ipc10 s45:  28%|██▊       | 84/300 [10:53<27:57,  7.77s/ep][A

tin/rn18/sharp/hl/ipc10 s45:  28%|██▊       | 85/300 [11:01<27:51,  7.78s/ep][A

tin/rn18/sharp/hl/ipc10 s45:  29%|██▊       | 86/300 [11:09<27:57,  7.84s/ep][A

tin/rn18/sharp/hl/ipc10 s45:  29%|██▉       | 87/300 [11:16<27:33,  7.76s/ep][A

tin/rn18/sharp/hl/ipc10 s45:  29%|██▉       | 88/300 [11:24<27:31,  7.79s/ep][A

tin/rn18/sharp/hl/ipc10 s45:  30%|██▉       | 89/300 [11:32<27:22,  7.79s/ep][A

tin/rn18/sharp/hl/ipc10 s45:  30%|███       | 90/300 [11:40<27:08,  7.75s/ep][A

tin/rn18/sharp/hl/ipc10 s45:  30%|███       | 91/300 [11:47<26:51,  7.71s/ep][A

tin/rn18/sharp/hl/ipc10 s45:  31%|███       | 92/300 [11:55<26:58,  7.78s/ep][A

tin/rn18/sharp/hl/ipc10 s45:  31%|███       | 93/300 [12:03<26:43,  7.75s/ep][A

tin/rn18/sharp/hl/ipc10 s45:  31%|███▏      | 94/300 [12:11<26:48,  7.81s/ep][A

tin/rn18/sharp/hl/ipc10 s45:  32%|███▏      | 95/300 [12:19<26:42,  7.82s/ep][A

tin/rn18/sharp/hl/ipc10 s45:  32%|███▏      | 96/300 [12:26<26:26,  7.78s/ep][A

tin/rn18/sharp/hl/ipc10 s45:  32%|███▏      | 97/300 [12:34<26:21,  7.79s/ep][A

tin/rn18/sharp/hl/ipc10 s45:  33%|███▎      | 98/300 [12:42<26:13,  7.79s/ep][A

tin/rn18/sharp/hl/ipc10 s45:  33%|███▎      | 99/300 [12:50<25:55,  7.74s/ep][A

tin/rn18/sharp/hl/ipc10 s45:  33%|███▎      | 100/300 [12:58<26:04,  7.82s/ep][A

tin/rn18/sharp/hl/ipc10 s45:  34%|███▎      | 101/300 [13:06<26:01,  7.85s/ep][A

tin/rn18/sharp/hl/ipc10 s45:  34%|███▍      | 102/300 [13:13<25:59,  7.88s/ep][A

tin/rn18/sharp/hl/ipc10 s45:  34%|███▍      | 103/300 [13:21<25:50,  7.87s/ep][A

tin/rn18/sharp/hl/ipc10 s45:  35%|███▍      | 104/300 [13:29<25:36,  7.84s/ep][A

tin/rn18/sharp/hl/ipc10 s45:  35%|███▌      | 105/300 [13:37<25:28,  7.84s/ep][A

tin/rn18/sharp/hl/ipc10 s45:  35%|███▌      | 106/300 [13:45<25:18,  7.83s/ep][A

tin/rn18/sharp/hl/ipc10 s45:  36%|███▌      | 107/300 [13:53<25:14,  7.85s/ep][A

tin/rn18/sharp/hl/ipc10 s45:  36%|███▌      | 108/300 [14:00<25:06,  7.85s/ep][A

tin/rn18/sharp/hl/ipc10 s45:  36%|███▋      | 109/300 [14:08<24:49,  7.80s/ep][A

tin/rn18/sharp/hl/ipc10 s45:  37%|███▋      | 110/300 [14:16<24:38,  7.78s/ep][A

tin/rn18/sharp/hl/ipc10 s45:  37%|███▋      | 111/300 [14:24<24:28,  7.77s/ep][A

tin/rn18/sharp/hl/ipc10 s45:  37%|███▋      | 112/300 [14:31<24:16,  7.75s/ep][A

tin/rn18/sharp/hl/ipc10 s45:  38%|███▊      | 113/300 [14:39<24:14,  7.78s/ep][A

tin/rn18/sharp/hl/ipc10 s45:  38%|███▊      | 114/300 [14:47<24:14,  7.82s/ep][A

tin/rn18/sharp/hl/ipc10 s45:  38%|███▊      | 115/300 [14:55<24:08,  7.83s/ep][A

tin/rn18/sharp/hl/ipc10 s45:  39%|███▊      | 116/300 [15:02<23:40,  7.72s/ep][A

tin/rn18/sharp/hl/ipc10 s45:  39%|███▉      | 117/300 [15:10<23:20,  7.65s/ep][A

tin/rn18/sharp/hl/ipc10 s45:  39%|███▉      | 118/300 [15:18<23:21,  7.70s/ep][A

tin/rn18/sharp/hl/ipc10 s45:  40%|███▉      | 119/300 [15:26<23:23,  7.75s/ep][A

tin/rn18/sharp/hl/ipc10 s45:  40%|████      | 120/300 [15:33<23:08,  7.72s/ep][A

tin/rn18/sharp/hl/ipc10 s45:  40%|████      | 121/300 [15:41<22:52,  7.67s/ep][A

tin/rn18/sharp/hl/ipc10 s45:  41%|████      | 122/300 [15:49<22:50,  7.70s/ep][A

tin/rn18/sharp/hl/ipc10 s45:  41%|████      | 123/300 [15:56<22:53,  7.76s/ep][A

tin/rn18/sharp/hl/ipc10 s45:  41%|████▏     | 124/300 [16:04<22:50,  7.79s/ep][A

tin/rn18/sharp/hl/ipc10 s45:  42%|████▏     | 125/300 [16:12<22:43,  7.79s/ep][A

tin/rn18/sharp/hl/ipc10 s45:  42%|████▏     | 126/300 [16:20<22:43,  7.84s/ep][A

tin/rn18/sharp/hl/ipc10 s45:  42%|████▏     | 127/300 [16:28<22:22,  7.76s/ep][A

tin/rn18/sharp/hl/ipc10 s45:  43%|████▎     | 128/300 [16:36<22:24,  7.82s/ep][A

tin/rn18/sharp/hl/ipc10 s45:  43%|████▎     | 129/300 [16:43<22:06,  7.76s/ep][A

tin/rn18/sharp/hl/ipc10 s45:  43%|████▎     | 130/300 [16:51<22:03,  7.79s/ep][A

tin/rn18/sharp/hl/ipc10 s45:  44%|████▎     | 131/300 [16:59<21:56,  7.79s/ep][A

tin/rn18/sharp/hl/ipc10 s45:  44%|████▍     | 132/300 [17:07<21:48,  7.79s/ep][A

tin/rn18/sharp/hl/ipc10 s45:  44%|████▍     | 133/300 [17:15<21:46,  7.82s/ep][A

tin/rn18/sharp/hl/ipc10 s45:  45%|████▍     | 134/300 [17:22<21:28,  7.76s/ep][A

tin/rn18/sharp/hl/ipc10 s45:  45%|████▌     | 135/300 [17:30<21:31,  7.83s/ep][A

tin/rn18/sharp/hl/ipc10 s45:  45%|████▌     | 136/300 [17:38<21:27,  7.85s/ep][A

tin/rn18/sharp/hl/ipc10 s45:  46%|████▌     | 137/300 [17:46<21:12,  7.80s/ep][A

tin/rn18/sharp/hl/ipc10 s45:  46%|████▌     | 138/300 [17:54<21:08,  7.83s/ep][A

tin/rn18/sharp/hl/ipc10 s45:  46%|████▋     | 139/300 [18:02<21:07,  7.87s/ep][A

tin/rn18/sharp/hl/ipc10 s45:  47%|████▋     | 140/300 [18:09<20:58,  7.86s/ep][A

tin/rn18/sharp/hl/ipc10 s45:  47%|████▋     | 141/300 [18:17<20:40,  7.80s/ep][A

tin/rn18/sharp/hl/ipc10 s45:  47%|████▋     | 142/300 [18:25<20:31,  7.79s/ep][A

tin/rn18/sharp/hl/ipc10 s45:  48%|████▊     | 143/300 [18:33<20:17,  7.76s/ep][A

tin/rn18/sharp/hl/ipc10 s45:  48%|████▊     | 144/300 [18:40<20:09,  7.75s/ep][A

tin/rn18/sharp/hl/ipc10 s45:  48%|████▊     | 145/300 [18:48<19:55,  7.71s/ep][A

tin/rn18/sharp/hl/ipc10 s45:  49%|████▊     | 146/300 [18:56<19:56,  7.77s/ep][A

tin/rn18/sharp/hl/ipc10 s45:  49%|████▉     | 147/300 [19:04<19:45,  7.75s/ep][A

tin/rn18/sharp/hl/ipc10 s45:  49%|████▉     | 148/300 [19:11<19:37,  7.75s/ep][A

tin/rn18/sharp/hl/ipc10 s45:  50%|████▉     | 149/300 [19:19<19:32,  7.76s/ep][A

tin/rn18/sharp/hl/ipc10 s45:  50%|█████     | 150/300 [19:27<19:23,  7.76s/ep][A

tin/rn18/sharp/hl/ipc10 s45:  50%|█████     | 151/300 [19:35<19:18,  7.78s/ep][A

tin/rn18/sharp/hl/ipc10 s45:  51%|█████     | 152/300 [19:42<19:11,  7.78s/ep][A

tin/rn18/sharp/hl/ipc10 s45:  51%|█████     | 153/300 [19:50<19:04,  7.79s/ep][A

tin/rn18/sharp/hl/ipc10 s45:  51%|█████▏    | 154/300 [19:58<18:55,  7.78s/ep][A

tin/rn18/sharp/hl/ipc10 s45:  52%|█████▏    | 155/300 [20:06<18:42,  7.74s/ep][A

tin/rn18/sharp/hl/ipc10 s45:  52%|█████▏    | 156/300 [20:14<18:41,  7.79s/ep][A

tin/rn18/sharp/hl/ipc10 s45:  52%|█████▏    | 157/300 [20:21<18:35,  7.80s/ep][A

tin/rn18/sharp/hl/ipc10 s45:  53%|█████▎    | 158/300 [20:29<18:32,  7.83s/ep][A

tin/rn18/sharp/hl/ipc10 s45:  53%|█████▎    | 159/300 [20:37<18:18,  7.79s/ep][A

tin/rn18/sharp/hl/ipc10 s45:  53%|█████▎    | 160/300 [20:44<17:59,  7.71s/ep][A

tin/rn18/sharp/hl/ipc10 s45:  54%|█████▎    | 161/300 [20:52<17:54,  7.73s/ep][A

tin/rn18/sharp/hl/ipc10 s45:  54%|█████▍    | 162/300 [21:00<17:52,  7.77s/ep][A

tin/rn18/sharp/hl/ipc10 s45:  54%|█████▍    | 163/300 [21:08<17:44,  7.77s/ep][A

tin/rn18/sharp/hl/ipc10 s45:  55%|█████▍    | 164/300 [21:16<17:36,  7.77s/ep][A

tin/rn18/sharp/hl/ipc10 s45:  55%|█████▌    | 165/300 [21:24<17:33,  7.80s/ep][A

tin/rn18/sharp/hl/ipc10 s45:  55%|█████▌    | 166/300 [21:31<17:17,  7.74s/ep][A

tin/rn18/sharp/hl/ipc10 s45:  56%|█████▌    | 167/300 [21:39<17:16,  7.79s/ep][A

tin/rn18/sharp/hl/ipc10 s45:  56%|█████▌    | 168/300 [21:47<17:04,  7.76s/ep][A

tin/rn18/sharp/hl/ipc10 s45:  56%|█████▋    | 169/300 [21:54<16:50,  7.71s/ep][A

tin/rn18/sharp/hl/ipc10 s45:  57%|█████▋    | 170/300 [22:02<16:43,  7.72s/ep][A

tin/rn18/sharp/hl/ipc10 s45:  57%|█████▋    | 171/300 [22:10<16:40,  7.75s/ep][A

tin/rn18/sharp/hl/ipc10 s45:  57%|█████▋    | 172/300 [22:18<16:35,  7.78s/ep][A

tin/rn18/sharp/hl/ipc10 s45:  58%|█████▊    | 173/300 [22:26<16:32,  7.82s/ep][A

tin/rn18/sharp/hl/ipc10 s45:  58%|█████▊    | 174/300 [22:33<16:08,  7.69s/ep][A

tin/rn18/sharp/hl/ipc10 s45:  58%|█████▊    | 175/300 [22:41<16:03,  7.70s/ep][A

tin/rn18/sharp/hl/ipc10 s45:  59%|█████▊    | 176/300 [22:49<16:03,  7.77s/ep][A

tin/rn18/sharp/hl/ipc10 s45:  59%|█████▉    | 177/300 [22:56<15:46,  7.69s/ep][A

tin/rn18/sharp/hl/ipc10 s45:  59%|█████▉    | 178/300 [23:04<15:46,  7.75s/ep][A

tin/rn18/sharp/hl/ipc10 s45:  60%|█████▉    | 179/300 [23:12<15:41,  7.78s/ep][A

tin/rn18/sharp/hl/ipc10 s45:  60%|██████    | 180/300 [23:20<15:39,  7.83s/ep][A

tin/rn18/sharp/hl/ipc10 s45:  60%|██████    | 181/300 [23:28<15:30,  7.82s/ep][A

tin/rn18/sharp/hl/ipc10 s45:  61%|██████    | 182/300 [23:35<15:21,  7.81s/ep][A

tin/rn18/sharp/hl/ipc10 s45:  61%|██████    | 183/300 [23:43<15:12,  7.80s/ep][A

tin/rn18/sharp/hl/ipc10 s45:  61%|██████▏   | 184/300 [23:51<15:07,  7.82s/ep][A

tin/rn18/sharp/hl/ipc10 s45:  62%|██████▏   | 185/300 [23:59<15:02,  7.84s/ep][A

tin/rn18/sharp/hl/ipc10 s45:  62%|██████▏   | 186/300 [24:07<14:50,  7.82s/ep][A

tin/rn18/sharp/hl/ipc10 s45:  62%|██████▏   | 187/300 [24:15<14:40,  7.79s/ep][A

tin/rn18/sharp/hl/ipc10 s45:  63%|██████▎   | 188/300 [24:22<14:34,  7.81s/ep][A

tin/rn18/sharp/hl/ipc10 s45:  63%|██████▎   | 189/300 [24:30<14:26,  7.80s/ep][A

tin/rn18/sharp/hl/ipc10 s45:  63%|██████▎   | 190/300 [24:38<14:20,  7.83s/ep][A

tin/rn18/sharp/hl/ipc10 s45:  64%|██████▎   | 191/300 [24:46<14:13,  7.83s/ep][A

tin/rn18/sharp/hl/ipc10 s45:  64%|██████▍   | 192/300 [24:54<14:05,  7.83s/ep][A

tin/rn18/sharp/hl/ipc10 s45:  64%|██████▍   | 193/300 [25:02<13:59,  7.85s/ep][A

tin/rn18/sharp/hl/ipc10 s45:  65%|██████▍   | 194/300 [25:09<13:49,  7.83s/ep][A

tin/rn18/sharp/hl/ipc10 s45:  65%|██████▌   | 195/300 [25:17<13:39,  7.80s/ep][A

tin/rn18/sharp/hl/ipc10 s45:  65%|██████▌   | 196/300 [25:25<13:35,  7.84s/ep][A

tin/rn18/sharp/hl/ipc10 s45:  66%|██████▌   | 197/300 [25:33<13:28,  7.85s/ep][A

tin/rn18/sharp/hl/ipc10 s45:  66%|██████▌   | 198/300 [25:41<13:16,  7.81s/ep][A

tin/rn18/sharp/hl/ipc10 s45:  66%|██████▋   | 199/300 [25:48<13:08,  7.81s/ep][A

tin/rn18/sharp/hl/ipc10 s45:  67%|██████▋   | 200/300 [25:56<12:58,  7.79s/ep][A

tin/rn18/sharp/hl/ipc10 s45:  67%|██████▋   | 201/300 [26:04<12:47,  7.75s/ep][A

tin/rn18/sharp/hl/ipc10 s45:  67%|██████▋   | 202/300 [26:12<12:43,  7.79s/ep][A

tin/rn18/sharp/hl/ipc10 s45:  68%|██████▊   | 203/300 [26:20<12:37,  7.81s/ep][A

tin/rn18/sharp/hl/ipc10 s45:  68%|██████▊   | 204/300 [26:27<12:30,  7.81s/ep][A

tin/rn18/sharp/hl/ipc10 s45:  68%|██████▊   | 205/300 [26:35<12:20,  7.80s/ep][A

tin/rn18/sharp/hl/ipc10 s45:  69%|██████▊   | 206/300 [26:43<12:05,  7.72s/ep][A

tin/rn18/sharp/hl/ipc10 s45:  69%|██████▉   | 207/300 [26:51<12:02,  7.77s/ep][A

tin/rn18/sharp/hl/ipc10 s45:  69%|██████▉   | 208/300 [26:58<11:48,  7.70s/ep][A

tin/rn18/sharp/hl/ipc10 s45:  70%|██████▉   | 209/300 [27:06<11:44,  7.75s/ep][A

tin/rn18/sharp/hl/ipc10 s45:  70%|███████   | 210/300 [27:14<11:35,  7.73s/ep][A

tin/rn18/sharp/hl/ipc10 s45:  70%|███████   | 211/300 [27:21<11:27,  7.73s/ep][A

tin/rn18/sharp/hl/ipc10 s45:  71%|███████   | 212/300 [27:29<11:24,  7.78s/ep][A

tin/rn18/sharp/hl/ipc10 s45:  71%|███████   | 213/300 [27:37<11:18,  7.79s/ep][A

tin/rn18/sharp/hl/ipc10 s45:  71%|███████▏  | 214/300 [27:45<11:08,  7.77s/ep][A

tin/rn18/sharp/hl/ipc10 s45:  72%|███████▏  | 215/300 [27:53<11:01,  7.79s/ep][A

tin/rn18/sharp/hl/ipc10 s45:  72%|███████▏  | 216/300 [28:00<10:47,  7.71s/ep][A

tin/rn18/sharp/hl/ipc10 s45:  72%|███████▏  | 217/300 [28:08<10:41,  7.73s/ep][A

tin/rn18/sharp/hl/ipc10 s45:  73%|███████▎  | 218/300 [28:16<10:32,  7.71s/ep][A

tin/rn18/sharp/hl/ipc10 s45:  73%|███████▎  | 219/300 [28:24<10:29,  7.77s/ep][A

tin/rn18/sharp/hl/ipc10 s45:  73%|███████▎  | 220/300 [28:31<10:24,  7.81s/ep][A

tin/rn18/sharp/hl/ipc10 s45:  74%|███████▎  | 221/300 [28:39<10:16,  7.80s/ep][A

tin/rn18/sharp/hl/ipc10 s45:  74%|███████▍  | 222/300 [28:47<10:09,  7.82s/ep][A

tin/rn18/sharp/hl/ipc10 s45:  74%|███████▍  | 223/300 [28:55<10:03,  7.84s/ep][A

tin/rn18/sharp/hl/ipc10 s45:  75%|███████▍  | 224/300 [29:03<09:55,  7.83s/ep][A

tin/rn18/sharp/hl/ipc10 s45:  75%|███████▌  | 225/300 [29:11<09:47,  7.84s/ep][A

tin/rn18/sharp/hl/ipc10 s45:  75%|███████▌  | 226/300 [29:19<09:41,  7.85s/ep][A

tin/rn18/sharp/hl/ipc10 s45:  76%|███████▌  | 227/300 [29:26<09:36,  7.89s/ep][A

tin/rn18/sharp/hl/ipc10 s45:  76%|███████▌  | 228/300 [29:34<09:22,  7.81s/ep][A

tin/rn18/sharp/hl/ipc10 s45:  76%|███████▋  | 229/300 [29:42<09:16,  7.84s/ep][A

tin/rn18/sharp/hl/ipc10 s45:  77%|███████▋  | 230/300 [29:50<09:08,  7.84s/ep][A

tin/rn18/sharp/hl/ipc10 s45:  77%|███████▋  | 231/300 [29:58<09:00,  7.83s/ep][A

tin/rn18/sharp/hl/ipc10 s45:  77%|███████▋  | 232/300 [30:05<08:50,  7.80s/ep][A

tin/rn18/sharp/hl/ipc10 s45:  78%|███████▊  | 233/300 [30:13<08:42,  7.80s/ep][A

tin/rn18/sharp/hl/ipc10 s45:  78%|███████▊  | 234/300 [30:21<08:35,  7.81s/ep][A

tin/rn18/sharp/hl/ipc10 s45:  78%|███████▊  | 235/300 [30:29<08:29,  7.84s/ep][A

tin/rn18/sharp/hl/ipc10 s45:  79%|███████▊  | 236/300 [30:36<08:13,  7.71s/ep][A

tin/rn18/sharp/hl/ipc10 s45:  79%|███████▉  | 237/300 [30:44<08:07,  7.73s/ep][A

tin/rn18/sharp/hl/ipc10 s45:  79%|███████▉  | 238/300 [30:52<08:00,  7.75s/ep][A

tin/rn18/sharp/hl/ipc10 s45:  80%|███████▉  | 239/300 [31:00<07:56,  7.82s/ep][A

tin/rn18/sharp/hl/ipc10 s45:  80%|████████  | 240/300 [31:08<07:48,  7.80s/ep][A

tin/rn18/sharp/hl/ipc10 s45:  80%|████████  | 241/300 [31:15<07:40,  7.80s/ep][A

tin/rn18/sharp/hl/ipc10 s45:  81%|████████  | 242/300 [31:23<07:32,  7.80s/ep][A

tin/rn18/sharp/hl/ipc10 s45:  81%|████████  | 243/300 [31:31<07:20,  7.73s/ep][A

tin/rn18/sharp/hl/ipc10 s45:  81%|████████▏ | 244/300 [31:39<07:13,  7.74s/ep][A

tin/rn18/sharp/hl/ipc10 s45:  82%|████████▏ | 245/300 [31:46<07:03,  7.69s/ep][A

tin/rn18/sharp/hl/ipc10 s45:  82%|████████▏ | 246/300 [31:54<06:57,  7.73s/ep][A

tin/rn18/sharp/hl/ipc10 s45:  82%|████████▏ | 247/300 [32:02<06:50,  7.74s/ep][A

tin/rn18/sharp/hl/ipc10 s45:  83%|████████▎ | 248/300 [32:09<06:40,  7.70s/ep][A

tin/rn18/sharp/hl/ipc10 s45:  83%|████████▎ | 249/300 [32:17<06:35,  7.75s/ep][A

tin/rn18/sharp/hl/ipc10 s45:  83%|████████▎ | 250/300 [32:25<06:27,  7.75s/ep][A

tin/rn18/sharp/hl/ipc10 s45:  84%|████████▎ | 251/300 [32:33<06:20,  7.76s/ep][A

tin/rn18/sharp/hl/ipc10 s45:  84%|████████▍ | 252/300 [32:40<06:11,  7.74s/ep][A

tin/rn18/sharp/hl/ipc10 s45:  84%|████████▍ | 253/300 [32:48<06:01,  7.69s/ep][A

tin/rn18/sharp/hl/ipc10 s45:  85%|████████▍ | 254/300 [32:56<05:52,  7.66s/ep][A

tin/rn18/sharp/hl/ipc10 s45:  85%|████████▌ | 255/300 [33:03<05:46,  7.71s/ep][A

tin/rn18/sharp/hl/ipc10 s45:  85%|████████▌ | 256/300 [33:11<05:39,  7.71s/ep][A

tin/rn18/sharp/hl/ipc10 s45:  86%|████████▌ | 257/300 [33:19<05:32,  7.74s/ep][A

tin/rn18/sharp/hl/ipc10 s45:  86%|████████▌ | 258/300 [33:27<05:26,  7.78s/ep][A

tin/rn18/sharp/hl/ipc10 s45:  86%|████████▋ | 259/300 [33:34<05:15,  7.70s/ep][A

tin/rn18/sharp/hl/ipc10 s45:  87%|████████▋ | 260/300 [33:42<05:09,  7.75s/ep][A

tin/rn18/sharp/hl/ipc10 s45:  87%|████████▋ | 261/300 [33:50<05:02,  7.75s/ep][A

tin/rn18/sharp/hl/ipc10 s45:  87%|████████▋ | 262/300 [33:58<04:54,  7.74s/ep][A

tin/rn18/sharp/hl/ipc10 s45:  88%|████████▊ | 263/300 [34:06<04:48,  7.81s/ep][A

tin/rn18/sharp/hl/ipc10 s45:  88%|████████▊ | 264/300 [34:13<04:40,  7.79s/ep][A

tin/rn18/sharp/hl/ipc10 s45:  88%|████████▊ | 265/300 [34:21<04:33,  7.80s/ep][A

tin/rn18/sharp/hl/ipc10 s45:  89%|████████▊ | 266/300 [34:29<04:25,  7.80s/ep][A

tin/rn18/sharp/hl/ipc10 s45:  89%|████████▉ | 267/300 [34:37<04:18,  7.85s/ep][A

tin/rn18/sharp/hl/ipc10 s45:  89%|████████▉ | 268/300 [34:45<04:09,  7.81s/ep][A

tin/rn18/sharp/hl/ipc10 s45:  90%|████████▉ | 269/300 [34:53<04:02,  7.82s/ep][A

tin/rn18/sharp/hl/ipc10 s45:  90%|█████████ | 270/300 [35:00<03:52,  7.75s/ep][A

tin/rn18/sharp/hl/ipc10 s45:  90%|█████████ | 271/300 [35:08<03:45,  7.76s/ep][A

tin/rn18/sharp/hl/ipc10 s45:  91%|█████████ | 272/300 [35:16<03:37,  7.77s/ep][A

tin/rn18/sharp/hl/ipc10 s45:  91%|█████████ | 273/300 [35:23<03:28,  7.73s/ep][A

tin/rn18/sharp/hl/ipc10 s45:  91%|█████████▏| 274/300 [35:31<03:21,  7.75s/ep][A

tin/rn18/sharp/hl/ipc10 s45:  92%|█████████▏| 275/300 [35:39<03:14,  7.79s/ep][A

tin/rn18/sharp/hl/ipc10 s45:  92%|█████████▏| 276/300 [35:47<03:05,  7.71s/ep][A

tin/rn18/sharp/hl/ipc10 s45:  92%|█████████▏| 277/300 [35:54<02:56,  7.69s/ep][A

tin/rn18/sharp/hl/ipc10 s45:  93%|█████████▎| 278/300 [36:02<02:49,  7.72s/ep][A

tin/rn18/sharp/hl/ipc10 s45:  93%|█████████▎| 279/300 [36:10<02:42,  7.73s/ep][A

tin/rn18/sharp/hl/ipc10 s45:  93%|█████████▎| 280/300 [36:17<02:33,  7.69s/ep][A

tin/rn18/sharp/hl/ipc10 s45:  94%|█████████▎| 281/300 [36:25<02:26,  7.71s/ep][A

tin/rn18/sharp/hl/ipc10 s45:  94%|█████████▍| 282/300 [36:33<02:18,  7.69s/ep][A

tin/rn18/sharp/hl/ipc10 s45:  94%|█████████▍| 283/300 [36:41<02:11,  7.76s/ep][A

tin/rn18/sharp/hl/ipc10 s45:  95%|█████████▍| 284/300 [36:48<02:04,  7.76s/ep][A

tin/rn18/sharp/hl/ipc10 s45:  95%|█████████▌| 285/300 [36:56<01:57,  7.84s/ep][A

tin/rn18/sharp/hl/ipc10 s45:  95%|█████████▌| 286/300 [37:04<01:49,  7.84s/ep][A

tin/rn18/sharp/hl/ipc10 s45:  96%|█████████▌| 287/300 [37:12<01:42,  7.86s/ep][A

tin/rn18/sharp/hl/ipc10 s45:  96%|█████████▌| 288/300 [37:20<01:34,  7.83s/ep][A

tin/rn18/sharp/hl/ipc10 s45:  96%|█████████▋| 289/300 [37:28<01:26,  7.84s/ep][A

tin/rn18/sharp/hl/ipc10 s45:  97%|█████████▋| 290/300 [37:36<01:18,  7.86s/ep][A

tin/rn18/sharp/hl/ipc10 s45:  97%|█████████▋| 291/300 [37:44<01:10,  7.88s/ep][A

tin/rn18/sharp/hl/ipc10 s45:  97%|█████████▋| 292/300 [37:52<01:03,  7.88s/ep][A

tin/rn18/sharp/hl/ipc10 s45:  98%|█████████▊| 293/300 [37:59<00:54,  7.74s/ep][A

tin/rn18/sharp/hl/ipc10 s45:  98%|█████████▊| 294/300 [38:07<00:46,  7.82s/ep][A

tin/rn18/sharp/hl/ipc10 s45:  98%|█████████▊| 295/300 [38:15<00:39,  7.84s/ep][A

tin/rn18/sharp/hl/ipc10 s45:  99%|█████████▊| 296/300 [38:23<00:31,  7.86s/ep][A

tin/rn18/sharp/hl/ipc10 s45:  99%|█████████▉| 297/300 [38:31<00:23,  7.84s/ep][A

tin/rn18/sharp/hl/ipc10 s45:  99%|█████████▉| 298/300 [38:38<00:15,  7.76s/ep][A

tin/rn18/sharp/hl/ipc10 s45: 100%|█████████▉| 299/300 [38:46<00:07,  7.71s/ep][A

tin/rn18/sharp/hl/ipc10 s45: 100%|██████████| 300/300 [38:53<00:00,  7.70s/ep][A

                                                                              [A[cell] tin/rn18/sharp/hl/ipc10 seed45: 6.85%  (2347s)


tin/rn18/sharp/hl/ipc10 s46:   0%|          | 0/300 [00:00<?, ?ep/s][A

tin/rn18/sharp/hl/ipc10 s46:   0%|          | 1/300 [00:06<34:27,  6.92s/ep][A

tin/rn18/sharp/hl/ipc10 s46:   1%|          | 2/300 [00:14<37:09,  7.48s/ep][A

tin/rn18/sharp/hl/ipc10 s46:   1%|          | 3/300 [00:22<38:00,  7.68s/ep][A

tin/rn18/sharp/hl/ipc10 s46:   1%|▏         | 4/300 [00:30<38:09,  7.73s/ep][A

tin/rn18/sharp/hl/ipc10 s46:   2%|▏         | 5/300 [00:38<38:13,  7.77s/ep][A

tin/rn18/sharp/hl/ipc10 s46:   2%|▏         | 6/300 [00:46<38:17,  7.81s/ep][A

tin/rn18/sharp/hl/ipc10 s46:   2%|▏         | 7/300 [00:53<38:01,  7.79s/ep][A

tin/rn18/sharp/hl/ipc10 s46:   3%|▎         | 8/300 [01:01<37:53,  7.79s/ep][A

tin/rn18/sharp/hl/ipc10 s46:   3%|▎         | 9/300 [01:09<37:40,  7.77s/ep][A

tin/rn18/sharp/hl/ipc10 s46:   3%|▎         | 10/300 [01:17<37:36,  7.78s/ep][A

tin/rn18/sharp/hl/ipc10 s46:   4%|▎         | 11/300 [01:25<37:35,  7.80s/ep][A

tin/rn18/sharp/hl/ipc10 s46:   4%|▍         | 12/300 [01:32<37:07,  7.73s/ep][A

tin/rn18/sharp/hl/ipc10 s46:   4%|▍         | 13/300 [01:40<37:03,  7.75s/ep][A

tin/rn18/sharp/hl/ipc10 s46:   5%|▍         | 14/300 [01:48<37:12,  7.81s/ep][A

tin/rn18/sharp/hl/ipc10 s46:   5%|▌         | 15/300 [01:56<36:51,  7.76s/ep][A

tin/rn18/sharp/hl/ipc10 s46:   5%|▌         | 16/300 [02:03<36:51,  7.79s/ep][A

tin/rn18/sharp/hl/ipc10 s46:   6%|▌         | 17/300 [02:11<36:39,  7.77s/ep][A

tin/rn18/sharp/hl/ipc10 s46:   6%|▌         | 18/300 [02:19<36:39,  7.80s/ep][A

tin/rn18/sharp/hl/ipc10 s46:   6%|▋         | 19/300 [02:27<36:37,  7.82s/ep][A

tin/rn18/sharp/hl/ipc10 s46:   7%|▋         | 20/300 [02:35<36:22,  7.79s/ep][A

tin/rn18/sharp/hl/ipc10 s46:   7%|▋         | 21/300 [02:42<36:16,  7.80s/ep][A

tin/rn18/sharp/hl/ipc10 s46:   7%|▋         | 22/300 [02:50<35:55,  7.75s/ep][A

tin/rn18/sharp/hl/ipc10 s46:   8%|▊         | 23/300 [02:58<36:02,  7.81s/ep][A

tin/rn18/sharp/hl/ipc10 s46:   8%|▊         | 24/300 [03:06<36:07,  7.85s/ep][A

tin/rn18/sharp/hl/ipc10 s46:   8%|▊         | 25/300 [03:14<35:31,  7.75s/ep][A

tin/rn18/sharp/hl/ipc10 s46:   9%|▊         | 26/300 [03:21<35:23,  7.75s/ep][A

tin/rn18/sharp/hl/ipc10 s46:   9%|▉         | 27/300 [03:29<35:11,  7.73s/ep][A

tin/rn18/sharp/hl/ipc10 s46:   9%|▉         | 28/300 [03:37<35:07,  7.75s/ep][A

tin/rn18/sharp/hl/ipc10 s46:  10%|▉         | 29/300 [03:45<34:59,  7.75s/ep][A

tin/rn18/sharp/hl/ipc10 s46:  10%|█         | 30/300 [03:52<34:30,  7.67s/ep][A

tin/rn18/sharp/hl/ipc10 s46:  10%|█         | 31/300 [04:00<34:48,  7.76s/ep][A

tin/rn18/sharp/hl/ipc10 s46:  11%|█         | 32/300 [04:08<34:32,  7.73s/ep][A

tin/rn18/sharp/hl/ipc10 s46:  11%|█         | 33/300 [04:15<34:16,  7.70s/ep][A

tin/rn18/sharp/hl/ipc10 s46:  11%|█▏        | 34/300 [04:23<34:15,  7.73s/ep][A

tin/rn18/sharp/hl/ipc10 s46:  12%|█▏        | 35/300 [04:31<34:17,  7.77s/ep][A

tin/rn18/sharp/hl/ipc10 s46:  12%|█▏        | 36/300 [04:39<34:19,  7.80s/ep][A

tin/rn18/sharp/hl/ipc10 s46:  12%|█▏        | 37/300 [04:47<34:06,  7.78s/ep][A

tin/rn18/sharp/hl/ipc10 s46:  13%|█▎        | 38/300 [04:54<34:05,  7.81s/ep][A

tin/rn18/sharp/hl/ipc10 s46:  13%|█▎        | 39/300 [05:02<34:08,  7.85s/ep][A

tin/rn18/sharp/hl/ipc10 s46:  13%|█▎        | 40/300 [05:10<33:40,  7.77s/ep][A

tin/rn18/sharp/hl/ipc10 s46:  14%|█▎        | 41/300 [05:18<33:35,  7.78s/ep][A

tin/rn18/sharp/hl/ipc10 s46:  14%|█▍        | 42/300 [05:26<33:29,  7.79s/ep][A

tin/rn18/sharp/hl/ipc10 s46:  14%|█▍        | 43/300 [05:33<33:20,  7.78s/ep][A

tin/rn18/sharp/hl/ipc10 s46:  15%|█▍        | 44/300 [05:41<33:17,  7.80s/ep][A

tin/rn18/sharp/hl/ipc10 s46:  15%|█▌        | 45/300 [05:49<33:16,  7.83s/ep][A

tin/rn18/sharp/hl/ipc10 s46:  15%|█▌        | 46/300 [05:57<33:04,  7.81s/ep][A

tin/rn18/sharp/hl/ipc10 s46:  16%|█▌        | 47/300 [06:05<32:45,  7.77s/ep][A

tin/rn18/sharp/hl/ipc10 s46:  16%|█▌        | 48/300 [06:12<32:43,  7.79s/ep][A

tin/rn18/sharp/hl/ipc10 s46:  16%|█▋        | 49/300 [06:20<32:28,  7.76s/ep][A

tin/rn18/sharp/hl/ipc10 s46:  17%|█▋        | 50/300 [06:28<32:31,  7.80s/ep][A

tin/rn18/sharp/hl/ipc10 s46:  17%|█▋        | 51/300 [06:36<32:19,  7.79s/ep][A

tin/rn18/sharp/hl/ipc10 s46:  17%|█▋        | 52/300 [06:43<32:05,  7.77s/ep][A

tin/rn18/sharp/hl/ipc10 s46:  18%|█▊        | 53/300 [06:51<32:02,  7.79s/ep][A

tin/rn18/sharp/hl/ipc10 s46:  18%|█▊        | 54/300 [06:59<31:47,  7.75s/ep][A

tin/rn18/sharp/hl/ipc10 s46:  18%|█▊        | 55/300 [07:07<31:39,  7.75s/ep][A

tin/rn18/sharp/hl/ipc10 s46:  19%|█▊        | 56/300 [07:15<31:47,  7.82s/ep][A

tin/rn18/sharp/hl/ipc10 s46:  19%|█▉        | 57/300 [07:22<31:29,  7.78s/ep][A

tin/rn18/sharp/hl/ipc10 s46:  19%|█▉        | 58/300 [07:30<31:28,  7.80s/ep][A

tin/rn18/sharp/hl/ipc10 s46:  20%|█▉        | 59/300 [07:38<31:21,  7.81s/ep][A

tin/rn18/sharp/hl/ipc10 s46:  20%|██        | 60/300 [07:46<31:06,  7.78s/ep][A

tin/rn18/sharp/hl/ipc10 s46:  20%|██        | 61/300 [07:53<30:57,  7.77s/ep][A

tin/rn18/sharp/hl/ipc10 s46:  21%|██        | 62/300 [08:01<31:03,  7.83s/ep][A

tin/rn18/sharp/hl/ipc10 s46:  21%|██        | 63/300 [08:09<30:33,  7.74s/ep][A

tin/rn18/sharp/hl/ipc10 s46:  21%|██▏       | 64/300 [08:17<30:13,  7.69s/ep][A

tin/rn18/sharp/hl/ipc10 s46:  22%|██▏       | 65/300 [08:24<30:12,  7.71s/ep][A

tin/rn18/sharp/hl/ipc10 s46:  22%|██▏       | 66/300 [08:32<30:10,  7.74s/ep][A

tin/rn18/sharp/hl/ipc10 s46:  22%|██▏       | 67/300 [08:40<30:15,  7.79s/ep][A

tin/rn18/sharp/hl/ipc10 s46:  23%|██▎       | 68/300 [08:48<30:01,  7.77s/ep][A

tin/rn18/sharp/hl/ipc10 s46:  23%|██▎       | 69/300 [08:56<29:55,  7.77s/ep][A

tin/rn18/sharp/hl/ipc10 s46:  23%|██▎       | 70/300 [09:03<29:40,  7.74s/ep][A

tin/rn18/sharp/hl/ipc10 s46:  24%|██▎       | 71/300 [09:11<29:31,  7.74s/ep][A

tin/rn18/sharp/hl/ipc10 s46:  24%|██▍       | 72/300 [09:19<29:20,  7.72s/ep][A

tin/rn18/sharp/hl/ipc10 s46:  24%|██▍       | 73/300 [09:26<29:15,  7.73s/ep][A

tin/rn18/sharp/hl/ipc10 s46:  25%|██▍       | 74/300 [09:34<29:09,  7.74s/ep][A

tin/rn18/sharp/hl/ipc10 s46:  25%|██▌       | 75/300 [09:42<29:09,  7.78s/ep][A

tin/rn18/sharp/hl/ipc10 s46:  25%|██▌       | 76/300 [09:50<29:02,  7.78s/ep][A

tin/rn18/sharp/hl/ipc10 s46:  26%|██▌       | 77/300 [09:58<29:02,  7.82s/ep][A

tin/rn18/sharp/hl/ipc10 s46:  26%|██▌       | 78/300 [10:05<28:54,  7.81s/ep][A

tin/rn18/sharp/hl/ipc10 s46:  26%|██▋       | 79/300 [10:13<28:25,  7.72s/ep][A

tin/rn18/sharp/hl/ipc10 s46:  27%|██▋       | 80/300 [10:21<28:14,  7.70s/ep][A

tin/rn18/sharp/hl/ipc10 s46:  27%|██▋       | 81/300 [10:28<28:10,  7.72s/ep][A

tin/rn18/sharp/hl/ipc10 s46:  27%|██▋       | 82/300 [10:36<27:53,  7.68s/ep][A

tin/rn18/sharp/hl/ipc10 s46:  28%|██▊       | 83/300 [10:44<27:53,  7.71s/ep][A

tin/rn18/sharp/hl/ipc10 s46:  28%|██▊       | 84/300 [10:52<27:53,  7.75s/ep][A

tin/rn18/sharp/hl/ipc10 s46:  28%|██▊       | 85/300 [10:59<27:38,  7.71s/ep][A

tin/rn18/sharp/hl/ipc10 s46:  29%|██▊       | 86/300 [11:07<27:42,  7.77s/ep][A

tin/rn18/sharp/hl/ipc10 s46:  29%|██▉       | 87/300 [11:15<27:28,  7.74s/ep][A

tin/rn18/sharp/hl/ipc10 s46:  29%|██▉       | 88/300 [11:22<27:14,  7.71s/ep][A

tin/rn18/sharp/hl/ipc10 s46:  30%|██▉       | 89/300 [11:30<27:15,  7.75s/ep][A

tin/rn18/sharp/hl/ipc10 s46:  30%|███       | 90/300 [11:38<27:12,  7.77s/ep][A

tin/rn18/sharp/hl/ipc10 s46:  30%|███       | 91/300 [11:46<27:02,  7.76s/ep][A

tin/rn18/sharp/hl/ipc10 s46:  31%|███       | 92/300 [11:54<26:49,  7.74s/ep][A

tin/rn18/sharp/hl/ipc10 s46:  31%|███       | 93/300 [12:01<26:32,  7.69s/ep][A

tin/rn18/sharp/hl/ipc10 s46:  31%|███▏      | 94/300 [12:09<26:34,  7.74s/ep][A

tin/rn18/sharp/hl/ipc10 s46:  32%|███▏      | 95/300 [12:17<26:29,  7.76s/ep][A

tin/rn18/sharp/hl/ipc10 s46:  32%|███▏      | 96/300 [12:25<26:24,  7.77s/ep][A

tin/rn18/sharp/hl/ipc10 s46:  32%|███▏      | 97/300 [12:32<26:20,  7.79s/ep][A

tin/rn18/sharp/hl/ipc10 s46:  33%|███▎      | 98/300 [12:40<26:10,  7.77s/ep][A

tin/rn18/sharp/hl/ipc10 s46:  33%|███▎      | 99/300 [12:48<26:02,  7.77s/ep][A

tin/rn18/sharp/hl/ipc10 s46:  33%|███▎      | 100/300 [12:55<25:42,  7.71s/ep][A

tin/rn18/sharp/hl/ipc10 s46:  34%|███▎      | 101/300 [13:03<25:26,  7.67s/ep][A

tin/rn18/sharp/hl/ipc10 s46:  34%|███▍      | 102/300 [13:11<25:37,  7.76s/ep][A

tin/rn18/sharp/hl/ipc10 s46:  34%|███▍      | 103/300 [13:19<25:18,  7.71s/ep][A

tin/rn18/sharp/hl/ipc10 s46:  35%|███▍      | 104/300 [13:26<25:15,  7.73s/ep][A

tin/rn18/sharp/hl/ipc10 s46:  35%|███▌      | 105/300 [13:34<25:11,  7.75s/ep][A

tin/rn18/sharp/hl/ipc10 s46:  35%|███▌      | 106/300 [13:42<24:50,  7.68s/ep][A

tin/rn18/sharp/hl/ipc10 s46:  36%|███▌      | 107/300 [13:49<24:38,  7.66s/ep][A

tin/rn18/sharp/hl/ipc10 s46:  36%|███▌      | 108/300 [13:57<24:40,  7.71s/ep][A

tin/rn18/sharp/hl/ipc10 s46:  36%|███▋      | 109/300 [14:05<24:33,  7.72s/ep][A

tin/rn18/sharp/hl/ipc10 s46:  37%|███▋      | 110/300 [14:13<24:29,  7.73s/ep][A

tin/rn18/sharp/hl/ipc10 s46:  37%|███▋      | 111/300 [14:20<24:16,  7.70s/ep][A

tin/rn18/sharp/hl/ipc10 s46:  37%|███▋      | 112/300 [14:28<24:07,  7.70s/ep][A

tin/rn18/sharp/hl/ipc10 s46:  38%|███▊      | 113/300 [14:36<23:56,  7.68s/ep][A

tin/rn18/sharp/hl/ipc10 s46:  38%|███▊      | 114/300 [14:43<23:54,  7.71s/ep][A

tin/rn18/sharp/hl/ipc10 s46:  38%|███▊      | 115/300 [14:51<23:54,  7.76s/ep][A

tin/rn18/sharp/hl/ipc10 s46:  39%|███▊      | 116/300 [14:59<23:44,  7.74s/ep][A

tin/rn18/sharp/hl/ipc10 s46:  39%|███▉      | 117/300 [15:07<23:41,  7.77s/ep][A

tin/rn18/sharp/hl/ipc10 s46:  39%|███▉      | 118/300 [15:15<23:34,  7.77s/ep][A

tin/rn18/sharp/hl/ipc10 s46:  40%|███▉      | 119/300 [15:22<23:34,  7.81s/ep][A

tin/rn18/sharp/hl/ipc10 s46:  40%|████      | 120/300 [15:30<23:25,  7.81s/ep][A

tin/rn18/sharp/hl/ipc10 s46:  40%|████      | 121/300 [15:38<23:18,  7.81s/ep][A

tin/rn18/sharp/hl/ipc10 s46:  41%|████      | 122/300 [15:46<22:57,  7.74s/ep][A

tin/rn18/sharp/hl/ipc10 s46:  41%|████      | 123/300 [15:53<22:55,  7.77s/ep][A

tin/rn18/sharp/hl/ipc10 s46:  41%|████▏     | 124/300 [16:01<22:34,  7.70s/ep][A

tin/rn18/sharp/hl/ipc10 s46:  42%|████▏     | 125/300 [16:09<22:30,  7.72s/ep][A

tin/rn18/sharp/hl/ipc10 s46:  42%|████▏     | 126/300 [16:17<22:26,  7.74s/ep][A

tin/rn18/sharp/hl/ipc10 s46:  42%|████▏     | 127/300 [16:24<22:16,  7.73s/ep][A

tin/rn18/sharp/hl/ipc10 s46:  43%|████▎     | 128/300 [16:32<22:07,  7.72s/ep][A

tin/rn18/sharp/hl/ipc10 s46:  43%|████▎     | 129/300 [16:40<22:06,  7.76s/ep][A

tin/rn18/sharp/hl/ipc10 s46:  43%|████▎     | 130/300 [16:48<22:03,  7.79s/ep][A

tin/rn18/sharp/hl/ipc10 s46:  44%|████▎     | 131/300 [16:55<21:48,  7.74s/ep][A

tin/rn18/sharp/hl/ipc10 s46:  44%|████▍     | 132/300 [17:03<21:41,  7.75s/ep][A

tin/rn18/sharp/hl/ipc10 s46:  44%|████▍     | 133/300 [17:11<21:21,  7.67s/ep][A

tin/rn18/sharp/hl/ipc10 s46:  45%|████▍     | 134/300 [17:18<21:20,  7.72s/ep][A

tin/rn18/sharp/hl/ipc10 s46:  45%|████▌     | 135/300 [17:26<21:07,  7.68s/ep][A

tin/rn18/sharp/hl/ipc10 s46:  45%|████▌     | 136/300 [17:34<20:53,  7.65s/ep][A

tin/rn18/sharp/hl/ipc10 s46:  46%|████▌     | 137/300 [17:41<20:41,  7.62s/ep][A

tin/rn18/sharp/hl/ipc10 s46:  46%|████▌     | 138/300 [17:49<20:46,  7.69s/ep][A

tin/rn18/sharp/hl/ipc10 s46:  46%|████▋     | 139/300 [17:57<20:35,  7.68s/ep][A

tin/rn18/sharp/hl/ipc10 s46:  47%|████▋     | 140/300 [18:04<20:33,  7.71s/ep][A

tin/rn18/sharp/hl/ipc10 s46:  47%|████▋     | 141/300 [18:12<20:21,  7.68s/ep][A

tin/rn18/sharp/hl/ipc10 s46:  47%|████▋     | 142/300 [18:20<20:13,  7.68s/ep][A

tin/rn18/sharp/hl/ipc10 s46:  48%|████▊     | 143/300 [18:27<20:03,  7.67s/ep][A

tin/rn18/sharp/hl/ipc10 s46:  48%|████▊     | 144/300 [18:35<20:06,  7.73s/ep][A

tin/rn18/sharp/hl/ipc10 s46:  48%|████▊     | 145/300 [18:43<20:02,  7.76s/ep][A

tin/rn18/sharp/hl/ipc10 s46:  49%|████▊     | 146/300 [18:51<19:50,  7.73s/ep][A

tin/rn18/sharp/hl/ipc10 s46:  49%|████▉     | 147/300 [18:58<19:39,  7.71s/ep][A

tin/rn18/sharp/hl/ipc10 s46:  49%|████▉     | 148/300 [19:06<19:25,  7.67s/ep][A

tin/rn18/sharp/hl/ipc10 s46:  50%|████▉     | 149/300 [19:14<19:16,  7.66s/ep][A

tin/rn18/sharp/hl/ipc10 s46:  50%|█████     | 150/300 [19:21<19:12,  7.68s/ep][A

tin/rn18/sharp/hl/ipc10 s46:  50%|█████     | 151/300 [19:29<19:10,  7.72s/ep][A

tin/rn18/sharp/hl/ipc10 s46:  51%|█████     | 152/300 [19:37<19:05,  7.74s/ep][A

tin/rn18/sharp/hl/ipc10 s46:  51%|█████     | 153/300 [19:45<18:57,  7.74s/ep][A

tin/rn18/sharp/hl/ipc10 s46:  51%|█████▏    | 154/300 [19:53<18:59,  7.80s/ep][A

tin/rn18/sharp/hl/ipc10 s46:  52%|█████▏    | 155/300 [20:00<18:53,  7.82s/ep][A

tin/rn18/sharp/hl/ipc10 s46:  52%|█████▏    | 156/300 [20:08<18:51,  7.86s/ep][A

tin/rn18/sharp/hl/ipc10 s46:  52%|█████▏    | 157/300 [20:16<18:38,  7.82s/ep][A

tin/rn18/sharp/hl/ipc10 s46:  53%|█████▎    | 158/300 [20:24<18:21,  7.76s/ep][A

tin/rn18/sharp/hl/ipc10 s46:  53%|█████▎    | 159/300 [20:31<18:09,  7.73s/ep][A

tin/rn18/sharp/hl/ipc10 s46:  53%|█████▎    | 160/300 [20:39<18:07,  7.77s/ep][A

tin/rn18/sharp/hl/ipc10 s46:  54%|█████▎    | 161/300 [20:47<18:02,  7.79s/ep][A

tin/rn18/sharp/hl/ipc10 s46:  54%|█████▍    | 162/300 [20:55<17:54,  7.79s/ep][A

tin/rn18/sharp/hl/ipc10 s46:  54%|█████▍    | 163/300 [21:03<17:42,  7.76s/ep][A

tin/rn18/sharp/hl/ipc10 s46:  55%|█████▍    | 164/300 [21:10<17:39,  7.79s/ep][A

tin/rn18/sharp/hl/ipc10 s46:  55%|█████▌    | 165/300 [21:18<17:19,  7.70s/ep][A

tin/rn18/sharp/hl/ipc10 s46:  55%|█████▌    | 166/300 [21:26<17:15,  7.73s/ep][A

tin/rn18/sharp/hl/ipc10 s46:  56%|█████▌    | 167/300 [21:34<17:14,  7.78s/ep][A

tin/rn18/sharp/hl/ipc10 s46:  56%|█████▌    | 168/300 [21:42<17:12,  7.82s/ep][A

tin/rn18/sharp/hl/ipc10 s46:  56%|█████▋    | 169/300 [21:49<16:52,  7.73s/ep][A

tin/rn18/sharp/hl/ipc10 s46:  57%|█████▋    | 170/300 [21:57<16:41,  7.70s/ep][A

tin/rn18/sharp/hl/ipc10 s46:  57%|█████▋    | 171/300 [22:04<16:30,  7.68s/ep][A

tin/rn18/sharp/hl/ipc10 s46:  57%|█████▋    | 172/300 [22:12<16:17,  7.63s/ep][A

tin/rn18/sharp/hl/ipc10 s46:  58%|█████▊    | 173/300 [22:19<16:06,  7.61s/ep][A

tin/rn18/sharp/hl/ipc10 s46:  58%|█████▊    | 174/300 [22:27<15:48,  7.53s/ep][A

tin/rn18/sharp/hl/ipc10 s46:  58%|█████▊    | 175/300 [22:34<15:46,  7.57s/ep][A

tin/rn18/sharp/hl/ipc10 s46:  59%|█████▊    | 176/300 [22:42<15:41,  7.60s/ep][A

tin/rn18/sharp/hl/ipc10 s46:  59%|█████▉    | 177/300 [22:50<15:30,  7.56s/ep][A

tin/rn18/sharp/hl/ipc10 s46:  59%|█████▉    | 178/300 [22:57<15:04,  7.42s/ep][A

tin/rn18/sharp/hl/ipc10 s46:  60%|█████▉    | 179/300 [23:05<15:15,  7.57s/ep][A

tin/rn18/sharp/hl/ipc10 s46:  60%|██████    | 180/300 [23:12<15:11,  7.59s/ep][A

tin/rn18/sharp/hl/ipc10 s46:  60%|██████    | 181/300 [23:20<15:06,  7.62s/ep][A

tin/rn18/sharp/hl/ipc10 s46:  61%|██████    | 182/300 [23:28<15:00,  7.63s/ep][A

tin/rn18/sharp/hl/ipc10 s46:  61%|██████    | 183/300 [23:35<14:58,  7.68s/ep][A

tin/rn18/sharp/hl/ipc10 s46:  61%|██████▏   | 184/300 [23:43<14:59,  7.75s/ep][A

tin/rn18/sharp/hl/ipc10 s46:  62%|██████▏   | 185/300 [23:51<14:53,  7.77s/ep][A

tin/rn18/sharp/hl/ipc10 s46:  62%|██████▏   | 186/300 [23:59<14:52,  7.83s/ep][A

tin/rn18/sharp/hl/ipc10 s46:  62%|██████▏   | 187/300 [24:07<14:44,  7.82s/ep][A

tin/rn18/sharp/hl/ipc10 s46:  63%|██████▎   | 188/300 [24:15<14:35,  7.82s/ep][A

tin/rn18/sharp/hl/ipc10 s46:  63%|██████▎   | 189/300 [24:23<14:32,  7.86s/ep][A

tin/rn18/sharp/hl/ipc10 s46:  63%|██████▎   | 190/300 [24:31<14:26,  7.87s/ep][A

tin/rn18/sharp/hl/ipc10 s46:  64%|██████▎   | 191/300 [24:38<14:08,  7.79s/ep][A

tin/rn18/sharp/hl/ipc10 s46:  64%|██████▍   | 192/300 [24:46<14:01,  7.79s/ep][A

tin/rn18/sharp/hl/ipc10 s46:  64%|██████▍   | 193/300 [24:53<13:46,  7.73s/ep][A

tin/rn18/sharp/hl/ipc10 s46:  65%|██████▍   | 194/300 [25:01<13:41,  7.75s/ep][A

tin/rn18/sharp/hl/ipc10 s46:  65%|██████▌   | 195/300 [25:09<13:35,  7.77s/ep][A

tin/rn18/sharp/hl/ipc10 s46:  65%|██████▌   | 196/300 [25:17<13:25,  7.75s/ep][A

tin/rn18/sharp/hl/ipc10 s46:  66%|██████▌   | 197/300 [25:24<13:13,  7.71s/ep][A

tin/rn18/sharp/hl/ipc10 s46:  66%|██████▌   | 198/300 [25:32<13:04,  7.69s/ep][A

tin/rn18/sharp/hl/ipc10 s46:  66%|██████▋   | 199/300 [25:40<12:57,  7.70s/ep][A

tin/rn18/sharp/hl/ipc10 s46:  67%|██████▋   | 200/300 [25:47<12:48,  7.68s/ep][A

tin/rn18/sharp/hl/ipc10 s46:  67%|██████▋   | 201/300 [25:55<12:47,  7.75s/ep][A

tin/rn18/sharp/hl/ipc10 s46:  67%|██████▋   | 202/300 [26:03<12:34,  7.70s/ep][A

tin/rn18/sharp/hl/ipc10 s46:  68%|██████▊   | 203/300 [26:11<12:24,  7.67s/ep][A

tin/rn18/sharp/hl/ipc10 s46:  68%|██████▊   | 204/300 [26:18<12:14,  7.65s/ep][A

tin/rn18/sharp/hl/ipc10 s46:  68%|██████▊   | 205/300 [26:26<12:08,  7.66s/ep][A

tin/rn18/sharp/hl/ipc10 s46:  69%|██████▊   | 206/300 [26:34<12:04,  7.71s/ep][A

tin/rn18/sharp/hl/ipc10 s46:  69%|██████▉   | 207/300 [26:42<12:02,  7.77s/ep][A

tin/rn18/sharp/hl/ipc10 s46:  69%|██████▉   | 208/300 [26:49<11:51,  7.74s/ep][A

tin/rn18/sharp/hl/ipc10 s46:  70%|██████▉   | 209/300 [26:57<11:50,  7.81s/ep][A

tin/rn18/sharp/hl/ipc10 s46:  70%|███████   | 210/300 [27:05<11:42,  7.80s/ep][A

tin/rn18/sharp/hl/ipc10 s46:  70%|███████   | 211/300 [27:13<11:36,  7.82s/ep][A

tin/rn18/sharp/hl/ipc10 s46:  71%|███████   | 212/300 [27:21<11:30,  7.84s/ep][A

tin/rn18/sharp/hl/ipc10 s46:  71%|███████   | 213/300 [27:28<11:10,  7.71s/ep][A

tin/rn18/sharp/hl/ipc10 s46:  71%|███████▏  | 214/300 [27:36<11:04,  7.73s/ep][A

tin/rn18/sharp/hl/ipc10 s46:  72%|███████▏  | 215/300 [27:44<11:01,  7.79s/ep][A

tin/rn18/sharp/hl/ipc10 s46:  72%|███████▏  | 216/300 [27:52<10:55,  7.80s/ep][A

tin/rn18/sharp/hl/ipc10 s46:  72%|███████▏  | 217/300 [28:00<10:50,  7.84s/ep][A

tin/rn18/sharp/hl/ipc10 s46:  73%|███████▎  | 218/300 [28:07<10:37,  7.78s/ep][A

tin/rn18/sharp/hl/ipc10 s46:  73%|███████▎  | 219/300 [28:15<10:24,  7.71s/ep][A

tin/rn18/sharp/hl/ipc10 s46:  73%|███████▎  | 220/300 [28:23<10:19,  7.74s/ep][A

tin/rn18/sharp/hl/ipc10 s46:  74%|███████▎  | 221/300 [28:30<10:09,  7.71s/ep][A

tin/rn18/sharp/hl/ipc10 s46:  74%|███████▍  | 222/300 [28:38<10:04,  7.74s/ep][A

tin/rn18/sharp/hl/ipc10 s46:  74%|███████▍  | 223/300 [28:46<09:55,  7.74s/ep][A

tin/rn18/sharp/hl/ipc10 s46:  75%|███████▍  | 224/300 [28:54<09:52,  7.80s/ep][A

tin/rn18/sharp/hl/ipc10 s46:  75%|███████▌  | 225/300 [29:01<09:42,  7.77s/ep][A

tin/rn18/sharp/hl/ipc10 s46:  75%|███████▌  | 226/300 [29:09<09:28,  7.68s/ep][A

tin/rn18/sharp/hl/ipc10 s46:  76%|███████▌  | 227/300 [29:17<09:23,  7.73s/ep][A

tin/rn18/sharp/hl/ipc10 s46:  76%|███████▌  | 228/300 [29:24<09:16,  7.74s/ep][A

tin/rn18/sharp/hl/ipc10 s46:  76%|███████▋  | 229/300 [29:32<09:09,  7.74s/ep][A

tin/rn18/sharp/hl/ipc10 s46:  77%|███████▋  | 230/300 [29:40<08:57,  7.67s/ep][A

tin/rn18/sharp/hl/ipc10 s46:  77%|███████▋  | 231/300 [29:47<08:46,  7.63s/ep][A

tin/rn18/sharp/hl/ipc10 s46:  77%|███████▋  | 232/300 [29:55<08:43,  7.70s/ep][A

tin/rn18/sharp/hl/ipc10 s46:  78%|███████▊  | 233/300 [30:03<08:33,  7.66s/ep][A

tin/rn18/sharp/hl/ipc10 s46:  78%|███████▊  | 234/300 [30:10<08:24,  7.64s/ep][A

tin/rn18/sharp/hl/ipc10 s46:  78%|███████▊  | 235/300 [30:18<08:11,  7.56s/ep][A

tin/rn18/sharp/hl/ipc10 s46:  79%|███████▊  | 236/300 [30:25<08:05,  7.58s/ep][A

tin/rn18/sharp/hl/ipc10 s46:  79%|███████▉  | 237/300 [30:33<08:00,  7.63s/ep][A

tin/rn18/sharp/hl/ipc10 s46:  79%|███████▉  | 238/300 [30:41<07:55,  7.68s/ep][A

tin/rn18/sharp/hl/ipc10 s46:  80%|███████▉  | 239/300 [30:48<07:46,  7.65s/ep][A

tin/rn18/sharp/hl/ipc10 s46:  80%|████████  | 240/300 [30:56<07:41,  7.69s/ep][A

tin/rn18/sharp/hl/ipc10 s46:  80%|████████  | 241/300 [31:04<07:32,  7.67s/ep][A

tin/rn18/sharp/hl/ipc10 s46:  81%|████████  | 242/300 [31:12<07:25,  7.69s/ep][A

tin/rn18/sharp/hl/ipc10 s46:  81%|████████  | 243/300 [31:19<07:16,  7.65s/ep][A

tin/rn18/sharp/hl/ipc10 s46:  81%|████████▏ | 244/300 [31:27<07:08,  7.65s/ep][A

tin/rn18/sharp/hl/ipc10 s46:  82%|████████▏ | 245/300 [31:35<07:05,  7.74s/ep][A

tin/rn18/sharp/hl/ipc10 s46:  82%|████████▏ | 246/300 [31:42<06:58,  7.75s/ep][A

tin/rn18/sharp/hl/ipc10 s46:  82%|████████▏ | 247/300 [31:50<06:54,  7.82s/ep][A

tin/rn18/sharp/hl/ipc10 s46:  83%|████████▎ | 248/300 [31:58<06:48,  7.86s/ep][A

tin/rn18/sharp/hl/ipc10 s46:  83%|████████▎ | 249/300 [32:06<06:37,  7.80s/ep][A

tin/rn18/sharp/hl/ipc10 s46:  83%|████████▎ | 250/300 [32:14<06:28,  7.77s/ep][A

tin/rn18/sharp/hl/ipc10 s46:  84%|████████▎ | 251/300 [32:21<06:18,  7.73s/ep][A

tin/rn18/sharp/hl/ipc10 s46:  84%|████████▍ | 252/300 [32:29<06:10,  7.73s/ep][A

tin/rn18/sharp/hl/ipc10 s46:  84%|████████▍ | 253/300 [32:37<06:04,  7.75s/ep][A

tin/rn18/sharp/hl/ipc10 s46:  85%|████████▍ | 254/300 [32:45<05:54,  7.70s/ep][A

tin/rn18/sharp/hl/ipc10 s46:  85%|████████▌ | 255/300 [32:52<05:45,  7.67s/ep][A

tin/rn18/sharp/hl/ipc10 s46:  85%|████████▌ | 256/300 [33:00<05:36,  7.65s/ep][A

tin/rn18/sharp/hl/ipc10 s46:  86%|████████▌ | 257/300 [33:07<05:29,  7.66s/ep][A

tin/rn18/sharp/hl/ipc10 s46:  86%|████████▌ | 258/300 [33:15<05:22,  7.67s/ep][A

tin/rn18/sharp/hl/ipc10 s46:  86%|████████▋ | 259/300 [33:23<05:17,  7.74s/ep][A

tin/rn18/sharp/hl/ipc10 s46:  87%|████████▋ | 260/300 [33:31<05:10,  7.75s/ep][A

tin/rn18/sharp/hl/ipc10 s46:  87%|████████▋ | 261/300 [33:38<04:59,  7.67s/ep][A

tin/rn18/sharp/hl/ipc10 s46:  87%|████████▋ | 262/300 [33:46<04:51,  7.67s/ep][A

tin/rn18/sharp/hl/ipc10 s46:  88%|████████▊ | 263/300 [33:54<04:43,  7.65s/ep][A

tin/rn18/sharp/hl/ipc10 s46:  88%|████████▊ | 264/300 [34:01<04:36,  7.68s/ep][A

tin/rn18/sharp/hl/ipc10 s46:  88%|████████▊ | 265/300 [34:09<04:27,  7.65s/ep][A

tin/rn18/sharp/hl/ipc10 s46:  89%|████████▊ | 266/300 [34:17<04:20,  7.68s/ep][A

tin/rn18/sharp/hl/ipc10 s46:  89%|████████▉ | 267/300 [34:24<04:14,  7.71s/ep][A

tin/rn18/sharp/hl/ipc10 s46:  89%|████████▉ | 268/300 [34:32<04:05,  7.68s/ep][A

tin/rn18/sharp/hl/ipc10 s46:  90%|████████▉ | 269/300 [34:40<03:57,  7.65s/ep][A

tin/rn18/sharp/hl/ipc10 s46:  90%|█████████ | 270/300 [34:47<03:50,  7.69s/ep][A

tin/rn18/sharp/hl/ipc10 s46:  90%|█████████ | 271/300 [34:55<03:43,  7.72s/ep][A

tin/rn18/sharp/hl/ipc10 s46:  91%|█████████ | 272/300 [35:03<03:34,  7.67s/ep][A

tin/rn18/sharp/hl/ipc10 s46:  91%|█████████ | 273/300 [35:10<03:24,  7.59s/ep][A

tin/rn18/sharp/hl/ipc10 s46:  91%|█████████▏| 274/300 [35:18<03:19,  7.67s/ep][A

tin/rn18/sharp/hl/ipc10 s46:  92%|█████████▏| 275/300 [35:26<03:13,  7.74s/ep][A

tin/rn18/sharp/hl/ipc10 s46:  92%|█████████▏| 276/300 [35:34<03:06,  7.75s/ep][A

tin/rn18/sharp/hl/ipc10 s46:  92%|█████████▏| 277/300 [35:41<02:57,  7.73s/ep][A

tin/rn18/sharp/hl/ipc10 s46:  93%|█████████▎| 278/300 [35:49<02:49,  7.70s/ep][A

tin/rn18/sharp/hl/ipc10 s46:  93%|█████████▎| 279/300 [35:57<02:40,  7.64s/ep][A

tin/rn18/sharp/hl/ipc10 s46:  93%|█████████▎| 280/300 [36:04<02:34,  7.73s/ep][A

tin/rn18/sharp/hl/ipc10 s46:  94%|█████████▎| 281/300 [36:12<02:27,  7.76s/ep][A

tin/rn18/sharp/hl/ipc10 s46:  94%|█████████▍| 282/300 [36:20<02:19,  7.76s/ep][A

tin/rn18/sharp/hl/ipc10 s46:  94%|█████████▍| 283/300 [36:28<02:11,  7.76s/ep][A

tin/rn18/sharp/hl/ipc10 s46:  95%|█████████▍| 284/300 [36:36<02:03,  7.74s/ep][A

tin/rn18/sharp/hl/ipc10 s46:  95%|█████████▌| 285/300 [36:43<01:56,  7.74s/ep][A

tin/rn18/sharp/hl/ipc10 s46:  95%|█████████▌| 286/300 [36:51<01:47,  7.71s/ep][A

tin/rn18/sharp/hl/ipc10 s46:  96%|█████████▌| 287/300 [36:59<01:40,  7.73s/ep][A

tin/rn18/sharp/hl/ipc10 s46:  96%|█████████▌| 288/300 [37:06<01:31,  7.67s/ep][A

tin/rn18/sharp/hl/ipc10 s46:  96%|█████████▋| 289/300 [37:14<01:25,  7.73s/ep][A

tin/rn18/sharp/hl/ipc10 s46:  97%|█████████▋| 290/300 [37:22<01:17,  7.74s/ep][A

tin/rn18/sharp/hl/ipc10 s46:  97%|█████████▋| 291/300 [37:29<01:09,  7.71s/ep][A

tin/rn18/sharp/hl/ipc10 s46:  97%|█████████▋| 292/300 [37:37<01:01,  7.73s/ep][A

tin/rn18/sharp/hl/ipc10 s46:  98%|█████████▊| 293/300 [37:45<00:54,  7.76s/ep][A

tin/rn18/sharp/hl/ipc10 s46:  98%|█████████▊| 294/300 [37:53<00:46,  7.78s/ep][A

tin/rn18/sharp/hl/ipc10 s46:  98%|█████████▊| 295/300 [38:01<00:38,  7.74s/ep][A

tin/rn18/sharp/hl/ipc10 s46:  99%|█████████▊| 296/300 [38:08<00:30,  7.66s/ep][A

tin/rn18/sharp/hl/ipc10 s46:  99%|█████████▉| 297/300 [38:16<00:23,  7.73s/ep][A

tin/rn18/sharp/hl/ipc10 s46:  99%|█████████▉| 298/300 [38:23<00:15,  7.68s/ep][A

tin/rn18/sharp/hl/ipc10 s46: 100%|█████████▉| 299/300 [38:31<00:07,  7.72s/ep][A

tin/rn18/sharp/hl/ipc10 s46: 100%|██████████| 300/300 [38:39<00:00,  7.72s/ep][A

                                                                              [A[cell] tin/rn18/sharp/hl/ipc10 seed46: 6.53%  (2333s)
[cell] tin/rn18/sharp/hl/ipc10: union seeds [42, 43, 44] + [45, 46]

rn18-tin:  15%|█▍        | 4/27 [5:04:49<29:36:46, 4635.06s/cell, sharp/hl/ipc10]
rn18-tin:  15%|█▍        | 4/27 [5:04:49<29:36:46, 4635.06s/cell, rcad/hl/ipc10] [cell] tin/rn18/sharp/hl/ipc10: 6.67 +- 0.46 (6389s)
[cell] partial (bench_tin_rn18_rcad_hl_ipc10.json): have [42, 43, 44], running [45, 46]


tin/rn18/rcad/hl/ipc10 s45:   0%|          | 0/300 [00:00<?, ?ep/s][A

tin/rn18/rcad/hl/ipc10 s45:   0%|          | 1/300 [00:06<34:00,  6.83s/ep][A

tin/rn18/rcad/hl/ipc10 s45:   1%|          | 2/300 [00:14<36:18,  7.31s/ep][A

tin/rn18/rcad/hl/ipc10 s45:   1%|          | 3/300 [00:22<36:56,  7.46s/ep][A

tin/rn18/rcad/hl/ipc10 s45:   1%|▏         | 4/300 [00:29<36:31,  7.40s/ep][A

tin/rn18/rcad/hl/ipc10 s45:   2%|▏         | 5/300 [00:37<37:26,  7.62s/ep][A

tin/rn18/rcad/hl/ipc10 s45:   2%|▏         | 6/300 [00:45<37:30,  7.65s/ep][A

tin/rn18/rcad/hl/ipc10 s45:   2%|▏         | 7/300 [00:53<37:43,  7.73s/ep][A

tin/rn18/rcad/hl/ipc10 s45:   3%|▎         | 8/300 [01:00<37:31,  7.71s/ep][A

tin/rn18/rcad/hl/ipc10 s45:   3%|▎         | 9/300 [01:08<37:20,  7.70s/ep][A

tin/rn18/rcad/hl/ipc10 s45:   3%|▎         | 10/300 [01:16<37:15,  7.71s/ep][A

tin/rn18/rcad/hl/ipc10 s45:   4%|▎         | 11/300 [01:23<37:15,  7.74s/ep][A

tin/rn18/rcad/hl/ipc10 s45:   4%|▍         | 12/300 [01:31<37:29,  7.81s/ep][A

tin/rn18/rcad/hl/ipc10 s45:   4%|▍         | 13/300 [01:39<37:15,  7.79s/ep][A

tin/rn18/rcad/hl/ipc10 s45:   5%|▍         | 14/300 [01:47<36:58,  7.76s/ep][A

tin/rn18/rcad/hl/ipc10 s45:   5%|▌         | 15/300 [01:54<36:44,  7.74s/ep][A

tin/rn18/rcad/hl/ipc10 s45:   5%|▌         | 16/300 [02:02<36:40,  7.75s/ep][A

tin/rn18/rcad/hl/ipc10 s45:   6%|▌         | 17/300 [02:10<36:12,  7.68s/ep][A

tin/rn18/rcad/hl/ipc10 s45:   6%|▌         | 18/300 [02:18<36:16,  7.72s/ep][A

tin/rn18/rcad/hl/ipc10 s45:   6%|▋         | 19/300 [02:25<36:00,  7.69s/ep][A

tin/rn18/rcad/hl/ipc10 s45:   7%|▋         | 20/300 [02:33<36:07,  7.74s/ep][A

tin/rn18/rcad/hl/ipc10 s45:   7%|▋         | 21/300 [02:41<36:09,  7.78s/ep][A

tin/rn18/rcad/hl/ipc10 s45:   7%|▋         | 22/300 [02:49<35:49,  7.73s/ep][A

tin/rn18/rcad/hl/ipc10 s45:   8%|▊         | 23/300 [02:56<35:28,  7.68s/ep][A

tin/rn18/rcad/hl/ipc10 s45:   8%|▊         | 24/300 [03:04<35:15,  7.67s/ep][A

tin/rn18/rcad/hl/ipc10 s45:   8%|▊         | 25/300 [03:12<35:29,  7.74s/ep][A

tin/rn18/rcad/hl/ipc10 s45:   9%|▊         | 26/300 [03:20<35:29,  7.77s/ep][A

tin/rn18/rcad/hl/ipc10 s45:   9%|▉         | 27/300 [03:27<35:05,  7.71s/ep][A

tin/rn18/rcad/hl/ipc10 s45:   9%|▉         | 28/300 [03:35<35:09,  7.75s/ep][A

tin/rn18/rcad/hl/ipc10 s45:  10%|▉         | 29/300 [03:43<34:46,  7.70s/ep][A

tin/rn18/rcad/hl/ipc10 s45:  10%|█         | 30/300 [03:50<34:39,  7.70s/ep][A

tin/rn18/rcad/hl/ipc10 s45:  10%|█         | 31/300 [03:58<34:41,  7.74s/ep][A

tin/rn18/rcad/hl/ipc10 s45:  11%|█         | 32/300 [04:06<34:32,  7.73s/ep][A

tin/rn18/rcad/hl/ipc10 s45:  11%|█         | 33/300 [04:14<34:26,  7.74s/ep][A

tin/rn18/rcad/hl/ipc10 s45:  11%|█▏        | 34/300 [04:21<34:31,  7.79s/ep][A

tin/rn18/rcad/hl/ipc10 s45:  12%|█▏        | 35/300 [04:29<34:13,  7.75s/ep][A

tin/rn18/rcad/hl/ipc10 s45:  12%|█▏        | 36/300 [04:37<34:06,  7.75s/ep][A

tin/rn18/rcad/hl/ipc10 s45:  12%|█▏        | 37/300 [04:45<33:50,  7.72s/ep][A

tin/rn18/rcad/hl/ipc10 s45:  13%|█▎        | 38/300 [04:52<33:43,  7.72s/ep][A

tin/rn18/rcad/hl/ipc10 s45:  13%|█▎        | 39/300 [05:00<33:25,  7.69s/ep][A

tin/rn18/rcad/hl/ipc10 s45:  13%|█▎        | 40/300 [05:08<33:32,  7.74s/ep][A

tin/rn18/rcad/hl/ipc10 s45:  14%|█▎        | 41/300 [05:15<33:18,  7.71s/ep][A

tin/rn18/rcad/hl/ipc10 s45:  14%|█▍        | 42/300 [05:23<33:09,  7.71s/ep][A

tin/rn18/rcad/hl/ipc10 s45:  14%|█▍        | 43/300 [05:31<32:57,  7.69s/ep][A

tin/rn18/rcad/hl/ipc10 s45:  15%|█▍        | 44/300 [05:38<32:40,  7.66s/ep][A

tin/rn18/rcad/hl/ipc10 s45:  15%|█▌        | 45/300 [05:46<32:41,  7.69s/ep][A

tin/rn18/rcad/hl/ipc10 s45:  15%|█▌        | 46/300 [05:54<32:26,  7.66s/ep][A

tin/rn18/rcad/hl/ipc10 s45:  16%|█▌        | 47/300 [06:01<32:22,  7.68s/ep][A

tin/rn18/rcad/hl/ipc10 s45:  16%|█▌        | 48/300 [06:09<32:31,  7.74s/ep][A

tin/rn18/rcad/hl/ipc10 s45:  16%|█▋        | 49/300 [06:17<32:11,  7.70s/ep][A

tin/rn18/rcad/hl/ipc10 s45:  17%|█▋        | 50/300 [06:25<32:05,  7.70s/ep][A

tin/rn18/rcad/hl/ipc10 s45:  17%|█▋        | 51/300 [06:32<32:09,  7.75s/ep][A

tin/rn18/rcad/hl/ipc10 s45:  17%|█▋        | 52/300 [06:40<32:00,  7.74s/ep][A

tin/rn18/rcad/hl/ipc10 s45:  18%|█▊        | 53/300 [06:48<31:45,  7.71s/ep][A

tin/rn18/rcad/hl/ipc10 s45:  18%|█▊        | 54/300 [06:56<31:50,  7.77s/ep][A

tin/rn18/rcad/hl/ipc10 s45:  18%|█▊        | 55/300 [07:04<31:48,  7.79s/ep][A

tin/rn18/rcad/hl/ipc10 s45:  19%|█▊        | 56/300 [07:11<31:11,  7.67s/ep][A

tin/rn18/rcad/hl/ipc10 s45:  19%|█▉        | 57/300 [07:19<31:11,  7.70s/ep][A

tin/rn18/rcad/hl/ipc10 s45:  19%|█▉        | 58/300 [07:26<30:58,  7.68s/ep][A

tin/rn18/rcad/hl/ipc10 s45:  20%|█▉        | 59/300 [07:34<31:07,  7.75s/ep][A

tin/rn18/rcad/hl/ipc10 s45:  20%|██        | 60/300 [07:42<30:47,  7.70s/ep][A

tin/rn18/rcad/hl/ipc10 s45:  20%|██        | 61/300 [07:49<30:18,  7.61s/ep][A

tin/rn18/rcad/hl/ipc10 s45:  21%|██        | 62/300 [07:57<30:23,  7.66s/ep][A

tin/rn18/rcad/hl/ipc10 s45:  21%|██        | 63/300 [08:05<30:13,  7.65s/ep][A

tin/rn18/rcad/hl/ipc10 s45:  21%|██▏       | 64/300 [08:12<30:14,  7.69s/ep][A

tin/rn18/rcad/hl/ipc10 s45:  22%|██▏       | 65/300 [08:20<30:17,  7.73s/ep][A

tin/rn18/rcad/hl/ipc10 s45:  22%|██▏       | 66/300 [08:28<30:04,  7.71s/ep][A

tin/rn18/rcad/hl/ipc10 s45:  22%|██▏       | 67/300 [08:36<30:02,  7.74s/ep][A

tin/rn18/rcad/hl/ipc10 s45:  23%|██▎       | 68/300 [08:43<29:47,  7.71s/ep][A

tin/rn18/rcad/hl/ipc10 s45:  23%|██▎       | 69/300 [08:51<29:45,  7.73s/ep][A

tin/rn18/rcad/hl/ipc10 s45:  23%|██▎       | 70/300 [08:59<29:28,  7.69s/ep][A

tin/rn18/rcad/hl/ipc10 s45:  24%|██▎       | 71/300 [09:06<29:26,  7.71s/ep][A

tin/rn18/rcad/hl/ipc10 s45:  24%|██▍       | 72/300 [09:14<29:21,  7.73s/ep][A

tin/rn18/rcad/hl/ipc10 s45:  24%|██▍       | 73/300 [09:22<29:08,  7.70s/ep][A

tin/rn18/rcad/hl/ipc10 s45:  25%|██▍       | 74/300 [09:30<28:57,  7.69s/ep][A

tin/rn18/rcad/hl/ipc10 s45:  25%|██▌       | 75/300 [09:37<28:57,  7.72s/ep][A

tin/rn18/rcad/hl/ipc10 s45:  25%|██▌       | 76/300 [09:45<28:40,  7.68s/ep][A

tin/rn18/rcad/hl/ipc10 s45:  26%|██▌       | 77/300 [09:53<28:38,  7.71s/ep][A

tin/rn18/rcad/hl/ipc10 s45:  26%|██▌       | 78/300 [10:00<28:28,  7.69s/ep][A

tin/rn18/rcad/hl/ipc10 s45:  26%|██▋       | 79/300 [10:08<28:23,  7.71s/ep][A

tin/rn18/rcad/hl/ipc10 s45:  27%|██▋       | 80/300 [10:16<28:30,  7.77s/ep][A

tin/rn18/rcad/hl/ipc10 s45:  27%|██▋       | 81/300 [10:23<27:58,  7.66s/ep][A

tin/rn18/rcad/hl/ipc10 s45:  27%|██▋       | 82/300 [10:31<27:57,  7.69s/ep][A

tin/rn18/rcad/hl/ipc10 s45:  28%|██▊       | 83/300 [10:39<27:59,  7.74s/ep][A

tin/rn18/rcad/hl/ipc10 s45:  28%|██▊       | 84/300 [10:47<28:04,  7.80s/ep][A

tin/rn18/rcad/hl/ipc10 s45:  28%|██▊       | 85/300 [10:55<27:40,  7.72s/ep][A

tin/rn18/rcad/hl/ipc10 s45:  29%|██▊       | 86/300 [11:02<27:35,  7.74s/ep][A

tin/rn18/rcad/hl/ipc10 s45:  29%|██▉       | 87/300 [11:10<27:19,  7.70s/ep][A

tin/rn18/rcad/hl/ipc10 s45:  29%|██▉       | 88/300 [11:17<26:44,  7.57s/ep][A

tin/rn18/rcad/hl/ipc10 s45:  30%|██▉       | 89/300 [11:25<26:47,  7.62s/ep][A

tin/rn18/rcad/hl/ipc10 s45:  30%|███       | 90/300 [11:32<26:33,  7.59s/ep][A

tin/rn18/rcad/hl/ipc10 s45:  30%|███       | 91/300 [11:40<26:39,  7.65s/ep][A

tin/rn18/rcad/hl/ipc10 s45:  31%|███       | 92/300 [11:48<26:40,  7.69s/ep][A

tin/rn18/rcad/hl/ipc10 s45:  31%|███       | 93/300 [11:56<26:22,  7.65s/ep][A

tin/rn18/rcad/hl/ipc10 s45:  31%|███▏      | 94/300 [12:03<26:20,  7.67s/ep][A

tin/rn18/rcad/hl/ipc10 s45:  32%|███▏      | 95/300 [12:11<26:19,  7.70s/ep][A

tin/rn18/rcad/hl/ipc10 s45:  32%|███▏      | 96/300 [12:19<26:20,  7.75s/ep][A

tin/rn18/rcad/hl/ipc10 s45:  32%|███▏      | 97/300 [12:27<26:15,  7.76s/ep][A

tin/rn18/rcad/hl/ipc10 s45:  33%|███▎      | 98/300 [12:34<25:57,  7.71s/ep][A

tin/rn18/rcad/hl/ipc10 s45:  33%|███▎      | 99/300 [12:42<25:44,  7.68s/ep][A

tin/rn18/rcad/hl/ipc10 s45:  33%|███▎      | 100/300 [12:50<25:52,  7.76s/ep][A

tin/rn18/rcad/hl/ipc10 s45:  34%|███▎      | 101/300 [12:58<25:49,  7.79s/ep][A

tin/rn18/rcad/hl/ipc10 s45:  34%|███▍      | 102/300 [13:05<25:39,  7.77s/ep][A

tin/rn18/rcad/hl/ipc10 s45:  34%|███▍      | 103/300 [13:13<25:11,  7.67s/ep][A

tin/rn18/rcad/hl/ipc10 s45:  35%|███▍      | 104/300 [13:21<25:06,  7.69s/ep][A

tin/rn18/rcad/hl/ipc10 s45:  35%|███▌      | 105/300 [13:28<25:03,  7.71s/ep][A

tin/rn18/rcad/hl/ipc10 s45:  35%|███▌      | 106/300 [13:36<24:48,  7.67s/ep][A

tin/rn18/rcad/hl/ipc10 s45:  36%|███▌      | 107/300 [13:44<24:33,  7.64s/ep][A

tin/rn18/rcad/hl/ipc10 s45:  36%|███▌      | 108/300 [13:51<24:31,  7.67s/ep][A

tin/rn18/rcad/hl/ipc10 s45:  36%|███▋      | 109/300 [13:59<24:27,  7.69s/ep][A

tin/rn18/rcad/hl/ipc10 s45:  37%|███▋      | 110/300 [14:07<24:21,  7.69s/ep][A

tin/rn18/rcad/hl/ipc10 s45:  37%|███▋      | 111/300 [14:14<24:17,  7.71s/ep][A

tin/rn18/rcad/hl/ipc10 s45:  37%|███▋      | 112/300 [14:22<24:02,  7.67s/ep][A

tin/rn18/rcad/hl/ipc10 s45:  38%|███▊      | 113/300 [14:30<24:00,  7.70s/ep][A

tin/rn18/rcad/hl/ipc10 s45:  38%|███▊      | 114/300 [14:38<23:57,  7.73s/ep][A

tin/rn18/rcad/hl/ipc10 s45:  38%|███▊      | 115/300 [14:45<23:42,  7.69s/ep][A

tin/rn18/rcad/hl/ipc10 s45:  39%|███▊      | 116/300 [14:53<23:27,  7.65s/ep][A

tin/rn18/rcad/hl/ipc10 s45:  39%|███▉      | 117/300 [15:00<23:15,  7.63s/ep][A

tin/rn18/rcad/hl/ipc10 s45:  39%|███▉      | 118/300 [15:08<23:20,  7.70s/ep][A

tin/rn18/rcad/hl/ipc10 s45:  40%|███▉      | 119/300 [15:16<23:17,  7.72s/ep][A

tin/rn18/rcad/hl/ipc10 s45:  40%|████      | 120/300 [15:23<22:58,  7.66s/ep][A

tin/rn18/rcad/hl/ipc10 s45:  40%|████      | 121/300 [15:31<22:48,  7.65s/ep][A

tin/rn18/rcad/hl/ipc10 s45:  41%|████      | 122/300 [15:39<22:59,  7.75s/ep][A

tin/rn18/rcad/hl/ipc10 s45:  41%|████      | 123/300 [15:47<22:53,  7.76s/ep][A

tin/rn18/rcad/hl/ipc10 s45:  41%|████▏     | 124/300 [15:55<22:42,  7.74s/ep][A

tin/rn18/rcad/hl/ipc10 s45:  42%|████▏     | 125/300 [16:02<22:38,  7.76s/ep][A

tin/rn18/rcad/hl/ipc10 s45:  42%|████▏     | 126/300 [16:10<22:26,  7.74s/ep][A

tin/rn18/rcad/hl/ipc10 s45:  42%|████▏     | 127/300 [16:18<22:20,  7.75s/ep][A

tin/rn18/rcad/hl/ipc10 s45:  43%|████▎     | 128/300 [16:26<22:12,  7.75s/ep][A

tin/rn18/rcad/hl/ipc10 s45:  43%|████▎     | 129/300 [16:33<22:03,  7.74s/ep][A

tin/rn18/rcad/hl/ipc10 s45:  43%|████▎     | 130/300 [16:41<21:38,  7.64s/ep][A

tin/rn18/rcad/hl/ipc10 s45:  44%|████▎     | 131/300 [16:48<21:31,  7.64s/ep][A

tin/rn18/rcad/hl/ipc10 s45:  44%|████▍     | 132/300 [16:56<21:25,  7.65s/ep][A

tin/rn18/rcad/hl/ipc10 s45:  44%|████▍     | 133/300 [17:04<21:25,  7.70s/ep][A

tin/rn18/rcad/hl/ipc10 s45:  45%|████▍     | 134/300 [17:11<21:12,  7.66s/ep][A

tin/rn18/rcad/hl/ipc10 s45:  45%|████▌     | 135/300 [17:19<21:02,  7.65s/ep][A

tin/rn18/rcad/hl/ipc10 s45:  45%|████▌     | 136/300 [17:27<20:58,  7.67s/ep][A

tin/rn18/rcad/hl/ipc10 s45:  46%|████▌     | 137/300 [17:35<20:57,  7.72s/ep][A

tin/rn18/rcad/hl/ipc10 s45:  46%|████▌     | 138/300 [17:42<20:51,  7.73s/ep][A

tin/rn18/rcad/hl/ipc10 s45:  46%|████▋     | 139/300 [17:50<20:28,  7.63s/ep][A

tin/rn18/rcad/hl/ipc10 s45:  47%|████▋     | 140/300 [17:58<20:28,  7.68s/ep][A

tin/rn18/rcad/hl/ipc10 s45:  47%|████▋     | 141/300 [18:05<20:23,  7.70s/ep][A

tin/rn18/rcad/hl/ipc10 s45:  47%|████▋     | 142/300 [18:13<20:18,  7.71s/ep][A

tin/rn18/rcad/hl/ipc10 s45:  48%|████▊     | 143/300 [18:20<19:51,  7.59s/ep][A

tin/rn18/rcad/hl/ipc10 s45:  48%|████▊     | 144/300 [18:28<20:00,  7.69s/ep][A

tin/rn18/rcad/hl/ipc10 s45:  48%|████▊     | 145/300 [18:36<19:56,  7.72s/ep][A

tin/rn18/rcad/hl/ipc10 s45:  49%|████▊     | 146/300 [18:44<19:49,  7.72s/ep][A

tin/rn18/rcad/hl/ipc10 s45:  49%|████▉     | 147/300 [18:51<19:37,  7.70s/ep][A

tin/rn18/rcad/hl/ipc10 s45:  49%|████▉     | 148/300 [18:59<19:36,  7.74s/ep][A

tin/rn18/rcad/hl/ipc10 s45:  50%|████▉     | 149/300 [19:07<19:20,  7.69s/ep][A

tin/rn18/rcad/hl/ipc10 s45:  50%|█████     | 150/300 [19:15<19:14,  7.70s/ep][A

tin/rn18/rcad/hl/ipc10 s45:  50%|█████     | 151/300 [19:22<19:13,  7.74s/ep][A

tin/rn18/rcad/hl/ipc10 s45:  51%|█████     | 152/300 [19:30<19:02,  7.72s/ep][A

tin/rn18/rcad/hl/ipc10 s45:  51%|█████     | 153/300 [19:38<18:45,  7.66s/ep][A

tin/rn18/rcad/hl/ipc10 s45:  51%|█████▏    | 154/300 [19:45<18:29,  7.60s/ep][A

tin/rn18/rcad/hl/ipc10 s45:  52%|█████▏    | 155/300 [19:52<18:16,  7.56s/ep][A

tin/rn18/rcad/hl/ipc10 s45:  52%|█████▏    | 156/300 [20:00<18:05,  7.54s/ep][A

tin/rn18/rcad/hl/ipc10 s45:  52%|█████▏    | 157/300 [20:08<17:59,  7.55s/ep][A

tin/rn18/rcad/hl/ipc10 s45:  53%|█████▎    | 158/300 [20:15<17:55,  7.57s/ep][A

tin/rn18/rcad/hl/ipc10 s45:  53%|█████▎    | 159/300 [20:23<17:54,  7.62s/ep][A

tin/rn18/rcad/hl/ipc10 s45:  53%|█████▎    | 160/300 [20:31<17:59,  7.71s/ep][A

tin/rn18/rcad/hl/ipc10 s45:  54%|█████▎    | 161/300 [20:39<17:56,  7.74s/ep][A

tin/rn18/rcad/hl/ipc10 s45:  54%|█████▍    | 162/300 [20:46<17:51,  7.76s/ep][A

tin/rn18/rcad/hl/ipc10 s45:  54%|█████▍    | 163/300 [20:54<17:41,  7.75s/ep][A

tin/rn18/rcad/hl/ipc10 s45:  55%|█████▍    | 164/300 [21:02<17:28,  7.71s/ep][A

tin/rn18/rcad/hl/ipc10 s45:  55%|█████▌    | 165/300 [21:09<17:18,  7.69s/ep][A

tin/rn18/rcad/hl/ipc10 s45:  55%|█████▌    | 166/300 [21:17<17:20,  7.77s/ep][A

tin/rn18/rcad/hl/ipc10 s45:  56%|█████▌    | 167/300 [21:25<17:05,  7.71s/ep][A

tin/rn18/rcad/hl/ipc10 s45:  56%|█████▌    | 168/300 [21:32<16:51,  7.66s/ep][A

tin/rn18/rcad/hl/ipc10 s45:  56%|█████▋    | 169/300 [21:40<16:51,  7.72s/ep][A

tin/rn18/rcad/hl/ipc10 s45:  57%|█████▋    | 170/300 [21:48<16:36,  7.66s/ep][A

tin/rn18/rcad/hl/ipc10 s45:  57%|█████▋    | 171/300 [21:56<16:27,  7.65s/ep][A

tin/rn18/rcad/hl/ipc10 s45:  57%|█████▋    | 172/300 [22:03<16:17,  7.63s/ep][A

tin/rn18/rcad/hl/ipc10 s45:  58%|█████▊    | 173/300 [22:11<16:08,  7.62s/ep][A

tin/rn18/rcad/hl/ipc10 s45:  58%|█████▊    | 174/300 [22:18<16:07,  7.68s/ep][A

tin/rn18/rcad/hl/ipc10 s45:  58%|█████▊    | 175/300 [22:26<16:03,  7.71s/ep][A

tin/rn18/rcad/hl/ipc10 s45:  59%|█████▊    | 176/300 [22:34<15:48,  7.65s/ep][A

tin/rn18/rcad/hl/ipc10 s45:  59%|█████▉    | 177/300 [22:42<15:44,  7.68s/ep][A

tin/rn18/rcad/hl/ipc10 s45:  59%|█████▉    | 178/300 [22:49<15:40,  7.71s/ep][A

tin/rn18/rcad/hl/ipc10 s45:  60%|█████▉    | 179/300 [22:57<15:35,  7.73s/ep][A

tin/rn18/rcad/hl/ipc10 s45:  60%|██████    | 180/300 [23:05<15:22,  7.68s/ep][A

tin/rn18/rcad/hl/ipc10 s45:  60%|██████    | 181/300 [23:12<15:14,  7.69s/ep][A

tin/rn18/rcad/hl/ipc10 s45:  61%|██████    | 182/300 [23:20<15:07,  7.69s/ep][A

tin/rn18/rcad/hl/ipc10 s45:  61%|██████    | 183/300 [23:28<14:58,  7.68s/ep][A

tin/rn18/rcad/hl/ipc10 s45:  61%|██████▏   | 184/300 [23:36<14:57,  7.74s/ep][A

tin/rn18/rcad/hl/ipc10 s45:  62%|██████▏   | 185/300 [23:43<14:44,  7.69s/ep][A

tin/rn18/rcad/hl/ipc10 s45:  62%|██████▏   | 186/300 [23:51<14:31,  7.64s/ep][A

tin/rn18/rcad/hl/ipc10 s45:  62%|██████▏   | 187/300 [23:59<14:29,  7.70s/ep][A

tin/rn18/rcad/hl/ipc10 s45:  63%|██████▎   | 188/300 [24:06<14:14,  7.63s/ep][A

tin/rn18/rcad/hl/ipc10 s45:  63%|██████▎   | 189/300 [24:14<14:06,  7.63s/ep][A

tin/rn18/rcad/hl/ipc10 s45:  63%|██████▎   | 190/300 [24:21<14:06,  7.69s/ep][A

tin/rn18/rcad/hl/ipc10 s45:  64%|██████▎   | 191/300 [24:29<13:57,  7.68s/ep][A

tin/rn18/rcad/hl/ipc10 s45:  64%|██████▍   | 192/300 [24:37<13:53,  7.72s/ep][A

tin/rn18/rcad/hl/ipc10 s45:  64%|██████▍   | 193/300 [24:45<13:44,  7.70s/ep][A

tin/rn18/rcad/hl/ipc10 s45:  65%|██████▍   | 194/300 [24:52<13:32,  7.67s/ep][A

tin/rn18/rcad/hl/ipc10 s45:  65%|██████▌   | 195/300 [25:00<13:28,  7.70s/ep][A

tin/rn18/rcad/hl/ipc10 s45:  65%|██████▌   | 196/300 [25:08<13:17,  7.67s/ep][A

tin/rn18/rcad/hl/ipc10 s45:  66%|██████▌   | 197/300 [25:15<13:08,  7.66s/ep][A

tin/rn18/rcad/hl/ipc10 s45:  66%|██████▌   | 198/300 [25:23<13:06,  7.71s/ep][A

tin/rn18/rcad/hl/ipc10 s45:  66%|██████▋   | 199/300 [25:31<13:00,  7.73s/ep][A

tin/rn18/rcad/hl/ipc10 s45:  67%|██████▋   | 200/300 [25:39<12:53,  7.73s/ep][A

tin/rn18/rcad/hl/ipc10 s45:  67%|██████▋   | 201/300 [25:46<12:45,  7.73s/ep][A

tin/rn18/rcad/hl/ipc10 s45:  67%|██████▋   | 202/300 [25:54<12:33,  7.69s/ep][A

tin/rn18/rcad/hl/ipc10 s45:  68%|██████▊   | 203/300 [26:02<12:28,  7.71s/ep][A

tin/rn18/rcad/hl/ipc10 s45:  68%|██████▊   | 204/300 [26:09<12:22,  7.73s/ep][A

tin/rn18/rcad/hl/ipc10 s45:  68%|██████▊   | 205/300 [26:17<12:18,  7.78s/ep][A

tin/rn18/rcad/hl/ipc10 s45:  69%|██████▊   | 206/300 [26:25<12:11,  7.78s/ep][A

tin/rn18/rcad/hl/ipc10 s45:  69%|██████▉   | 207/300 [26:33<12:06,  7.81s/ep][A

tin/rn18/rcad/hl/ipc10 s45:  69%|██████▉   | 208/300 [26:41<11:57,  7.80s/ep][A

tin/rn18/rcad/hl/ipc10 s45:  70%|██████▉   | 209/300 [26:48<11:38,  7.68s/ep][A

tin/rn18/rcad/hl/ipc10 s45:  70%|███████   | 210/300 [26:56<11:28,  7.65s/ep][A

tin/rn18/rcad/hl/ipc10 s45:  70%|███████   | 211/300 [27:03<11:25,  7.70s/ep][A

tin/rn18/rcad/hl/ipc10 s45:  71%|███████   | 212/300 [27:11<11:18,  7.71s/ep][A

tin/rn18/rcad/hl/ipc10 s45:  71%|███████   | 213/300 [27:19<11:08,  7.69s/ep][A

tin/rn18/rcad/hl/ipc10 s45:  71%|███████▏  | 214/300 [27:26<10:56,  7.64s/ep][A

tin/rn18/rcad/hl/ipc10 s45:  72%|███████▏  | 215/300 [27:34<10:41,  7.55s/ep][A

tin/rn18/rcad/hl/ipc10 s45:  72%|███████▏  | 216/300 [27:41<10:37,  7.59s/ep][A

tin/rn18/rcad/hl/ipc10 s45:  72%|███████▏  | 217/300 [27:49<10:37,  7.69s/ep][A

tin/rn18/rcad/hl/ipc10 s45:  73%|███████▎  | 218/300 [27:57<10:33,  7.72s/ep][A

tin/rn18/rcad/hl/ipc10 s45:  73%|███████▎  | 219/300 [28:05<10:29,  7.77s/ep][A

tin/rn18/rcad/hl/ipc10 s45:  73%|███████▎  | 220/300 [28:13<10:23,  7.80s/ep][A

tin/rn18/rcad/hl/ipc10 s45:  74%|███████▎  | 221/300 [28:21<10:17,  7.81s/ep][A

tin/rn18/rcad/hl/ipc10 s45:  74%|███████▍  | 222/300 [28:28<10:02,  7.73s/ep][A

tin/rn18/rcad/hl/ipc10 s45:  74%|███████▍  | 223/300 [28:36<09:51,  7.68s/ep][A

tin/rn18/rcad/hl/ipc10 s45:  75%|███████▍  | 224/300 [28:43<09:39,  7.63s/ep][A

tin/rn18/rcad/hl/ipc10 s45:  75%|███████▌  | 225/300 [28:51<09:35,  7.67s/ep][A

tin/rn18/rcad/hl/ipc10 s45:  75%|███████▌  | 226/300 [28:59<09:28,  7.69s/ep][A

tin/rn18/rcad/hl/ipc10 s45:  76%|███████▌  | 227/300 [29:06<09:18,  7.66s/ep][A

tin/rn18/rcad/hl/ipc10 s45:  76%|███████▌  | 228/300 [29:14<09:14,  7.70s/ep][A

tin/rn18/rcad/hl/ipc10 s45:  76%|███████▋  | 229/300 [29:22<09:08,  7.72s/ep][A

tin/rn18/rcad/hl/ipc10 s45:  77%|███████▋  | 230/300 [29:30<08:59,  7.70s/ep][A

tin/rn18/rcad/hl/ipc10 s45:  77%|███████▋  | 231/300 [29:37<08:49,  7.67s/ep][A

tin/rn18/rcad/hl/ipc10 s45:  77%|███████▋  | 232/300 [29:45<08:46,  7.74s/ep][A

tin/rn18/rcad/hl/ipc10 s45:  78%|███████▊  | 233/300 [29:53<08:37,  7.72s/ep][A

tin/rn18/rcad/hl/ipc10 s45:  78%|███████▊  | 234/300 [30:01<08:31,  7.75s/ep][A

tin/rn18/rcad/hl/ipc10 s45:  78%|███████▊  | 235/300 [30:09<08:27,  7.80s/ep][A

tin/rn18/rcad/hl/ipc10 s45:  79%|███████▊  | 236/300 [30:16<08:14,  7.73s/ep][A

tin/rn18/rcad/hl/ipc10 s45:  79%|███████▉  | 237/300 [30:24<08:09,  7.76s/ep][A

tin/rn18/rcad/hl/ipc10 s45:  79%|███████▉  | 238/300 [30:32<08:01,  7.77s/ep][A

tin/rn18/rcad/hl/ipc10 s45:  80%|███████▉  | 239/300 [30:40<07:55,  7.80s/ep][A

tin/rn18/rcad/hl/ipc10 s45:  80%|████████  | 240/300 [30:48<07:49,  7.82s/ep][A

tin/rn18/rcad/hl/ipc10 s45:  80%|████████  | 241/300 [30:55<07:37,  7.75s/ep][A

tin/rn18/rcad/hl/ipc10 s45:  81%|████████  | 242/300 [31:03<07:26,  7.69s/ep][A

tin/rn18/rcad/hl/ipc10 s45:  81%|████████  | 243/300 [31:10<07:17,  7.68s/ep][A

tin/rn18/rcad/hl/ipc10 s45:  81%|████████▏ | 244/300 [31:18<07:05,  7.61s/ep][A

tin/rn18/rcad/hl/ipc10 s45:  82%|████████▏ | 245/300 [31:26<07:02,  7.69s/ep][A

tin/rn18/rcad/hl/ipc10 s45:  82%|████████▏ | 246/300 [31:33<06:53,  7.65s/ep][A

tin/rn18/rcad/hl/ipc10 s45:  82%|████████▏ | 247/300 [31:41<06:47,  7.69s/ep][A

tin/rn18/rcad/hl/ipc10 s45:  83%|████████▎ | 248/300 [31:49<06:39,  7.69s/ep][A

tin/rn18/rcad/hl/ipc10 s45:  83%|████████▎ | 249/300 [31:57<06:35,  7.75s/ep][A

tin/rn18/rcad/hl/ipc10 s45:  83%|████████▎ | 250/300 [32:04<06:28,  7.78s/ep][A

tin/rn18/rcad/hl/ipc10 s45:  84%|████████▎ | 251/300 [32:12<06:17,  7.70s/ep][A

tin/rn18/rcad/hl/ipc10 s45:  84%|████████▍ | 252/300 [32:19<06:04,  7.59s/ep][A

tin/rn18/rcad/hl/ipc10 s45:  84%|████████▍ | 253/300 [32:27<05:58,  7.62s/ep][A

tin/rn18/rcad/hl/ipc10 s45:  85%|████████▍ | 254/300 [32:34<05:48,  7.58s/ep][A

tin/rn18/rcad/hl/ipc10 s45:  85%|████████▌ | 255/300 [32:42<05:40,  7.58s/ep][A

tin/rn18/rcad/hl/ipc10 s45:  85%|████████▌ | 256/300 [32:50<05:35,  7.63s/ep][A

tin/rn18/rcad/hl/ipc10 s45:  86%|████████▌ | 257/300 [32:57<05:29,  7.65s/ep][A

tin/rn18/rcad/hl/ipc10 s45:  86%|████████▌ | 258/300 [33:05<05:20,  7.64s/ep][A

tin/rn18/rcad/hl/ipc10 s45:  86%|████████▋ | 259/300 [33:13<05:13,  7.65s/ep][A

tin/rn18/rcad/hl/ipc10 s45:  87%|████████▋ | 260/300 [33:21<05:07,  7.69s/ep][A

tin/rn18/rcad/hl/ipc10 s45:  87%|████████▋ | 261/300 [33:28<04:58,  7.65s/ep][A

tin/rn18/rcad/hl/ipc10 s45:  87%|████████▋ | 262/300 [33:36<04:52,  7.70s/ep][A

tin/rn18/rcad/hl/ipc10 s45:  88%|████████▊ | 263/300 [33:44<04:47,  7.76s/ep][A

tin/rn18/rcad/hl/ipc10 s45:  88%|████████▊ | 264/300 [33:51<04:35,  7.65s/ep][A

tin/rn18/rcad/hl/ipc10 s45:  88%|████████▊ | 265/300 [33:59<04:28,  7.66s/ep][A

tin/rn18/rcad/hl/ipc10 s45:  89%|████████▊ | 266/300 [34:07<04:21,  7.70s/ep][A

tin/rn18/rcad/hl/ipc10 s45:  89%|████████▉ | 267/300 [34:14<04:14,  7.72s/ep][A

tin/rn18/rcad/hl/ipc10 s45:  89%|████████▉ | 268/300 [34:22<04:06,  7.71s/ep][A

tin/rn18/rcad/hl/ipc10 s45:  90%|████████▉ | 269/300 [34:30<03:59,  7.73s/ep][A

tin/rn18/rcad/hl/ipc10 s45:  90%|█████████ | 270/300 [34:38<03:52,  7.74s/ep][A

tin/rn18/rcad/hl/ipc10 s45:  90%|█████████ | 271/300 [34:45<03:44,  7.76s/ep][A

tin/rn18/rcad/hl/ipc10 s45:  91%|█████████ | 272/300 [34:53<03:36,  7.74s/ep][A

tin/rn18/rcad/hl/ipc10 s45:  91%|█████████ | 273/300 [35:01<03:28,  7.72s/ep][A

tin/rn18/rcad/hl/ipc10 s45:  91%|█████████▏| 274/300 [35:09<03:20,  7.71s/ep][A

tin/rn18/rcad/hl/ipc10 s45:  92%|█████████▏| 275/300 [35:16<03:13,  7.72s/ep][A

tin/rn18/rcad/hl/ipc10 s45:  92%|█████████▏| 276/300 [35:24<03:05,  7.72s/ep][A

tin/rn18/rcad/hl/ipc10 s45:  92%|█████████▏| 277/300 [35:32<02:58,  7.74s/ep][A

tin/rn18/rcad/hl/ipc10 s45:  93%|█████████▎| 278/300 [35:40<02:50,  7.76s/ep][A

tin/rn18/rcad/hl/ipc10 s45:  93%|█████████▎| 279/300 [35:47<02:43,  7.77s/ep][A

tin/rn18/rcad/hl/ipc10 s45:  93%|█████████▎| 280/300 [35:55<02:35,  7.80s/ep][A

tin/rn18/rcad/hl/ipc10 s45:  94%|█████████▎| 281/300 [36:03<02:28,  7.82s/ep][A

tin/rn18/rcad/hl/ipc10 s45:  94%|█████████▍| 282/300 [36:11<02:19,  7.77s/ep][A

tin/rn18/rcad/hl/ipc10 s45:  94%|█████████▍| 283/300 [36:19<02:12,  7.77s/ep][A

tin/rn18/rcad/hl/ipc10 s45:  95%|█████████▍| 284/300 [36:26<02:04,  7.76s/ep][A

tin/rn18/rcad/hl/ipc10 s45:  95%|█████████▌| 285/300 [36:34<01:55,  7.73s/ep][A

tin/rn18/rcad/hl/ipc10 s45:  95%|█████████▌| 286/300 [36:41<01:47,  7.65s/ep][A

tin/rn18/rcad/hl/ipc10 s45:  96%|█████████▌| 287/300 [36:49<01:40,  7.70s/ep][A

tin/rn18/rcad/hl/ipc10 s45:  96%|█████████▌| 288/300 [36:57<01:31,  7.65s/ep][A

tin/rn18/rcad/hl/ipc10 s45:  96%|█████████▋| 289/300 [37:04<01:24,  7.65s/ep][A

tin/rn18/rcad/hl/ipc10 s45:  97%|█████████▋| 290/300 [37:12<01:17,  7.74s/ep][A

tin/rn18/rcad/hl/ipc10 s45:  97%|█████████▋| 291/300 [37:20<01:09,  7.75s/ep][A

tin/rn18/rcad/hl/ipc10 s45:  97%|█████████▋| 292/300 [37:28<01:02,  7.76s/ep][A

tin/rn18/rcad/hl/ipc10 s45:  98%|█████████▊| 293/300 [37:36<00:54,  7.76s/ep][A

tin/rn18/rcad/hl/ipc10 s45:  98%|█████████▊| 294/300 [37:43<00:46,  7.74s/ep][A

tin/rn18/rcad/hl/ipc10 s45:  98%|█████████▊| 295/300 [37:51<00:38,  7.73s/ep][A

tin/rn18/rcad/hl/ipc10 s45:  99%|█████████▊| 296/300 [37:59<00:30,  7.74s/ep][A

tin/rn18/rcad/hl/ipc10 s45:  99%|█████████▉| 297/300 [38:06<00:23,  7.69s/ep][A

tin/rn18/rcad/hl/ipc10 s45:  99%|█████████▉| 298/300 [38:14<00:15,  7.69s/ep][A

tin/rn18/rcad/hl/ipc10 s45: 100%|█████████▉| 299/300 [38:22<00:07,  7.76s/ep][A

tin/rn18/rcad/hl/ipc10 s45: 100%|██████████| 300/300 [38:30<00:00,  7.82s/ep][A

                                                                             [A[cell] tin/rn18/rcad/hl/ipc10 seed45: 6.79%  (2323s)


tin/rn18/rcad/hl/ipc10 s46:   0%|          | 0/300 [00:00<?, ?ep/s][A

tin/rn18/rcad/hl/ipc10 s46:   0%|          | 1/300 [00:06<34:45,  6.98s/ep][A

tin/rn18/rcad/hl/ipc10 s46:   1%|          | 2/300 [00:14<37:10,  7.49s/ep][A

tin/rn18/rcad/hl/ipc10 s46:   1%|          | 3/300 [00:22<37:52,  7.65s/ep][A

tin/rn18/rcad/hl/ipc10 s46:   1%|▏         | 4/300 [00:30<37:32,  7.61s/ep][A

tin/rn18/rcad/hl/ipc10 s46:   2%|▏         | 5/300 [00:37<37:30,  7.63s/ep][A

tin/rn18/rcad/hl/ipc10 s46:   2%|▏         | 6/300 [00:45<37:17,  7.61s/ep][A

tin/rn18/rcad/hl/ipc10 s46:   2%|▏         | 7/300 [00:53<37:38,  7.71s/ep][A

tin/rn18/rcad/hl/ipc10 s46:   3%|▎         | 8/300 [01:01<37:40,  7.74s/ep][A

tin/rn18/rcad/hl/ipc10 s46:   3%|▎         | 9/300 [01:08<37:34,  7.75s/ep][A

tin/rn18/rcad/hl/ipc10 s46:   3%|▎         | 10/300 [01:16<37:38,  7.79s/ep][A

tin/rn18/rcad/hl/ipc10 s46:   4%|▎         | 11/300 [01:24<37:27,  7.78s/ep][A

tin/rn18/rcad/hl/ipc10 s46:   4%|▍         | 12/300 [01:32<37:12,  7.75s/ep][A

tin/rn18/rcad/hl/ipc10 s46:   4%|▍         | 13/300 [01:39<36:48,  7.69s/ep][A

tin/rn18/rcad/hl/ipc10 s46:   5%|▍         | 14/300 [01:47<37:01,  7.77s/ep][A

tin/rn18/rcad/hl/ipc10 s46:   5%|▌         | 15/300 [01:55<36:26,  7.67s/ep][A

tin/rn18/rcad/hl/ipc10 s46:   5%|▌         | 16/300 [02:02<36:10,  7.64s/ep][A

tin/rn18/rcad/hl/ipc10 s46:   6%|▌         | 17/300 [02:10<36:20,  7.70s/ep][A

tin/rn18/rcad/hl/ipc10 s46:   6%|▌         | 18/300 [02:18<36:11,  7.70s/ep][A

tin/rn18/rcad/hl/ipc10 s46:   6%|▋         | 19/300 [02:25<36:02,  7.69s/ep][A

tin/rn18/rcad/hl/ipc10 s46:   7%|▋         | 20/300 [02:33<35:54,  7.69s/ep][A

tin/rn18/rcad/hl/ipc10 s46:   7%|▋         | 21/300 [02:41<35:45,  7.69s/ep][A

tin/rn18/rcad/hl/ipc10 s46:   7%|▋         | 22/300 [02:48<35:26,  7.65s/ep][A

tin/rn18/rcad/hl/ipc10 s46:   8%|▊         | 23/300 [02:56<35:42,  7.73s/ep][A

tin/rn18/rcad/hl/ipc10 s46:   8%|▊         | 24/300 [03:04<35:36,  7.74s/ep][A

tin/rn18/rcad/hl/ipc10 s46:   8%|▊         | 25/300 [03:12<35:31,  7.75s/ep][A

tin/rn18/rcad/hl/ipc10 s46:   9%|▊         | 26/300 [03:20<35:14,  7.72s/ep][A

tin/rn18/rcad/hl/ipc10 s46:   9%|▉         | 27/300 [03:27<35:08,  7.72s/ep][A

tin/rn18/rcad/hl/ipc10 s46:   9%|▉         | 28/300 [03:35<35:07,  7.75s/ep][A

tin/rn18/rcad/hl/ipc10 s46:  10%|▉         | 29/300 [03:43<34:55,  7.73s/ep][A

tin/rn18/rcad/hl/ipc10 s46:  10%|█         | 30/300 [03:51<34:47,  7.73s/ep][A

tin/rn18/rcad/hl/ipc10 s46:  10%|█         | 31/300 [03:58<34:43,  7.75s/ep][A

tin/rn18/rcad/hl/ipc10 s46:  11%|█         | 32/300 [04:06<34:41,  7.77s/ep][A

tin/rn18/rcad/hl/ipc10 s46:  11%|█         | 33/300 [04:14<34:43,  7.80s/ep][A

tin/rn18/rcad/hl/ipc10 s46:  11%|█▏        | 34/300 [04:22<34:24,  7.76s/ep][A

tin/rn18/rcad/hl/ipc10 s46:  12%|█▏        | 35/300 [04:29<33:53,  7.67s/ep][A

tin/rn18/rcad/hl/ipc10 s46:  12%|█▏        | 36/300 [04:37<34:00,  7.73s/ep][A

tin/rn18/rcad/hl/ipc10 s46:  12%|█▏        | 37/300 [04:45<33:52,  7.73s/ep][A

tin/rn18/rcad/hl/ipc10 s46:  13%|█▎        | 38/300 [04:52<33:32,  7.68s/ep][A

tin/rn18/rcad/hl/ipc10 s46:  13%|█▎        | 39/300 [05:00<33:31,  7.71s/ep][A

tin/rn18/rcad/hl/ipc10 s46:  13%|█▎        | 40/300 [05:08<33:29,  7.73s/ep][A

tin/rn18/rcad/hl/ipc10 s46:  14%|█▎        | 41/300 [05:15<33:11,  7.69s/ep][A

tin/rn18/rcad/hl/ipc10 s46:  14%|█▍        | 42/300 [05:23<33:07,  7.70s/ep][A

tin/rn18/rcad/hl/ipc10 s46:  14%|█▍        | 43/300 [05:31<33:08,  7.74s/ep][A

tin/rn18/rcad/hl/ipc10 s46:  15%|█▍        | 44/300 [05:39<33:05,  7.75s/ep][A

tin/rn18/rcad/hl/ipc10 s46:  15%|█▌        | 45/300 [05:47<33:03,  7.78s/ep][A

tin/rn18/rcad/hl/ipc10 s46:  15%|█▌        | 46/300 [05:54<32:59,  7.79s/ep][A

tin/rn18/rcad/hl/ipc10 s46:  16%|█▌        | 47/300 [06:02<32:39,  7.75s/ep][A

tin/rn18/rcad/hl/ipc10 s46:  16%|█▌        | 48/300 [06:10<32:38,  7.77s/ep][A

tin/rn18/rcad/hl/ipc10 s46:  16%|█▋        | 49/300 [06:18<32:19,  7.73s/ep][A

tin/rn18/rcad/hl/ipc10 s46:  17%|█▋        | 50/300 [06:25<32:28,  7.79s/ep][A

tin/rn18/rcad/hl/ipc10 s46:  17%|█▋        | 51/300 [06:33<32:20,  7.79s/ep][A

tin/rn18/rcad/hl/ipc10 s46:  17%|█▋        | 52/300 [06:41<32:01,  7.75s/ep][A

tin/rn18/rcad/hl/ipc10 s46:  18%|█▊        | 53/300 [06:49<31:58,  7.77s/ep][A

tin/rn18/rcad/hl/ipc10 s46:  18%|█▊        | 54/300 [06:56<31:35,  7.70s/ep][A

tin/rn18/rcad/hl/ipc10 s46:  18%|█▊        | 55/300 [07:04<31:41,  7.76s/ep][A

tin/rn18/rcad/hl/ipc10 s46:  19%|█▊        | 56/300 [07:12<31:27,  7.73s/ep][A

tin/rn18/rcad/hl/ipc10 s46:  19%|█▉        | 57/300 [07:20<31:25,  7.76s/ep][A

tin/rn18/rcad/hl/ipc10 s46:  19%|█▉        | 58/300 [07:27<31:10,  7.73s/ep][A

tin/rn18/rcad/hl/ipc10 s46:  20%|█▉        | 59/300 [07:35<31:07,  7.75s/ep][A

tin/rn18/rcad/hl/ipc10 s46:  20%|██        | 60/300 [07:43<30:37,  7.66s/ep][A

tin/rn18/rcad/hl/ipc10 s46:  20%|██        | 61/300 [07:50<30:42,  7.71s/ep][A

tin/rn18/rcad/hl/ipc10 s46:  21%|██        | 62/300 [07:58<30:32,  7.70s/ep][A

tin/rn18/rcad/hl/ipc10 s46:  21%|██        | 63/300 [08:06<30:20,  7.68s/ep][A

tin/rn18/rcad/hl/ipc10 s46:  21%|██▏       | 64/300 [08:13<30:05,  7.65s/ep][A

tin/rn18/rcad/hl/ipc10 s46:  22%|██▏       | 65/300 [08:21<30:00,  7.66s/ep][A

tin/rn18/rcad/hl/ipc10 s46:  22%|██▏       | 66/300 [08:29<30:16,  7.76s/ep][A

tin/rn18/rcad/hl/ipc10 s46:  22%|██▏       | 67/300 [08:37<29:56,  7.71s/ep][A

tin/rn18/rcad/hl/ipc10 s46:  23%|██▎       | 68/300 [08:45<30:09,  7.80s/ep][A

tin/rn18/rcad/hl/ipc10 s46:  23%|██▎       | 69/300 [08:52<29:56,  7.78s/ep][A

tin/rn18/rcad/hl/ipc10 s46:  23%|██▎       | 70/300 [09:00<29:39,  7.73s/ep][A

tin/rn18/rcad/hl/ipc10 s46:  24%|██▎       | 71/300 [09:08<29:38,  7.77s/ep][A

tin/rn18/rcad/hl/ipc10 s46:  24%|██▍       | 72/300 [09:16<29:38,  7.80s/ep][A

tin/rn18/rcad/hl/ipc10 s46:  24%|██▍       | 73/300 [09:23<29:17,  7.74s/ep][A

tin/rn18/rcad/hl/ipc10 s46:  25%|██▍       | 74/300 [09:31<29:02,  7.71s/ep][A

tin/rn18/rcad/hl/ipc10 s46:  25%|██▌       | 75/300 [09:39<29:01,  7.74s/ep][A

tin/rn18/rcad/hl/ipc10 s46:  25%|██▌       | 76/300 [09:46<28:30,  7.64s/ep][A

tin/rn18/rcad/hl/ipc10 s46:  26%|██▌       | 77/300 [09:54<28:29,  7.66s/ep][A

tin/rn18/rcad/hl/ipc10 s46:  26%|██▌       | 78/300 [10:02<28:37,  7.74s/ep][A

tin/rn18/rcad/hl/ipc10 s46:  26%|██▋       | 79/300 [10:09<28:25,  7.72s/ep][A

tin/rn18/rcad/hl/ipc10 s46:  27%|██▋       | 80/300 [10:17<28:28,  7.77s/ep][A

tin/rn18/rcad/hl/ipc10 s46:  27%|██▋       | 81/300 [10:25<28:08,  7.71s/ep][A

tin/rn18/rcad/hl/ipc10 s46:  27%|██▋       | 82/300 [10:33<28:06,  7.74s/ep][A

tin/rn18/rcad/hl/ipc10 s46:  28%|██▊       | 83/300 [10:40<28:03,  7.76s/ep][A

tin/rn18/rcad/hl/ipc10 s46:  28%|██▊       | 84/300 [10:48<28:05,  7.80s/ep][A

tin/rn18/rcad/hl/ipc10 s46:  28%|██▊       | 85/300 [10:56<27:47,  7.76s/ep][A

tin/rn18/rcad/hl/ipc10 s46:  29%|██▊       | 86/300 [11:04<27:38,  7.75s/ep][A

tin/rn18/rcad/hl/ipc10 s46:  29%|██▉       | 87/300 [11:11<27:23,  7.72s/ep][A

tin/rn18/rcad/hl/ipc10 s46:  29%|██▉       | 88/300 [11:19<27:25,  7.76s/ep][A

tin/rn18/rcad/hl/ipc10 s46:  30%|██▉       | 89/300 [11:27<27:26,  7.80s/ep][A

tin/rn18/rcad/hl/ipc10 s46:  30%|███       | 90/300 [11:35<27:17,  7.80s/ep][A

tin/rn18/rcad/hl/ipc10 s46:  30%|███       | 91/300 [11:43<27:05,  7.78s/ep][A

tin/rn18/rcad/hl/ipc10 s46:  31%|███       | 92/300 [11:50<26:31,  7.65s/ep][A

tin/rn18/rcad/hl/ipc10 s46:  31%|███       | 93/300 [11:58<26:32,  7.70s/ep][A

tin/rn18/rcad/hl/ipc10 s46:  31%|███▏      | 94/300 [12:05<26:00,  7.57s/ep][A

tin/rn18/rcad/hl/ipc10 s46:  32%|███▏      | 95/300 [12:13<25:55,  7.59s/ep][A

tin/rn18/rcad/hl/ipc10 s46:  32%|███▏      | 96/300 [12:20<25:47,  7.59s/ep][A

tin/rn18/rcad/hl/ipc10 s46:  32%|███▏      | 97/300 [12:28<25:44,  7.61s/ep][A

tin/rn18/rcad/hl/ipc10 s46:  33%|███▎      | 98/300 [12:36<25:43,  7.64s/ep][A

tin/rn18/rcad/hl/ipc10 s46:  33%|███▎      | 99/300 [12:43<25:42,  7.67s/ep][A

tin/rn18/rcad/hl/ipc10 s46:  33%|███▎      | 100/300 [12:51<25:43,  7.72s/ep][A

tin/rn18/rcad/hl/ipc10 s46:  34%|███▎      | 101/300 [12:59<25:40,  7.74s/ep][A

tin/rn18/rcad/hl/ipc10 s46:  34%|███▍      | 102/300 [13:07<25:25,  7.70s/ep][A

tin/rn18/rcad/hl/ipc10 s46:  34%|███▍      | 103/300 [13:14<25:20,  7.72s/ep][A

tin/rn18/rcad/hl/ipc10 s46:  35%|███▍      | 104/300 [13:22<25:16,  7.74s/ep][A

tin/rn18/rcad/hl/ipc10 s46:  35%|███▌      | 105/300 [13:30<25:11,  7.75s/ep][A

tin/rn18/rcad/hl/ipc10 s46:  35%|███▌      | 106/300 [13:37<24:47,  7.67s/ep][A

tin/rn18/rcad/hl/ipc10 s46:  36%|███▌      | 107/300 [13:45<24:42,  7.68s/ep][A

tin/rn18/rcad/hl/ipc10 s46:  36%|███▌      | 108/300 [13:53<24:31,  7.66s/ep][A

tin/rn18/rcad/hl/ipc10 s46:  36%|███▋      | 109/300 [14:01<24:25,  7.67s/ep][A

tin/rn18/rcad/hl/ipc10 s46:  37%|███▋      | 110/300 [14:08<24:05,  7.61s/ep][A

tin/rn18/rcad/hl/ipc10 s46:  37%|███▋      | 111/300 [14:16<24:08,  7.66s/ep][A

tin/rn18/rcad/hl/ipc10 s46:  37%|███▋      | 112/300 [14:23<23:54,  7.63s/ep][A

tin/rn18/rcad/hl/ipc10 s46:  38%|███▊      | 113/300 [14:31<23:42,  7.60s/ep][A

tin/rn18/rcad/hl/ipc10 s46:  38%|███▊      | 114/300 [14:39<23:45,  7.66s/ep][A

tin/rn18/rcad/hl/ipc10 s46:  38%|███▊      | 115/300 [14:46<23:46,  7.71s/ep][A

tin/rn18/rcad/hl/ipc10 s46:  39%|███▊      | 116/300 [14:54<23:38,  7.71s/ep][A

tin/rn18/rcad/hl/ipc10 s46:  39%|███▉      | 117/300 [15:01<23:07,  7.58s/ep][A

tin/rn18/rcad/hl/ipc10 s46:  39%|███▉      | 118/300 [15:09<23:15,  7.67s/ep][A

tin/rn18/rcad/hl/ipc10 s46:  40%|███▉      | 119/300 [15:17<23:05,  7.66s/ep][A

tin/rn18/rcad/hl/ipc10 s46:  40%|████      | 120/300 [15:25<23:16,  7.76s/ep][A

tin/rn18/rcad/hl/ipc10 s46:  40%|████      | 121/300 [15:33<22:57,  7.70s/ep][A

tin/rn18/rcad/hl/ipc10 s46:  41%|████      | 122/300 [15:40<22:52,  7.71s/ep][A

tin/rn18/rcad/hl/ipc10 s46:  41%|████      | 123/300 [15:48<22:38,  7.67s/ep][A

tin/rn18/rcad/hl/ipc10 s46:  41%|████▏     | 124/300 [15:56<22:35,  7.70s/ep][A

tin/rn18/rcad/hl/ipc10 s46:  42%|████▏     | 125/300 [16:03<22:27,  7.70s/ep][A

tin/rn18/rcad/hl/ipc10 s46:  42%|████▏     | 126/300 [16:11<22:19,  7.70s/ep][A

tin/rn18/rcad/hl/ipc10 s46:  42%|████▏     | 127/300 [16:19<22:15,  7.72s/ep][A

tin/rn18/rcad/hl/ipc10 s46:  43%|████▎     | 128/300 [16:27<22:10,  7.73s/ep][A

tin/rn18/rcad/hl/ipc10 s46:  43%|████▎     | 129/300 [16:34<22:06,  7.76s/ep][A

tin/rn18/rcad/hl/ipc10 s46:  43%|████▎     | 130/300 [16:42<21:58,  7.76s/ep][A

tin/rn18/rcad/hl/ipc10 s46:  44%|████▎     | 131/300 [16:50<21:39,  7.69s/ep][A

tin/rn18/rcad/hl/ipc10 s46:  44%|████▍     | 132/300 [16:57<21:35,  7.71s/ep][A

tin/rn18/rcad/hl/ipc10 s46:  44%|████▍     | 133/300 [17:05<21:26,  7.70s/ep][A

tin/rn18/rcad/hl/ipc10 s46:  45%|████▍     | 134/300 [17:13<21:24,  7.74s/ep][A

tin/rn18/rcad/hl/ipc10 s46:  45%|████▌     | 135/300 [17:20<21:04,  7.67s/ep][A

tin/rn18/rcad/hl/ipc10 s46:  45%|████▌     | 136/300 [17:28<20:48,  7.61s/ep][A

tin/rn18/rcad/hl/ipc10 s46:  46%|████▌     | 137/300 [17:36<20:42,  7.62s/ep][A

tin/rn18/rcad/hl/ipc10 s46:  46%|████▌     | 138/300 [17:43<20:23,  7.55s/ep][A

tin/rn18/rcad/hl/ipc10 s46:  46%|████▋     | 139/300 [17:51<20:27,  7.63s/ep][A

tin/rn18/rcad/hl/ipc10 s46:  47%|████▋     | 140/300 [17:58<20:16,  7.60s/ep][A

tin/rn18/rcad/hl/ipc10 s46:  47%|████▋     | 141/300 [18:06<20:18,  7.66s/ep][A

tin/rn18/rcad/hl/ipc10 s46:  47%|████▋     | 142/300 [18:14<20:16,  7.70s/ep][A

tin/rn18/rcad/hl/ipc10 s46:  48%|████▊     | 143/300 [18:22<20:12,  7.72s/ep][A

tin/rn18/rcad/hl/ipc10 s46:  48%|████▊     | 144/300 [18:29<19:59,  7.69s/ep][A

tin/rn18/rcad/hl/ipc10 s46:  48%|████▊     | 145/300 [18:37<20:01,  7.75s/ep][A

tin/rn18/rcad/hl/ipc10 s46:  49%|████▊     | 146/300 [18:45<19:50,  7.73s/ep][A

tin/rn18/rcad/hl/ipc10 s46:  49%|████▉     | 147/300 [18:53<19:43,  7.73s/ep][A

tin/rn18/rcad/hl/ipc10 s46:  49%|████▉     | 148/300 [19:00<19:37,  7.75s/ep][A

tin/rn18/rcad/hl/ipc10 s46:  50%|████▉     | 149/300 [19:08<19:32,  7.76s/ep][A

tin/rn18/rcad/hl/ipc10 s46:  50%|█████     | 150/300 [19:16<19:27,  7.78s/ep][A

tin/rn18/rcad/hl/ipc10 s46:  50%|█████     | 151/300 [19:24<19:17,  7.77s/ep][A

tin/rn18/rcad/hl/ipc10 s46:  51%|█████     | 152/300 [19:31<19:09,  7.77s/ep][A

tin/rn18/rcad/hl/ipc10 s46:  51%|█████     | 153/300 [19:39<19:03,  7.78s/ep][A

tin/rn18/rcad/hl/ipc10 s46:  51%|█████▏    | 154/300 [19:47<18:58,  7.80s/ep][A

tin/rn18/rcad/hl/ipc10 s46:  52%|█████▏    | 155/300 [19:55<18:35,  7.69s/ep][A

tin/rn18/rcad/hl/ipc10 s46:  52%|█████▏    | 156/300 [20:02<18:27,  7.69s/ep][A

tin/rn18/rcad/hl/ipc10 s46:  52%|█████▏    | 157/300 [20:10<18:28,  7.75s/ep][A

tin/rn18/rcad/hl/ipc10 s46:  53%|█████▎    | 158/300 [20:18<18:23,  7.77s/ep][A

tin/rn18/rcad/hl/ipc10 s46:  53%|█████▎    | 159/300 [20:26<18:18,  7.79s/ep][A

tin/rn18/rcad/hl/ipc10 s46:  53%|█████▎    | 160/300 [20:33<18:01,  7.73s/ep][A

tin/rn18/rcad/hl/ipc10 s46:  54%|█████▎    | 161/300 [20:41<17:50,  7.70s/ep][A

tin/rn18/rcad/hl/ipc10 s46:  54%|█████▍    | 162/300 [20:49<17:43,  7.70s/ep][A

tin/rn18/rcad/hl/ipc10 s46:  54%|█████▍    | 163/300 [20:57<17:40,  7.74s/ep][A

tin/rn18/rcad/hl/ipc10 s46:  55%|█████▍    | 164/300 [21:04<17:37,  7.78s/ep][A

tin/rn18/rcad/hl/ipc10 s46:  55%|█████▌    | 165/300 [21:12<17:29,  7.78s/ep][A

tin/rn18/rcad/hl/ipc10 s46:  55%|█████▌    | 166/300 [21:20<17:15,  7.73s/ep][A

tin/rn18/rcad/hl/ipc10 s46:  56%|█████▌    | 167/300 [21:27<17:02,  7.68s/ep][A

tin/rn18/rcad/hl/ipc10 s46:  56%|█████▌    | 168/300 [21:35<16:53,  7.67s/ep][A

tin/rn18/rcad/hl/ipc10 s46:  56%|█████▋    | 169/300 [21:43<16:54,  7.74s/ep][A

tin/rn18/rcad/hl/ipc10 s46:  57%|█████▋    | 170/300 [21:51<16:51,  7.78s/ep][A

tin/rn18/rcad/hl/ipc10 s46:  57%|█████▋    | 171/300 [21:59<16:40,  7.76s/ep][A

tin/rn18/rcad/hl/ipc10 s46:  57%|█████▋    | 172/300 [22:06<16:29,  7.73s/ep][A

tin/rn18/rcad/hl/ipc10 s46:  58%|█████▊    | 173/300 [22:14<16:20,  7.72s/ep][A

tin/rn18/rcad/hl/ipc10 s46:  58%|█████▊    | 174/300 [22:22<16:12,  7.72s/ep][A

tin/rn18/rcad/hl/ipc10 s46:  58%|█████▊    | 175/300 [22:29<16:08,  7.75s/ep][A

tin/rn18/rcad/hl/ipc10 s46:  59%|█████▊    | 176/300 [22:37<16:05,  7.79s/ep][A

tin/rn18/rcad/hl/ipc10 s46:  59%|█████▉    | 177/300 [22:45<16:03,  7.83s/ep][A

tin/rn18/rcad/hl/ipc10 s46:  59%|█████▉    | 178/300 [22:53<15:38,  7.70s/ep][A

tin/rn18/rcad/hl/ipc10 s46:  60%|█████▉    | 179/300 [23:00<15:29,  7.68s/ep][A

tin/rn18/rcad/hl/ipc10 s46:  60%|██████    | 180/300 [23:08<15:28,  7.74s/ep][A

tin/rn18/rcad/hl/ipc10 s46:  60%|██████    | 181/300 [23:16<15:26,  7.79s/ep][A

tin/rn18/rcad/hl/ipc10 s46:  61%|██████    | 182/300 [23:24<15:11,  7.73s/ep][A

tin/rn18/rcad/hl/ipc10 s46:  61%|██████    | 183/300 [23:31<15:01,  7.70s/ep][A

tin/rn18/rcad/hl/ipc10 s46:  61%|██████▏   | 184/300 [23:39<14:50,  7.68s/ep][A

tin/rn18/rcad/hl/ipc10 s46:  62%|██████▏   | 185/300 [23:46<14:34,  7.61s/ep][A

tin/rn18/rcad/hl/ipc10 s46:  62%|██████▏   | 186/300 [23:54<14:36,  7.69s/ep][A

tin/rn18/rcad/hl/ipc10 s46:  62%|██████▏   | 187/300 [24:02<14:33,  7.73s/ep][A

tin/rn18/rcad/hl/ipc10 s46:  63%|██████▎   | 188/300 [24:10<14:31,  7.78s/ep][A

tin/rn18/rcad/hl/ipc10 s46:  63%|██████▎   | 189/300 [24:18<14:26,  7.80s/ep][A

tin/rn18/rcad/hl/ipc10 s46:  63%|██████▎   | 190/300 [24:25<14:06,  7.69s/ep][A

tin/rn18/rcad/hl/ipc10 s46:  64%|██████▎   | 191/300 [24:33<13:55,  7.67s/ep][A

tin/rn18/rcad/hl/ipc10 s46:  64%|██████▍   | 192/300 [24:41<13:49,  7.68s/ep][A

tin/rn18/rcad/hl/ipc10 s46:  64%|██████▍   | 193/300 [24:48<13:46,  7.73s/ep][A

tin/rn18/rcad/hl/ipc10 s46:  65%|██████▍   | 194/300 [24:56<13:38,  7.72s/ep][A

tin/rn18/rcad/hl/ipc10 s46:  65%|██████▌   | 195/300 [25:04<13:39,  7.80s/ep][A

tin/rn18/rcad/hl/ipc10 s46:  65%|██████▌   | 196/300 [25:12<13:26,  7.75s/ep][A

tin/rn18/rcad/hl/ipc10 s46:  66%|██████▌   | 197/300 [25:19<13:19,  7.76s/ep][A

tin/rn18/rcad/hl/ipc10 s46:  66%|██████▌   | 198/300 [25:27<13:11,  7.76s/ep][A

tin/rn18/rcad/hl/ipc10 s46:  66%|██████▋   | 199/300 [25:35<13:02,  7.75s/ep][A

tin/rn18/rcad/hl/ipc10 s46:  67%|██████▋   | 200/300 [25:43<12:56,  7.76s/ep][A

tin/rn18/rcad/hl/ipc10 s46:  67%|██████▋   | 201/300 [25:50<12:46,  7.74s/ep][A

tin/rn18/rcad/hl/ipc10 s46:  67%|██████▋   | 202/300 [25:58<12:40,  7.77s/ep][A

tin/rn18/rcad/hl/ipc10 s46:  68%|██████▊   | 203/300 [26:06<12:34,  7.78s/ep][A

tin/rn18/rcad/hl/ipc10 s46:  68%|██████▊   | 204/300 [26:13<12:10,  7.61s/ep][A

tin/rn18/rcad/hl/ipc10 s46:  68%|██████▊   | 205/300 [26:21<12:13,  7.73s/ep][A

tin/rn18/rcad/hl/ipc10 s46:  69%|██████▊   | 206/300 [26:29<12:01,  7.67s/ep][A

tin/rn18/rcad/hl/ipc10 s46:  69%|██████▉   | 207/300 [26:37<11:55,  7.69s/ep][A

tin/rn18/rcad/hl/ipc10 s46:  69%|██████▉   | 208/300 [26:44<11:43,  7.64s/ep][A

tin/rn18/rcad/hl/ipc10 s46:  70%|██████▉   | 209/300 [26:52<11:36,  7.66s/ep][A

tin/rn18/rcad/hl/ipc10 s46:  70%|███████   | 210/300 [27:00<11:32,  7.69s/ep][A

tin/rn18/rcad/hl/ipc10 s46:  70%|███████   | 211/300 [27:07<11:18,  7.62s/ep][A

tin/rn18/rcad/hl/ipc10 s46:  71%|███████   | 212/300 [27:15<11:08,  7.60s/ep][A

tin/rn18/rcad/hl/ipc10 s46:  71%|███████   | 213/300 [27:22<11:05,  7.65s/ep][A

tin/rn18/rcad/hl/ipc10 s46:  71%|███████▏  | 214/300 [27:30<10:55,  7.62s/ep][A

tin/rn18/rcad/hl/ipc10 s46:  72%|███████▏  | 215/300 [27:38<10:51,  7.67s/ep][A

tin/rn18/rcad/hl/ipc10 s46:  72%|███████▏  | 216/300 [27:45<10:42,  7.65s/ep][A

tin/rn18/rcad/hl/ipc10 s46:  72%|███████▏  | 217/300 [27:53<10:32,  7.62s/ep][A

tin/rn18/rcad/hl/ipc10 s46:  73%|███████▎  | 218/300 [28:00<10:22,  7.59s/ep][A

tin/rn18/rcad/hl/ipc10 s46:  73%|███████▎  | 219/300 [28:08<10:16,  7.61s/ep][A

tin/rn18/rcad/hl/ipc10 s46:  73%|███████▎  | 220/300 [28:16<10:12,  7.65s/ep][A

tin/rn18/rcad/hl/ipc10 s46:  74%|███████▎  | 221/300 [28:24<10:07,  7.69s/ep][A

tin/rn18/rcad/hl/ipc10 s46:  74%|███████▍  | 222/300 [28:31<09:59,  7.68s/ep][A

tin/rn18/rcad/hl/ipc10 s46:  74%|███████▍  | 223/300 [28:39<09:54,  7.72s/ep][A

tin/rn18/rcad/hl/ipc10 s46:  75%|███████▍  | 224/300 [28:47<09:46,  7.72s/ep][A

tin/rn18/rcad/hl/ipc10 s46:  75%|███████▌  | 225/300 [28:55<09:40,  7.74s/ep][A

tin/rn18/rcad/hl/ipc10 s46:  75%|███████▌  | 226/300 [29:02<09:37,  7.80s/ep][A

tin/rn18/rcad/hl/ipc10 s46:  76%|███████▌  | 227/300 [29:10<09:19,  7.67s/ep][A

tin/rn18/rcad/hl/ipc10 s46:  76%|███████▌  | 228/300 [29:17<09:12,  7.67s/ep][A

tin/rn18/rcad/hl/ipc10 s46:  76%|███████▋  | 229/300 [29:25<09:01,  7.62s/ep][A

tin/rn18/rcad/hl/ipc10 s46:  77%|███████▋  | 230/300 [29:33<08:58,  7.70s/ep][A

tin/rn18/rcad/hl/ipc10 s46:  77%|███████▋  | 231/300 [29:41<08:54,  7.75s/ep][A

tin/rn18/rcad/hl/ipc10 s46:  77%|███████▋  | 232/300 [29:48<08:46,  7.75s/ep][A

tin/rn18/rcad/hl/ipc10 s46:  78%|███████▊  | 233/300 [29:56<08:38,  7.74s/ep][A

tin/rn18/rcad/hl/ipc10 s46:  78%|███████▊  | 234/300 [30:04<08:33,  7.78s/ep][A

tin/rn18/rcad/hl/ipc10 s46:  78%|███████▊  | 235/300 [30:12<08:24,  7.77s/ep][A

tin/rn18/rcad/hl/ipc10 s46:  79%|███████▊  | 236/300 [30:20<08:15,  7.74s/ep][A

tin/rn18/rcad/hl/ipc10 s46:  79%|███████▉  | 237/300 [30:27<08:11,  7.80s/ep][A

tin/rn18/rcad/hl/ipc10 s46:  79%|███████▉  | 238/300 [30:35<08:04,  7.81s/ep][A

tin/rn18/rcad/hl/ipc10 s46:  80%|███████▉  | 239/300 [30:43<07:58,  7.85s/ep][A

tin/rn18/rcad/hl/ipc10 s46:  80%|████████  | 240/300 [30:51<07:46,  7.77s/ep][A

tin/rn18/rcad/hl/ipc10 s46:  80%|████████  | 241/300 [30:58<07:34,  7.70s/ep][A

tin/rn18/rcad/hl/ipc10 s46:  81%|████████  | 242/300 [31:06<07:24,  7.66s/ep][A

tin/rn18/rcad/hl/ipc10 s46:  81%|████████  | 243/300 [31:14<07:16,  7.66s/ep][A

tin/rn18/rcad/hl/ipc10 s46:  81%|████████▏ | 244/300 [31:21<07:09,  7.68s/ep][A

tin/rn18/rcad/hl/ipc10 s46:  82%|████████▏ | 245/300 [31:29<07:03,  7.71s/ep][A

tin/rn18/rcad/hl/ipc10 s46:  82%|████████▏ | 246/300 [31:37<06:54,  7.68s/ep][A

tin/rn18/rcad/hl/ipc10 s46:  82%|████████▏ | 247/300 [31:44<06:47,  7.69s/ep][A

tin/rn18/rcad/hl/ipc10 s46:  83%|████████▎ | 248/300 [31:52<06:37,  7.64s/ep][A

tin/rn18/rcad/hl/ipc10 s46:  83%|████████▎ | 249/300 [32:00<06:30,  7.66s/ep][A

tin/rn18/rcad/hl/ipc10 s46:  83%|████████▎ | 250/300 [32:07<06:21,  7.63s/ep][A

tin/rn18/rcad/hl/ipc10 s46:  84%|████████▎ | 251/300 [32:15<06:16,  7.69s/ep][A

tin/rn18/rcad/hl/ipc10 s46:  84%|████████▍ | 252/300 [32:23<06:10,  7.72s/ep][A

tin/rn18/rcad/hl/ipc10 s46:  84%|████████▍ | 253/300 [32:31<06:02,  7.72s/ep][A

tin/rn18/rcad/hl/ipc10 s46:  85%|████████▍ | 254/300 [32:38<05:53,  7.68s/ep][A

tin/rn18/rcad/hl/ipc10 s46:  85%|████████▌ | 255/300 [32:46<05:45,  7.67s/ep][A

tin/rn18/rcad/hl/ipc10 s46:  85%|████████▌ | 256/300 [32:53<05:38,  7.68s/ep][A

tin/rn18/rcad/hl/ipc10 s46:  86%|████████▌ | 257/300 [33:01<05:31,  7.72s/ep][A

tin/rn18/rcad/hl/ipc10 s46:  86%|████████▌ | 258/300 [33:09<05:23,  7.70s/ep][A

tin/rn18/rcad/hl/ipc10 s46:  86%|████████▋ | 259/300 [33:17<05:18,  7.77s/ep][A

tin/rn18/rcad/hl/ipc10 s46:  87%|████████▋ | 260/300 [33:24<05:08,  7.71s/ep][A

tin/rn18/rcad/hl/ipc10 s46:  87%|████████▋ | 261/300 [33:32<04:59,  7.69s/ep][A

tin/rn18/rcad/hl/ipc10 s46:  87%|████████▋ | 262/300 [33:40<04:49,  7.63s/ep][A

tin/rn18/rcad/hl/ipc10 s46:  88%|████████▊ | 263/300 [33:47<04:42,  7.64s/ep][A

tin/rn18/rcad/hl/ipc10 s46:  88%|████████▊ | 264/300 [33:55<04:36,  7.69s/ep][A

tin/rn18/rcad/hl/ipc10 s46:  88%|████████▊ | 265/300 [34:03<04:28,  7.67s/ep][A

tin/rn18/rcad/hl/ipc10 s46:  89%|████████▊ | 266/300 [34:10<04:18,  7.61s/ep][A

tin/rn18/rcad/hl/ipc10 s46:  89%|████████▉ | 267/300 [34:18<04:12,  7.66s/ep][A

tin/rn18/rcad/hl/ipc10 s46:  89%|████████▉ | 268/300 [34:26<04:05,  7.68s/ep][A

tin/rn18/rcad/hl/ipc10 s46:  90%|████████▉ | 269/300 [34:33<03:55,  7.60s/ep][A

tin/rn18/rcad/hl/ipc10 s46:  90%|█████████ | 270/300 [34:41<03:51,  7.70s/ep][A

tin/rn18/rcad/hl/ipc10 s46:  90%|█████████ | 271/300 [34:49<03:43,  7.71s/ep][A

tin/rn18/rcad/hl/ipc10 s46:  91%|█████████ | 272/300 [34:56<03:36,  7.73s/ep][A

tin/rn18/rcad/hl/ipc10 s46:  91%|█████████ | 273/300 [35:04<03:27,  7.69s/ep][A

tin/rn18/rcad/hl/ipc10 s46:  91%|█████████▏| 274/300 [35:12<03:17,  7.61s/ep][A

tin/rn18/rcad/hl/ipc10 s46:  92%|█████████▏| 275/300 [35:19<03:11,  7.65s/ep][A

tin/rn18/rcad/hl/ipc10 s46:  92%|█████████▏| 276/300 [35:27<03:05,  7.71s/ep][A

tin/rn18/rcad/hl/ipc10 s46:  92%|█████████▏| 277/300 [35:35<02:57,  7.73s/ep][A

tin/rn18/rcad/hl/ipc10 s46:  93%|█████████▎| 278/300 [35:43<02:49,  7.70s/ep][A

tin/rn18/rcad/hl/ipc10 s46:  93%|█████████▎| 279/300 [35:50<02:43,  7.77s/ep][A

tin/rn18/rcad/hl/ipc10 s46:  93%|█████████▎| 280/300 [35:58<02:35,  7.75s/ep][A

tin/rn18/rcad/hl/ipc10 s46:  94%|█████████▎| 281/300 [36:06<02:24,  7.63s/ep][A

tin/rn18/rcad/hl/ipc10 s46:  94%|█████████▍| 282/300 [36:13<02:17,  7.66s/ep][A

tin/rn18/rcad/hl/ipc10 s46:  94%|█████████▍| 283/300 [36:21<02:10,  7.68s/ep][A

tin/rn18/rcad/hl/ipc10 s46:  95%|█████████▍| 284/300 [36:29<02:03,  7.70s/ep][A

tin/rn18/rcad/hl/ipc10 s46:  95%|█████████▌| 285/300 [36:36<01:54,  7.65s/ep][A

tin/rn18/rcad/hl/ipc10 s46:  95%|█████████▌| 286/300 [36:44<01:47,  7.67s/ep][A

tin/rn18/rcad/hl/ipc10 s46:  96%|█████████▌| 287/300 [36:52<01:40,  7.74s/ep][A

tin/rn18/rcad/hl/ipc10 s46:  96%|█████████▌| 288/300 [37:00<01:33,  7.76s/ep][A

tin/rn18/rcad/hl/ipc10 s46:  96%|█████████▋| 289/300 [37:07<01:24,  7.71s/ep][A

tin/rn18/rcad/hl/ipc10 s46:  97%|█████████▋| 290/300 [37:15<01:17,  7.73s/ep][A

tin/rn18/rcad/hl/ipc10 s46:  97%|█████████▋| 291/300 [37:23<01:09,  7.76s/ep][A

tin/rn18/rcad/hl/ipc10 s46:  97%|█████████▋| 292/300 [37:31<01:02,  7.75s/ep][A

tin/rn18/rcad/hl/ipc10 s46:  98%|█████████▊| 293/300 [37:38<00:54,  7.74s/ep][A

tin/rn18/rcad/hl/ipc10 s46:  98%|█████████▊| 294/300 [37:46<00:46,  7.69s/ep][A

tin/rn18/rcad/hl/ipc10 s46:  98%|█████████▊| 295/300 [37:54<00:38,  7.73s/ep][A

tin/rn18/rcad/hl/ipc10 s46:  99%|█████████▊| 296/300 [38:02<00:31,  7.75s/ep][A

tin/rn18/rcad/hl/ipc10 s46:  99%|█████████▉| 297/300 [38:09<00:23,  7.81s/ep][A

tin/rn18/rcad/hl/ipc10 s46:  99%|█████████▉| 298/300 [38:17<00:15,  7.74s/ep][A

tin/rn18/rcad/hl/ipc10 s46: 100%|█████████▉| 299/300 [38:25<00:07,  7.72s/ep][A

tin/rn18/rcad/hl/ipc10 s46: 100%|██████████| 300/300 [38:32<00:00,  7.73s/ep][A

                                                                             [A[cell] tin/rn18/rcad/hl/ipc10 seed46: 6.50%  (2326s)
[cell] tin/rn18/rcad/hl/ipc10: union seeds [42, 43, 44] + [45, 46]

rn18-tin:  19%|█▊        | 5/27 [6:22:19<28:21:28, 4640.38s/cell, rcad/hl/ipc10]
rn18-tin:  19%|█▊        | 5/27 [6:22:19<28:21:28, 4640.38s/cell, rded/hl/ipc10][cell] tin/rn18/rcad/hl/ipc10: 6.87 +- 0.33 (6363s)
[cell] partial (bench_tin_rn18_rded_hl_ipc10.json): have [42, 43, 44], running [45, 46]


tin/rn18/rded/hl/ipc10 s45:   0%|          | 0/300 [00:00<?, ?ep/s][A

tin/rn18/rded/hl/ipc10 s45:   0%|          | 1/300 [00:07<35:38,  7.15s/ep][A

tin/rn18/rded/hl/ipc10 s45:   1%|          | 2/300 [00:15<37:35,  7.57s/ep][A

tin/rn18/rded/hl/ipc10 s45:   1%|          | 3/300 [00:22<37:52,  7.65s/ep][A

tin/rn18/rded/hl/ipc10 s45:   1%|▏         | 4/300 [00:30<37:44,  7.65s/ep][A

tin/rn18/rded/hl/ipc10 s45:   2%|▏         | 5/300 [00:37<37:18,  7.59s/ep][A

tin/rn18/rded/hl/ipc10 s45:   2%|▏         | 6/300 [00:45<37:28,  7.65s/ep][A

tin/rn18/rded/hl/ipc10 s45:   2%|▏         | 7/300 [00:53<37:09,  7.61s/ep][A

tin/rn18/rded/hl/ipc10 s45:   3%|▎         | 8/300 [01:01<37:34,  7.72s/ep][A

tin/rn18/rded/hl/ipc10 s45:   3%|▎         | 9/300 [01:08<37:33,  7.75s/ep][A

tin/rn18/rded/hl/ipc10 s45:   3%|▎         | 10/300 [01:16<37:25,  7.74s/ep][A

tin/rn18/rded/hl/ipc10 s45:   4%|▎         | 11/300 [01:24<37:14,  7.73s/ep][A

tin/rn18/rded/hl/ipc10 s45:   4%|▍         | 12/300 [01:31<36:27,  7.60s/ep][A

tin/rn18/rded/hl/ipc10 s45:   4%|▍         | 13/300 [01:39<36:31,  7.64s/ep][A

tin/rn18/rded/hl/ipc10 s45:   5%|▍         | 14/300 [01:47<36:25,  7.64s/ep][A

tin/rn18/rded/hl/ipc10 s45:   5%|▌         | 15/300 [01:54<36:22,  7.66s/ep][A

tin/rn18/rded/hl/ipc10 s45:   5%|▌         | 16/300 [02:02<36:29,  7.71s/ep][A

tin/rn18/rded/hl/ipc10 s45:   6%|▌         | 17/300 [02:10<36:12,  7.68s/ep][A

tin/rn18/rded/hl/ipc10 s45:   6%|▌         | 18/300 [02:17<35:58,  7.66s/ep][A

tin/rn18/rded/hl/ipc10 s45:   6%|▋         | 19/300 [02:25<36:06,  7.71s/ep][A

tin/rn18/rded/hl/ipc10 s45:   7%|▋         | 20/300 [02:33<36:13,  7.76s/ep][A

tin/rn18/rded/hl/ipc10 s45:   7%|▋         | 21/300 [02:41<35:58,  7.74s/ep][A

tin/rn18/rded/hl/ipc10 s45:   7%|▋         | 22/300 [02:49<36:04,  7.79s/ep][A

tin/rn18/rded/hl/ipc10 s45:   8%|▊         | 23/300 [02:56<35:49,  7.76s/ep][A

tin/rn18/rded/hl/ipc10 s45:   8%|▊         | 24/300 [03:04<35:49,  7.79s/ep][A

tin/rn18/rded/hl/ipc10 s45:   8%|▊         | 25/300 [03:12<35:39,  7.78s/ep][A

tin/rn18/rded/hl/ipc10 s45:   9%|▊         | 26/300 [03:20<35:25,  7.76s/ep][A

tin/rn18/rded/hl/ipc10 s45:   9%|▉         | 27/300 [03:28<35:28,  7.80s/ep][A

tin/rn18/rded/hl/ipc10 s45:   9%|▉         | 28/300 [03:35<35:09,  7.76s/ep][A

tin/rn18/rded/hl/ipc10 s45:  10%|▉         | 29/300 [03:43<35:15,  7.81s/ep][A

tin/rn18/rded/hl/ipc10 s45:  10%|█         | 30/300 [03:51<35:19,  7.85s/ep][A

tin/rn18/rded/hl/ipc10 s45:  10%|█         | 31/300 [03:59<35:05,  7.83s/ep][A

tin/rn18/rded/hl/ipc10 s45:  11%|█         | 32/300 [04:07<35:07,  7.86s/ep][A

tin/rn18/rded/hl/ipc10 s45:  11%|█         | 33/300 [04:15<34:54,  7.84s/ep][A

tin/rn18/rded/hl/ipc10 s45:  11%|█▏        | 34/300 [04:22<34:44,  7.84s/ep][A

tin/rn18/rded/hl/ipc10 s45:  12%|█▏        | 35/300 [04:30<34:36,  7.83s/ep][A

tin/rn18/rded/hl/ipc10 s45:  12%|█▏        | 36/300 [04:38<34:22,  7.81s/ep][A

tin/rn18/rded/hl/ipc10 s45:  12%|█▏        | 37/300 [04:46<34:10,  7.80s/ep][A

tin/rn18/rded/hl/ipc10 s45:  13%|█▎        | 38/300 [04:54<34:01,  7.79s/ep][A

tin/rn18/rded/hl/ipc10 s45:  13%|█▎        | 39/300 [05:01<33:54,  7.80s/ep][A

tin/rn18/rded/hl/ipc10 s45:  13%|█▎        | 40/300 [05:09<33:32,  7.74s/ep][A

tin/rn18/rded/hl/ipc10 s45:  14%|█▎        | 41/300 [05:17<33:25,  7.74s/ep][A

tin/rn18/rded/hl/ipc10 s45:  14%|█▍        | 42/300 [05:24<33:19,  7.75s/ep][A

tin/rn18/rded/hl/ipc10 s45:  14%|█▍        | 43/300 [05:32<33:25,  7.80s/ep][A

tin/rn18/rded/hl/ipc10 s45:  15%|█▍        | 44/300 [05:40<33:15,  7.79s/ep][A

tin/rn18/rded/hl/ipc10 s45:  15%|█▌        | 45/300 [05:48<32:53,  7.74s/ep][A

tin/rn18/rded/hl/ipc10 s45:  15%|█▌        | 46/300 [05:55<32:34,  7.70s/ep][A

tin/rn18/rded/hl/ipc10 s45:  16%|█▌        | 47/300 [06:03<32:34,  7.73s/ep][A

tin/rn18/rded/hl/ipc10 s45:  16%|█▌        | 48/300 [06:11<32:30,  7.74s/ep][A

tin/rn18/rded/hl/ipc10 s45:  16%|█▋        | 49/300 [06:19<32:27,  7.76s/ep][A

tin/rn18/rded/hl/ipc10 s45:  17%|█▋        | 50/300 [06:27<32:23,  7.78s/ep][A

tin/rn18/rded/hl/ipc10 s45:  17%|█▋        | 51/300 [06:34<32:25,  7.81s/ep][A

tin/rn18/rded/hl/ipc10 s45:  17%|█▋        | 52/300 [06:42<32:16,  7.81s/ep][A

tin/rn18/rded/hl/ipc10 s45:  18%|█▊        | 53/300 [06:50<32:14,  7.83s/ep][A

tin/rn18/rded/hl/ipc10 s45:  18%|█▊        | 54/300 [06:58<32:17,  7.87s/ep][A

tin/rn18/rded/hl/ipc10 s45:  18%|█▊        | 55/300 [07:06<32:03,  7.85s/ep][A

tin/rn18/rded/hl/ipc10 s45:  19%|█▊        | 56/300 [07:14<31:42,  7.80s/ep][A

tin/rn18/rded/hl/ipc10 s45:  19%|█▉        | 57/300 [07:21<31:35,  7.80s/ep][A

tin/rn18/rded/hl/ipc10 s45:  19%|█▉        | 58/300 [07:29<31:14,  7.75s/ep][A

tin/rn18/rded/hl/ipc10 s45:  20%|█▉        | 59/300 [07:37<30:52,  7.69s/ep][A

tin/rn18/rded/hl/ipc10 s45:  20%|██        | 60/300 [07:44<31:02,  7.76s/ep][A

tin/rn18/rded/hl/ipc10 s45:  20%|██        | 61/300 [07:52<30:51,  7.75s/ep][A

tin/rn18/rded/hl/ipc10 s45:  21%|██        | 62/300 [08:00<30:49,  7.77s/ep][A

tin/rn18/rded/hl/ipc10 s45:  21%|██        | 63/300 [08:08<30:45,  7.79s/ep][A

tin/rn18/rded/hl/ipc10 s45:  21%|██▏       | 64/300 [08:16<30:41,  7.80s/ep][A

tin/rn18/rded/hl/ipc10 s45:  22%|██▏       | 65/300 [08:23<30:26,  7.77s/ep][A

tin/rn18/rded/hl/ipc10 s45:  22%|██▏       | 66/300 [08:31<30:22,  7.79s/ep][A

tin/rn18/rded/hl/ipc10 s45:  22%|██▏       | 67/300 [08:39<30:29,  7.85s/ep][A

tin/rn18/rded/hl/ipc10 s45:  23%|██▎       | 68/300 [08:47<30:27,  7.88s/ep][A

tin/rn18/rded/hl/ipc10 s45:  23%|██▎       | 69/300 [08:55<30:12,  7.84s/ep][A

tin/rn18/rded/hl/ipc10 s45:  23%|██▎       | 70/300 [09:03<29:49,  7.78s/ep][A

tin/rn18/rded/hl/ipc10 s45:  24%|██▎       | 71/300 [09:10<29:28,  7.72s/ep][A

tin/rn18/rded/hl/ipc10 s45:  24%|██▍       | 72/300 [09:18<29:24,  7.74s/ep][A

tin/rn18/rded/hl/ipc10 s45:  24%|██▍       | 73/300 [09:26<29:28,  7.79s/ep][A

tin/rn18/rded/hl/ipc10 s45:  25%|██▍       | 74/300 [09:34<29:27,  7.82s/ep][A

tin/rn18/rded/hl/ipc10 s45:  25%|██▌       | 75/300 [09:42<29:18,  7.82s/ep][A

tin/rn18/rded/hl/ipc10 s45:  25%|██▌       | 76/300 [09:49<29:03,  7.78s/ep][A

tin/rn18/rded/hl/ipc10 s45:  26%|██▌       | 77/300 [09:57<28:28,  7.66s/ep][A

tin/rn18/rded/hl/ipc10 s45:  26%|██▌       | 78/300 [10:04<28:29,  7.70s/ep][A

tin/rn18/rded/hl/ipc10 s45:  26%|██▋       | 79/300 [10:12<28:27,  7.73s/ep][A

tin/rn18/rded/hl/ipc10 s45:  27%|██▋       | 80/300 [10:20<28:23,  7.74s/ep][A

tin/rn18/rded/hl/ipc10 s45:  27%|██▋       | 81/300 [10:28<28:15,  7.74s/ep][A

tin/rn18/rded/hl/ipc10 s45:  27%|██▋       | 82/300 [10:35<27:52,  7.67s/ep][A

tin/rn18/rded/hl/ipc10 s45:  28%|██▊       | 83/300 [10:43<27:56,  7.73s/ep][A

tin/rn18/rded/hl/ipc10 s45:  28%|██▊       | 84/300 [10:51<27:50,  7.73s/ep][A

tin/rn18/rded/hl/ipc10 s45:  28%|██▊       | 85/300 [10:59<27:51,  7.77s/ep][A

tin/rn18/rded/hl/ipc10 s45:  29%|██▊       | 86/300 [11:06<27:41,  7.76s/ep][A

tin/rn18/rded/hl/ipc10 s45:  29%|██▉       | 87/300 [11:14<27:34,  7.77s/ep][A

tin/rn18/rded/hl/ipc10 s45:  29%|██▉       | 88/300 [11:22<27:42,  7.84s/ep][A

tin/rn18/rded/hl/ipc10 s45:  30%|██▉       | 89/300 [11:30<27:42,  7.88s/ep][A

tin/rn18/rded/hl/ipc10 s45:  30%|███       | 90/300 [11:38<27:22,  7.82s/ep][A

tin/rn18/rded/hl/ipc10 s45:  30%|███       | 91/300 [11:46<27:20,  7.85s/ep][A

tin/rn18/rded/hl/ipc10 s45:  31%|███       | 92/300 [11:53<26:56,  7.77s/ep][A

tin/rn18/rded/hl/ipc10 s45:  31%|███       | 93/300 [12:01<26:56,  7.81s/ep][A

tin/rn18/rded/hl/ipc10 s45:  31%|███▏      | 94/300 [12:09<26:45,  7.79s/ep][A

tin/rn18/rded/hl/ipc10 s45:  32%|███▏      | 95/300 [12:17<26:45,  7.83s/ep][A

tin/rn18/rded/hl/ipc10 s45:  32%|███▏      | 96/300 [12:25<26:33,  7.81s/ep][A

tin/rn18/rded/hl/ipc10 s45:  32%|███▏      | 97/300 [12:32<26:23,  7.80s/ep][A

tin/rn18/rded/hl/ipc10 s45:  33%|███▎      | 98/300 [12:40<26:10,  7.78s/ep][A

tin/rn18/rded/hl/ipc10 s45:  33%|███▎      | 99/300 [12:48<26:00,  7.76s/ep][A

tin/rn18/rded/hl/ipc10 s45:  33%|███▎      | 100/300 [12:56<25:47,  7.74s/ep][A

tin/rn18/rded/hl/ipc10 s45:  34%|███▎      | 101/300 [13:03<25:40,  7.74s/ep][A

tin/rn18/rded/hl/ipc10 s45:  34%|███▍      | 102/300 [13:11<25:25,  7.70s/ep][A

tin/rn18/rded/hl/ipc10 s45:  34%|███▍      | 103/300 [13:19<25:09,  7.66s/ep][A

tin/rn18/rded/hl/ipc10 s45:  35%|███▍      | 104/300 [13:26<25:03,  7.67s/ep][A

tin/rn18/rded/hl/ipc10 s45:  35%|███▌      | 105/300 [13:34<24:57,  7.68s/ep][A

tin/rn18/rded/hl/ipc10 s45:  35%|███▌      | 106/300 [13:42<25:00,  7.74s/ep][A

tin/rn18/rded/hl/ipc10 s45:  36%|███▌      | 107/300 [13:49<24:48,  7.71s/ep][A

tin/rn18/rded/hl/ipc10 s45:  36%|███▌      | 108/300 [13:57<24:51,  7.77s/ep][A

tin/rn18/rded/hl/ipc10 s45:  36%|███▋      | 109/300 [14:05<24:52,  7.82s/ep][A

tin/rn18/rded/hl/ipc10 s45:  37%|███▋      | 110/300 [14:13<24:53,  7.86s/ep][A

tin/rn18/rded/hl/ipc10 s45:  37%|███▋      | 111/300 [14:21<24:42,  7.84s/ep][A

tin/rn18/rded/hl/ipc10 s45:  37%|███▋      | 112/300 [14:29<24:26,  7.80s/ep][A

tin/rn18/rded/hl/ipc10 s45:  38%|███▊      | 113/300 [14:36<24:08,  7.75s/ep][A

tin/rn18/rded/hl/ipc10 s45:  38%|███▊      | 114/300 [14:44<24:07,  7.78s/ep][A

tin/rn18/rded/hl/ipc10 s45:  38%|███▊      | 115/300 [14:52<23:58,  7.78s/ep][A

tin/rn18/rded/hl/ipc10 s45:  39%|███▊      | 116/300 [15:00<23:57,  7.81s/ep][A

tin/rn18/rded/hl/ipc10 s45:  39%|███▉      | 117/300 [15:08<23:39,  7.75s/ep][A

tin/rn18/rded/hl/ipc10 s45:  39%|███▉      | 118/300 [15:15<23:35,  7.78s/ep][A

tin/rn18/rded/hl/ipc10 s45:  40%|███▉      | 119/300 [15:23<23:40,  7.85s/ep][A

tin/rn18/rded/hl/ipc10 s45:  40%|████      | 120/300 [15:31<23:36,  7.87s/ep][A

tin/rn18/rded/hl/ipc10 s45:  40%|████      | 121/300 [15:38<22:50,  7.66s/ep][A

tin/rn18/rded/hl/ipc10 s45:  41%|████      | 122/300 [15:46<22:49,  7.69s/ep][A

tin/rn18/rded/hl/ipc10 s45:  41%|████      | 123/300 [15:54<22:40,  7.69s/ep][A

tin/rn18/rded/hl/ipc10 s45:  41%|████▏     | 124/300 [16:01<22:28,  7.66s/ep][A

tin/rn18/rded/hl/ipc10 s45:  42%|████▏     | 125/300 [16:09<22:21,  7.67s/ep][A

tin/rn18/rded/hl/ipc10 s45:  42%|████▏     | 126/300 [16:17<22:10,  7.64s/ep][A

tin/rn18/rded/hl/ipc10 s45:  42%|████▏     | 127/300 [16:25<22:18,  7.74s/ep][A

tin/rn18/rded/hl/ipc10 s45:  43%|████▎     | 128/300 [16:32<22:13,  7.75s/ep][A

tin/rn18/rded/hl/ipc10 s45:  43%|████▎     | 129/300 [16:40<22:15,  7.81s/ep][A

tin/rn18/rded/hl/ipc10 s45:  43%|████▎     | 130/300 [16:48<22:10,  7.82s/ep][A

tin/rn18/rded/hl/ipc10 s45:  44%|████▎     | 131/300 [16:56<21:48,  7.74s/ep][A

tin/rn18/rded/hl/ipc10 s45:  44%|████▍     | 132/300 [17:03<21:32,  7.69s/ep][A

tin/rn18/rded/hl/ipc10 s45:  44%|████▍     | 133/300 [17:11<21:28,  7.71s/ep][A

tin/rn18/rded/hl/ipc10 s45:  45%|████▍     | 134/300 [17:19<21:17,  7.70s/ep][A

tin/rn18/rded/hl/ipc10 s45:  45%|████▌     | 135/300 [17:27<21:14,  7.73s/ep][A

tin/rn18/rded/hl/ipc10 s45:  45%|████▌     | 136/300 [17:35<21:18,  7.79s/ep][A

tin/rn18/rded/hl/ipc10 s45:  46%|████▌     | 137/300 [17:42<21:01,  7.74s/ep][A

tin/rn18/rded/hl/ipc10 s45:  46%|████▌     | 138/300 [17:50<20:51,  7.73s/ep][A

tin/rn18/rded/hl/ipc10 s45:  46%|████▋     | 139/300 [17:58<20:45,  7.73s/ep][A

tin/rn18/rded/hl/ipc10 s45:  47%|████▋     | 140/300 [18:05<20:26,  7.67s/ep][A

tin/rn18/rded/hl/ipc10 s45:  47%|████▋     | 141/300 [18:13<20:22,  7.69s/ep][A

tin/rn18/rded/hl/ipc10 s45:  47%|████▋     | 142/300 [18:21<20:26,  7.76s/ep][A

tin/rn18/rded/hl/ipc10 s45:  48%|████▊     | 143/300 [18:28<20:09,  7.70s/ep][A

tin/rn18/rded/hl/ipc10 s45:  48%|████▊     | 144/300 [18:36<20:00,  7.70s/ep][A

tin/rn18/rded/hl/ipc10 s45:  48%|████▊     | 145/300 [18:44<19:47,  7.66s/ep][A

tin/rn18/rded/hl/ipc10 s45:  49%|████▊     | 146/300 [18:51<19:48,  7.72s/ep][A

tin/rn18/rded/hl/ipc10 s45:  49%|████▉     | 147/300 [18:59<19:36,  7.69s/ep][A

tin/rn18/rded/hl/ipc10 s45:  49%|████▉     | 148/300 [19:07<19:30,  7.70s/ep][A

tin/rn18/rded/hl/ipc10 s45:  50%|████▉     | 149/300 [19:15<19:27,  7.73s/ep][A

tin/rn18/rded/hl/ipc10 s45:  50%|█████     | 150/300 [19:22<19:23,  7.75s/ep][A

tin/rn18/rded/hl/ipc10 s45:  50%|█████     | 151/300 [19:30<19:02,  7.67s/ep][A

tin/rn18/rded/hl/ipc10 s45:  51%|█████     | 152/300 [19:38<19:05,  7.74s/ep][A

tin/rn18/rded/hl/ipc10 s45:  51%|█████     | 153/300 [19:45<18:50,  7.69s/ep][A

tin/rn18/rded/hl/ipc10 s45:  51%|█████▏    | 154/300 [19:53<18:39,  7.67s/ep][A

tin/rn18/rded/hl/ipc10 s45:  52%|█████▏    | 155/300 [20:01<18:35,  7.70s/ep][A

tin/rn18/rded/hl/ipc10 s45:  52%|█████▏    | 156/300 [20:09<18:39,  7.77s/ep][A

tin/rn18/rded/hl/ipc10 s45:  52%|█████▏    | 157/300 [20:17<18:40,  7.84s/ep][A

tin/rn18/rded/hl/ipc10 s45:  53%|█████▎    | 158/300 [20:24<18:29,  7.81s/ep][A

tin/rn18/rded/hl/ipc10 s45:  53%|█████▎    | 159/300 [20:32<18:05,  7.70s/ep][A

tin/rn18/rded/hl/ipc10 s45:  53%|█████▎    | 160/300 [20:40<18:01,  7.73s/ep][A

tin/rn18/rded/hl/ipc10 s45:  54%|█████▎    | 161/300 [20:48<18:00,  7.78s/ep][A

tin/rn18/rded/hl/ipc10 s45:  54%|█████▍    | 162/300 [20:55<17:47,  7.73s/ep][A

tin/rn18/rded/hl/ipc10 s45:  54%|█████▍    | 163/300 [21:03<17:41,  7.75s/ep][A

tin/rn18/rded/hl/ipc10 s45:  55%|█████▍    | 164/300 [21:11<17:29,  7.71s/ep][A

tin/rn18/rded/hl/ipc10 s45:  55%|█████▌    | 165/300 [21:18<17:23,  7.73s/ep][A

tin/rn18/rded/hl/ipc10 s45:  55%|█████▌    | 166/300 [21:26<17:11,  7.70s/ep][A

tin/rn18/rded/hl/ipc10 s45:  56%|█████▌    | 167/300 [21:34<17:04,  7.70s/ep][A

tin/rn18/rded/hl/ipc10 s45:  56%|█████▌    | 168/300 [21:42<17:01,  7.74s/ep][A

tin/rn18/rded/hl/ipc10 s45:  56%|█████▋    | 169/300 [21:50<17:01,  7.80s/ep][A

tin/rn18/rded/hl/ipc10 s45:  57%|█████▋    | 170/300 [21:57<16:45,  7.73s/ep][A

tin/rn18/rded/hl/ipc10 s45:  57%|█████▋    | 171/300 [22:05<16:39,  7.75s/ep][A

tin/rn18/rded/hl/ipc10 s45:  57%|█████▋    | 172/300 [22:13<16:36,  7.79s/ep][A

tin/rn18/rded/hl/ipc10 s45:  58%|█████▊    | 173/300 [22:21<16:32,  7.82s/ep][A

tin/rn18/rded/hl/ipc10 s45:  58%|█████▊    | 174/300 [22:29<16:31,  7.87s/ep][A

tin/rn18/rded/hl/ipc10 s45:  58%|█████▊    | 175/300 [22:36<16:04,  7.72s/ep][A

tin/rn18/rded/hl/ipc10 s45:  59%|█████▊    | 176/300 [22:44<15:56,  7.71s/ep][A

tin/rn18/rded/hl/ipc10 s45:  59%|█████▉    | 177/300 [22:52<15:55,  7.77s/ep][A

tin/rn18/rded/hl/ipc10 s45:  59%|█████▉    | 178/300 [22:59<15:50,  7.79s/ep][A

tin/rn18/rded/hl/ipc10 s45:  60%|█████▉    | 179/300 [23:07<15:39,  7.77s/ep][A

tin/rn18/rded/hl/ipc10 s45:  60%|██████    | 180/300 [23:15<15:32,  7.77s/ep][A

tin/rn18/rded/hl/ipc10 s45:  60%|██████    | 181/300 [23:22<15:17,  7.71s/ep][A

tin/rn18/rded/hl/ipc10 s45:  61%|██████    | 182/300 [23:30<15:03,  7.66s/ep][A

tin/rn18/rded/hl/ipc10 s45:  61%|██████    | 183/300 [23:38<14:56,  7.66s/ep][A

tin/rn18/rded/hl/ipc10 s45:  61%|██████▏   | 184/300 [23:46<14:58,  7.74s/ep][A

tin/rn18/rded/hl/ipc10 s45:  62%|██████▏   | 185/300 [23:53<14:39,  7.65s/ep][A

tin/rn18/rded/hl/ipc10 s45:  62%|██████▏   | 186/300 [24:01<14:41,  7.73s/ep][A

tin/rn18/rded/hl/ipc10 s45:  62%|██████▏   | 187/300 [24:09<14:28,  7.69s/ep][A

tin/rn18/rded/hl/ipc10 s45:  63%|██████▎   | 188/300 [24:16<14:12,  7.61s/ep][A

tin/rn18/rded/hl/ipc10 s45:  63%|██████▎   | 189/300 [24:24<14:11,  7.67s/ep][A

tin/rn18/rded/hl/ipc10 s45:  63%|██████▎   | 190/300 [24:31<14:00,  7.64s/ep][A

tin/rn18/rded/hl/ipc10 s45:  64%|██████▎   | 191/300 [24:39<13:58,  7.69s/ep][A

tin/rn18/rded/hl/ipc10 s45:  64%|██████▍   | 192/300 [24:47<13:46,  7.66s/ep][A

tin/rn18/rded/hl/ipc10 s45:  64%|██████▍   | 193/300 [24:54<13:39,  7.66s/ep][A

tin/rn18/rded/hl/ipc10 s45:  65%|██████▍   | 194/300 [25:02<13:35,  7.69s/ep][A

tin/rn18/rded/hl/ipc10 s45:  65%|██████▌   | 195/300 [25:10<13:31,  7.73s/ep][A

tin/rn18/rded/hl/ipc10 s45:  65%|██████▌   | 196/300 [25:18<13:24,  7.74s/ep][A

tin/rn18/rded/hl/ipc10 s45:  66%|██████▌   | 197/300 [25:26<13:17,  7.74s/ep][A

tin/rn18/rded/hl/ipc10 s45:  66%|██████▌   | 198/300 [25:33<13:12,  7.77s/ep][A

tin/rn18/rded/hl/ipc10 s45:  66%|██████▋   | 199/300 [25:41<13:00,  7.73s/ep][A

tin/rn18/rded/hl/ipc10 s45:  67%|██████▋   | 200/300 [25:49<12:51,  7.72s/ep][A

tin/rn18/rded/hl/ipc10 s45:  67%|██████▋   | 201/300 [25:56<12:43,  7.71s/ep][A

tin/rn18/rded/hl/ipc10 s45:  67%|██████▋   | 202/300 [26:04<12:40,  7.76s/ep][A

tin/rn18/rded/hl/ipc10 s45:  68%|██████▊   | 203/300 [26:12<12:34,  7.77s/ep][A

tin/rn18/rded/hl/ipc10 s45:  68%|██████▊   | 204/300 [26:20<12:30,  7.81s/ep][A

tin/rn18/rded/hl/ipc10 s45:  68%|██████▊   | 205/300 [26:28<12:23,  7.83s/ep][A

tin/rn18/rded/hl/ipc10 s45:  69%|██████▊   | 206/300 [26:36<12:12,  7.79s/ep][A

tin/rn18/rded/hl/ipc10 s45:  69%|██████▉   | 207/300 [26:43<12:05,  7.80s/ep][A

tin/rn18/rded/hl/ipc10 s45:  69%|██████▉   | 208/300 [26:51<11:51,  7.73s/ep][A

tin/rn18/rded/hl/ipc10 s45:  70%|██████▉   | 209/300 [26:59<11:40,  7.70s/ep][A

tin/rn18/rded/hl/ipc10 s45:  70%|███████   | 210/300 [27:06<11:33,  7.70s/ep][A

tin/rn18/rded/hl/ipc10 s45:  70%|███████   | 211/300 [27:14<11:29,  7.75s/ep][A

tin/rn18/rded/hl/ipc10 s45:  71%|███████   | 212/300 [27:22<11:23,  7.77s/ep][A

tin/rn18/rded/hl/ipc10 s45:  71%|███████   | 213/300 [27:30<11:15,  7.76s/ep][A

tin/rn18/rded/hl/ipc10 s45:  71%|███████▏  | 214/300 [27:37<11:07,  7.76s/ep][A

tin/rn18/rded/hl/ipc10 s45:  72%|███████▏  | 215/300 [27:45<10:57,  7.73s/ep][A

tin/rn18/rded/hl/ipc10 s45:  72%|███████▏  | 216/300 [27:53<10:47,  7.71s/ep][A

tin/rn18/rded/hl/ipc10 s45:  72%|███████▏  | 217/300 [28:01<10:43,  7.75s/ep][A

tin/rn18/rded/hl/ipc10 s45:  73%|███████▎  | 218/300 [28:08<10:36,  7.76s/ep][A

tin/rn18/rded/hl/ipc10 s45:  73%|███████▎  | 219/300 [28:16<10:29,  7.77s/ep][A

tin/rn18/rded/hl/ipc10 s45:  73%|███████▎  | 220/300 [28:24<10:21,  7.77s/ep][A

tin/rn18/rded/hl/ipc10 s45:  74%|███████▎  | 221/300 [28:32<10:13,  7.77s/ep][A

tin/rn18/rded/hl/ipc10 s45:  74%|███████▍  | 222/300 [28:40<10:08,  7.80s/ep][A

tin/rn18/rded/hl/ipc10 s45:  74%|███████▍  | 223/300 [28:47<10:02,  7.82s/ep][A

tin/rn18/rded/hl/ipc10 s45:  75%|███████▍  | 224/300 [28:55<09:48,  7.75s/ep][A

tin/rn18/rded/hl/ipc10 s45:  75%|███████▌  | 225/300 [29:03<09:43,  7.78s/ep][A

tin/rn18/rded/hl/ipc10 s45:  75%|███████▌  | 226/300 [29:10<09:31,  7.72s/ep][A

tin/rn18/rded/hl/ipc10 s45:  76%|███████▌  | 227/300 [29:18<09:28,  7.79s/ep][A

tin/rn18/rded/hl/ipc10 s45:  76%|███████▌  | 228/300 [29:26<09:16,  7.72s/ep][A

tin/rn18/rded/hl/ipc10 s45:  76%|███████▋  | 229/300 [29:34<09:09,  7.74s/ep][A

tin/rn18/rded/hl/ipc10 s45:  77%|███████▋  | 230/300 [29:42<09:05,  7.79s/ep][A

tin/rn18/rded/hl/ipc10 s45:  77%|███████▋  | 231/300 [29:50<08:58,  7.80s/ep][A

tin/rn18/rded/hl/ipc10 s45:  77%|███████▋  | 232/300 [29:57<08:50,  7.80s/ep][A

tin/rn18/rded/hl/ipc10 s45:  78%|███████▊  | 233/300 [30:05<08:43,  7.81s/ep][A

tin/rn18/rded/hl/ipc10 s45:  78%|███████▊  | 234/300 [30:13<08:34,  7.79s/ep][A

tin/rn18/rded/hl/ipc10 s45:  78%|███████▊  | 235/300 [30:21<08:29,  7.83s/ep][A

tin/rn18/rded/hl/ipc10 s45:  79%|███████▊  | 236/300 [30:29<08:20,  7.82s/ep][A

tin/rn18/rded/hl/ipc10 s45:  79%|███████▉  | 237/300 [30:36<08:13,  7.83s/ep][A

tin/rn18/rded/hl/ipc10 s45:  79%|███████▉  | 238/300 [30:44<08:04,  7.82s/ep][A

tin/rn18/rded/hl/ipc10 s45:  80%|███████▉  | 239/300 [30:52<07:56,  7.80s/ep][A

tin/rn18/rded/hl/ipc10 s45:  80%|████████  | 240/300 [31:00<07:44,  7.75s/ep][A

tin/rn18/rded/hl/ipc10 s45:  80%|████████  | 241/300 [31:07<07:37,  7.76s/ep][A

tin/rn18/rded/hl/ipc10 s45:  81%|████████  | 242/300 [31:15<07:29,  7.75s/ep][A

tin/rn18/rded/hl/ipc10 s45:  81%|████████  | 243/300 [31:23<07:22,  7.76s/ep][A

tin/rn18/rded/hl/ipc10 s45:  81%|████████▏ | 244/300 [31:31<07:11,  7.70s/ep][A

tin/rn18/rded/hl/ipc10 s45:  82%|████████▏ | 245/300 [31:38<07:05,  7.73s/ep][A

tin/rn18/rded/hl/ipc10 s45:  82%|████████▏ | 246/300 [31:46<06:59,  7.77s/ep][A

tin/rn18/rded/hl/ipc10 s45:  82%|████████▏ | 247/300 [31:54<06:51,  7.76s/ep][A

tin/rn18/rded/hl/ipc10 s45:  83%|████████▎ | 248/300 [32:02<06:45,  7.79s/ep][A

tin/rn18/rded/hl/ipc10 s45:  83%|████████▎ | 249/300 [32:10<06:36,  7.77s/ep][A

tin/rn18/rded/hl/ipc10 s45:  83%|████████▎ | 250/300 [32:17<06:29,  7.79s/ep][A

tin/rn18/rded/hl/ipc10 s45:  84%|████████▎ | 251/300 [32:25<06:17,  7.70s/ep][A

tin/rn18/rded/hl/ipc10 s45:  84%|████████▍ | 252/300 [32:33<06:10,  7.72s/ep][A

tin/rn18/rded/hl/ipc10 s45:  84%|████████▍ | 253/300 [32:40<06:01,  7.68s/ep][A

tin/rn18/rded/hl/ipc10 s45:  85%|████████▍ | 254/300 [32:48<05:52,  7.67s/ep][A

tin/rn18/rded/hl/ipc10 s45:  85%|████████▌ | 255/300 [32:56<05:48,  7.74s/ep][A

tin/rn18/rded/hl/ipc10 s45:  85%|████████▌ | 256/300 [33:03<05:34,  7.61s/ep][A

tin/rn18/rded/hl/ipc10 s45:  86%|████████▌ | 257/300 [33:11<05:27,  7.61s/ep][A

tin/rn18/rded/hl/ipc10 s45:  86%|████████▌ | 258/300 [33:18<05:20,  7.64s/ep][A

tin/rn18/rded/hl/ipc10 s45:  86%|████████▋ | 259/300 [33:26<05:16,  7.71s/ep][A

tin/rn18/rded/hl/ipc10 s45:  87%|████████▋ | 260/300 [33:34<05:08,  7.72s/ep][A

tin/rn18/rded/hl/ipc10 s45:  87%|████████▋ | 261/300 [33:42<04:59,  7.68s/ep][A

tin/rn18/rded/hl/ipc10 s45:  87%|████████▋ | 262/300 [33:49<04:54,  7.75s/ep][A

tin/rn18/rded/hl/ipc10 s45:  88%|████████▊ | 263/300 [33:57<04:48,  7.79s/ep][A

tin/rn18/rded/hl/ipc10 s45:  88%|████████▊ | 264/300 [34:05<04:38,  7.73s/ep][A

tin/rn18/rded/hl/ipc10 s45:  88%|████████▊ | 265/300 [34:13<04:31,  7.75s/ep][A

tin/rn18/rded/hl/ipc10 s45:  89%|████████▊ | 266/300 [34:21<04:24,  7.77s/ep][A

tin/rn18/rded/hl/ipc10 s45:  89%|████████▉ | 267/300 [34:28<04:17,  7.81s/ep][A

tin/rn18/rded/hl/ipc10 s45:  89%|████████▉ | 268/300 [34:36<04:07,  7.73s/ep][A

tin/rn18/rded/hl/ipc10 s45:  90%|████████▉ | 269/300 [34:44<03:58,  7.71s/ep][A

tin/rn18/rded/hl/ipc10 s45:  90%|█████████ | 270/300 [34:51<03:51,  7.73s/ep][A

tin/rn18/rded/hl/ipc10 s45:  90%|█████████ | 271/300 [34:59<03:43,  7.69s/ep][A

tin/rn18/rded/hl/ipc10 s45:  91%|█████████ | 272/300 [35:07<03:35,  7.71s/ep][A

tin/rn18/rded/hl/ipc10 s45:  91%|█████████ | 273/300 [35:15<03:30,  7.79s/ep][A

tin/rn18/rded/hl/ipc10 s45:  91%|█████████▏| 274/300 [35:22<03:20,  7.73s/ep][A

tin/rn18/rded/hl/ipc10 s45:  92%|█████████▏| 275/300 [35:30<03:14,  7.77s/ep][A

tin/rn18/rded/hl/ipc10 s45:  92%|█████████▏| 276/300 [35:38<03:07,  7.80s/ep][A

tin/rn18/rded/hl/ipc10 s45:  92%|█████████▏| 277/300 [35:46<02:59,  7.81s/ep][A

tin/rn18/rded/hl/ipc10 s45:  93%|█████████▎| 278/300 [35:54<02:51,  7.81s/ep][A

tin/rn18/rded/hl/ipc10 s45:  93%|█████████▎| 279/300 [36:01<02:43,  7.78s/ep][A

tin/rn18/rded/hl/ipc10 s45:  93%|█████████▎| 280/300 [36:09<02:35,  7.77s/ep][A

tin/rn18/rded/hl/ipc10 s45:  94%|█████████▎| 281/300 [36:17<02:28,  7.79s/ep][A

tin/rn18/rded/hl/ipc10 s45:  94%|█████████▍| 282/300 [36:25<02:20,  7.79s/ep][A

tin/rn18/rded/hl/ipc10 s45:  94%|█████████▍| 283/300 [36:33<02:13,  7.83s/ep][A

tin/rn18/rded/hl/ipc10 s45:  95%|█████████▍| 284/300 [36:41<02:05,  7.84s/ep][A

tin/rn18/rded/hl/ipc10 s45:  95%|█████████▌| 285/300 [36:49<01:58,  7.89s/ep][A

tin/rn18/rded/hl/ipc10 s45:  95%|█████████▌| 286/300 [36:56<01:49,  7.80s/ep][A

tin/rn18/rded/hl/ipc10 s45:  96%|█████████▌| 287/300 [37:04<01:41,  7.79s/ep][A

tin/rn18/rded/hl/ipc10 s45:  96%|█████████▌| 288/300 [37:12<01:33,  7.79s/ep][A

tin/rn18/rded/hl/ipc10 s45:  96%|█████████▋| 289/300 [37:19<01:24,  7.65s/ep][A

tin/rn18/rded/hl/ipc10 s45:  97%|█████████▋| 290/300 [37:27<01:17,  7.71s/ep][A

tin/rn18/rded/hl/ipc10 s45:  97%|█████████▋| 291/300 [37:35<01:10,  7.78s/ep][A

tin/rn18/rded/hl/ipc10 s45:  97%|█████████▋| 292/300 [37:43<01:02,  7.82s/ep][A

tin/rn18/rded/hl/ipc10 s45:  98%|█████████▊| 293/300 [37:50<00:54,  7.76s/ep][A

tin/rn18/rded/hl/ipc10 s45:  98%|█████████▊| 294/300 [37:58<00:46,  7.79s/ep][A

tin/rn18/rded/hl/ipc10 s45:  98%|█████████▊| 295/300 [38:06<00:39,  7.81s/ep][A

tin/rn18/rded/hl/ipc10 s45:  99%|█████████▊| 296/300 [38:14<00:31,  7.78s/ep][A

tin/rn18/rded/hl/ipc10 s45:  99%|█████████▉| 297/300 [38:22<00:23,  7.83s/ep][A

tin/rn18/rded/hl/ipc10 s45:  99%|█████████▉| 298/300 [38:29<00:15,  7.75s/ep][A

tin/rn18/rded/hl/ipc10 s45: 100%|█████████▉| 299/300 [38:37<00:07,  7.71s/ep][A

tin/rn18/rded/hl/ipc10 s45: 100%|██████████| 300/300 [38:44<00:00,  7.66s/ep][A

                                                                             [A[cell] tin/rn18/rded/hl/ipc10 seed45: 5.86%  (2338s)


tin/rn18/rded/hl/ipc10 s46:   0%|          | 0/300 [00:00<?, ?ep/s][A

tin/rn18/rded/hl/ipc10 s46:   0%|          | 1/300 [00:06<34:30,  6.92s/ep][A

tin/rn18/rded/hl/ipc10 s46:   1%|          | 2/300 [00:14<37:30,  7.55s/ep][A

tin/rn18/rded/hl/ipc10 s46:   1%|          | 3/300 [00:22<38:18,  7.74s/ep][A

tin/rn18/rded/hl/ipc10 s46:   1%|▏         | 4/300 [00:30<38:24,  7.79s/ep][A

tin/rn18/rded/hl/ipc10 s46:   2%|▏         | 5/300 [00:38<38:11,  7.77s/ep][A

tin/rn18/rded/hl/ipc10 s46:   2%|▏         | 6/300 [00:46<38:19,  7.82s/ep][A

tin/rn18/rded/hl/ipc10 s46:   2%|▏         | 7/300 [00:54<38:09,  7.81s/ep][A

tin/rn18/rded/hl/ipc10 s46:   3%|▎         | 8/300 [01:02<38:01,  7.81s/ep][A

tin/rn18/rded/hl/ipc10 s46:   3%|▎         | 9/300 [01:09<37:52,  7.81s/ep][A

tin/rn18/rded/hl/ipc10 s46:   3%|▎         | 10/300 [01:17<38:00,  7.86s/ep][A

tin/rn18/rded/hl/ipc10 s46:   4%|▎         | 11/300 [01:25<37:59,  7.89s/ep][A

tin/rn18/rded/hl/ipc10 s46:   4%|▍         | 12/300 [01:33<38:00,  7.92s/ep][A

tin/rn18/rded/hl/ipc10 s46:   4%|▍         | 13/300 [01:41<37:23,  7.82s/ep][A

tin/rn18/rded/hl/ipc10 s46:   5%|▍         | 14/300 [01:48<36:57,  7.75s/ep][A

tin/rn18/rded/hl/ipc10 s46:   5%|▌         | 15/300 [01:56<36:44,  7.74s/ep][A

tin/rn18/rded/hl/ipc10 s46:   5%|▌         | 16/300 [02:04<36:44,  7.76s/ep][A

tin/rn18/rded/hl/ipc10 s46:   6%|▌         | 17/300 [02:12<36:38,  7.77s/ep][A

tin/rn18/rded/hl/ipc10 s46:   6%|▌         | 18/300 [02:20<36:35,  7.79s/ep][A

tin/rn18/rded/hl/ipc10 s46:   6%|▋         | 19/300 [02:27<36:10,  7.73s/ep][A

tin/rn18/rded/hl/ipc10 s46:   7%|▋         | 20/300 [02:35<36:12,  7.76s/ep][A

tin/rn18/rded/hl/ipc10 s46:   7%|▋         | 21/300 [02:43<36:16,  7.80s/ep][A

tin/rn18/rded/hl/ipc10 s46:   7%|▋         | 22/300 [02:50<35:50,  7.74s/ep][A

tin/rn18/rded/hl/ipc10 s46:   8%|▊         | 23/300 [02:58<35:41,  7.73s/ep][A

tin/rn18/rded/hl/ipc10 s46:   8%|▊         | 24/300 [03:06<35:44,  7.77s/ep][A

tin/rn18/rded/hl/ipc10 s46:   8%|▊         | 25/300 [03:14<35:49,  7.82s/ep][A

tin/rn18/rded/hl/ipc10 s46:   9%|▊         | 26/300 [03:22<35:47,  7.84s/ep][A

tin/rn18/rded/hl/ipc10 s46:   9%|▉         | 27/300 [03:30<35:27,  7.79s/ep][A

tin/rn18/rded/hl/ipc10 s46:   9%|▉         | 28/300 [03:38<35:36,  7.86s/ep][A

tin/rn18/rded/hl/ipc10 s46:  10%|▉         | 29/300 [03:45<35:22,  7.83s/ep][A

tin/rn18/rded/hl/ipc10 s46:  10%|█         | 30/300 [03:53<34:59,  7.78s/ep][A

tin/rn18/rded/hl/ipc10 s46:  10%|█         | 31/300 [04:01<34:58,  7.80s/ep][A

tin/rn18/rded/hl/ipc10 s46:  11%|█         | 32/300 [04:09<35:04,  7.85s/ep][A

tin/rn18/rded/hl/ipc10 s46:  11%|█         | 33/300 [04:17<34:57,  7.85s/ep][A

tin/rn18/rded/hl/ipc10 s46:  11%|█▏        | 34/300 [04:24<34:33,  7.79s/ep][A

tin/rn18/rded/hl/ipc10 s46:  12%|█▏        | 35/300 [04:32<34:35,  7.83s/ep][A

tin/rn18/rded/hl/ipc10 s46:  12%|█▏        | 36/300 [04:40<34:34,  7.86s/ep][A

tin/rn18/rded/hl/ipc10 s46:  12%|█▏        | 37/300 [04:48<34:10,  7.80s/ep][A

tin/rn18/rded/hl/ipc10 s46:  13%|█▎        | 38/300 [04:56<34:00,  7.79s/ep][A

tin/rn18/rded/hl/ipc10 s46:  13%|█▎        | 39/300 [05:03<33:56,  7.80s/ep][A

tin/rn18/rded/hl/ipc10 s46:  13%|█▎        | 40/300 [05:11<34:04,  7.86s/ep][A

tin/rn18/rded/hl/ipc10 s46:  14%|█▎        | 41/300 [05:19<34:02,  7.89s/ep][A

tin/rn18/rded/hl/ipc10 s46:  14%|█▍        | 42/300 [05:27<33:51,  7.87s/ep][A

tin/rn18/rded/hl/ipc10 s46:  14%|█▍        | 43/300 [05:35<33:33,  7.83s/ep][A

tin/rn18/rded/hl/ipc10 s46:  15%|█▍        | 44/300 [05:43<33:18,  7.81s/ep][A

tin/rn18/rded/hl/ipc10 s46:  15%|█▌        | 45/300 [05:51<33:12,  7.81s/ep][A

tin/rn18/rded/hl/ipc10 s46:  15%|█▌        | 46/300 [05:58<33:12,  7.85s/ep][A

tin/rn18/rded/hl/ipc10 s46:  16%|█▌        | 47/300 [06:06<33:10,  7.87s/ep][A

tin/rn18/rded/hl/ipc10 s46:  16%|█▌        | 48/300 [06:14<33:01,  7.86s/ep][A

tin/rn18/rded/hl/ipc10 s46:  16%|█▋        | 49/300 [06:22<32:51,  7.86s/ep][A

tin/rn18/rded/hl/ipc10 s46:  17%|█▋        | 50/300 [06:30<32:48,  7.87s/ep][A

tin/rn18/rded/hl/ipc10 s46:  17%|█▋        | 51/300 [06:38<32:36,  7.86s/ep][A

tin/rn18/rded/hl/ipc10 s46:  17%|█▋        | 52/300 [06:46<32:30,  7.86s/ep][A

tin/rn18/rded/hl/ipc10 s46:  18%|█▊        | 53/300 [06:53<32:12,  7.82s/ep][A

tin/rn18/rded/hl/ipc10 s46:  18%|█▊        | 54/300 [07:01<32:01,  7.81s/ep][A

tin/rn18/rded/hl/ipc10 s46:  18%|█▊        | 55/300 [07:09<31:57,  7.83s/ep][A

tin/rn18/rded/hl/ipc10 s46:  19%|█▊        | 56/300 [07:17<31:35,  7.77s/ep][A

tin/rn18/rded/hl/ipc10 s46:  19%|█▉        | 57/300 [07:25<31:33,  7.79s/ep][A

tin/rn18/rded/hl/ipc10 s46:  19%|█▉        | 58/300 [07:32<31:36,  7.84s/ep][A

tin/rn18/rded/hl/ipc10 s46:  20%|█▉        | 59/300 [07:40<31:24,  7.82s/ep][A

tin/rn18/rded/hl/ipc10 s46:  20%|██        | 60/300 [07:48<31:12,  7.80s/ep][A

tin/rn18/rded/hl/ipc10 s46:  20%|██        | 61/300 [07:56<31:16,  7.85s/ep][A

tin/rn18/rded/hl/ipc10 s46:  21%|██        | 62/300 [08:04<31:11,  7.87s/ep][A

tin/rn18/rded/hl/ipc10 s46:  21%|██        | 63/300 [08:12<30:52,  7.82s/ep][A

tin/rn18/rded/hl/ipc10 s46:  21%|██▏       | 64/300 [08:19<30:28,  7.75s/ep][A

tin/rn18/rded/hl/ipc10 s46:  22%|██▏       | 65/300 [08:27<30:35,  7.81s/ep][A

tin/rn18/rded/hl/ipc10 s46:  22%|██▏       | 66/300 [08:35<30:34,  7.84s/ep][A

tin/rn18/rded/hl/ipc10 s46:  22%|██▏       | 67/300 [08:43<30:23,  7.82s/ep][A

tin/rn18/rded/hl/ipc10 s46:  23%|██▎       | 68/300 [08:50<30:05,  7.78s/ep][A

tin/rn18/rded/hl/ipc10 s46:  23%|██▎       | 69/300 [08:58<29:56,  7.78s/ep][A

tin/rn18/rded/hl/ipc10 s46:  23%|██▎       | 70/300 [09:06<30:02,  7.84s/ep][A

tin/rn18/rded/hl/ipc10 s46:  24%|██▎       | 71/300 [09:14<30:02,  7.87s/ep][A

tin/rn18/rded/hl/ipc10 s46:  24%|██▍       | 72/300 [09:22<29:41,  7.81s/ep][A

tin/rn18/rded/hl/ipc10 s46:  24%|██▍       | 73/300 [09:30<29:28,  7.79s/ep][A

tin/rn18/rded/hl/ipc10 s46:  25%|██▍       | 74/300 [09:38<29:29,  7.83s/ep][A

tin/rn18/rded/hl/ipc10 s46:  25%|██▌       | 75/300 [09:45<28:55,  7.71s/ep][A

tin/rn18/rded/hl/ipc10 s46:  25%|██▌       | 76/300 [09:53<28:55,  7.75s/ep][A

tin/rn18/rded/hl/ipc10 s46:  26%|██▌       | 77/300 [10:01<28:59,  7.80s/ep][A

tin/rn18/rded/hl/ipc10 s46:  26%|██▌       | 78/300 [10:09<28:53,  7.81s/ep][A

tin/rn18/rded/hl/ipc10 s46:  26%|██▋       | 79/300 [10:16<28:53,  7.84s/ep][A

tin/rn18/rded/hl/ipc10 s46:  27%|██▋       | 80/300 [10:24<28:47,  7.85s/ep][A

tin/rn18/rded/hl/ipc10 s46:  27%|██▋       | 81/300 [10:32<28:44,  7.87s/ep][A

tin/rn18/rded/hl/ipc10 s46:  27%|██▋       | 82/300 [10:40<28:28,  7.84s/ep][A

tin/rn18/rded/hl/ipc10 s46:  28%|██▊       | 83/300 [10:48<28:20,  7.84s/ep][A

tin/rn18/rded/hl/ipc10 s46:  28%|██▊       | 84/300 [10:56<28:19,  7.87s/ep][A

tin/rn18/rded/hl/ipc10 s46:  28%|██▊       | 85/300 [11:04<28:06,  7.85s/ep][A

tin/rn18/rded/hl/ipc10 s46:  29%|██▊       | 86/300 [11:11<27:52,  7.81s/ep][A

tin/rn18/rded/hl/ipc10 s46:  29%|██▉       | 87/300 [11:19<27:46,  7.82s/ep][A

tin/rn18/rded/hl/ipc10 s46:  29%|██▉       | 88/300 [11:27<27:35,  7.81s/ep][A

tin/rn18/rded/hl/ipc10 s46:  30%|██▉       | 89/300 [11:35<27:33,  7.84s/ep][A

tin/rn18/rded/hl/ipc10 s46:  30%|███       | 90/300 [11:43<27:35,  7.88s/ep][A

tin/rn18/rded/hl/ipc10 s46:  30%|███       | 91/300 [11:51<27:23,  7.86s/ep][A

tin/rn18/rded/hl/ipc10 s46:  31%|███       | 92/300 [11:58<27:13,  7.85s/ep][A

tin/rn18/rded/hl/ipc10 s46:  31%|███       | 93/300 [12:06<26:56,  7.81s/ep][A

tin/rn18/rded/hl/ipc10 s46:  31%|███▏      | 94/300 [12:14<26:52,  7.83s/ep][A

tin/rn18/rded/hl/ipc10 s46:  32%|███▏      | 95/300 [12:22<26:35,  7.79s/ep][A

tin/rn18/rded/hl/ipc10 s46:  32%|███▏      | 96/300 [12:30<26:32,  7.81s/ep][A

tin/rn18/rded/hl/ipc10 s46:  32%|███▏      | 97/300 [12:37<26:28,  7.83s/ep][A

tin/rn18/rded/hl/ipc10 s46:  33%|███▎      | 98/300 [12:45<26:24,  7.84s/ep][A

tin/rn18/rded/hl/ipc10 s46:  33%|███▎      | 99/300 [12:53<26:24,  7.88s/ep][A

tin/rn18/rded/hl/ipc10 s46:  33%|███▎      | 100/300 [13:01<26:13,  7.87s/ep][A

tin/rn18/rded/hl/ipc10 s46:  34%|███▎      | 101/300 [13:09<26:00,  7.84s/ep][A

tin/rn18/rded/hl/ipc10 s46:  34%|███▍      | 102/300 [13:17<25:51,  7.83s/ep][A

tin/rn18/rded/hl/ipc10 s46:  34%|███▍      | 103/300 [13:25<25:50,  7.87s/ep][A

tin/rn18/rded/hl/ipc10 s46:  35%|███▍      | 104/300 [13:32<25:37,  7.84s/ep][A

tin/rn18/rded/hl/ipc10 s46:  35%|███▌      | 105/300 [13:40<25:28,  7.84s/ep][A

tin/rn18/rded/hl/ipc10 s46:  35%|███▌      | 106/300 [13:48<25:20,  7.84s/ep][A

tin/rn18/rded/hl/ipc10 s46:  36%|███▌      | 107/300 [13:56<25:12,  7.84s/ep][A

tin/rn18/rded/hl/ipc10 s46:  36%|███▌      | 108/300 [14:04<25:03,  7.83s/ep][A

tin/rn18/rded/hl/ipc10 s46:  36%|███▋      | 109/300 [14:12<24:59,  7.85s/ep][A

tin/rn18/rded/hl/ipc10 s46:  37%|███▋      | 110/300 [14:20<24:59,  7.89s/ep][A

tin/rn18/rded/hl/ipc10 s46:  37%|███▋      | 111/300 [14:28<24:51,  7.89s/ep][A

tin/rn18/rded/hl/ipc10 s46:  37%|███▋      | 112/300 [14:35<24:40,  7.87s/ep][A

tin/rn18/rded/hl/ipc10 s46:  38%|███▊      | 113/300 [14:43<24:22,  7.82s/ep][A

tin/rn18/rded/hl/ipc10 s46:  38%|███▊      | 114/300 [14:51<24:20,  7.85s/ep][A

tin/rn18/rded/hl/ipc10 s46:  38%|███▊      | 115/300 [14:59<24:02,  7.80s/ep][A

tin/rn18/rded/hl/ipc10 s46:  39%|███▊      | 116/300 [15:07<24:05,  7.85s/ep][A

tin/rn18/rded/hl/ipc10 s46:  39%|███▉      | 117/300 [15:14<23:40,  7.76s/ep][A

tin/rn18/rded/hl/ipc10 s46:  39%|███▉      | 118/300 [15:22<23:37,  7.79s/ep][A

tin/rn18/rded/hl/ipc10 s46:  40%|███▉      | 119/300 [15:30<23:37,  7.83s/ep][A

tin/rn18/rded/hl/ipc10 s46:  40%|████      | 120/300 [15:38<23:38,  7.88s/ep][A

tin/rn18/rded/hl/ipc10 s46:  40%|████      | 121/300 [15:46<23:27,  7.86s/ep][A

tin/rn18/rded/hl/ipc10 s46:  41%|████      | 122/300 [15:54<23:12,  7.82s/ep][A

tin/rn18/rded/hl/ipc10 s46:  41%|████      | 123/300 [16:01<23:03,  7.82s/ep][A

tin/rn18/rded/hl/ipc10 s46:  41%|████▏     | 124/300 [16:09<23:02,  7.86s/ep][A

tin/rn18/rded/hl/ipc10 s46:  42%|████▏     | 125/300 [16:17<22:47,  7.82s/ep][A

tin/rn18/rded/hl/ipc10 s46:  42%|████▏     | 126/300 [16:25<22:32,  7.77s/ep][A

tin/rn18/rded/hl/ipc10 s46:  42%|████▏     | 127/300 [16:32<22:22,  7.76s/ep][A

tin/rn18/rded/hl/ipc10 s46:  43%|████▎     | 128/300 [16:40<22:18,  7.78s/ep][A

tin/rn18/rded/hl/ipc10 s46:  43%|████▎     | 129/300 [16:48<22:19,  7.83s/ep][A

tin/rn18/rded/hl/ipc10 s46:  43%|████▎     | 130/300 [16:56<22:10,  7.83s/ep][A

tin/rn18/rded/hl/ipc10 s46:  44%|████▎     | 131/300 [17:04<22:02,  7.83s/ep][A

tin/rn18/rded/hl/ipc10 s46:  44%|████▍     | 132/300 [17:12<21:51,  7.81s/ep][A

tin/rn18/rded/hl/ipc10 s46:  44%|████▍     | 133/300 [17:19<21:44,  7.81s/ep][A

tin/rn18/rded/hl/ipc10 s46:  45%|████▍     | 134/300 [17:27<21:36,  7.81s/ep][A

tin/rn18/rded/hl/ipc10 s46:  45%|████▌     | 135/300 [17:35<21:23,  7.78s/ep][A

tin/rn18/rded/hl/ipc10 s46:  45%|████▌     | 136/300 [17:43<21:21,  7.81s/ep][A

tin/rn18/rded/hl/ipc10 s46:  46%|████▌     | 137/300 [17:51<21:08,  7.78s/ep][A

tin/rn18/rded/hl/ipc10 s46:  46%|████▌     | 138/300 [17:59<21:08,  7.83s/ep][A

tin/rn18/rded/hl/ipc10 s46:  46%|████▋     | 139/300 [18:06<20:59,  7.82s/ep][A

tin/rn18/rded/hl/ipc10 s46:  47%|████▋     | 140/300 [18:14<20:58,  7.86s/ep][A

tin/rn18/rded/hl/ipc10 s46:  47%|████▋     | 141/300 [18:22<20:50,  7.87s/ep][A

tin/rn18/rded/hl/ipc10 s46:  47%|████▋     | 142/300 [18:30<20:45,  7.88s/ep][A

tin/rn18/rded/hl/ipc10 s46:  48%|████▊     | 143/300 [18:38<20:40,  7.90s/ep][A

tin/rn18/rded/hl/ipc10 s46:  48%|████▊     | 144/300 [18:46<20:27,  7.87s/ep][A

tin/rn18/rded/hl/ipc10 s46:  48%|████▊     | 145/300 [18:54<20:26,  7.91s/ep][A

tin/rn18/rded/hl/ipc10 s46:  49%|████▊     | 146/300 [19:02<20:20,  7.93s/ep][A

tin/rn18/rded/hl/ipc10 s46:  49%|████▉     | 147/300 [19:10<20:03,  7.87s/ep][A

tin/rn18/rded/hl/ipc10 s46:  49%|████▉     | 148/300 [19:17<19:58,  7.89s/ep][A

tin/rn18/rded/hl/ipc10 s46:  50%|████▉     | 149/300 [19:25<19:50,  7.88s/ep][A

tin/rn18/rded/hl/ipc10 s46:  50%|█████     | 150/300 [19:33<19:39,  7.87s/ep][A

tin/rn18/rded/hl/ipc10 s46:  50%|█████     | 151/300 [19:41<19:33,  7.87s/ep][A

tin/rn18/rded/hl/ipc10 s46:  51%|█████     | 152/300 [19:49<19:30,  7.91s/ep][A

tin/rn18/rded/hl/ipc10 s46:  51%|█████     | 153/300 [19:57<19:20,  7.90s/ep][A

tin/rn18/rded/hl/ipc10 s46:  51%|█████▏    | 154/300 [20:05<19:15,  7.91s/ep][A

tin/rn18/rded/hl/ipc10 s46:  52%|█████▏    | 155/300 [20:13<19:02,  7.88s/ep][A

tin/rn18/rded/hl/ipc10 s46:  52%|█████▏    | 156/300 [20:21<18:55,  7.89s/ep][A

tin/rn18/rded/hl/ipc10 s46:  52%|█████▏    | 157/300 [20:28<18:49,  7.90s/ep][A

tin/rn18/rded/hl/ipc10 s46:  53%|█████▎    | 158/300 [20:36<18:44,  7.92s/ep][A

tin/rn18/rded/hl/ipc10 s46:  53%|█████▎    | 159/300 [20:44<18:38,  7.93s/ep][A

tin/rn18/rded/hl/ipc10 s46:  53%|█████▎    | 160/300 [20:52<18:31,  7.94s/ep][A

tin/rn18/rded/hl/ipc10 s46:  54%|█████▎    | 161/300 [21:00<18:25,  7.95s/ep][A

tin/rn18/rded/hl/ipc10 s46:  54%|█████▍    | 162/300 [21:08<18:15,  7.94s/ep][A

tin/rn18/rded/hl/ipc10 s46:  54%|█████▍    | 163/300 [21:16<18:00,  7.89s/ep][A

tin/rn18/rded/hl/ipc10 s46:  55%|█████▍    | 164/300 [21:24<17:52,  7.89s/ep][A

tin/rn18/rded/hl/ipc10 s46:  55%|█████▌    | 165/300 [21:32<17:50,  7.93s/ep][A

tin/rn18/rded/hl/ipc10 s46:  55%|█████▌    | 166/300 [21:40<17:43,  7.94s/ep][A

tin/rn18/rded/hl/ipc10 s46:  56%|█████▌    | 167/300 [21:48<17:37,  7.95s/ep][A

tin/rn18/rded/hl/ipc10 s46:  56%|█████▌    | 168/300 [21:56<17:31,  7.97s/ep][A

tin/rn18/rded/hl/ipc10 s46:  56%|█████▋    | 169/300 [22:04<17:18,  7.93s/ep][A

tin/rn18/rded/hl/ipc10 s46:  57%|█████▋    | 170/300 [22:12<17:10,  7.93s/ep][A

tin/rn18/rded/hl/ipc10 s46:  57%|█████▋    | 171/300 [22:20<17:04,  7.94s/ep][A

tin/rn18/rded/hl/ipc10 s46:  57%|█████▋    | 172/300 [22:28<16:57,  7.95s/ep][A

tin/rn18/rded/hl/ipc10 s46:  58%|█████▊    | 173/300 [22:36<16:51,  7.97s/ep][A

tin/rn18/rded/hl/ipc10 s46:  58%|█████▊    | 174/300 [22:43<16:39,  7.93s/ep][A

tin/rn18/rded/hl/ipc10 s46:  58%|█████▊    | 175/300 [22:51<16:17,  7.82s/ep][A

tin/rn18/rded/hl/ipc10 s46:  59%|█████▊    | 176/300 [22:59<16:13,  7.85s/ep][A

tin/rn18/rded/hl/ipc10 s46:  59%|█████▉    | 177/300 [23:07<16:04,  7.84s/ep][A

tin/rn18/rded/hl/ipc10 s46:  59%|█████▉    | 178/300 [23:15<16:00,  7.87s/ep][A

tin/rn18/rded/hl/ipc10 s46:  60%|█████▉    | 179/300 [23:22<15:43,  7.80s/ep][A

tin/rn18/rded/hl/ipc10 s46:  60%|██████    | 180/300 [23:30<15:34,  7.79s/ep][A

tin/rn18/rded/hl/ipc10 s46:  60%|██████    | 181/300 [23:38<15:30,  7.82s/ep][A

tin/rn18/rded/hl/ipc10 s46:  61%|██████    | 182/300 [23:46<15:24,  7.83s/ep][A

tin/rn18/rded/hl/ipc10 s46:  61%|██████    | 183/300 [23:54<15:23,  7.89s/ep][A

tin/rn18/rded/hl/ipc10 s46:  61%|██████▏   | 184/300 [24:02<15:11,  7.85s/ep][A

tin/rn18/rded/hl/ipc10 s46:  62%|██████▏   | 185/300 [24:10<15:06,  7.88s/ep][A

tin/rn18/rded/hl/ipc10 s46:  62%|██████▏   | 186/300 [24:17<14:56,  7.86s/ep][A

tin/rn18/rded/hl/ipc10 s46:  62%|██████▏   | 187/300 [24:25<14:53,  7.90s/ep][A

tin/rn18/rded/hl/ipc10 s46:  63%|██████▎   | 188/300 [24:33<14:47,  7.92s/ep][A

tin/rn18/rded/hl/ipc10 s46:  63%|██████▎   | 189/300 [24:41<14:40,  7.93s/ep][A

tin/rn18/rded/hl/ipc10 s46:  63%|██████▎   | 190/300 [24:49<14:34,  7.95s/ep][A

tin/rn18/rded/hl/ipc10 s46:  64%|██████▎   | 191/300 [24:57<14:27,  7.96s/ep][A

tin/rn18/rded/hl/ipc10 s46:  64%|██████▍   | 192/300 [25:05<14:18,  7.95s/ep][A

tin/rn18/rded/hl/ipc10 s46:  64%|██████▍   | 193/300 [25:13<14:07,  7.92s/ep][A

tin/rn18/rded/hl/ipc10 s46:  65%|██████▍   | 194/300 [25:21<13:58,  7.91s/ep][A

tin/rn18/rded/hl/ipc10 s46:  65%|██████▌   | 195/300 [25:29<13:49,  7.90s/ep][A

tin/rn18/rded/hl/ipc10 s46:  65%|██████▌   | 196/300 [25:37<13:43,  7.92s/ep][A

tin/rn18/rded/hl/ipc10 s46:  66%|██████▌   | 197/300 [25:45<13:37,  7.94s/ep][A

tin/rn18/rded/hl/ipc10 s46:  66%|██████▌   | 198/300 [25:53<13:24,  7.89s/ep][A

tin/rn18/rded/hl/ipc10 s46:  66%|██████▋   | 199/300 [26:00<13:08,  7.81s/ep][A

tin/rn18/rded/hl/ipc10 s46:  67%|██████▋   | 200/300 [26:08<13:05,  7.86s/ep][A

tin/rn18/rded/hl/ipc10 s46:  67%|██████▋   | 201/300 [26:16<12:57,  7.85s/ep][A

tin/rn18/rded/hl/ipc10 s46:  67%|██████▋   | 202/300 [26:24<12:47,  7.83s/ep][A

tin/rn18/rded/hl/ipc10 s46:  68%|██████▊   | 203/300 [26:32<12:43,  7.87s/ep][A

tin/rn18/rded/hl/ipc10 s46:  68%|██████▊   | 204/300 [26:40<12:33,  7.84s/ep][A

tin/rn18/rded/hl/ipc10 s46:  68%|██████▊   | 205/300 [26:47<12:22,  7.82s/ep][A

tin/rn18/rded/hl/ipc10 s46:  69%|██████▊   | 206/300 [26:55<12:16,  7.83s/ep][A

tin/rn18/rded/hl/ipc10 s46:  69%|██████▉   | 207/300 [27:03<12:11,  7.87s/ep][A

tin/rn18/rded/hl/ipc10 s46:  69%|██████▉   | 208/300 [27:11<12:04,  7.87s/ep][A

tin/rn18/rded/hl/ipc10 s46:  70%|██████▉   | 209/300 [27:19<11:52,  7.83s/ep][A

tin/rn18/rded/hl/ipc10 s46:  70%|███████   | 210/300 [27:27<11:47,  7.86s/ep][A

tin/rn18/rded/hl/ipc10 s46:  70%|███████   | 211/300 [27:34<11:31,  7.78s/ep][A

tin/rn18/rded/hl/ipc10 s46:  71%|███████   | 212/300 [27:42<11:22,  7.76s/ep][A

tin/rn18/rded/hl/ipc10 s46:  71%|███████   | 213/300 [27:50<11:21,  7.83s/ep][A

tin/rn18/rded/hl/ipc10 s46:  71%|███████▏  | 214/300 [27:58<11:12,  7.82s/ep][A

tin/rn18/rded/hl/ipc10 s46:  72%|███████▏  | 215/300 [28:06<11:03,  7.81s/ep][A

tin/rn18/rded/hl/ipc10 s46:  72%|███████▏  | 216/300 [28:13<10:56,  7.81s/ep][A

tin/rn18/rded/hl/ipc10 s46:  72%|███████▏  | 217/300 [28:21<10:47,  7.80s/ep][A

tin/rn18/rded/hl/ipc10 s46:  73%|███████▎  | 218/300 [28:29<10:39,  7.80s/ep][A

tin/rn18/rded/hl/ipc10 s46:  73%|███████▎  | 219/300 [28:37<10:35,  7.84s/ep][A

tin/rn18/rded/hl/ipc10 s46:  73%|███████▎  | 220/300 [28:45<10:27,  7.84s/ep][A

tin/rn18/rded/hl/ipc10 s46:  74%|███████▎  | 221/300 [28:52<10:18,  7.83s/ep][A

tin/rn18/rded/hl/ipc10 s46:  74%|███████▍  | 222/300 [29:00<10:12,  7.86s/ep][A

tin/rn18/rded/hl/ipc10 s46:  74%|███████▍  | 223/300 [29:08<10:06,  7.88s/ep][A

tin/rn18/rded/hl/ipc10 s46:  75%|███████▍  | 224/300 [29:16<09:58,  7.87s/ep][A

tin/rn18/rded/hl/ipc10 s46:  75%|███████▌  | 225/300 [29:24<09:48,  7.85s/ep][A

tin/rn18/rded/hl/ipc10 s46:  75%|███████▌  | 226/300 [29:32<09:38,  7.82s/ep][A

tin/rn18/rded/hl/ipc10 s46:  76%|███████▌  | 227/300 [29:40<09:34,  7.87s/ep][A

tin/rn18/rded/hl/ipc10 s46:  76%|███████▌  | 228/300 [29:48<09:29,  7.91s/ep][A

tin/rn18/rded/hl/ipc10 s46:  76%|███████▋  | 229/300 [29:56<09:19,  7.89s/ep][A

tin/rn18/rded/hl/ipc10 s46:  77%|███████▋  | 230/300 [30:04<09:13,  7.91s/ep][A

tin/rn18/rded/hl/ipc10 s46:  77%|███████▋  | 231/300 [30:11<09:06,  7.92s/ep][A

tin/rn18/rded/hl/ipc10 s46:  77%|███████▋  | 232/300 [30:19<08:56,  7.88s/ep][A

tin/rn18/rded/hl/ipc10 s46:  78%|███████▊  | 233/300 [30:27<08:49,  7.90s/ep][A

tin/rn18/rded/hl/ipc10 s46:  78%|███████▊  | 234/300 [30:35<08:42,  7.92s/ep][A

tin/rn18/rded/hl/ipc10 s46:  78%|███████▊  | 235/300 [30:43<08:35,  7.93s/ep][A

tin/rn18/rded/hl/ipc10 s46:  79%|███████▊  | 236/300 [30:51<08:27,  7.94s/ep][A

tin/rn18/rded/hl/ipc10 s46:  79%|███████▉  | 237/300 [30:59<08:19,  7.93s/ep][A

tin/rn18/rded/hl/ipc10 s46:  79%|███████▉  | 238/300 [31:07<08:08,  7.88s/ep][A

tin/rn18/rded/hl/ipc10 s46:  80%|███████▉  | 239/300 [31:15<08:00,  7.88s/ep][A

tin/rn18/rded/hl/ipc10 s46:  80%|████████  | 240/300 [31:23<07:52,  7.88s/ep][A

tin/rn18/rded/hl/ipc10 s46:  80%|████████  | 241/300 [31:30<07:44,  7.87s/ep][A

tin/rn18/rded/hl/ipc10 s46:  81%|████████  | 242/300 [31:38<07:35,  7.86s/ep][A

tin/rn18/rded/hl/ipc10 s46:  81%|████████  | 243/300 [31:46<07:28,  7.87s/ep][A

tin/rn18/rded/hl/ipc10 s46:  81%|████████▏ | 244/300 [31:54<07:19,  7.85s/ep][A

tin/rn18/rded/hl/ipc10 s46:  82%|████████▏ | 245/300 [32:01<07:07,  7.78s/ep][A

tin/rn18/rded/hl/ipc10 s46:  82%|████████▏ | 246/300 [32:09<06:59,  7.78s/ep][A

tin/rn18/rded/hl/ipc10 s46:  82%|████████▏ | 247/300 [32:17<06:55,  7.85s/ep][A

tin/rn18/rded/hl/ipc10 s46:  83%|████████▎ | 248/300 [32:25<06:48,  7.85s/ep][A

tin/rn18/rded/hl/ipc10 s46:  83%|████████▎ | 249/300 [32:33<06:40,  7.86s/ep][A

tin/rn18/rded/hl/ipc10 s46:  83%|████████▎ | 250/300 [32:41<06:34,  7.89s/ep][A

tin/rn18/rded/hl/ipc10 s46:  84%|████████▎ | 251/300 [32:49<06:27,  7.91s/ep][A

tin/rn18/rded/hl/ipc10 s46:  84%|████████▍ | 252/300 [32:57<06:21,  7.95s/ep][A

tin/rn18/rded/hl/ipc10 s46:  84%|████████▍ | 253/300 [33:05<06:12,  7.93s/ep][A

tin/rn18/rded/hl/ipc10 s46:  85%|████████▍ | 254/300 [33:13<06:03,  7.91s/ep][A

tin/rn18/rded/hl/ipc10 s46:  85%|████████▌ | 255/300 [33:21<05:57,  7.94s/ep][A

tin/rn18/rded/hl/ipc10 s46:  85%|████████▌ | 256/300 [33:29<05:48,  7.92s/ep][A

tin/rn18/rded/hl/ipc10 s46:  86%|████████▌ | 257/300 [33:36<05:37,  7.84s/ep][A

tin/rn18/rded/hl/ipc10 s46:  86%|████████▌ | 258/300 [33:44<05:31,  7.89s/ep][A

tin/rn18/rded/hl/ipc10 s46:  86%|████████▋ | 259/300 [33:52<05:23,  7.89s/ep][A

tin/rn18/rded/hl/ipc10 s46:  87%|████████▋ | 260/300 [34:00<05:16,  7.92s/ep][A

tin/rn18/rded/hl/ipc10 s46:  87%|████████▋ | 261/300 [34:08<05:08,  7.91s/ep][A

tin/rn18/rded/hl/ipc10 s46:  87%|████████▋ | 262/300 [34:16<05:00,  7.90s/ep][A

tin/rn18/rded/hl/ipc10 s46:  88%|████████▊ | 263/300 [34:24<04:50,  7.85s/ep][A

tin/rn18/rded/hl/ipc10 s46:  88%|████████▊ | 264/300 [34:32<04:43,  7.89s/ep][A

tin/rn18/rded/hl/ipc10 s46:  88%|████████▊ | 265/300 [34:40<04:37,  7.92s/ep][A

tin/rn18/rded/hl/ipc10 s46:  89%|████████▊ | 266/300 [34:48<04:29,  7.93s/ep][A

tin/rn18/rded/hl/ipc10 s46:  89%|████████▉ | 267/300 [34:55<04:19,  7.88s/ep][A

tin/rn18/rded/hl/ipc10 s46:  89%|████████▉ | 268/300 [35:03<04:13,  7.91s/ep][A

tin/rn18/rded/hl/ipc10 s46:  90%|████████▉ | 269/300 [35:11<04:04,  7.90s/ep][A

tin/rn18/rded/hl/ipc10 s46:  90%|█████████ | 270/300 [35:19<03:55,  7.87s/ep][A

tin/rn18/rded/hl/ipc10 s46:  90%|█████████ | 271/300 [35:27<03:48,  7.89s/ep][A

tin/rn18/rded/hl/ipc10 s46:  91%|█████████ | 272/300 [35:35<03:40,  7.87s/ep][A

tin/rn18/rded/hl/ipc10 s46:  91%|█████████ | 273/300 [35:43<03:33,  7.89s/ep][A

tin/rn18/rded/hl/ipc10 s46:  91%|█████████▏| 274/300 [35:51<03:25,  7.89s/ep][A

tin/rn18/rded/hl/ipc10 s46:  92%|█████████▏| 275/300 [35:58<03:17,  7.89s/ep][A

tin/rn18/rded/hl/ipc10 s46:  92%|█████████▏| 276/300 [36:06<03:09,  7.89s/ep][A

tin/rn18/rded/hl/ipc10 s46:  92%|█████████▏| 277/300 [36:14<03:01,  7.90s/ep][A

tin/rn18/rded/hl/ipc10 s46:  93%|█████████▎| 278/300 [36:22<02:53,  7.88s/ep][A

tin/rn18/rded/hl/ipc10 s46:  93%|█████████▎| 279/300 [36:30<02:45,  7.88s/ep][A

tin/rn18/rded/hl/ipc10 s46:  93%|█████████▎| 280/300 [36:38<02:38,  7.91s/ep][A

tin/rn18/rded/hl/ipc10 s46:  94%|█████████▎| 281/300 [36:46<02:30,  7.91s/ep][A

tin/rn18/rded/hl/ipc10 s46:  94%|█████████▍| 282/300 [36:54<02:22,  7.90s/ep][A

tin/rn18/rded/hl/ipc10 s46:  94%|█████████▍| 283/300 [37:02<02:14,  7.89s/ep][A

tin/rn18/rded/hl/ipc10 s46:  95%|█████████▍| 284/300 [37:10<02:06,  7.90s/ep][A

tin/rn18/rded/hl/ipc10 s46:  95%|█████████▌| 285/300 [37:17<01:58,  7.92s/ep][A

tin/rn18/rded/hl/ipc10 s46:  95%|█████████▌| 286/300 [37:25<01:50,  7.86s/ep][A

tin/rn18/rded/hl/ipc10 s46:  96%|█████████▌| 287/300 [37:33<01:41,  7.84s/ep][A

tin/rn18/rded/hl/ipc10 s46:  96%|█████████▌| 288/300 [37:41<01:34,  7.89s/ep][A

tin/rn18/rded/hl/ipc10 s46:  96%|█████████▋| 289/300 [37:49<01:27,  7.92s/ep][A

tin/rn18/rded/hl/ipc10 s46:  97%|█████████▋| 290/300 [37:57<01:18,  7.88s/ep][A

tin/rn18/rded/hl/ipc10 s46:  97%|█████████▋| 291/300 [38:05<01:10,  7.85s/ep][A

tin/rn18/rded/hl/ipc10 s46:  97%|█████████▋| 292/300 [38:13<01:03,  7.90s/ep][A

tin/rn18/rded/hl/ipc10 s46:  98%|█████████▊| 293/300 [38:20<00:55,  7.86s/ep][A

tin/rn18/rded/hl/ipc10 s46:  98%|█████████▊| 294/300 [38:28<00:47,  7.88s/ep][A

tin/rn18/rded/hl/ipc10 s46:  98%|█████████▊| 295/300 [38:36<00:39,  7.87s/ep][A

tin/rn18/rded/hl/ipc10 s46:  99%|█████████▊| 296/300 [38:44<00:31,  7.90s/ep][A

tin/rn18/rded/hl/ipc10 s46:  99%|█████████▉| 297/300 [38:52<00:23,  7.87s/ep][A

tin/rn18/rded/hl/ipc10 s46:  99%|█████████▉| 298/300 [39:00<00:15,  7.88s/ep][A

tin/rn18/rded/hl/ipc10 s46: 100%|█████████▉| 299/300 [39:08<00:07,  7.92s/ep][A

tin/rn18/rded/hl/ipc10 s46: 100%|██████████| 300/300 [39:16<00:00,  7.90s/ep][A

                                                                             [A[cell] tin/rn18/rded/hl/ipc10 seed46: 6.17%  (2369s)
[cell] tin/rn18/rded/hl/ipc10: union seeds [42, 43, 44] + [45, 46]

rn18-tin:  22%|██▏       | 6/27 [7:40:47<27:12:13, 4663.52s/cell, rded/hl/ipc10]
rn18-tin:  22%|██▏       | 6/27 [7:40:47<27:12:13, 4663.52s/cell, ca2d/hl/ipc10][cell] tin/rn18/rded/hl/ipc10: 6.15 +- 0.23 (6343s)
[cell] partial (bench_tin_rn18_ca2d_hl_ipc10.json): have [42, 43, 44], running [45, 46]


tin/rn18/ca2d/hl/ipc10 s45:   0%|          | 0/300 [00:00<?, ?ep/s][A

tin/rn18/ca2d/hl/ipc10 s45:   0%|          | 1/300 [00:07<35:26,  7.11s/ep][A

tin/rn18/ca2d/hl/ipc10 s45:   1%|          | 2/300 [00:15<37:47,  7.61s/ep][A

tin/rn18/ca2d/hl/ipc10 s45:   1%|          | 3/300 [00:22<38:13,  7.72s/ep][A

tin/rn18/ca2d/hl/ipc10 s45:   1%|▏         | 4/300 [00:30<38:31,  7.81s/ep][A

tin/rn18/ca2d/hl/ipc10 s45:   2%|▏         | 5/300 [00:38<38:43,  7.88s/ep][A

tin/rn18/ca2d/hl/ipc10 s45:   2%|▏         | 6/300 [00:46<38:29,  7.86s/ep][A

tin/rn18/ca2d/hl/ipc10 s45:   2%|▏         | 7/300 [00:54<38:32,  7.89s/ep][A

tin/rn18/ca2d/hl/ipc10 s45:   3%|▎         | 8/300 [01:02<38:24,  7.89s/ep][A

tin/rn18/ca2d/hl/ipc10 s45:   3%|▎         | 9/300 [01:10<38:19,  7.90s/ep][A

tin/rn18/ca2d/hl/ipc10 s45:   3%|▎         | 10/300 [01:18<38:26,  7.95s/ep][A

tin/rn18/ca2d/hl/ipc10 s45:   4%|▎         | 11/300 [01:26<38:22,  7.97s/ep][A

tin/rn18/ca2d/hl/ipc10 s45:   4%|▍         | 12/300 [01:34<38:19,  7.99s/ep][A

tin/rn18/ca2d/hl/ipc10 s45:   4%|▍         | 13/300 [01:42<38:14,  7.99s/ep][A

tin/rn18/ca2d/hl/ipc10 s45:   5%|▍         | 14/300 [01:50<38:05,  7.99s/ep][A

tin/rn18/ca2d/hl/ipc10 s45:   5%|▌         | 15/300 [01:58<37:53,  7.98s/ep][A

tin/rn18/ca2d/hl/ipc10 s45:   5%|▌         | 16/300 [02:06<37:48,  7.99s/ep][A

tin/rn18/ca2d/hl/ipc10 s45:   6%|▌         | 17/300 [02:14<37:35,  7.97s/ep][A

tin/rn18/ca2d/hl/ipc10 s45:   6%|▌         | 18/300 [02:22<37:16,  7.93s/ep][A

tin/rn18/ca2d/hl/ipc10 s45:   6%|▋         | 19/300 [02:30<37:13,  7.95s/ep][A

tin/rn18/ca2d/hl/ipc10 s45:   7%|▋         | 20/300 [02:38<37:11,  7.97s/ep][A

tin/rn18/ca2d/hl/ipc10 s45:   7%|▋         | 21/300 [02:46<37:00,  7.96s/ep][A

tin/rn18/ca2d/hl/ipc10 s45:   7%|▋         | 22/300 [02:54<36:57,  7.98s/ep][A

tin/rn18/ca2d/hl/ipc10 s45:   8%|▊         | 23/300 [03:02<36:50,  7.98s/ep][A

tin/rn18/ca2d/hl/ipc10 s45:   8%|▊         | 24/300 [03:10<36:37,  7.96s/ep][A

tin/rn18/ca2d/hl/ipc10 s45:   8%|▊         | 25/300 [03:18<36:20,  7.93s/ep][A

tin/rn18/ca2d/hl/ipc10 s45:   9%|▊         | 26/300 [03:25<36:15,  7.94s/ep][A

tin/rn18/ca2d/hl/ipc10 s45:   9%|▉         | 27/300 [03:33<36:12,  7.96s/ep][A

tin/rn18/ca2d/hl/ipc10 s45:   9%|▉         | 28/300 [03:41<36:06,  7.97s/ep][A

tin/rn18/ca2d/hl/ipc10 s45:  10%|▉         | 29/300 [03:49<35:49,  7.93s/ep][A

tin/rn18/ca2d/hl/ipc10 s45:  10%|█         | 30/300 [03:57<35:30,  7.89s/ep][A

tin/rn18/ca2d/hl/ipc10 s45:  10%|█         | 31/300 [04:05<35:27,  7.91s/ep][A

tin/rn18/ca2d/hl/ipc10 s45:  11%|█         | 32/300 [04:13<35:24,  7.93s/ep][A

tin/rn18/ca2d/hl/ipc10 s45:  11%|█         | 33/300 [04:21<35:13,  7.91s/ep][A

tin/rn18/ca2d/hl/ipc10 s45:  11%|█▏        | 34/300 [04:29<35:04,  7.91s/ep][A

tin/rn18/ca2d/hl/ipc10 s45:  12%|█▏        | 35/300 [04:37<34:59,  7.92s/ep][A

tin/rn18/ca2d/hl/ipc10 s45:  12%|█▏        | 36/300 [04:45<34:57,  7.95s/ep][A

tin/rn18/ca2d/hl/ipc10 s45:  12%|█▏        | 37/300 [04:53<34:52,  7.96s/ep][A

tin/rn18/ca2d/hl/ipc10 s45:  13%|█▎        | 38/300 [05:01<34:41,  7.95s/ep][A

tin/rn18/ca2d/hl/ipc10 s45:  13%|█▎        | 39/300 [05:09<34:29,  7.93s/ep][A

tin/rn18/ca2d/hl/ipc10 s45:  13%|█▎        | 40/300 [05:16<34:21,  7.93s/ep][A

tin/rn18/ca2d/hl/ipc10 s45:  14%|█▎        | 41/300 [05:24<34:20,  7.95s/ep][A

tin/rn18/ca2d/hl/ipc10 s45:  14%|█▍        | 42/300 [05:32<34:12,  7.95s/ep][A

tin/rn18/ca2d/hl/ipc10 s45:  14%|█▍        | 43/300 [05:40<34:04,  7.95s/ep][A

tin/rn18/ca2d/hl/ipc10 s45:  15%|█▍        | 44/300 [05:48<33:51,  7.94s/ep][A

tin/rn18/ca2d/hl/ipc10 s45:  15%|█▌        | 45/300 [05:56<33:44,  7.94s/ep][A

tin/rn18/ca2d/hl/ipc10 s45:  15%|█▌        | 46/300 [06:04<33:40,  7.96s/ep][A

tin/rn18/ca2d/hl/ipc10 s45:  16%|█▌        | 47/300 [06:12<33:32,  7.96s/ep][A

tin/rn18/ca2d/hl/ipc10 s45:  16%|█▌        | 48/300 [06:20<33:14,  7.91s/ep][A

tin/rn18/ca2d/hl/ipc10 s45:  16%|█▋        | 49/300 [06:28<33:11,  7.94s/ep][A

tin/rn18/ca2d/hl/ipc10 s45:  17%|█▋        | 50/300 [06:36<32:58,  7.91s/ep][A

tin/rn18/ca2d/hl/ipc10 s45:  17%|█▋        | 51/300 [06:44<32:59,  7.95s/ep][A

tin/rn18/ca2d/hl/ipc10 s45:  17%|█▋        | 52/300 [06:52<32:45,  7.92s/ep][A

tin/rn18/ca2d/hl/ipc10 s45:  18%|█▊        | 53/300 [06:59<32:23,  7.87s/ep][A

tin/rn18/ca2d/hl/ipc10 s45:  18%|█▊        | 54/300 [07:07<32:23,  7.90s/ep][A

tin/rn18/ca2d/hl/ipc10 s45:  18%|█▊        | 55/300 [07:15<32:24,  7.94s/ep][A

tin/rn18/ca2d/hl/ipc10 s45:  19%|█▊        | 56/300 [07:23<32:13,  7.92s/ep][A

tin/rn18/ca2d/hl/ipc10 s45:  19%|█▉        | 57/300 [07:31<32:02,  7.91s/ep][A

tin/rn18/ca2d/hl/ipc10 s45:  19%|█▉        | 58/300 [07:39<31:54,  7.91s/ep][A

tin/rn18/ca2d/hl/ipc10 s45:  20%|█▉        | 59/300 [07:47<31:42,  7.89s/ep][A

tin/rn18/ca2d/hl/ipc10 s45:  20%|██        | 60/300 [07:55<31:38,  7.91s/ep][A

tin/rn18/ca2d/hl/ipc10 s45:  20%|██        | 61/300 [08:03<31:33,  7.92s/ep][A

tin/rn18/ca2d/hl/ipc10 s45:  21%|██        | 62/300 [08:11<31:17,  7.89s/ep][A

tin/rn18/ca2d/hl/ipc10 s45:  21%|██        | 63/300 [08:19<31:20,  7.94s/ep][A

tin/rn18/ca2d/hl/ipc10 s45:  21%|██▏       | 64/300 [08:27<31:16,  7.95s/ep][A

tin/rn18/ca2d/hl/ipc10 s45:  22%|██▏       | 65/300 [08:35<30:58,  7.91s/ep][A

tin/rn18/ca2d/hl/ipc10 s45:  22%|██▏       | 66/300 [08:43<30:52,  7.92s/ep][A

tin/rn18/ca2d/hl/ipc10 s45:  22%|██▏       | 67/300 [08:50<30:48,  7.94s/ep][A

tin/rn18/ca2d/hl/ipc10 s45:  23%|██▎       | 68/300 [08:58<30:34,  7.91s/ep][A

tin/rn18/ca2d/hl/ipc10 s45:  23%|██▎       | 69/300 [09:06<30:26,  7.90s/ep][A

tin/rn18/ca2d/hl/ipc10 s45:  23%|██▎       | 70/300 [09:14<30:17,  7.90s/ep][A

tin/rn18/ca2d/hl/ipc10 s45:  24%|██▎       | 71/300 [09:22<30:19,  7.94s/ep][A

tin/rn18/ca2d/hl/ipc10 s45:  24%|██▍       | 72/300 [09:30<30:05,  7.92s/ep][A

tin/rn18/ca2d/hl/ipc10 s45:  24%|██▍       | 73/300 [09:38<30:01,  7.94s/ep][A

tin/rn18/ca2d/hl/ipc10 s45:  25%|██▍       | 74/300 [09:46<29:46,  7.90s/ep][A

tin/rn18/ca2d/hl/ipc10 s45:  25%|██▌       | 75/300 [09:54<29:42,  7.92s/ep][A

tin/rn18/ca2d/hl/ipc10 s45:  25%|██▌       | 76/300 [10:02<29:38,  7.94s/ep][A

tin/rn18/ca2d/hl/ipc10 s45:  26%|██▌       | 77/300 [10:10<29:33,  7.95s/ep][A

tin/rn18/ca2d/hl/ipc10 s45:  26%|██▌       | 78/300 [10:18<29:16,  7.91s/ep][A

tin/rn18/ca2d/hl/ipc10 s45:  26%|██▋       | 79/300 [10:26<29:12,  7.93s/ep][A

tin/rn18/ca2d/hl/ipc10 s45:  27%|██▋       | 80/300 [10:34<29:06,  7.94s/ep][A

tin/rn18/ca2d/hl/ipc10 s45:  27%|██▋       | 81/300 [10:41<28:51,  7.91s/ep][A

tin/rn18/ca2d/hl/ipc10 s45:  27%|██▋       | 82/300 [10:49<28:49,  7.93s/ep][A

tin/rn18/ca2d/hl/ipc10 s45:  28%|██▊       | 83/300 [10:57<28:41,  7.93s/ep][A

tin/rn18/ca2d/hl/ipc10 s45:  28%|██▊       | 84/300 [11:05<28:36,  7.95s/ep][A

tin/rn18/ca2d/hl/ipc10 s45:  28%|██▊       | 85/300 [11:13<28:21,  7.91s/ep][A

tin/rn18/ca2d/hl/ipc10 s45:  29%|██▊       | 86/300 [11:21<28:11,  7.90s/ep][A

tin/rn18/ca2d/hl/ipc10 s45:  29%|██▉       | 87/300 [11:29<28:11,  7.94s/ep][A

tin/rn18/ca2d/hl/ipc10 s45:  29%|██▉       | 88/300 [11:37<28:00,  7.93s/ep][A

tin/rn18/ca2d/hl/ipc10 s45:  30%|██▉       | 89/300 [11:45<27:51,  7.92s/ep][A

tin/rn18/ca2d/hl/ipc10 s45:  30%|███       | 90/300 [11:53<27:42,  7.92s/ep][A

tin/rn18/ca2d/hl/ipc10 s45:  30%|███       | 91/300 [12:01<27:30,  7.90s/ep][A

tin/rn18/ca2d/hl/ipc10 s45:  31%|███       | 92/300 [12:09<27:29,  7.93s/ep][A

tin/rn18/ca2d/hl/ipc10 s45:  31%|███       | 93/300 [12:16<27:11,  7.88s/ep][A

tin/rn18/ca2d/hl/ipc10 s45:  31%|███▏      | 94/300 [12:24<27:07,  7.90s/ep][A

tin/rn18/ca2d/hl/ipc10 s45:  32%|███▏      | 95/300 [12:32<27:07,  7.94s/ep][A

tin/rn18/ca2d/hl/ipc10 s45:  32%|███▏      | 96/300 [12:40<26:53,  7.91s/ep][A

tin/rn18/ca2d/hl/ipc10 s45:  32%|███▏      | 97/300 [12:48<26:52,  7.95s/ep][A

tin/rn18/ca2d/hl/ipc10 s45:  33%|███▎      | 98/300 [12:56<26:49,  7.97s/ep][A

tin/rn18/ca2d/hl/ipc10 s45:  33%|███▎      | 99/300 [13:04<26:42,  7.98s/ep][A

tin/rn18/ca2d/hl/ipc10 s45:  33%|███▎      | 100/300 [13:12<26:28,  7.94s/ep][A

tin/rn18/ca2d/hl/ipc10 s45:  34%|███▎      | 101/300 [13:20<26:22,  7.95s/ep][A

tin/rn18/ca2d/hl/ipc10 s45:  34%|███▍      | 102/300 [13:28<26:17,  7.97s/ep][A

tin/rn18/ca2d/hl/ipc10 s45:  34%|███▍      | 103/300 [13:36<26:01,  7.93s/ep][A

tin/rn18/ca2d/hl/ipc10 s45:  35%|███▍      | 104/300 [13:44<26:00,  7.96s/ep][A

tin/rn18/ca2d/hl/ipc10 s45:  35%|███▌      | 105/300 [13:52<25:53,  7.97s/ep][A

tin/rn18/ca2d/hl/ipc10 s45:  35%|███▌      | 106/300 [14:00<25:34,  7.91s/ep][A

tin/rn18/ca2d/hl/ipc10 s45:  36%|███▌      | 107/300 [14:08<25:34,  7.95s/ep][A

tin/rn18/ca2d/hl/ipc10 s45:  36%|███▌      | 108/300 [14:16<25:31,  7.98s/ep][A

tin/rn18/ca2d/hl/ipc10 s45:  36%|███▋      | 109/300 [14:24<25:24,  7.98s/ep][A

tin/rn18/ca2d/hl/ipc10 s45:  37%|███▋      | 110/300 [14:32<25:16,  7.98s/ep][A

tin/rn18/ca2d/hl/ipc10 s45:  37%|███▋      | 111/300 [14:40<25:08,  7.98s/ep][A

tin/rn18/ca2d/hl/ipc10 s45:  37%|███▋      | 112/300 [14:48<25:00,  7.98s/ep][A

tin/rn18/ca2d/hl/ipc10 s45:  38%|███▊      | 113/300 [14:56<24:51,  7.98s/ep][A

tin/rn18/ca2d/hl/ipc10 s45:  38%|███▊      | 114/300 [15:04<24:42,  7.97s/ep][A

tin/rn18/ca2d/hl/ipc10 s45:  38%|███▊      | 115/300 [15:12<24:32,  7.96s/ep][A

tin/rn18/ca2d/hl/ipc10 s45:  39%|███▊      | 116/300 [15:20<24:25,  7.97s/ep][A

tin/rn18/ca2d/hl/ipc10 s45:  39%|███▉      | 117/300 [15:27<24:13,  7.94s/ep][A

tin/rn18/ca2d/hl/ipc10 s45:  39%|███▉      | 118/300 [15:35<24:07,  7.96s/ep][A

tin/rn18/ca2d/hl/ipc10 s45:  40%|███▉      | 119/300 [15:43<24:02,  7.97s/ep][A

tin/rn18/ca2d/hl/ipc10 s45:  40%|████      | 120/300 [15:51<23:50,  7.95s/ep][A

tin/rn18/ca2d/hl/ipc10 s45:  40%|████      | 121/300 [15:59<23:38,  7.92s/ep][A

tin/rn18/ca2d/hl/ipc10 s45:  41%|████      | 122/300 [16:07<23:32,  7.94s/ep][A

tin/rn18/ca2d/hl/ipc10 s45:  41%|████      | 123/300 [16:15<23:20,  7.91s/ep][A

tin/rn18/ca2d/hl/ipc10 s45:  41%|████▏     | 124/300 [16:23<23:13,  7.92s/ep][A

tin/rn18/ca2d/hl/ipc10 s45:  42%|████▏     | 125/300 [16:31<23:09,  7.94s/ep][A

tin/rn18/ca2d/hl/ipc10 s45:  42%|████▏     | 126/300 [16:39<23:04,  7.95s/ep][A

tin/rn18/ca2d/hl/ipc10 s45:  42%|████▏     | 127/300 [16:47<22:56,  7.96s/ep][A

tin/rn18/ca2d/hl/ipc10 s45:  43%|████▎     | 128/300 [16:55<22:49,  7.96s/ep][A

tin/rn18/ca2d/hl/ipc10 s45:  43%|████▎     | 129/300 [17:03<22:43,  7.98s/ep][A

tin/rn18/ca2d/hl/ipc10 s45:  43%|████▎     | 130/300 [17:11<22:36,  7.98s/ep][A

tin/rn18/ca2d/hl/ipc10 s45:  44%|████▎     | 131/300 [17:19<22:29,  7.99s/ep][A

tin/rn18/ca2d/hl/ipc10 s45:  44%|████▍     | 132/300 [17:27<22:16,  7.96s/ep][A

tin/rn18/ca2d/hl/ipc10 s45:  44%|████▍     | 133/300 [17:35<22:13,  7.98s/ep][A

tin/rn18/ca2d/hl/ipc10 s45:  45%|████▍     | 134/300 [17:43<22:04,  7.98s/ep][A

tin/rn18/ca2d/hl/ipc10 s45:  45%|████▌     | 135/300 [17:51<21:55,  7.97s/ep][A

tin/rn18/ca2d/hl/ipc10 s45:  45%|████▌     | 136/300 [17:59<21:47,  7.97s/ep][A

tin/rn18/ca2d/hl/ipc10 s45:  46%|████▌     | 137/300 [18:06<21:29,  7.91s/ep][A

tin/rn18/ca2d/hl/ipc10 s45:  46%|████▌     | 138/300 [18:14<21:20,  7.90s/ep][A

tin/rn18/ca2d/hl/ipc10 s45:  46%|████▋     | 139/300 [18:22<21:16,  7.93s/ep][A

tin/rn18/ca2d/hl/ipc10 s45:  47%|████▋     | 140/300 [18:30<21:11,  7.95s/ep][A

tin/rn18/ca2d/hl/ipc10 s45:  47%|████▋     | 141/300 [18:38<21:05,  7.96s/ep][A

tin/rn18/ca2d/hl/ipc10 s45:  47%|████▋     | 142/300 [18:46<20:57,  7.96s/ep][A

tin/rn18/ca2d/hl/ipc10 s45:  48%|████▊     | 143/300 [18:54<20:40,  7.90s/ep][A

tin/rn18/ca2d/hl/ipc10 s45:  48%|████▊     | 144/300 [19:02<20:38,  7.94s/ep][A

tin/rn18/ca2d/hl/ipc10 s45:  48%|████▊     | 145/300 [19:10<20:33,  7.96s/ep][A

tin/rn18/ca2d/hl/ipc10 s45:  49%|████▊     | 146/300 [19:18<20:20,  7.93s/ep][A

tin/rn18/ca2d/hl/ipc10 s45:  49%|████▉     | 147/300 [19:26<20:12,  7.92s/ep][A

tin/rn18/ca2d/hl/ipc10 s45:  49%|████▉     | 148/300 [19:34<20:02,  7.91s/ep][A

tin/rn18/ca2d/hl/ipc10 s45:  50%|████▉     | 149/300 [19:42<19:59,  7.94s/ep][A

tin/rn18/ca2d/hl/ipc10 s45:  50%|█████     | 150/300 [19:50<19:54,  7.97s/ep][A

tin/rn18/ca2d/hl/ipc10 s45:  50%|█████     | 151/300 [19:58<19:46,  7.96s/ep][A

tin/rn18/ca2d/hl/ipc10 s45:  51%|█████     | 152/300 [20:06<19:33,  7.93s/ep][A

tin/rn18/ca2d/hl/ipc10 s45:  51%|█████     | 153/300 [20:14<19:28,  7.95s/ep][A

tin/rn18/ca2d/hl/ipc10 s45:  51%|█████▏    | 154/300 [20:21<19:20,  7.95s/ep][A

tin/rn18/ca2d/hl/ipc10 s45:  52%|█████▏    | 155/300 [20:29<19:11,  7.94s/ep][A

tin/rn18/ca2d/hl/ipc10 s45:  52%|█████▏    | 156/300 [20:37<19:07,  7.97s/ep][A

tin/rn18/ca2d/hl/ipc10 s45:  52%|█████▏    | 157/300 [20:45<18:53,  7.93s/ep][A

tin/rn18/ca2d/hl/ipc10 s45:  53%|█████▎    | 158/300 [20:53<18:39,  7.89s/ep][A

tin/rn18/ca2d/hl/ipc10 s45:  53%|█████▎    | 159/300 [21:01<18:31,  7.88s/ep][A

tin/rn18/ca2d/hl/ipc10 s45:  53%|█████▎    | 160/300 [21:09<18:15,  7.83s/ep][A

tin/rn18/ca2d/hl/ipc10 s45:  54%|█████▎    | 161/300 [21:17<18:11,  7.85s/ep][A

tin/rn18/ca2d/hl/ipc10 s45:  54%|█████▍    | 162/300 [21:25<18:10,  7.90s/ep][A

tin/rn18/ca2d/hl/ipc10 s45:  54%|█████▍    | 163/300 [21:32<17:52,  7.83s/ep][A

tin/rn18/ca2d/hl/ipc10 s45:  55%|█████▍    | 164/300 [21:40<17:53,  7.89s/ep][A

tin/rn18/ca2d/hl/ipc10 s45:  55%|█████▌    | 165/300 [21:48<17:48,  7.91s/ep][A

tin/rn18/ca2d/hl/ipc10 s45:  55%|█████▌    | 166/300 [21:56<17:43,  7.93s/ep][A

tin/rn18/ca2d/hl/ipc10 s45:  56%|█████▌    | 167/300 [22:04<17:35,  7.93s/ep][A

tin/rn18/ca2d/hl/ipc10 s45:  56%|█████▌    | 168/300 [22:12<17:28,  7.94s/ep][A

tin/rn18/ca2d/hl/ipc10 s45:  56%|█████▋    | 169/300 [22:20<17:20,  7.94s/ep][A

tin/rn18/ca2d/hl/ipc10 s45:  57%|█████▋    | 170/300 [22:28<17:13,  7.95s/ep][A

tin/rn18/ca2d/hl/ipc10 s45:  57%|█████▋    | 171/300 [22:36<17:02,  7.92s/ep][A

tin/rn18/ca2d/hl/ipc10 s45:  57%|█████▋    | 172/300 [22:44<16:55,  7.93s/ep][A

tin/rn18/ca2d/hl/ipc10 s45:  58%|█████▊    | 173/300 [22:52<16:49,  7.95s/ep][A

tin/rn18/ca2d/hl/ipc10 s45:  58%|█████▊    | 174/300 [23:00<16:41,  7.95s/ep][A

tin/rn18/ca2d/hl/ipc10 s45:  58%|█████▊    | 175/300 [23:07<16:25,  7.88s/ep][A

tin/rn18/ca2d/hl/ipc10 s45:  59%|█████▊    | 176/300 [23:15<16:11,  7.83s/ep][A

tin/rn18/ca2d/hl/ipc10 s45:  59%|█████▉    | 177/300 [23:23<16:04,  7.84s/ep][A

tin/rn18/ca2d/hl/ipc10 s45:  59%|█████▉    | 178/300 [23:31<16:01,  7.88s/ep][A

tin/rn18/ca2d/hl/ipc10 s45:  60%|█████▉    | 179/300 [23:39<15:53,  7.88s/ep][A

tin/rn18/ca2d/hl/ipc10 s45:  60%|██████    | 180/300 [23:47<15:45,  7.88s/ep][A

tin/rn18/ca2d/hl/ipc10 s45:  60%|██████    | 181/300 [23:55<15:39,  7.89s/ep][A

tin/rn18/ca2d/hl/ipc10 s45:  61%|██████    | 182/300 [24:03<15:33,  7.91s/ep][A

tin/rn18/ca2d/hl/ipc10 s45:  61%|██████    | 183/300 [24:11<15:27,  7.93s/ep][A

tin/rn18/ca2d/hl/ipc10 s45:  61%|██████▏   | 184/300 [24:19<15:22,  7.96s/ep][A

tin/rn18/ca2d/hl/ipc10 s45:  62%|██████▏   | 185/300 [24:27<15:15,  7.96s/ep][A

tin/rn18/ca2d/hl/ipc10 s45:  62%|██████▏   | 186/300 [24:35<15:09,  7.97s/ep][A

tin/rn18/ca2d/hl/ipc10 s45:  62%|██████▏   | 187/300 [24:43<15:00,  7.97s/ep][A

tin/rn18/ca2d/hl/ipc10 s45:  63%|██████▎   | 188/300 [24:51<14:52,  7.97s/ep][A

tin/rn18/ca2d/hl/ipc10 s45:  63%|██████▎   | 189/300 [24:59<14:43,  7.96s/ep][A

tin/rn18/ca2d/hl/ipc10 s45:  63%|██████▎   | 190/300 [25:06<14:32,  7.93s/ep][A

tin/rn18/ca2d/hl/ipc10 s45:  64%|██████▎   | 191/300 [25:14<14:21,  7.90s/ep][A

tin/rn18/ca2d/hl/ipc10 s45:  64%|██████▍   | 192/300 [25:22<14:14,  7.91s/ep][A

tin/rn18/ca2d/hl/ipc10 s45:  64%|██████▍   | 193/300 [25:30<14:08,  7.93s/ep][A

tin/rn18/ca2d/hl/ipc10 s45:  65%|██████▍   | 194/300 [25:38<14:00,  7.93s/ep][A

tin/rn18/ca2d/hl/ipc10 s45:  65%|██████▌   | 195/300 [25:46<13:54,  7.95s/ep][A

tin/rn18/ca2d/hl/ipc10 s45:  65%|██████▌   | 196/300 [25:54<13:47,  7.96s/ep][A

tin/rn18/ca2d/hl/ipc10 s45:  66%|██████▌   | 197/300 [26:02<13:36,  7.93s/ep][A

tin/rn18/ca2d/hl/ipc10 s45:  66%|██████▌   | 198/300 [26:10<13:30,  7.94s/ep][A

tin/rn18/ca2d/hl/ipc10 s45:  66%|██████▋   | 199/300 [26:18<13:22,  7.94s/ep][A

tin/rn18/ca2d/hl/ipc10 s45:  67%|██████▋   | 200/300 [26:26<13:15,  7.95s/ep][A

tin/rn18/ca2d/hl/ipc10 s45:  67%|██████▋   | 201/300 [26:34<13:10,  7.98s/ep][A

tin/rn18/ca2d/hl/ipc10 s45:  67%|██████▋   | 202/300 [26:42<12:57,  7.93s/ep][A

tin/rn18/ca2d/hl/ipc10 s45:  68%|██████▊   | 203/300 [26:50<12:47,  7.91s/ep][A

tin/rn18/ca2d/hl/ipc10 s45:  68%|██████▊   | 204/300 [26:57<12:41,  7.93s/ep][A

tin/rn18/ca2d/hl/ipc10 s45:  68%|██████▊   | 205/300 [27:05<12:34,  7.94s/ep][A

tin/rn18/ca2d/hl/ipc10 s45:  69%|██████▊   | 206/300 [27:13<12:27,  7.95s/ep][A

tin/rn18/ca2d/hl/ipc10 s45:  69%|██████▉   | 207/300 [27:21<12:16,  7.92s/ep][A

tin/rn18/ca2d/hl/ipc10 s45:  69%|██████▉   | 208/300 [27:29<12:11,  7.95s/ep][A

tin/rn18/ca2d/hl/ipc10 s45:  70%|██████▉   | 209/300 [27:37<12:05,  7.97s/ep][A

tin/rn18/ca2d/hl/ipc10 s45:  70%|███████   | 210/300 [27:45<11:58,  7.98s/ep][A

tin/rn18/ca2d/hl/ipc10 s45:  70%|███████   | 211/300 [27:53<11:49,  7.97s/ep][A

tin/rn18/ca2d/hl/ipc10 s45:  71%|███████   | 212/300 [28:01<11:42,  7.99s/ep][A

tin/rn18/ca2d/hl/ipc10 s45:  71%|███████   | 213/300 [28:09<11:35,  7.99s/ep][A

tin/rn18/ca2d/hl/ipc10 s45:  71%|███████▏  | 214/300 [28:17<11:27,  7.99s/ep][A

tin/rn18/ca2d/hl/ipc10 s45:  72%|███████▏  | 215/300 [28:25<11:19,  7.99s/ep][A

tin/rn18/ca2d/hl/ipc10 s45:  72%|███████▏  | 216/300 [28:33<11:05,  7.92s/ep][A

tin/rn18/ca2d/hl/ipc10 s45:  72%|███████▏  | 217/300 [28:41<10:59,  7.94s/ep][A

tin/rn18/ca2d/hl/ipc10 s45:  73%|███████▎  | 218/300 [28:49<10:52,  7.96s/ep][A

tin/rn18/ca2d/hl/ipc10 s45:  73%|███████▎  | 219/300 [28:57<10:44,  7.96s/ep][A

tin/rn18/ca2d/hl/ipc10 s45:  73%|███████▎  | 220/300 [29:05<10:37,  7.97s/ep][A

tin/rn18/ca2d/hl/ipc10 s45:  74%|███████▎  | 221/300 [29:13<10:29,  7.97s/ep][A

tin/rn18/ca2d/hl/ipc10 s45:  74%|███████▍  | 222/300 [29:21<10:22,  7.97s/ep][A

tin/rn18/ca2d/hl/ipc10 s45:  74%|███████▍  | 223/300 [29:29<10:13,  7.96s/ep][A

tin/rn18/ca2d/hl/ipc10 s45:  75%|███████▍  | 224/300 [29:37<10:03,  7.93s/ep][A

tin/rn18/ca2d/hl/ipc10 s45:  75%|███████▌  | 225/300 [29:45<09:55,  7.93s/ep][A

tin/rn18/ca2d/hl/ipc10 s45:  75%|███████▌  | 226/300 [29:53<09:49,  7.96s/ep][A

tin/rn18/ca2d/hl/ipc10 s45:  76%|███████▌  | 227/300 [30:01<09:41,  7.97s/ep][A

tin/rn18/ca2d/hl/ipc10 s45:  76%|███████▌  | 228/300 [30:09<09:34,  7.98s/ep][A

tin/rn18/ca2d/hl/ipc10 s45:  76%|███████▋  | 229/300 [30:17<09:25,  7.97s/ep][A

tin/rn18/ca2d/hl/ipc10 s45:  77%|███████▋  | 230/300 [30:25<09:17,  7.97s/ep][A

tin/rn18/ca2d/hl/ipc10 s45:  77%|███████▋  | 231/300 [30:33<09:10,  7.98s/ep][A

tin/rn18/ca2d/hl/ipc10 s45:  77%|███████▋  | 232/300 [30:40<09:00,  7.94s/ep][A

tin/rn18/ca2d/hl/ipc10 s45:  78%|███████▊  | 233/300 [30:48<08:53,  7.96s/ep][A

tin/rn18/ca2d/hl/ipc10 s45:  78%|███████▊  | 234/300 [30:56<08:44,  7.95s/ep][A

tin/rn18/ca2d/hl/ipc10 s45:  78%|███████▊  | 235/300 [31:04<08:34,  7.92s/ep][A

tin/rn18/ca2d/hl/ipc10 s45:  79%|███████▊  | 236/300 [31:12<08:26,  7.92s/ep][A

tin/rn18/ca2d/hl/ipc10 s45:  79%|███████▉  | 237/300 [31:20<08:20,  7.94s/ep][A

tin/rn18/ca2d/hl/ipc10 s45:  79%|███████▉  | 238/300 [31:28<08:13,  7.96s/ep][A

tin/rn18/ca2d/hl/ipc10 s45:  80%|███████▉  | 239/300 [31:36<08:05,  7.96s/ep][A

tin/rn18/ca2d/hl/ipc10 s45:  80%|████████  | 240/300 [31:44<07:58,  7.97s/ep][A

tin/rn18/ca2d/hl/ipc10 s45:  80%|████████  | 241/300 [31:52<07:47,  7.92s/ep][A

tin/rn18/ca2d/hl/ipc10 s45:  81%|████████  | 242/300 [32:00<07:38,  7.91s/ep][A

tin/rn18/ca2d/hl/ipc10 s45:  81%|████████  | 243/300 [32:08<07:32,  7.94s/ep][A

tin/rn18/ca2d/hl/ipc10 s45:  81%|████████▏ | 244/300 [32:16<07:22,  7.89s/ep][A

tin/rn18/ca2d/hl/ipc10 s45:  82%|████████▏ | 245/300 [32:24<07:16,  7.93s/ep][A

tin/rn18/ca2d/hl/ipc10 s45:  82%|████████▏ | 246/300 [32:32<07:08,  7.94s/ep][A

tin/rn18/ca2d/hl/ipc10 s45:  82%|████████▏ | 247/300 [32:39<06:59,  7.91s/ep][A

tin/rn18/ca2d/hl/ipc10 s45:  83%|████████▎ | 248/300 [32:47<06:52,  7.93s/ep][A

tin/rn18/ca2d/hl/ipc10 s45:  83%|████████▎ | 249/300 [32:55<06:45,  7.95s/ep][A

tin/rn18/ca2d/hl/ipc10 s45:  83%|████████▎ | 250/300 [33:03<06:37,  7.96s/ep][A

tin/rn18/ca2d/hl/ipc10 s45:  84%|████████▎ | 251/300 [33:11<06:29,  7.95s/ep][A

tin/rn18/ca2d/hl/ipc10 s45:  84%|████████▍ | 252/300 [33:19<06:19,  7.91s/ep][A

tin/rn18/ca2d/hl/ipc10 s45:  84%|████████▍ | 253/300 [33:27<06:13,  7.94s/ep][A

tin/rn18/ca2d/hl/ipc10 s45:  85%|████████▍ | 254/300 [33:35<06:06,  7.96s/ep][A

tin/rn18/ca2d/hl/ipc10 s45:  85%|████████▌ | 255/300 [33:43<05:57,  7.94s/ep][A

tin/rn18/ca2d/hl/ipc10 s45:  85%|████████▌ | 256/300 [33:51<05:49,  7.94s/ep][A

tin/rn18/ca2d/hl/ipc10 s45:  86%|████████▌ | 257/300 [33:59<05:40,  7.93s/ep][A

tin/rn18/ca2d/hl/ipc10 s45:  86%|████████▌ | 258/300 [34:07<05:33,  7.94s/ep][A

tin/rn18/ca2d/hl/ipc10 s45:  86%|████████▋ | 259/300 [34:15<05:26,  7.96s/ep][A

tin/rn18/ca2d/hl/ipc10 s45:  87%|████████▋ | 260/300 [34:23<05:18,  7.97s/ep][A

tin/rn18/ca2d/hl/ipc10 s45:  87%|████████▋ | 261/300 [34:31<05:09,  7.94s/ep][A

tin/rn18/ca2d/hl/ipc10 s45:  87%|████████▋ | 262/300 [34:39<05:01,  7.92s/ep][A

tin/rn18/ca2d/hl/ipc10 s45:  88%|████████▊ | 263/300 [34:47<04:53,  7.94s/ep][A

tin/rn18/ca2d/hl/ipc10 s45:  88%|████████▊ | 264/300 [34:55<04:46,  7.95s/ep][A

tin/rn18/ca2d/hl/ipc10 s45:  88%|████████▊ | 265/300 [35:03<04:38,  7.97s/ep][A

tin/rn18/ca2d/hl/ipc10 s45:  89%|████████▊ | 266/300 [35:11<04:31,  7.98s/ep][A

tin/rn18/ca2d/hl/ipc10 s45:  89%|████████▉ | 267/300 [35:19<04:23,  7.97s/ep][A

tin/rn18/ca2d/hl/ipc10 s45:  89%|████████▉ | 268/300 [35:27<04:15,  7.99s/ep][A

tin/rn18/ca2d/hl/ipc10 s45:  90%|████████▉ | 269/300 [35:35<04:07,  7.99s/ep][A

tin/rn18/ca2d/hl/ipc10 s45:  90%|█████████ | 270/300 [35:43<03:59,  7.99s/ep][A

tin/rn18/ca2d/hl/ipc10 s45:  90%|█████████ | 271/300 [35:50<03:48,  7.87s/ep][A

tin/rn18/ca2d/hl/ipc10 s45:  91%|█████████ | 272/300 [35:58<03:41,  7.90s/ep][A

tin/rn18/ca2d/hl/ipc10 s45:  91%|█████████ | 273/300 [36:06<03:33,  7.92s/ep][A

tin/rn18/ca2d/hl/ipc10 s45:  91%|█████████▏| 274/300 [36:14<03:25,  7.91s/ep][A

tin/rn18/ca2d/hl/ipc10 s45:  92%|█████████▏| 275/300 [36:22<03:17,  7.91s/ep][A

tin/rn18/ca2d/hl/ipc10 s45:  92%|█████████▏| 276/300 [36:30<03:08,  7.87s/ep][A

tin/rn18/ca2d/hl/ipc10 s45:  92%|█████████▏| 277/300 [36:38<03:01,  7.90s/ep][A

tin/rn18/ca2d/hl/ipc10 s45:  93%|█████████▎| 278/300 [36:46<02:54,  7.93s/ep][A

tin/rn18/ca2d/hl/ipc10 s45:  93%|█████████▎| 279/300 [36:53<02:46,  7.92s/ep][A

tin/rn18/ca2d/hl/ipc10 s45:  93%|█████████▎| 280/300 [37:01<02:38,  7.90s/ep][A

tin/rn18/ca2d/hl/ipc10 s45:  94%|█████████▎| 281/300 [37:09<02:30,  7.93s/ep][A

tin/rn18/ca2d/hl/ipc10 s45:  94%|█████████▍| 282/300 [37:17<02:22,  7.92s/ep][A

tin/rn18/ca2d/hl/ipc10 s45:  94%|█████████▍| 283/300 [37:25<02:14,  7.94s/ep][A

tin/rn18/ca2d/hl/ipc10 s45:  95%|█████████▍| 284/300 [37:33<02:07,  7.95s/ep][A

tin/rn18/ca2d/hl/ipc10 s45:  95%|█████████▌| 285/300 [37:41<01:58,  7.88s/ep][A

tin/rn18/ca2d/hl/ipc10 s45:  95%|█████████▌| 286/300 [37:49<01:50,  7.91s/ep][A

tin/rn18/ca2d/hl/ipc10 s45:  96%|█████████▌| 287/300 [37:57<01:42,  7.86s/ep][A

tin/rn18/ca2d/hl/ipc10 s45:  96%|█████████▌| 288/300 [38:05<01:34,  7.87s/ep][A

tin/rn18/ca2d/hl/ipc10 s45:  96%|█████████▋| 289/300 [38:12<01:26,  7.88s/ep][A

tin/rn18/ca2d/hl/ipc10 s45:  97%|█████████▋| 290/300 [38:20<01:18,  7.89s/ep][A

tin/rn18/ca2d/hl/ipc10 s45:  97%|█████████▋| 291/300 [38:28<01:11,  7.91s/ep][A

tin/rn18/ca2d/hl/ipc10 s45:  97%|█████████▋| 292/300 [38:36<01:03,  7.93s/ep][A

tin/rn18/ca2d/hl/ipc10 s45:  98%|█████████▊| 293/300 [38:44<00:55,  7.95s/ep][A

tin/rn18/ca2d/hl/ipc10 s45:  98%|█████████▊| 294/300 [38:52<00:47,  7.93s/ep][A

tin/rn18/ca2d/hl/ipc10 s45:  98%|█████████▊| 295/300 [39:00<00:39,  7.91s/ep][A

tin/rn18/ca2d/hl/ipc10 s45:  99%|█████████▊| 296/300 [39:08<00:31,  7.90s/ep][A

tin/rn18/ca2d/hl/ipc10 s45:  99%|█████████▉| 297/300 [39:16<00:23,  7.90s/ep][A

tin/rn18/ca2d/hl/ipc10 s45:  99%|█████████▉| 298/300 [39:24<00:15,  7.89s/ep][A

tin/rn18/ca2d/hl/ipc10 s45: 100%|█████████▉| 299/300 [39:31<00:07,  7.85s/ep][A

tin/rn18/ca2d/hl/ipc10 s45: 100%|██████████| 300/300 [39:39<00:00,  7.87s/ep][A

                                                                             [A[cell] tin/rn18/ca2d/hl/ipc10 seed45: 6.22%  (2393s)


tin/rn18/ca2d/hl/ipc10 s46:   0%|          | 0/300 [00:00<?, ?ep/s][A

tin/rn18/ca2d/hl/ipc10 s46:   0%|          | 1/300 [00:07<35:36,  7.15s/ep][A

tin/rn18/ca2d/hl/ipc10 s46:   1%|          | 2/300 [00:15<37:55,  7.64s/ep][A

tin/rn18/ca2d/hl/ipc10 s46:   1%|          | 3/300 [00:23<38:37,  7.80s/ep][A

tin/rn18/ca2d/hl/ipc10 s46:   1%|▏         | 4/300 [00:31<38:49,  7.87s/ep][A

tin/rn18/ca2d/hl/ipc10 s46:   2%|▏         | 5/300 [00:39<38:58,  7.93s/ep][A

tin/rn18/ca2d/hl/ipc10 s46:   2%|▏         | 6/300 [00:47<38:55,  7.95s/ep][A

tin/rn18/ca2d/hl/ipc10 s46:   2%|▏         | 7/300 [00:55<38:51,  7.96s/ep][A

tin/rn18/ca2d/hl/ipc10 s46:   3%|▎         | 8/300 [01:03<38:46,  7.97s/ep][A

tin/rn18/ca2d/hl/ipc10 s46:   3%|▎         | 9/300 [01:10<38:21,  7.91s/ep][A

tin/rn18/ca2d/hl/ipc10 s46:   3%|▎         | 10/300 [01:18<38:21,  7.94s/ep][A

tin/rn18/ca2d/hl/ipc10 s46:   4%|▎         | 11/300 [01:26<38:06,  7.91s/ep][A

tin/rn18/ca2d/hl/ipc10 s46:   4%|▍         | 12/300 [01:34<37:56,  7.90s/ep][A

tin/rn18/ca2d/hl/ipc10 s46:   4%|▍         | 13/300 [01:42<37:54,  7.92s/ep][A

tin/rn18/ca2d/hl/ipc10 s46:   5%|▍         | 14/300 [01:50<37:50,  7.94s/ep][A

tin/rn18/ca2d/hl/ipc10 s46:   5%|▌         | 15/300 [01:58<37:44,  7.95s/ep][A

tin/rn18/ca2d/hl/ipc10 s46:   5%|▌         | 16/300 [02:06<37:29,  7.92s/ep][A

tin/rn18/ca2d/hl/ipc10 s46:   6%|▌         | 17/300 [02:14<37:09,  7.88s/ep][A

tin/rn18/ca2d/hl/ipc10 s46:   6%|▌         | 18/300 [02:22<37:11,  7.91s/ep][A

tin/rn18/ca2d/hl/ipc10 s46:   6%|▋         | 19/300 [02:30<37:03,  7.91s/ep][A

tin/rn18/ca2d/hl/ipc10 s46:   7%|▋         | 20/300 [02:37<36:32,  7.83s/ep][A

tin/rn18/ca2d/hl/ipc10 s46:   7%|▋         | 21/300 [02:45<36:38,  7.88s/ep][A

tin/rn18/ca2d/hl/ipc10 s46:   7%|▋         | 22/300 [02:53<36:19,  7.84s/ep][A

tin/rn18/ca2d/hl/ipc10 s46:   8%|▊         | 23/300 [03:01<36:25,  7.89s/ep][A

tin/rn18/ca2d/hl/ipc10 s46:   8%|▊         | 24/300 [03:09<36:17,  7.89s/ep][A

tin/rn18/ca2d/hl/ipc10 s46:   8%|▊         | 25/300 [03:17<36:16,  7.91s/ep][A

tin/rn18/ca2d/hl/ipc10 s46:   9%|▊         | 26/300 [03:25<36:09,  7.92s/ep][A

tin/rn18/ca2d/hl/ipc10 s46:   9%|▉         | 27/300 [03:33<36:04,  7.93s/ep][A

tin/rn18/ca2d/hl/ipc10 s46:   9%|▉         | 28/300 [03:41<36:02,  7.95s/ep][A

tin/rn18/ca2d/hl/ipc10 s46:  10%|▉         | 29/300 [03:49<35:56,  7.96s/ep][A

tin/rn18/ca2d/hl/ipc10 s46:  10%|█         | 30/300 [03:56<35:31,  7.90s/ep][A

tin/rn18/ca2d/hl/ipc10 s46:  10%|█         | 31/300 [04:04<35:11,  7.85s/ep][A

tin/rn18/ca2d/hl/ipc10 s46:  11%|█         | 32/300 [04:12<35:05,  7.86s/ep][A

tin/rn18/ca2d/hl/ipc10 s46:  11%|█         | 33/300 [04:20<34:59,  7.87s/ep][A

tin/rn18/ca2d/hl/ipc10 s46:  11%|█▏        | 34/300 [04:28<34:52,  7.87s/ep][A

tin/rn18/ca2d/hl/ipc10 s46:  12%|█▏        | 35/300 [04:36<34:52,  7.90s/ep][A

tin/rn18/ca2d/hl/ipc10 s46:  12%|█▏        | 36/300 [04:44<34:51,  7.92s/ep][A

tin/rn18/ca2d/hl/ipc10 s46:  12%|█▏        | 37/300 [04:52<34:49,  7.94s/ep][A

tin/rn18/ca2d/hl/ipc10 s46:  13%|█▎        | 38/300 [05:00<34:46,  7.96s/ep][A

tin/rn18/ca2d/hl/ipc10 s46:  13%|█▎        | 39/300 [05:08<34:37,  7.96s/ep][A

tin/rn18/ca2d/hl/ipc10 s46:  13%|█▎        | 40/300 [05:16<34:30,  7.96s/ep][A

tin/rn18/ca2d/hl/ipc10 s46:  14%|█▎        | 41/300 [05:24<34:27,  7.98s/ep][A

tin/rn18/ca2d/hl/ipc10 s46:  14%|█▍        | 42/300 [05:32<34:20,  7.99s/ep][A

tin/rn18/ca2d/hl/ipc10 s46:  14%|█▍        | 43/300 [05:40<34:06,  7.96s/ep][A

tin/rn18/ca2d/hl/ipc10 s46:  15%|█▍        | 44/300 [05:47<33:50,  7.93s/ep][A

tin/rn18/ca2d/hl/ipc10 s46:  15%|█▌        | 45/300 [05:55<33:35,  7.90s/ep][A

tin/rn18/ca2d/hl/ipc10 s46:  15%|█▌        | 46/300 [06:03<33:23,  7.89s/ep][A

tin/rn18/ca2d/hl/ipc10 s46:  16%|█▌        | 47/300 [06:11<33:26,  7.93s/ep][A

tin/rn18/ca2d/hl/ipc10 s46:  16%|█▌        | 48/300 [06:19<33:24,  7.95s/ep][A

tin/rn18/ca2d/hl/ipc10 s46:  16%|█▋        | 49/300 [06:27<33:20,  7.97s/ep][A

tin/rn18/ca2d/hl/ipc10 s46:  17%|█▋        | 50/300 [06:35<33:14,  7.98s/ep][A

tin/rn18/ca2d/hl/ipc10 s46:  17%|█▋        | 51/300 [06:43<32:54,  7.93s/ep][A

tin/rn18/ca2d/hl/ipc10 s46:  17%|█▋        | 52/300 [06:51<32:48,  7.94s/ep][A

tin/rn18/ca2d/hl/ipc10 s46:  18%|█▊        | 53/300 [06:59<32:42,  7.95s/ep][A

tin/rn18/ca2d/hl/ipc10 s46:  18%|█▊        | 54/300 [07:07<32:26,  7.91s/ep][A

tin/rn18/ca2d/hl/ipc10 s46:  18%|█▊        | 55/300 [07:15<32:20,  7.92s/ep][A

tin/rn18/ca2d/hl/ipc10 s46:  19%|█▊        | 56/300 [07:23<32:18,  7.95s/ep][A

tin/rn18/ca2d/hl/ipc10 s46:  19%|█▉        | 57/300 [07:30<32:00,  7.90s/ep][A

tin/rn18/ca2d/hl/ipc10 s46:  19%|█▉        | 58/300 [07:38<31:55,  7.91s/ep][A

tin/rn18/ca2d/hl/ipc10 s46:  20%|█▉        | 59/300 [07:46<31:34,  7.86s/ep][A

tin/rn18/ca2d/hl/ipc10 s46:  20%|██        | 60/300 [07:54<31:34,  7.89s/ep][A

tin/rn18/ca2d/hl/ipc10 s46:  20%|██        | 61/300 [08:02<31:37,  7.94s/ep][A

tin/rn18/ca2d/hl/ipc10 s46:  21%|██        | 62/300 [08:10<31:30,  7.94s/ep][A

tin/rn18/ca2d/hl/ipc10 s46:  21%|██        | 63/300 [08:18<31:22,  7.95s/ep][A

tin/rn18/ca2d/hl/ipc10 s46:  21%|██▏       | 64/300 [08:26<31:21,  7.97s/ep][A

tin/rn18/ca2d/hl/ipc10 s46:  22%|██▏       | 65/300 [08:34<31:11,  7.96s/ep][A

tin/rn18/ca2d/hl/ipc10 s46:  22%|██▏       | 66/300 [08:42<31:08,  7.98s/ep][A

tin/rn18/ca2d/hl/ipc10 s46:  22%|██▏       | 67/300 [08:50<30:58,  7.98s/ep][A

tin/rn18/ca2d/hl/ipc10 s46:  23%|██▎       | 68/300 [08:58<30:42,  7.94s/ep][A

tin/rn18/ca2d/hl/ipc10 s46:  23%|██▎       | 69/300 [09:06<30:37,  7.96s/ep][A

tin/rn18/ca2d/hl/ipc10 s46:  23%|██▎       | 70/300 [09:14<30:18,  7.91s/ep][A

tin/rn18/ca2d/hl/ipc10 s46:  24%|██▎       | 71/300 [09:22<30:15,  7.93s/ep][A

tin/rn18/ca2d/hl/ipc10 s46:  24%|██▍       | 72/300 [09:29<29:56,  7.88s/ep][A

tin/rn18/ca2d/hl/ipc10 s46:  24%|██▍       | 73/300 [09:37<29:55,  7.91s/ep][A

tin/rn18/ca2d/hl/ipc10 s46:  25%|██▍       | 74/300 [09:45<29:53,  7.94s/ep][A

tin/rn18/ca2d/hl/ipc10 s46:  25%|██▌       | 75/300 [09:53<29:47,  7.94s/ep][A

tin/rn18/ca2d/hl/ipc10 s46:  25%|██▌       | 76/300 [10:01<29:42,  7.96s/ep][A

tin/rn18/ca2d/hl/ipc10 s46:  26%|██▌       | 77/300 [10:09<29:38,  7.98s/ep][A

tin/rn18/ca2d/hl/ipc10 s46:  26%|██▌       | 78/300 [10:17<29:31,  7.98s/ep][A

tin/rn18/ca2d/hl/ipc10 s46:  26%|██▋       | 79/300 [10:25<29:12,  7.93s/ep][A

tin/rn18/ca2d/hl/ipc10 s46:  27%|██▋       | 80/300 [10:33<29:06,  7.94s/ep][A

tin/rn18/ca2d/hl/ipc10 s46:  27%|██▋       | 81/300 [10:41<28:57,  7.93s/ep][A

tin/rn18/ca2d/hl/ipc10 s46:  27%|██▋       | 82/300 [10:49<28:55,  7.96s/ep][A

tin/rn18/ca2d/hl/ipc10 s46:  28%|██▊       | 83/300 [10:57<28:51,  7.98s/ep][A

tin/rn18/ca2d/hl/ipc10 s46:  28%|██▊       | 84/300 [11:05<28:41,  7.97s/ep][A

tin/rn18/ca2d/hl/ipc10 s46:  28%|██▊       | 85/300 [11:13<28:34,  7.97s/ep][A

tin/rn18/ca2d/hl/ipc10 s46:  29%|██▊       | 86/300 [11:21<28:29,  7.99s/ep][A

tin/rn18/ca2d/hl/ipc10 s46:  29%|██▉       | 87/300 [11:29<28:07,  7.92s/ep][A

tin/rn18/ca2d/hl/ipc10 s46:  29%|██▉       | 88/300 [11:37<27:48,  7.87s/ep][A

tin/rn18/ca2d/hl/ipc10 s46:  30%|██▉       | 89/300 [11:45<27:46,  7.90s/ep][A

tin/rn18/ca2d/hl/ipc10 s46:  30%|███       | 90/300 [11:52<27:31,  7.87s/ep][A

tin/rn18/ca2d/hl/ipc10 s46:  30%|███       | 91/300 [12:00<27:16,  7.83s/ep][A

tin/rn18/ca2d/hl/ipc10 s46:  31%|███       | 92/300 [12:08<27:11,  7.84s/ep][A

tin/rn18/ca2d/hl/ipc10 s46:  31%|███       | 93/300 [12:16<27:10,  7.88s/ep][A

tin/rn18/ca2d/hl/ipc10 s46:  31%|███▏      | 94/300 [12:24<27:09,  7.91s/ep][A

tin/rn18/ca2d/hl/ipc10 s46:  32%|███▏      | 95/300 [12:32<27:03,  7.92s/ep][A

tin/rn18/ca2d/hl/ipc10 s46:  32%|███▏      | 96/300 [12:40<26:51,  7.90s/ep][A

tin/rn18/ca2d/hl/ipc10 s46:  32%|███▏      | 97/300 [12:48<26:48,  7.92s/ep][A

tin/rn18/ca2d/hl/ipc10 s46:  33%|███▎      | 98/300 [12:56<26:40,  7.92s/ep][A

tin/rn18/ca2d/hl/ipc10 s46:  33%|███▎      | 99/300 [13:03<26:29,  7.91s/ep][A

tin/rn18/ca2d/hl/ipc10 s46:  33%|███▎      | 100/300 [13:11<26:13,  7.87s/ep][A

tin/rn18/ca2d/hl/ipc10 s46:  34%|███▎      | 101/300 [13:19<26:03,  7.86s/ep][A

tin/rn18/ca2d/hl/ipc10 s46:  34%|███▍      | 102/300 [13:27<25:59,  7.88s/ep][A

tin/rn18/ca2d/hl/ipc10 s46:  34%|███▍      | 103/300 [13:35<25:47,  7.86s/ep][A

tin/rn18/ca2d/hl/ipc10 s46:  35%|███▍      | 104/300 [13:43<25:45,  7.88s/ep][A

tin/rn18/ca2d/hl/ipc10 s46:  35%|███▌      | 105/300 [13:51<25:40,  7.90s/ep][A

tin/rn18/ca2d/hl/ipc10 s46:  35%|███▌      | 106/300 [13:58<25:18,  7.83s/ep][A

tin/rn18/ca2d/hl/ipc10 s46:  36%|███▌      | 107/300 [14:06<25:18,  7.87s/ep][A

tin/rn18/ca2d/hl/ipc10 s46:  36%|███▌      | 108/300 [14:14<25:01,  7.82s/ep][A

tin/rn18/ca2d/hl/ipc10 s46:  36%|███▋      | 109/300 [14:22<24:39,  7.75s/ep][A

tin/rn18/ca2d/hl/ipc10 s46:  37%|███▋      | 110/300 [14:29<24:37,  7.78s/ep][A

tin/rn18/ca2d/hl/ipc10 s46:  37%|███▋      | 111/300 [14:37<24:37,  7.82s/ep][A

tin/rn18/ca2d/hl/ipc10 s46:  37%|███▋      | 112/300 [14:45<24:20,  7.77s/ep][A

tin/rn18/ca2d/hl/ipc10 s46:  38%|███▊      | 113/300 [14:53<24:24,  7.83s/ep][A

tin/rn18/ca2d/hl/ipc10 s46:  38%|███▊      | 114/300 [15:01<24:25,  7.88s/ep][A

tin/rn18/ca2d/hl/ipc10 s46:  38%|███▊      | 115/300 [15:09<24:21,  7.90s/ep][A

tin/rn18/ca2d/hl/ipc10 s46:  39%|███▊      | 116/300 [15:17<24:17,  7.92s/ep][A

tin/rn18/ca2d/hl/ipc10 s46:  39%|███▉      | 117/300 [15:25<24:07,  7.91s/ep][A

tin/rn18/ca2d/hl/ipc10 s46:  39%|███▉      | 118/300 [15:33<23:57,  7.90s/ep][A

tin/rn18/ca2d/hl/ipc10 s46:  40%|███▉      | 119/300 [15:41<23:49,  7.90s/ep][A

tin/rn18/ca2d/hl/ipc10 s46:  40%|████      | 120/300 [15:49<23:46,  7.92s/ep][A

tin/rn18/ca2d/hl/ipc10 s46:  40%|████      | 121/300 [15:56<23:31,  7.89s/ep][A

tin/rn18/ca2d/hl/ipc10 s46:  41%|████      | 122/300 [16:04<23:27,  7.91s/ep][A

tin/rn18/ca2d/hl/ipc10 s46:  41%|████      | 123/300 [16:12<23:21,  7.92s/ep][A

tin/rn18/ca2d/hl/ipc10 s46:  41%|████▏     | 124/300 [16:20<23:13,  7.92s/ep][A

tin/rn18/ca2d/hl/ipc10 s46:  42%|████▏     | 125/300 [16:28<22:55,  7.86s/ep][A

tin/rn18/ca2d/hl/ipc10 s46:  42%|████▏     | 126/300 [16:36<22:53,  7.90s/ep][A

tin/rn18/ca2d/hl/ipc10 s46:  42%|████▏     | 127/300 [16:44<22:45,  7.89s/ep][A

tin/rn18/ca2d/hl/ipc10 s46:  43%|████▎     | 128/300 [16:51<22:29,  7.85s/ep][A

tin/rn18/ca2d/hl/ipc10 s46:  43%|████▎     | 129/300 [16:59<22:24,  7.86s/ep][A

tin/rn18/ca2d/hl/ipc10 s46:  43%|████▎     | 130/300 [17:07<22:14,  7.85s/ep][A

tin/rn18/ca2d/hl/ipc10 s46:  44%|████▎     | 131/300 [17:15<22:12,  7.88s/ep][A

tin/rn18/ca2d/hl/ipc10 s46:  44%|████▍     | 132/300 [17:23<21:58,  7.85s/ep][A

tin/rn18/ca2d/hl/ipc10 s46:  44%|████▍     | 133/300 [17:31<21:49,  7.84s/ep][A

tin/rn18/ca2d/hl/ipc10 s46:  45%|████▍     | 134/300 [17:38<21:36,  7.81s/ep][A

tin/rn18/ca2d/hl/ipc10 s46:  45%|████▌     | 135/300 [17:46<21:29,  7.81s/ep][A

tin/rn18/ca2d/hl/ipc10 s46:  45%|████▌     | 136/300 [17:54<21:29,  7.87s/ep][A

tin/rn18/ca2d/hl/ipc10 s46:  46%|████▌     | 137/300 [18:02<21:23,  7.87s/ep][A

tin/rn18/ca2d/hl/ipc10 s46:  46%|████▌     | 138/300 [18:10<21:15,  7.87s/ep][A

tin/rn18/ca2d/hl/ipc10 s46:  46%|████▋     | 139/300 [18:18<21:03,  7.85s/ep][A

tin/rn18/ca2d/hl/ipc10 s46:  47%|████▋     | 140/300 [18:26<21:01,  7.89s/ep][A

tin/rn18/ca2d/hl/ipc10 s46:  47%|████▋     | 141/300 [18:34<20:55,  7.90s/ep][A

tin/rn18/ca2d/hl/ipc10 s46:  47%|████▋     | 142/300 [18:41<20:33,  7.81s/ep][A

tin/rn18/ca2d/hl/ipc10 s46:  48%|████▊     | 143/300 [18:49<20:35,  7.87s/ep][A

tin/rn18/ca2d/hl/ipc10 s46:  48%|████▊     | 144/300 [18:57<20:33,  7.91s/ep][A

tin/rn18/ca2d/hl/ipc10 s46:  48%|████▊     | 145/300 [19:05<20:28,  7.93s/ep][A

tin/rn18/ca2d/hl/ipc10 s46:  49%|████▊     | 146/300 [19:13<20:24,  7.95s/ep][A

tin/rn18/ca2d/hl/ipc10 s46:  49%|████▉     | 147/300 [19:21<20:17,  7.96s/ep][A

tin/rn18/ca2d/hl/ipc10 s46:  49%|████▉     | 148/300 [19:29<20:12,  7.97s/ep][A

tin/rn18/ca2d/hl/ipc10 s46:  50%|████▉     | 149/300 [19:37<20:01,  7.96s/ep][A

tin/rn18/ca2d/hl/ipc10 s46:  50%|█████     | 150/300 [19:45<19:48,  7.92s/ep][A

tin/rn18/ca2d/hl/ipc10 s46:  50%|█████     | 151/300 [19:53<19:42,  7.94s/ep][A

tin/rn18/ca2d/hl/ipc10 s46:  51%|█████     | 152/300 [20:01<19:35,  7.95s/ep][A

tin/rn18/ca2d/hl/ipc10 s46:  51%|█████     | 153/300 [20:09<19:30,  7.96s/ep][A

tin/rn18/ca2d/hl/ipc10 s46:  51%|█████▏    | 154/300 [20:17<19:21,  7.95s/ep][A

tin/rn18/ca2d/hl/ipc10 s46:  52%|█████▏    | 155/300 [20:25<19:04,  7.90s/ep][A

tin/rn18/ca2d/hl/ipc10 s46:  52%|█████▏    | 156/300 [20:32<18:49,  7.84s/ep][A

tin/rn18/ca2d/hl/ipc10 s46:  52%|█████▏    | 157/300 [20:40<18:46,  7.88s/ep][A

tin/rn18/ca2d/hl/ipc10 s46:  53%|█████▎    | 158/300 [20:48<18:45,  7.92s/ep][A

tin/rn18/ca2d/hl/ipc10 s46:  53%|█████▎    | 159/300 [20:56<18:33,  7.90s/ep][A

tin/rn18/ca2d/hl/ipc10 s46:  53%|█████▎    | 160/300 [21:04<18:24,  7.89s/ep][A

tin/rn18/ca2d/hl/ipc10 s46:  54%|█████▎    | 161/300 [21:12<18:08,  7.83s/ep][A

tin/rn18/ca2d/hl/ipc10 s46:  54%|█████▍    | 162/300 [21:20<18:02,  7.84s/ep][A

tin/rn18/ca2d/hl/ipc10 s46:  54%|█████▍    | 163/300 [21:28<17:59,  7.88s/ep][A

tin/rn18/ca2d/hl/ipc10 s46:  55%|█████▍    | 164/300 [21:35<17:49,  7.86s/ep][A

tin/rn18/ca2d/hl/ipc10 s46:  55%|█████▌    | 165/300 [21:43<17:45,  7.89s/ep][A

tin/rn18/ca2d/hl/ipc10 s46:  55%|█████▌    | 166/300 [21:51<17:41,  7.92s/ep][A

tin/rn18/ca2d/hl/ipc10 s46:  56%|█████▌    | 167/300 [21:59<17:27,  7.87s/ep][A

tin/rn18/ca2d/hl/ipc10 s46:  56%|█████▌    | 168/300 [22:07<17:23,  7.91s/ep][A

tin/rn18/ca2d/hl/ipc10 s46:  56%|█████▋    | 169/300 [22:15<17:19,  7.94s/ep][A

tin/rn18/ca2d/hl/ipc10 s46:  57%|█████▋    | 170/300 [22:23<17:08,  7.91s/ep][A

tin/rn18/ca2d/hl/ipc10 s46:  57%|█████▋    | 171/300 [22:31<17:00,  7.91s/ep][A

tin/rn18/ca2d/hl/ipc10 s46:  57%|█████▋    | 172/300 [22:39<16:51,  7.90s/ep][A

tin/rn18/ca2d/hl/ipc10 s46:  58%|█████▊    | 173/300 [22:47<16:44,  7.91s/ep][A

tin/rn18/ca2d/hl/ipc10 s46:  58%|█████▊    | 174/300 [22:55<16:39,  7.93s/ep][A

tin/rn18/ca2d/hl/ipc10 s46:  58%|█████▊    | 175/300 [23:03<16:26,  7.89s/ep][A

tin/rn18/ca2d/hl/ipc10 s46:  59%|█████▊    | 176/300 [23:10<16:20,  7.90s/ep][A

tin/rn18/ca2d/hl/ipc10 s46:  59%|█████▉    | 177/300 [23:18<16:08,  7.88s/ep][A

tin/rn18/ca2d/hl/ipc10 s46:  59%|█████▉    | 178/300 [23:26<16:02,  7.89s/ep][A

tin/rn18/ca2d/hl/ipc10 s46:  60%|█████▉    | 179/300 [23:34<15:46,  7.82s/ep][A

tin/rn18/ca2d/hl/ipc10 s46:  60%|██████    | 180/300 [23:42<15:38,  7.82s/ep][A

tin/rn18/ca2d/hl/ipc10 s46:  60%|██████    | 181/300 [23:50<15:34,  7.86s/ep][A

tin/rn18/ca2d/hl/ipc10 s46:  61%|██████    | 182/300 [23:57<15:24,  7.84s/ep][A

tin/rn18/ca2d/hl/ipc10 s46:  61%|██████    | 183/300 [24:05<15:11,  7.79s/ep][A

tin/rn18/ca2d/hl/ipc10 s46:  61%|██████▏   | 184/300 [24:13<14:59,  7.75s/ep][A

tin/rn18/ca2d/hl/ipc10 s46:  62%|██████▏   | 185/300 [24:21<15:00,  7.83s/ep][A

tin/rn18/ca2d/hl/ipc10 s46:  62%|██████▏   | 186/300 [24:29<14:54,  7.85s/ep][A

tin/rn18/ca2d/hl/ipc10 s46:  62%|██████▏   | 187/300 [24:37<14:48,  7.86s/ep][A

tin/rn18/ca2d/hl/ipc10 s46:  63%|██████▎   | 188/300 [24:44<14:42,  7.88s/ep][A

tin/rn18/ca2d/hl/ipc10 s46:  63%|██████▎   | 189/300 [24:52<14:33,  7.87s/ep][A

tin/rn18/ca2d/hl/ipc10 s46:  63%|██████▎   | 190/300 [25:00<14:27,  7.89s/ep][A

tin/rn18/ca2d/hl/ipc10 s46:  64%|██████▎   | 191/300 [25:08<14:16,  7.86s/ep][A

tin/rn18/ca2d/hl/ipc10 s46:  64%|██████▍   | 192/300 [25:16<14:09,  7.86s/ep][A

tin/rn18/ca2d/hl/ipc10 s46:  64%|██████▍   | 193/300 [25:24<14:05,  7.90s/ep][A

tin/rn18/ca2d/hl/ipc10 s46:  65%|██████▍   | 194/300 [25:32<13:59,  7.92s/ep][A

tin/rn18/ca2d/hl/ipc10 s46:  65%|██████▌   | 195/300 [25:40<13:51,  7.92s/ep][A

tin/rn18/ca2d/hl/ipc10 s46:  65%|██████▌   | 196/300 [25:48<13:45,  7.94s/ep][A

tin/rn18/ca2d/hl/ipc10 s46:  66%|██████▌   | 197/300 [25:56<13:33,  7.90s/ep][A

tin/rn18/ca2d/hl/ipc10 s46:  66%|██████▌   | 198/300 [26:03<13:24,  7.89s/ep][A

tin/rn18/ca2d/hl/ipc10 s46:  66%|██████▋   | 199/300 [26:11<13:17,  7.90s/ep][A

tin/rn18/ca2d/hl/ipc10 s46:  67%|██████▋   | 200/300 [26:19<13:09,  7.90s/ep][A

tin/rn18/ca2d/hl/ipc10 s46:  67%|██████▋   | 201/300 [26:27<13:00,  7.88s/ep][A

tin/rn18/ca2d/hl/ipc10 s46:  67%|██████▋   | 202/300 [26:35<12:53,  7.90s/ep][A

tin/rn18/ca2d/hl/ipc10 s46:  68%|██████▊   | 203/300 [26:43<12:43,  7.87s/ep][A

tin/rn18/ca2d/hl/ipc10 s46:  68%|██████▊   | 204/300 [26:50<12:29,  7.80s/ep][A

tin/rn18/ca2d/hl/ipc10 s46:  68%|██████▊   | 205/300 [26:58<12:19,  7.79s/ep][A

tin/rn18/ca2d/hl/ipc10 s46:  69%|██████▊   | 206/300 [27:06<12:14,  7.81s/ep][A

tin/rn18/ca2d/hl/ipc10 s46:  69%|██████▉   | 207/300 [27:14<12:08,  7.84s/ep][A

tin/rn18/ca2d/hl/ipc10 s46:  69%|██████▉   | 208/300 [27:22<12:04,  7.88s/ep][A

tin/rn18/ca2d/hl/ipc10 s46:  70%|██████▉   | 209/300 [27:30<11:58,  7.90s/ep][A

tin/rn18/ca2d/hl/ipc10 s46:  70%|███████   | 210/300 [27:38<11:54,  7.94s/ep][A

tin/rn18/ca2d/hl/ipc10 s46:  70%|███████   | 211/300 [27:46<11:48,  7.97s/ep][A

tin/rn18/ca2d/hl/ipc10 s46:  71%|███████   | 212/300 [27:54<11:37,  7.93s/ep][A

tin/rn18/ca2d/hl/ipc10 s46:  71%|███████   | 213/300 [28:02<11:29,  7.92s/ep][A

tin/rn18/ca2d/hl/ipc10 s46:  71%|███████▏  | 214/300 [28:10<11:22,  7.94s/ep][A

tin/rn18/ca2d/hl/ipc10 s46:  72%|███████▏  | 215/300 [28:18<11:12,  7.91s/ep][A

tin/rn18/ca2d/hl/ipc10 s46:  72%|███████▏  | 216/300 [28:25<11:05,  7.92s/ep][A

tin/rn18/ca2d/hl/ipc10 s46:  72%|███████▏  | 217/300 [28:33<10:51,  7.85s/ep][A

tin/rn18/ca2d/hl/ipc10 s46:  73%|███████▎  | 218/300 [28:41<10:42,  7.83s/ep][A

tin/rn18/ca2d/hl/ipc10 s46:  73%|███████▎  | 219/300 [28:49<10:35,  7.85s/ep][A

tin/rn18/ca2d/hl/ipc10 s46:  73%|███████▎  | 220/300 [28:57<10:31,  7.89s/ep][A

tin/rn18/ca2d/hl/ipc10 s46:  74%|███████▎  | 221/300 [29:05<10:20,  7.86s/ep][A

tin/rn18/ca2d/hl/ipc10 s46:  74%|███████▍  | 222/300 [29:13<10:15,  7.89s/ep][A

tin/rn18/ca2d/hl/ipc10 s46:  74%|███████▍  | 223/300 [29:20<10:06,  7.87s/ep][A

tin/rn18/ca2d/hl/ipc10 s46:  75%|███████▍  | 224/300 [29:28<09:59,  7.89s/ep][A

tin/rn18/ca2d/hl/ipc10 s46:  75%|███████▌  | 225/300 [29:36<09:52,  7.89s/ep][A

tin/rn18/ca2d/hl/ipc10 s46:  75%|███████▌  | 226/300 [29:44<09:46,  7.92s/ep][A

tin/rn18/ca2d/hl/ipc10 s46:  76%|███████▌  | 227/300 [29:52<09:35,  7.88s/ep][A

tin/rn18/ca2d/hl/ipc10 s46:  76%|███████▌  | 228/300 [30:00<09:28,  7.90s/ep][A

tin/rn18/ca2d/hl/ipc10 s46:  76%|███████▋  | 229/300 [30:08<09:18,  7.87s/ep][A

tin/rn18/ca2d/hl/ipc10 s46:  77%|███████▋  | 230/300 [30:16<09:13,  7.90s/ep][A

tin/rn18/ca2d/hl/ipc10 s46:  77%|███████▋  | 231/300 [30:24<09:05,  7.90s/ep][A

tin/rn18/ca2d/hl/ipc10 s46:  77%|███████▋  | 232/300 [30:31<08:56,  7.88s/ep][A

tin/rn18/ca2d/hl/ipc10 s46:  78%|███████▊  | 233/300 [30:39<08:45,  7.84s/ep][A

tin/rn18/ca2d/hl/ipc10 s46:  78%|███████▊  | 234/300 [30:47<08:40,  7.88s/ep][A

tin/rn18/ca2d/hl/ipc10 s46:  78%|███████▊  | 235/300 [30:55<08:34,  7.91s/ep][A

tin/rn18/ca2d/hl/ipc10 s46:  79%|███████▊  | 236/300 [31:03<08:27,  7.93s/ep][A

tin/rn18/ca2d/hl/ipc10 s46:  79%|███████▉  | 237/300 [31:11<08:19,  7.93s/ep][A

tin/rn18/ca2d/hl/ipc10 s46:  79%|███████▉  | 238/300 [31:19<08:12,  7.95s/ep][A

tin/rn18/ca2d/hl/ipc10 s46:  80%|███████▉  | 239/300 [31:27<08:02,  7.92s/ep][A

tin/rn18/ca2d/hl/ipc10 s46:  80%|████████  | 240/300 [31:35<07:54,  7.92s/ep][A

tin/rn18/ca2d/hl/ipc10 s46:  80%|████████  | 241/300 [31:43<07:47,  7.93s/ep][A

tin/rn18/ca2d/hl/ipc10 s46:  81%|████████  | 242/300 [31:51<07:37,  7.89s/ep][A

tin/rn18/ca2d/hl/ipc10 s46:  81%|████████  | 243/300 [31:59<07:31,  7.92s/ep][A

tin/rn18/ca2d/hl/ipc10 s46:  81%|████████▏ | 244/300 [32:07<07:25,  7.95s/ep][A

tin/rn18/ca2d/hl/ipc10 s46:  82%|████████▏ | 245/300 [32:14<07:15,  7.92s/ep][A

tin/rn18/ca2d/hl/ipc10 s46:  82%|████████▏ | 246/300 [32:22<07:03,  7.85s/ep][A

tin/rn18/ca2d/hl/ipc10 s46:  82%|████████▏ | 247/300 [32:30<06:57,  7.87s/ep][A

tin/rn18/ca2d/hl/ipc10 s46:  83%|████████▎ | 248/300 [32:38<06:51,  7.91s/ep][A

tin/rn18/ca2d/hl/ipc10 s46:  83%|████████▎ | 249/300 [32:46<06:43,  7.91s/ep][A

tin/rn18/ca2d/hl/ipc10 s46:  83%|████████▎ | 250/300 [32:54<06:36,  7.93s/ep][A

tin/rn18/ca2d/hl/ipc10 s46:  84%|████████▎ | 251/300 [33:02<06:28,  7.92s/ep][A

tin/rn18/ca2d/hl/ipc10 s46:  84%|████████▍ | 252/300 [33:10<06:19,  7.91s/ep][A

tin/rn18/ca2d/hl/ipc10 s46:  84%|████████▍ | 253/300 [33:18<06:09,  7.87s/ep][A

tin/rn18/ca2d/hl/ipc10 s46:  85%|████████▍ | 254/300 [33:25<06:03,  7.90s/ep][A

tin/rn18/ca2d/hl/ipc10 s46:  85%|████████▌ | 255/300 [33:33<05:56,  7.93s/ep][A

tin/rn18/ca2d/hl/ipc10 s46:  85%|████████▌ | 256/300 [33:41<05:49,  7.94s/ep][A

tin/rn18/ca2d/hl/ipc10 s46:  86%|████████▌ | 257/300 [33:49<05:41,  7.95s/ep][A

tin/rn18/ca2d/hl/ipc10 s46:  86%|████████▌ | 258/300 [33:57<05:34,  7.96s/ep][A

tin/rn18/ca2d/hl/ipc10 s46:  86%|████████▋ | 259/300 [34:05<05:24,  7.91s/ep][A

tin/rn18/ca2d/hl/ipc10 s46:  87%|████████▋ | 260/300 [34:13<05:14,  7.86s/ep][A

tin/rn18/ca2d/hl/ipc10 s46:  87%|████████▋ | 261/300 [34:21<05:07,  7.89s/ep][A

tin/rn18/ca2d/hl/ipc10 s46:  87%|████████▋ | 262/300 [34:29<04:59,  7.89s/ep][A

tin/rn18/ca2d/hl/ipc10 s46:  88%|████████▊ | 263/300 [34:37<04:51,  7.87s/ep][A

tin/rn18/ca2d/hl/ipc10 s46:  88%|████████▊ | 264/300 [34:45<04:44,  7.90s/ep][A

tin/rn18/ca2d/hl/ipc10 s46:  88%|████████▊ | 265/300 [34:52<04:34,  7.86s/ep][A

tin/rn18/ca2d/hl/ipc10 s46:  89%|████████▊ | 266/300 [35:00<04:27,  7.88s/ep][A

tin/rn18/ca2d/hl/ipc10 s46:  89%|████████▉ | 267/300 [35:08<04:20,  7.90s/ep][A

tin/rn18/ca2d/hl/ipc10 s46:  89%|████████▉ | 268/300 [35:16<04:12,  7.90s/ep][A

tin/rn18/ca2d/hl/ipc10 s46:  90%|████████▉ | 269/300 [35:24<04:05,  7.92s/ep][A

tin/rn18/ca2d/hl/ipc10 s46:  90%|█████████ | 270/300 [35:32<03:58,  7.94s/ep][A

tin/rn18/ca2d/hl/ipc10 s46:  90%|█████████ | 271/300 [35:40<03:50,  7.95s/ep][A

tin/rn18/ca2d/hl/ipc10 s46:  91%|█████████ | 272/300 [35:48<03:41,  7.92s/ep][A

tin/rn18/ca2d/hl/ipc10 s46:  91%|█████████ | 273/300 [35:56<03:34,  7.94s/ep][A

tin/rn18/ca2d/hl/ipc10 s46:  91%|█████████▏| 274/300 [36:04<03:26,  7.95s/ep][A

tin/rn18/ca2d/hl/ipc10 s46:  92%|█████████▏| 275/300 [36:12<03:18,  7.95s/ep][A

tin/rn18/ca2d/hl/ipc10 s46:  92%|█████████▏| 276/300 [36:20<03:10,  7.95s/ep][A

tin/rn18/ca2d/hl/ipc10 s46:  92%|█████████▏| 277/300 [36:28<03:02,  7.93s/ep][A

tin/rn18/ca2d/hl/ipc10 s46:  93%|█████████▎| 278/300 [36:36<02:54,  7.93s/ep][A

tin/rn18/ca2d/hl/ipc10 s46:  93%|█████████▎| 279/300 [36:43<02:45,  7.88s/ep][A

tin/rn18/ca2d/hl/ipc10 s46:  93%|█████████▎| 280/300 [36:51<02:37,  7.89s/ep][A

tin/rn18/ca2d/hl/ipc10 s46:  94%|█████████▎| 281/300 [36:59<02:30,  7.93s/ep][A

tin/rn18/ca2d/hl/ipc10 s46:  94%|█████████▍| 282/300 [37:07<02:23,  7.96s/ep][A

tin/rn18/ca2d/hl/ipc10 s46:  94%|█████████▍| 283/300 [37:15<02:15,  7.97s/ep][A

tin/rn18/ca2d/hl/ipc10 s46:  95%|█████████▍| 284/300 [37:23<02:07,  7.97s/ep][A

tin/rn18/ca2d/hl/ipc10 s46:  95%|█████████▌| 285/300 [37:31<01:59,  7.98s/ep][A

tin/rn18/ca2d/hl/ipc10 s46:  95%|█████████▌| 286/300 [37:39<01:51,  7.97s/ep][A

tin/rn18/ca2d/hl/ipc10 s46:  96%|█████████▌| 287/300 [37:47<01:43,  7.99s/ep][A

tin/rn18/ca2d/hl/ipc10 s46:  96%|█████████▌| 288/300 [37:55<01:35,  7.98s/ep][A

tin/rn18/ca2d/hl/ipc10 s46:  96%|█████████▋| 289/300 [38:03<01:27,  8.00s/ep][A

tin/rn18/ca2d/hl/ipc10 s46:  97%|█████████▋| 290/300 [38:11<01:19,  7.95s/ep][A

tin/rn18/ca2d/hl/ipc10 s46:  97%|█████████▋| 291/300 [38:19<01:11,  7.94s/ep][A

tin/rn18/ca2d/hl/ipc10 s46:  97%|█████████▋| 292/300 [38:27<01:03,  7.94s/ep][A

tin/rn18/ca2d/hl/ipc10 s46:  98%|█████████▊| 293/300 [38:35<00:55,  7.95s/ep][A

tin/rn18/ca2d/hl/ipc10 s46:  98%|█████████▊| 294/300 [38:43<00:47,  7.92s/ep][A

tin/rn18/ca2d/hl/ipc10 s46:  98%|█████████▊| 295/300 [38:51<00:39,  7.93s/ep][A

tin/rn18/ca2d/hl/ipc10 s46:  99%|█████████▊| 296/300 [38:59<00:31,  7.94s/ep][A

tin/rn18/ca2d/hl/ipc10 s46:  99%|█████████▉| 297/300 [39:07<00:23,  7.97s/ep][A

tin/rn18/ca2d/hl/ipc10 s46:  99%|█████████▉| 298/300 [39:15<00:15,  7.95s/ep][A

tin/rn18/ca2d/hl/ipc10 s46: 100%|█████████▉| 299/300 [39:23<00:07,  7.94s/ep][A

tin/rn18/ca2d/hl/ipc10 s46: 100%|██████████| 300/300 [39:30<00:00,  7.94s/ep][A

                                                                             [A[cell] tin/rn18/ca2d/hl/ipc10 seed46: 5.93%  (2384s)
[cell] tin/rn18/ca2d/hl/ipc10: union seeds [42, 43, 44] + [45, 46]

rn18-tin:  26%|██▌       | 7/27 [9:00:25<26:07:01, 4701.06s/cell, ca2d/hl/ipc10]
rn18-tin:  26%|██▌       | 7/27 [9:00:25<26:07:01, 4701.06s/cell, sharp2d/hl/ipc10][cell] tin/rn18/ca2d/hl/ipc10: 6.30 +- 0.27 (6430s)
[cell] partial (bench_tin_rn18_sharp2d_hl_ipc10.json): have [42, 43, 44], running [45, 46]


tin/rn18/sharp2d/hl/ipc10 s45:   0%|          | 0/300 [00:00<?, ?ep/s][A

tin/rn18/sharp2d/hl/ipc10 s45:   0%|          | 1/300 [00:06<34:17,  6.88s/ep][A

tin/rn18/sharp2d/hl/ipc10 s45:   1%|          | 2/300 [00:14<37:06,  7.47s/ep][A

tin/rn18/sharp2d/hl/ipc10 s45:   1%|          | 3/300 [00:22<37:57,  7.67s/ep][A

tin/rn18/sharp2d/hl/ipc10 s45:   1%|▏         | 4/300 [00:30<38:12,  7.74s/ep][A

tin/rn18/sharp2d/hl/ipc10 s45:   2%|▏         | 5/300 [00:38<38:05,  7.75s/ep][A

tin/rn18/sharp2d/hl/ipc10 s45:   2%|▏         | 6/300 [00:46<38:22,  7.83s/ep][A

tin/rn18/sharp2d/hl/ipc10 s45:   2%|▏         | 7/300 [00:54<38:27,  7.88s/ep][A

tin/rn18/sharp2d/hl/ipc10 s45:   3%|▎         | 8/300 [01:02<38:34,  7.93s/ep][A

tin/rn18/sharp2d/hl/ipc10 s45:   3%|▎         | 9/300 [01:10<38:31,  7.94s/ep][A

tin/rn18/sharp2d/hl/ipc10 s45:   3%|▎         | 10/300 [01:18<38:26,  7.95s/ep][A

tin/rn18/sharp2d/hl/ipc10 s45:   4%|▎         | 11/300 [01:26<38:06,  7.91s/ep][A

tin/rn18/sharp2d/hl/ipc10 s45:   4%|▍         | 12/300 [01:33<37:46,  7.87s/ep][A

tin/rn18/sharp2d/hl/ipc10 s45:   4%|▍         | 13/300 [01:41<37:38,  7.87s/ep][A

tin/rn18/sharp2d/hl/ipc10 s45:   5%|▍         | 14/300 [01:49<37:37,  7.89s/ep][A

tin/rn18/sharp2d/hl/ipc10 s45:   5%|▌         | 15/300 [01:57<37:34,  7.91s/ep][A

tin/rn18/sharp2d/hl/ipc10 s45:   5%|▌         | 16/300 [02:05<37:32,  7.93s/ep][A

tin/rn18/sharp2d/hl/ipc10 s45:   6%|▌         | 17/300 [02:13<37:24,  7.93s/ep][A

tin/rn18/sharp2d/hl/ipc10 s45:   6%|▌         | 18/300 [02:21<37:23,  7.95s/ep][A

tin/rn18/sharp2d/hl/ipc10 s45:   6%|▋         | 19/300 [02:29<37:12,  7.95s/ep][A

tin/rn18/sharp2d/hl/ipc10 s45:   7%|▋         | 20/300 [02:37<37:00,  7.93s/ep][A

tin/rn18/sharp2d/hl/ipc10 s45:   7%|▋         | 21/300 [02:45<36:52,  7.93s/ep][A

tin/rn18/sharp2d/hl/ipc10 s45:   7%|▋         | 22/300 [02:53<36:44,  7.93s/ep][A

tin/rn18/sharp2d/hl/ipc10 s45:   8%|▊         | 23/300 [03:01<36:35,  7.93s/ep][A

tin/rn18/sharp2d/hl/ipc10 s45:   8%|▊         | 24/300 [03:09<36:36,  7.96s/ep][A

tin/rn18/sharp2d/hl/ipc10 s45:   8%|▊         | 25/300 [03:17<36:23,  7.94s/ep][A

tin/rn18/sharp2d/hl/ipc10 s45:   9%|▊         | 26/300 [03:25<36:19,  7.95s/ep][A

tin/rn18/sharp2d/hl/ipc10 s45:   9%|▉         | 27/300 [03:32<36:11,  7.95s/ep][A

tin/rn18/sharp2d/hl/ipc10 s45:   9%|▉         | 28/300 [03:40<36:03,  7.95s/ep][A

tin/rn18/sharp2d/hl/ipc10 s45:  10%|▉         | 29/300 [03:48<35:50,  7.94s/ep][A

tin/rn18/sharp2d/hl/ipc10 s45:  10%|█         | 30/300 [03:56<35:43,  7.94s/ep][A

tin/rn18/sharp2d/hl/ipc10 s45:  10%|█         | 31/300 [04:04<35:38,  7.95s/ep][A

tin/rn18/sharp2d/hl/ipc10 s45:  11%|█         | 32/300 [04:12<35:33,  7.96s/ep][A

tin/rn18/sharp2d/hl/ipc10 s45:  11%|█         | 33/300 [04:20<35:22,  7.95s/ep][A

tin/rn18/sharp2d/hl/ipc10 s45:  11%|█▏        | 34/300 [04:28<35:14,  7.95s/ep][A

tin/rn18/sharp2d/hl/ipc10 s45:  12%|█▏        | 35/300 [04:36<35:01,  7.93s/ep][A

tin/rn18/sharp2d/hl/ipc10 s45:  12%|█▏        | 36/300 [04:44<34:45,  7.90s/ep][A

tin/rn18/sharp2d/hl/ipc10 s45:  12%|█▏        | 37/300 [04:52<34:49,  7.94s/ep][A

tin/rn18/sharp2d/hl/ipc10 s45:  13%|█▎        | 38/300 [05:00<34:36,  7.93s/ep][A

tin/rn18/sharp2d/hl/ipc10 s45:  13%|█▎        | 39/300 [05:08<34:16,  7.88s/ep][A

tin/rn18/sharp2d/hl/ipc10 s45:  13%|█▎        | 40/300 [05:15<34:09,  7.88s/ep][A

tin/rn18/sharp2d/hl/ipc10 s45:  14%|█▎        | 41/300 [05:23<33:50,  7.84s/ep][A

tin/rn18/sharp2d/hl/ipc10 s45:  14%|█▍        | 42/300 [05:31<33:42,  7.84s/ep][A

tin/rn18/sharp2d/hl/ipc10 s45:  14%|█▍        | 43/300 [05:39<33:42,  7.87s/ep][A

tin/rn18/sharp2d/hl/ipc10 s45:  15%|█▍        | 44/300 [05:47<33:38,  7.88s/ep][A

tin/rn18/sharp2d/hl/ipc10 s45:  15%|█▌        | 45/300 [05:55<33:26,  7.87s/ep][A

tin/rn18/sharp2d/hl/ipc10 s45:  15%|█▌        | 46/300 [06:02<33:10,  7.84s/ep][A

tin/rn18/sharp2d/hl/ipc10 s45:  16%|█▌        | 47/300 [06:10<33:11,  7.87s/ep][A

tin/rn18/sharp2d/hl/ipc10 s45:  16%|█▌        | 48/300 [06:18<33:12,  7.91s/ep][A

tin/rn18/sharp2d/hl/ipc10 s45:  16%|█▋        | 49/300 [06:26<33:09,  7.93s/ep][A

tin/rn18/sharp2d/hl/ipc10 s45:  17%|█▋        | 50/300 [06:34<33:00,  7.92s/ep][A

tin/rn18/sharp2d/hl/ipc10 s45:  17%|█▋        | 51/300 [06:42<32:41,  7.88s/ep][A

tin/rn18/sharp2d/hl/ipc10 s45:  17%|█▋        | 52/300 [06:50<32:32,  7.87s/ep][A

tin/rn18/sharp2d/hl/ipc10 s45:  18%|█▊        | 53/300 [06:58<32:17,  7.84s/ep][A

tin/rn18/sharp2d/hl/ipc10 s45:  18%|█▊        | 54/300 [07:06<32:12,  7.86s/ep][A

tin/rn18/sharp2d/hl/ipc10 s45:  18%|█▊        | 55/300 [07:13<31:59,  7.84s/ep][A

tin/rn18/sharp2d/hl/ipc10 s45:  19%|█▊        | 56/300 [07:21<31:55,  7.85s/ep][A

tin/rn18/sharp2d/hl/ipc10 s45:  19%|█▉        | 57/300 [07:29<31:47,  7.85s/ep][A

tin/rn18/sharp2d/hl/ipc10 s45:  19%|█▉        | 58/300 [07:37<31:43,  7.86s/ep][A

tin/rn18/sharp2d/hl/ipc10 s45:  20%|█▉        | 59/300 [07:45<31:46,  7.91s/ep][A

tin/rn18/sharp2d/hl/ipc10 s45:  20%|██        | 60/300 [07:53<31:29,  7.87s/ep][A

tin/rn18/sharp2d/hl/ipc10 s45:  20%|██        | 61/300 [08:01<31:22,  7.88s/ep][A

tin/rn18/sharp2d/hl/ipc10 s45:  21%|██        | 62/300 [08:09<31:15,  7.88s/ep][A

tin/rn18/sharp2d/hl/ipc10 s45:  21%|██        | 63/300 [08:16<31:08,  7.88s/ep][A

tin/rn18/sharp2d/hl/ipc10 s45:  21%|██▏       | 64/300 [08:25<31:11,  7.93s/ep][A

tin/rn18/sharp2d/hl/ipc10 s45:  22%|██▏       | 65/300 [08:32<30:56,  7.90s/ep][A

tin/rn18/sharp2d/hl/ipc10 s45:  22%|██▏       | 66/300 [08:40<30:51,  7.91s/ep][A

tin/rn18/sharp2d/hl/ipc10 s45:  22%|██▏       | 67/300 [08:48<30:45,  7.92s/ep][A

tin/rn18/sharp2d/hl/ipc10 s45:  23%|██▎       | 68/300 [08:56<30:34,  7.91s/ep][A

tin/rn18/sharp2d/hl/ipc10 s45:  23%|██▎       | 69/300 [09:04<30:28,  7.92s/ep][A

tin/rn18/sharp2d/hl/ipc10 s45:  23%|██▎       | 70/300 [09:12<30:14,  7.89s/ep][A

tin/rn18/sharp2d/hl/ipc10 s45:  24%|██▎       | 71/300 [09:20<30:00,  7.86s/ep][A

tin/rn18/sharp2d/hl/ipc10 s45:  24%|██▍       | 72/300 [09:28<29:59,  7.89s/ep][A

tin/rn18/sharp2d/hl/ipc10 s45:  24%|██▍       | 73/300 [09:35<29:48,  7.88s/ep][A

tin/rn18/sharp2d/hl/ipc10 s45:  25%|██▍       | 74/300 [09:43<29:31,  7.84s/ep][A

tin/rn18/sharp2d/hl/ipc10 s45:  25%|██▌       | 75/300 [09:51<29:21,  7.83s/ep][A

tin/rn18/sharp2d/hl/ipc10 s45:  25%|██▌       | 76/300 [09:59<29:22,  7.87s/ep][A

tin/rn18/sharp2d/hl/ipc10 s45:  26%|██▌       | 77/300 [10:07<29:14,  7.87s/ep][A

tin/rn18/sharp2d/hl/ipc10 s45:  26%|██▌       | 78/300 [10:15<29:08,  7.88s/ep][A

tin/rn18/sharp2d/hl/ipc10 s45:  26%|██▋       | 79/300 [10:23<29:05,  7.90s/ep][A

tin/rn18/sharp2d/hl/ipc10 s45:  27%|██▋       | 80/300 [10:31<29:00,  7.91s/ep][A

tin/rn18/sharp2d/hl/ipc10 s45:  27%|██▋       | 81/300 [10:38<28:47,  7.89s/ep][A

tin/rn18/sharp2d/hl/ipc10 s45:  27%|██▋       | 82/300 [10:46<28:47,  7.92s/ep][A

tin/rn18/sharp2d/hl/ipc10 s45:  28%|██▊       | 83/300 [10:54<28:34,  7.90s/ep][A

tin/rn18/sharp2d/hl/ipc10 s45:  28%|██▊       | 84/300 [11:02<28:18,  7.86s/ep][A

tin/rn18/sharp2d/hl/ipc10 s45:  28%|██▊       | 85/300 [11:10<28:10,  7.86s/ep][A

tin/rn18/sharp2d/hl/ipc10 s45:  29%|██▊       | 86/300 [11:18<27:59,  7.85s/ep][A

tin/rn18/sharp2d/hl/ipc10 s45:  29%|██▉       | 87/300 [11:26<27:50,  7.84s/ep][A

tin/rn18/sharp2d/hl/ipc10 s45:  29%|██▉       | 88/300 [11:33<27:41,  7.84s/ep][A

tin/rn18/sharp2d/hl/ipc10 s45:  30%|██▉       | 89/300 [11:41<27:34,  7.84s/ep][A

tin/rn18/sharp2d/hl/ipc10 s45:  30%|███       | 90/300 [11:49<27:28,  7.85s/ep][A

tin/rn18/sharp2d/hl/ipc10 s45:  30%|███       | 91/300 [11:57<27:20,  7.85s/ep][A

tin/rn18/sharp2d/hl/ipc10 s45:  31%|███       | 92/300 [12:05<27:18,  7.88s/ep][A

tin/rn18/sharp2d/hl/ipc10 s45:  31%|███       | 93/300 [12:13<27:05,  7.85s/ep][A

tin/rn18/sharp2d/hl/ipc10 s45:  31%|███▏      | 94/300 [12:21<27:03,  7.88s/ep][A

tin/rn18/sharp2d/hl/ipc10 s45:  32%|███▏      | 95/300 [12:29<26:57,  7.89s/ep][A

tin/rn18/sharp2d/hl/ipc10 s45:  32%|███▏      | 96/300 [12:36<26:44,  7.86s/ep][A

tin/rn18/sharp2d/hl/ipc10 s45:  32%|███▏      | 97/300 [12:44<26:46,  7.91s/ep][A

tin/rn18/sharp2d/hl/ipc10 s45:  33%|███▎      | 98/300 [12:52<26:35,  7.90s/ep][A

tin/rn18/sharp2d/hl/ipc10 s45:  33%|███▎      | 99/300 [13:00<26:21,  7.87s/ep][A

tin/rn18/sharp2d/hl/ipc10 s45:  33%|███▎      | 100/300 [13:08<26:04,  7.82s/ep][A

tin/rn18/sharp2d/hl/ipc10 s45:  34%|███▎      | 101/300 [13:16<26:00,  7.84s/ep][A

tin/rn18/sharp2d/hl/ipc10 s45:  34%|███▍      | 102/300 [13:24<25:55,  7.86s/ep][A

tin/rn18/sharp2d/hl/ipc10 s45:  34%|███▍      | 103/300 [13:31<25:46,  7.85s/ep][A

tin/rn18/sharp2d/hl/ipc10 s45:  35%|███▍      | 104/300 [13:39<25:38,  7.85s/ep][A

tin/rn18/sharp2d/hl/ipc10 s45:  35%|███▌      | 105/300 [13:47<25:22,  7.81s/ep][A

tin/rn18/sharp2d/hl/ipc10 s45:  35%|███▌      | 106/300 [13:55<25:13,  7.80s/ep][A

tin/rn18/sharp2d/hl/ipc10 s45:  36%|███▌      | 107/300 [14:03<25:08,  7.81s/ep][A

tin/rn18/sharp2d/hl/ipc10 s45:  36%|███▌      | 108/300 [14:10<25:03,  7.83s/ep][A

tin/rn18/sharp2d/hl/ipc10 s45:  36%|███▋      | 109/300 [14:18<25:01,  7.86s/ep][A

tin/rn18/sharp2d/hl/ipc10 s45:  37%|███▋      | 110/300 [14:26<25:02,  7.91s/ep][A

tin/rn18/sharp2d/hl/ipc10 s45:  37%|███▋      | 111/300 [14:34<24:54,  7.91s/ep][A

tin/rn18/sharp2d/hl/ipc10 s45:  37%|███▋      | 112/300 [14:42<24:49,  7.92s/ep][A

tin/rn18/sharp2d/hl/ipc10 s45:  38%|███▊      | 113/300 [14:50<24:41,  7.92s/ep][A

tin/rn18/sharp2d/hl/ipc10 s45:  38%|███▊      | 114/300 [14:58<24:25,  7.88s/ep][A

tin/rn18/sharp2d/hl/ipc10 s45:  38%|███▊      | 115/300 [15:06<24:12,  7.85s/ep][A

tin/rn18/sharp2d/hl/ipc10 s45:  39%|███▊      | 116/300 [15:14<24:03,  7.84s/ep][A

tin/rn18/sharp2d/hl/ipc10 s45:  39%|███▉      | 117/300 [15:22<24:00,  7.87s/ep][A

tin/rn18/sharp2d/hl/ipc10 s45:  39%|███▉      | 118/300 [15:29<23:57,  7.90s/ep][A

tin/rn18/sharp2d/hl/ipc10 s45:  40%|███▉      | 119/300 [15:37<23:54,  7.93s/ep][A

tin/rn18/sharp2d/hl/ipc10 s45:  40%|████      | 120/300 [15:45<23:51,  7.95s/ep][A

tin/rn18/sharp2d/hl/ipc10 s45:  40%|████      | 121/300 [15:53<23:40,  7.94s/ep][A

tin/rn18/sharp2d/hl/ipc10 s45:  41%|████      | 122/300 [16:01<23:35,  7.95s/ep][A

tin/rn18/sharp2d/hl/ipc10 s45:  41%|████      | 123/300 [16:09<23:23,  7.93s/ep][A

tin/rn18/sharp2d/hl/ipc10 s45:  41%|████▏     | 124/300 [16:17<23:07,  7.89s/ep][A

tin/rn18/sharp2d/hl/ipc10 s45:  42%|████▏     | 125/300 [16:25<23:05,  7.91s/ep][A

tin/rn18/sharp2d/hl/ipc10 s45:  42%|████▏     | 126/300 [16:33<22:57,  7.92s/ep][A

tin/rn18/sharp2d/hl/ipc10 s45:  42%|████▏     | 127/300 [16:41<22:55,  7.95s/ep][A

tin/rn18/sharp2d/hl/ipc10 s45:  43%|████▎     | 128/300 [16:49<22:44,  7.93s/ep][A

tin/rn18/sharp2d/hl/ipc10 s45:  43%|████▎     | 129/300 [16:57<22:34,  7.92s/ep][A

tin/rn18/sharp2d/hl/ipc10 s45:  43%|████▎     | 130/300 [17:05<22:26,  7.92s/ep][A

tin/rn18/sharp2d/hl/ipc10 s45:  44%|████▎     | 131/300 [17:13<22:16,  7.91s/ep][A

tin/rn18/sharp2d/hl/ipc10 s45:  44%|████▍     | 132/300 [17:21<22:11,  7.93s/ep][A

tin/rn18/sharp2d/hl/ipc10 s45:  44%|████▍     | 133/300 [17:28<22:04,  7.93s/ep][A

tin/rn18/sharp2d/hl/ipc10 s45:  45%|████▍     | 134/300 [17:36<21:58,  7.94s/ep][A

tin/rn18/sharp2d/hl/ipc10 s45:  45%|████▌     | 135/300 [17:44<21:52,  7.95s/ep][A

tin/rn18/sharp2d/hl/ipc10 s45:  45%|████▌     | 136/300 [17:52<21:44,  7.96s/ep][A

tin/rn18/sharp2d/hl/ipc10 s45:  46%|████▌     | 137/300 [18:00<21:29,  7.91s/ep][A

tin/rn18/sharp2d/hl/ipc10 s45:  46%|████▌     | 138/300 [18:08<21:18,  7.89s/ep][A

tin/rn18/sharp2d/hl/ipc10 s45:  46%|████▋     | 139/300 [18:16<21:10,  7.89s/ep][A

tin/rn18/sharp2d/hl/ipc10 s45:  47%|████▋     | 140/300 [18:24<20:58,  7.87s/ep][A

tin/rn18/sharp2d/hl/ipc10 s45:  47%|████▋     | 141/300 [18:32<20:52,  7.88s/ep][A

tin/rn18/sharp2d/hl/ipc10 s45:  47%|████▋     | 142/300 [18:40<20:49,  7.91s/ep][A

tin/rn18/sharp2d/hl/ipc10 s45:  48%|████▊     | 143/300 [18:47<20:39,  7.89s/ep][A

tin/rn18/sharp2d/hl/ipc10 s45:  48%|████▊     | 144/300 [18:55<20:29,  7.88s/ep][A

tin/rn18/sharp2d/hl/ipc10 s45:  48%|████▊     | 145/300 [19:03<20:25,  7.91s/ep][A

tin/rn18/sharp2d/hl/ipc10 s45:  49%|████▊     | 146/300 [19:11<20:21,  7.93s/ep][A

tin/rn18/sharp2d/hl/ipc10 s45:  49%|████▉     | 147/300 [19:19<20:08,  7.90s/ep][A

tin/rn18/sharp2d/hl/ipc10 s45:  49%|████▉     | 148/300 [19:27<20:03,  7.92s/ep][A

tin/rn18/sharp2d/hl/ipc10 s45:  50%|████▉     | 149/300 [19:35<19:58,  7.94s/ep][A

tin/rn18/sharp2d/hl/ipc10 s45:  50%|█████     | 150/300 [19:43<19:53,  7.96s/ep][A

tin/rn18/sharp2d/hl/ipc10 s45:  50%|█████     | 151/300 [19:51<19:42,  7.94s/ep][A

tin/rn18/sharp2d/hl/ipc10 s45:  51%|█████     | 152/300 [19:59<19:38,  7.96s/ep][A

tin/rn18/sharp2d/hl/ipc10 s45:  51%|█████     | 153/300 [20:07<19:34,  7.99s/ep][A

tin/rn18/sharp2d/hl/ipc10 s45:  51%|█████▏    | 154/300 [20:15<19:25,  7.98s/ep][A

tin/rn18/sharp2d/hl/ipc10 s45:  52%|█████▏    | 155/300 [20:23<19:12,  7.95s/ep][A

tin/rn18/sharp2d/hl/ipc10 s45:  52%|█████▏    | 156/300 [20:31<19:02,  7.93s/ep][A

tin/rn18/sharp2d/hl/ipc10 s45:  52%|█████▏    | 157/300 [20:39<18:57,  7.96s/ep][A

tin/rn18/sharp2d/hl/ipc10 s45:  53%|█████▎    | 158/300 [20:47<18:50,  7.96s/ep][A

tin/rn18/sharp2d/hl/ipc10 s45:  53%|█████▎    | 159/300 [20:55<18:42,  7.96s/ep][A

tin/rn18/sharp2d/hl/ipc10 s45:  53%|█████▎    | 160/300 [21:03<18:37,  7.98s/ep][A

tin/rn18/sharp2d/hl/ipc10 s45:  54%|█████▎    | 161/300 [21:11<18:29,  7.98s/ep][A

tin/rn18/sharp2d/hl/ipc10 s45:  54%|█████▍    | 162/300 [21:18<18:04,  7.86s/ep][A

tin/rn18/sharp2d/hl/ipc10 s45:  54%|█████▍    | 163/300 [21:26<17:59,  7.88s/ep][A

tin/rn18/sharp2d/hl/ipc10 s45:  55%|█████▍    | 164/300 [21:34<17:46,  7.84s/ep][A

tin/rn18/sharp2d/hl/ipc10 s45:  55%|█████▌    | 165/300 [21:42<17:30,  7.78s/ep][A

tin/rn18/sharp2d/hl/ipc10 s45:  55%|█████▌    | 166/300 [21:50<17:28,  7.82s/ep][A

tin/rn18/sharp2d/hl/ipc10 s45:  56%|█████▌    | 167/300 [21:58<17:27,  7.88s/ep][A

tin/rn18/sharp2d/hl/ipc10 s45:  56%|█████▌    | 168/300 [22:05<17:22,  7.90s/ep][A

tin/rn18/sharp2d/hl/ipc10 s45:  56%|█████▋    | 169/300 [22:13<17:14,  7.89s/ep][A

tin/rn18/sharp2d/hl/ipc10 s45:  57%|█████▋    | 170/300 [22:21<17:10,  7.93s/ep][A

tin/rn18/sharp2d/hl/ipc10 s45:  57%|█████▋    | 171/300 [22:29<17:04,  7.94s/ep][A

tin/rn18/sharp2d/hl/ipc10 s45:  57%|█████▋    | 172/300 [22:37<16:58,  7.96s/ep][A

tin/rn18/sharp2d/hl/ipc10 s45:  58%|█████▊    | 173/300 [22:45<16:51,  7.96s/ep][A

tin/rn18/sharp2d/hl/ipc10 s45:  58%|█████▊    | 174/300 [22:53<16:45,  7.98s/ep][A

tin/rn18/sharp2d/hl/ipc10 s45:  58%|█████▊    | 175/300 [23:01<16:29,  7.92s/ep][A

tin/rn18/sharp2d/hl/ipc10 s45:  59%|█████▊    | 176/300 [23:09<16:24,  7.94s/ep][A

tin/rn18/sharp2d/hl/ipc10 s45:  59%|█████▉    | 177/300 [23:17<16:16,  7.94s/ep][A

tin/rn18/sharp2d/hl/ipc10 s45:  59%|█████▉    | 178/300 [23:25<16:10,  7.96s/ep][A

tin/rn18/sharp2d/hl/ipc10 s45:  60%|█████▉    | 179/300 [23:33<16:01,  7.95s/ep][A

tin/rn18/sharp2d/hl/ipc10 s45:  60%|██████    | 180/300 [23:41<15:51,  7.93s/ep][A

tin/rn18/sharp2d/hl/ipc10 s45:  60%|██████    | 181/300 [23:49<15:43,  7.93s/ep][A

tin/rn18/sharp2d/hl/ipc10 s45:  61%|██████    | 182/300 [23:57<15:33,  7.91s/ep][A

tin/rn18/sharp2d/hl/ipc10 s45:  61%|██████    | 183/300 [24:04<15:19,  7.86s/ep][A

tin/rn18/sharp2d/hl/ipc10 s45:  61%|██████▏   | 184/300 [24:12<15:15,  7.89s/ep][A

tin/rn18/sharp2d/hl/ipc10 s45:  62%|██████▏   | 185/300 [24:20<15:09,  7.91s/ep][A

tin/rn18/sharp2d/hl/ipc10 s45:  62%|██████▏   | 186/300 [24:28<14:59,  7.89s/ep][A

tin/rn18/sharp2d/hl/ipc10 s45:  62%|██████▏   | 187/300 [24:36<14:48,  7.86s/ep][A

tin/rn18/sharp2d/hl/ipc10 s45:  63%|██████▎   | 188/300 [24:44<14:43,  7.89s/ep][A

tin/rn18/sharp2d/hl/ipc10 s45:  63%|██████▎   | 189/300 [24:52<14:34,  7.88s/ep][A

tin/rn18/sharp2d/hl/ipc10 s45:  63%|██████▎   | 190/300 [25:00<14:29,  7.90s/ep][A

tin/rn18/sharp2d/hl/ipc10 s45:  64%|██████▎   | 191/300 [25:08<14:20,  7.89s/ep][A

tin/rn18/sharp2d/hl/ipc10 s45:  64%|██████▍   | 192/300 [25:15<14:13,  7.90s/ep][A

tin/rn18/sharp2d/hl/ipc10 s45:  64%|██████▍   | 193/300 [25:23<14:06,  7.91s/ep][A

tin/rn18/sharp2d/hl/ipc10 s45:  65%|██████▍   | 194/300 [25:31<14:00,  7.93s/ep][A

tin/rn18/sharp2d/hl/ipc10 s45:  65%|██████▌   | 195/300 [25:39<13:51,  7.92s/ep][A

tin/rn18/sharp2d/hl/ipc10 s45:  65%|██████▌   | 196/300 [25:47<13:43,  7.92s/ep][A

tin/rn18/sharp2d/hl/ipc10 s45:  66%|██████▌   | 197/300 [25:55<13:36,  7.93s/ep][A

tin/rn18/sharp2d/hl/ipc10 s45:  66%|██████▌   | 198/300 [26:03<13:26,  7.90s/ep][A

tin/rn18/sharp2d/hl/ipc10 s45:  66%|██████▋   | 199/300 [26:11<13:16,  7.89s/ep][A

tin/rn18/sharp2d/hl/ipc10 s45:  67%|██████▋   | 200/300 [26:19<13:10,  7.90s/ep][A

tin/rn18/sharp2d/hl/ipc10 s45:  67%|██████▋   | 201/300 [26:27<13:02,  7.90s/ep][A

tin/rn18/sharp2d/hl/ipc10 s45:  67%|██████▋   | 202/300 [26:35<12:57,  7.93s/ep][A

tin/rn18/sharp2d/hl/ipc10 s45:  68%|██████▊   | 203/300 [26:43<12:46,  7.90s/ep][A

tin/rn18/sharp2d/hl/ipc10 s45:  68%|██████▊   | 204/300 [26:50<12:39,  7.91s/ep][A

tin/rn18/sharp2d/hl/ipc10 s45:  68%|██████▊   | 205/300 [26:58<12:32,  7.92s/ep][A

tin/rn18/sharp2d/hl/ipc10 s45:  69%|██████▊   | 206/300 [27:06<12:18,  7.85s/ep][A

tin/rn18/sharp2d/hl/ipc10 s45:  69%|██████▉   | 207/300 [27:14<12:07,  7.82s/ep][A

tin/rn18/sharp2d/hl/ipc10 s45:  69%|██████▉   | 208/300 [27:22<12:03,  7.87s/ep][A

tin/rn18/sharp2d/hl/ipc10 s45:  70%|██████▉   | 209/300 [27:30<11:58,  7.89s/ep][A

tin/rn18/sharp2d/hl/ipc10 s45:  70%|███████   | 210/300 [27:37<11:44,  7.83s/ep][A

tin/rn18/sharp2d/hl/ipc10 s45:  70%|███████   | 211/300 [27:45<11:42,  7.89s/ep][A

tin/rn18/sharp2d/hl/ipc10 s45:  71%|███████   | 212/300 [27:53<11:34,  7.89s/ep][A

tin/rn18/sharp2d/hl/ipc10 s45:  71%|███████   | 213/300 [28:01<11:28,  7.92s/ep][A

tin/rn18/sharp2d/hl/ipc10 s45:  71%|███████▏  | 214/300 [28:09<11:16,  7.87s/ep][A

tin/rn18/sharp2d/hl/ipc10 s45:  72%|███████▏  | 215/300 [28:17<11:12,  7.91s/ep][A

tin/rn18/sharp2d/hl/ipc10 s45:  72%|███████▏  | 216/300 [28:25<11:02,  7.89s/ep][A

tin/rn18/sharp2d/hl/ipc10 s45:  72%|███████▏  | 217/300 [28:33<10:56,  7.90s/ep][A

tin/rn18/sharp2d/hl/ipc10 s45:  73%|███████▎  | 218/300 [28:41<10:48,  7.91s/ep][A

tin/rn18/sharp2d/hl/ipc10 s45:  73%|███████▎  | 219/300 [28:49<10:41,  7.93s/ep][A

tin/rn18/sharp2d/hl/ipc10 s45:  73%|███████▎  | 220/300 [28:57<10:36,  7.96s/ep][A

tin/rn18/sharp2d/hl/ipc10 s45:  74%|███████▎  | 221/300 [29:05<10:29,  7.97s/ep][A

tin/rn18/sharp2d/hl/ipc10 s45:  74%|███████▍  | 222/300 [29:13<10:21,  7.97s/ep][A

tin/rn18/sharp2d/hl/ipc10 s45:  74%|███████▍  | 223/300 [29:21<10:13,  7.97s/ep][A

tin/rn18/sharp2d/hl/ipc10 s45:  75%|███████▍  | 224/300 [29:29<10:07,  7.99s/ep][A

tin/rn18/sharp2d/hl/ipc10 s45:  75%|███████▌  | 225/300 [29:37<09:59,  7.99s/ep][A

tin/rn18/sharp2d/hl/ipc10 s45:  75%|███████▌  | 226/300 [29:45<09:47,  7.94s/ep][A

tin/rn18/sharp2d/hl/ipc10 s45:  76%|███████▌  | 227/300 [29:53<09:39,  7.93s/ep][A

tin/rn18/sharp2d/hl/ipc10 s45:  76%|███████▌  | 228/300 [30:01<09:32,  7.95s/ep][A

tin/rn18/sharp2d/hl/ipc10 s45:  76%|███████▋  | 229/300 [30:08<09:21,  7.90s/ep][A

tin/rn18/sharp2d/hl/ipc10 s45:  77%|███████▋  | 230/300 [30:16<09:14,  7.92s/ep][A

tin/rn18/sharp2d/hl/ipc10 s45:  77%|███████▋  | 231/300 [30:24<09:05,  7.91s/ep][A

tin/rn18/sharp2d/hl/ipc10 s45:  77%|███████▋  | 232/300 [30:32<08:59,  7.93s/ep][A

tin/rn18/sharp2d/hl/ipc10 s45:  78%|███████▊  | 233/300 [30:40<08:52,  7.95s/ep][A

tin/rn18/sharp2d/hl/ipc10 s45:  78%|███████▊  | 234/300 [30:48<08:44,  7.95s/ep][A

tin/rn18/sharp2d/hl/ipc10 s45:  78%|███████▊  | 235/300 [30:56<08:34,  7.92s/ep][A

tin/rn18/sharp2d/hl/ipc10 s45:  79%|███████▊  | 236/300 [31:04<08:27,  7.93s/ep][A

tin/rn18/sharp2d/hl/ipc10 s45:  79%|███████▉  | 237/300 [31:12<08:18,  7.91s/ep][A

tin/rn18/sharp2d/hl/ipc10 s45:  79%|███████▉  | 238/300 [31:20<08:10,  7.91s/ep][A

tin/rn18/sharp2d/hl/ipc10 s45:  80%|███████▉  | 239/300 [31:28<08:02,  7.92s/ep][A

tin/rn18/sharp2d/hl/ipc10 s45:  80%|████████  | 240/300 [31:35<07:54,  7.92s/ep][A

tin/rn18/sharp2d/hl/ipc10 s45:  80%|████████  | 241/300 [31:43<07:46,  7.90s/ep][A

tin/rn18/sharp2d/hl/ipc10 s45:  81%|████████  | 242/300 [31:51<07:39,  7.92s/ep][A

tin/rn18/sharp2d/hl/ipc10 s45:  81%|████████  | 243/300 [31:59<07:32,  7.94s/ep][A

tin/rn18/sharp2d/hl/ipc10 s45:  81%|████████▏ | 244/300 [32:07<07:24,  7.93s/ep][A

tin/rn18/sharp2d/hl/ipc10 s45:  82%|████████▏ | 245/300 [32:15<07:17,  7.95s/ep][A

tin/rn18/sharp2d/hl/ipc10 s45:  82%|████████▏ | 246/300 [32:23<07:08,  7.93s/ep][A

tin/rn18/sharp2d/hl/ipc10 s45:  82%|████████▏ | 247/300 [32:31<07:00,  7.93s/ep][A

tin/rn18/sharp2d/hl/ipc10 s45:  83%|████████▎ | 248/300 [32:39<06:53,  7.96s/ep][A

tin/rn18/sharp2d/hl/ipc10 s45:  83%|████████▎ | 249/300 [32:47<06:44,  7.94s/ep][A

tin/rn18/sharp2d/hl/ipc10 s45:  83%|████████▎ | 250/300 [32:55<06:36,  7.93s/ep][A

tin/rn18/sharp2d/hl/ipc10 s45:  84%|████████▎ | 251/300 [33:03<06:28,  7.93s/ep][A

tin/rn18/sharp2d/hl/ipc10 s45:  84%|████████▍ | 252/300 [33:11<06:20,  7.94s/ep][A

tin/rn18/sharp2d/hl/ipc10 s45:  84%|████████▍ | 253/300 [33:19<06:14,  7.96s/ep][A

tin/rn18/sharp2d/hl/ipc10 s45:  85%|████████▍ | 254/300 [33:27<06:05,  7.95s/ep][A

tin/rn18/sharp2d/hl/ipc10 s45:  85%|████████▌ | 255/300 [33:35<05:56,  7.93s/ep][A

tin/rn18/sharp2d/hl/ipc10 s45:  85%|████████▌ | 256/300 [33:43<05:49,  7.95s/ep][A

tin/rn18/sharp2d/hl/ipc10 s45:  86%|████████▌ | 257/300 [33:50<05:39,  7.90s/ep][A

tin/rn18/sharp2d/hl/ipc10 s45:  86%|████████▌ | 258/300 [33:58<05:31,  7.90s/ep][A

tin/rn18/sharp2d/hl/ipc10 s45:  86%|████████▋ | 259/300 [34:06<05:24,  7.92s/ep][A

tin/rn18/sharp2d/hl/ipc10 s45:  87%|████████▋ | 260/300 [34:14<05:16,  7.91s/ep][A

tin/rn18/sharp2d/hl/ipc10 s45:  87%|████████▋ | 261/300 [34:22<05:08,  7.90s/ep][A

tin/rn18/sharp2d/hl/ipc10 s45:  87%|████████▋ | 262/300 [34:30<05:01,  7.92s/ep][A

tin/rn18/sharp2d/hl/ipc10 s45:  88%|████████▊ | 263/300 [34:38<04:53,  7.93s/ep][A

tin/rn18/sharp2d/hl/ipc10 s45:  88%|████████▊ | 264/300 [34:46<04:45,  7.93s/ep][A

tin/rn18/sharp2d/hl/ipc10 s45:  88%|████████▊ | 265/300 [34:54<04:38,  7.95s/ep][A

tin/rn18/sharp2d/hl/ipc10 s45:  89%|████████▊ | 266/300 [35:02<04:28,  7.90s/ep][A

tin/rn18/sharp2d/hl/ipc10 s45:  89%|████████▉ | 267/300 [35:10<04:21,  7.93s/ep][A

tin/rn18/sharp2d/hl/ipc10 s45:  89%|████████▉ | 268/300 [35:18<04:14,  7.94s/ep][A

tin/rn18/sharp2d/hl/ipc10 s45:  90%|████████▉ | 269/300 [35:26<04:06,  7.96s/ep][A

tin/rn18/sharp2d/hl/ipc10 s45:  90%|█████████ | 270/300 [35:33<03:58,  7.94s/ep][A

tin/rn18/sharp2d/hl/ipc10 s45:  90%|█████████ | 271/300 [35:41<03:51,  7.97s/ep][A

tin/rn18/sharp2d/hl/ipc10 s45:  91%|█████████ | 272/300 [35:50<03:43,  7.99s/ep][A

tin/rn18/sharp2d/hl/ipc10 s45:  91%|█████████ | 273/300 [35:57<03:35,  7.99s/ep][A

tin/rn18/sharp2d/hl/ipc10 s45:  91%|█████████▏| 274/300 [36:05<03:27,  7.98s/ep][A

tin/rn18/sharp2d/hl/ipc10 s45:  92%|█████████▏| 275/300 [36:13<03:19,  7.99s/ep][A

tin/rn18/sharp2d/hl/ipc10 s45:  92%|█████████▏| 276/300 [36:21<03:11,  7.99s/ep][A

tin/rn18/sharp2d/hl/ipc10 s45:  92%|█████████▏| 277/300 [36:29<03:03,  7.99s/ep][A

tin/rn18/sharp2d/hl/ipc10 s45:  93%|█████████▎| 278/300 [36:37<02:55,  7.99s/ep][A

tin/rn18/sharp2d/hl/ipc10 s45:  93%|█████████▎| 279/300 [36:45<02:47,  7.96s/ep][A

tin/rn18/sharp2d/hl/ipc10 s45:  93%|█████████▎| 280/300 [36:53<02:39,  7.99s/ep][A

tin/rn18/sharp2d/hl/ipc10 s45:  94%|█████████▎| 281/300 [37:01<02:30,  7.94s/ep][A

tin/rn18/sharp2d/hl/ipc10 s45:  94%|█████████▍| 282/300 [37:09<02:23,  7.95s/ep][A

tin/rn18/sharp2d/hl/ipc10 s45:  94%|█████████▍| 283/300 [37:17<02:14,  7.90s/ep][A

tin/rn18/sharp2d/hl/ipc10 s45:  95%|█████████▍| 284/300 [37:25<02:06,  7.92s/ep][A

tin/rn18/sharp2d/hl/ipc10 s45:  95%|█████████▌| 285/300 [37:33<01:59,  7.95s/ep][A

tin/rn18/sharp2d/hl/ipc10 s45:  95%|█████████▌| 286/300 [37:41<01:51,  7.95s/ep][A

tin/rn18/sharp2d/hl/ipc10 s45:  96%|█████████▌| 287/300 [37:49<01:43,  7.96s/ep][A

tin/rn18/sharp2d/hl/ipc10 s45:  96%|█████████▌| 288/300 [37:57<01:34,  7.90s/ep][A

tin/rn18/sharp2d/hl/ipc10 s45:  96%|█████████▋| 289/300 [38:05<01:27,  7.92s/ep][A

tin/rn18/sharp2d/hl/ipc10 s45:  97%|█████████▋| 290/300 [38:13<01:19,  7.94s/ep][A

tin/rn18/sharp2d/hl/ipc10 s45:  97%|█████████▋| 291/300 [38:21<01:11,  7.97s/ep][A

tin/rn18/sharp2d/hl/ipc10 s45:  97%|█████████▋| 292/300 [38:29<01:03,  7.98s/ep][A

tin/rn18/sharp2d/hl/ipc10 s45:  98%|█████████▊| 293/300 [38:37<00:55,  7.96s/ep][A

tin/rn18/sharp2d/hl/ipc10 s45:  98%|█████████▊| 294/300 [38:45<00:47,  7.98s/ep][A

tin/rn18/sharp2d/hl/ipc10 s45:  98%|█████████▊| 295/300 [38:53<00:39,  7.99s/ep][A

tin/rn18/sharp2d/hl/ipc10 s45:  99%|█████████▊| 296/300 [39:01<00:31,  7.98s/ep][A

tin/rn18/sharp2d/hl/ipc10 s45:  99%|█████████▉| 297/300 [39:08<00:23,  7.94s/ep][A

tin/rn18/sharp2d/hl/ipc10 s45:  99%|█████████▉| 298/300 [39:16<00:15,  7.95s/ep][A

tin/rn18/sharp2d/hl/ipc10 s45: 100%|█████████▉| 299/300 [39:24<00:07,  7.95s/ep][A

tin/rn18/sharp2d/hl/ipc10 s45: 100%|██████████| 300/300 [39:32<00:00,  7.90s/ep][A

                                                                                [A[cell] tin/rn18/sharp2d/hl/ipc10 seed45: 6.15%  (2386s)


tin/rn18/sharp2d/hl/ipc10 s46:   0%|          | 0/300 [00:00<?, ?ep/s][A

tin/rn18/sharp2d/hl/ipc10 s46:   0%|          | 1/300 [00:07<35:02,  7.03s/ep][A

tin/rn18/sharp2d/hl/ipc10 s46:   1%|          | 2/300 [00:14<37:39,  7.58s/ep][A

tin/rn18/sharp2d/hl/ipc10 s46:   1%|          | 3/300 [00:22<38:22,  7.75s/ep][A

tin/rn18/sharp2d/hl/ipc10 s46:   1%|▏         | 4/300 [00:30<38:37,  7.83s/ep][A

tin/rn18/sharp2d/hl/ipc10 s46:   2%|▏         | 5/300 [00:38<38:48,  7.89s/ep][A

tin/rn18/sharp2d/hl/ipc10 s46:   2%|▏         | 6/300 [00:46<38:50,  7.93s/ep][A

tin/rn18/sharp2d/hl/ipc10 s46:   2%|▏         | 7/300 [00:54<38:51,  7.96s/ep][A

tin/rn18/sharp2d/hl/ipc10 s46:   3%|▎         | 8/300 [01:02<38:47,  7.97s/ep][A

tin/rn18/sharp2d/hl/ipc10 s46:   3%|▎         | 9/300 [01:10<38:40,  7.97s/ep][A

tin/rn18/sharp2d/hl/ipc10 s46:   3%|▎         | 10/300 [01:18<38:30,  7.97s/ep][A

tin/rn18/sharp2d/hl/ipc10 s46:   4%|▎         | 11/300 [01:26<38:23,  7.97s/ep][A

tin/rn18/sharp2d/hl/ipc10 s46:   4%|▍         | 12/300 [01:34<38:09,  7.95s/ep][A

tin/rn18/sharp2d/hl/ipc10 s46:   4%|▍         | 13/300 [01:42<38:06,  7.97s/ep][A

tin/rn18/sharp2d/hl/ipc10 s46:   5%|▍         | 14/300 [01:50<38:02,  7.98s/ep][A

tin/rn18/sharp2d/hl/ipc10 s46:   5%|▌         | 15/300 [01:58<37:58,  7.99s/ep][A

tin/rn18/sharp2d/hl/ipc10 s46:   5%|▌         | 16/300 [02:06<37:34,  7.94s/ep][A

tin/rn18/sharp2d/hl/ipc10 s46:   6%|▌         | 17/300 [02:14<37:23,  7.93s/ep][A

tin/rn18/sharp2d/hl/ipc10 s46:   6%|▌         | 18/300 [02:22<37:21,  7.95s/ep][A

tin/rn18/sharp2d/hl/ipc10 s46:   6%|▋         | 19/300 [02:30<37:16,  7.96s/ep][A

tin/rn18/sharp2d/hl/ipc10 s46:   7%|▋         | 20/300 [02:38<37:01,  7.93s/ep][A

tin/rn18/sharp2d/hl/ipc10 s46:   7%|▋         | 21/300 [02:46<36:56,  7.94s/ep][A

tin/rn18/sharp2d/hl/ipc10 s46:   7%|▋         | 22/300 [02:54<36:41,  7.92s/ep][A

tin/rn18/sharp2d/hl/ipc10 s46:   8%|▊         | 23/300 [03:02<36:33,  7.92s/ep][A

tin/rn18/sharp2d/hl/ipc10 s46:   8%|▊         | 24/300 [03:10<36:31,  7.94s/ep][A

tin/rn18/sharp2d/hl/ipc10 s46:   8%|▊         | 25/300 [03:17<36:10,  7.89s/ep][A

tin/rn18/sharp2d/hl/ipc10 s46:   9%|▊         | 26/300 [03:25<36:08,  7.91s/ep][A

tin/rn18/sharp2d/hl/ipc10 s46:   9%|▉         | 27/300 [03:33<36:04,  7.93s/ep][A

tin/rn18/sharp2d/hl/ipc10 s46:   9%|▉         | 28/300 [03:41<36:01,  7.95s/ep][A

tin/rn18/sharp2d/hl/ipc10 s46:  10%|▉         | 29/300 [03:49<35:59,  7.97s/ep][A

tin/rn18/sharp2d/hl/ipc10 s46:  10%|█         | 30/300 [03:57<35:48,  7.96s/ep][A

tin/rn18/sharp2d/hl/ipc10 s46:  10%|█         | 31/300 [04:05<35:16,  7.87s/ep][A

tin/rn18/sharp2d/hl/ipc10 s46:  11%|█         | 32/300 [04:13<35:09,  7.87s/ep][A

tin/rn18/sharp2d/hl/ipc10 s46:  11%|█         | 33/300 [04:21<35:12,  7.91s/ep][A

tin/rn18/sharp2d/hl/ipc10 s46:  11%|█▏        | 34/300 [04:29<34:53,  7.87s/ep][A

tin/rn18/sharp2d/hl/ipc10 s46:  12%|█▏        | 35/300 [04:37<34:55,  7.91s/ep][A

tin/rn18/sharp2d/hl/ipc10 s46:  12%|█▏        | 36/300 [04:45<34:53,  7.93s/ep][A

tin/rn18/sharp2d/hl/ipc10 s46:  12%|█▏        | 37/300 [04:53<34:53,  7.96s/ep][A

tin/rn18/sharp2d/hl/ipc10 s46:  13%|█▎        | 38/300 [05:01<34:51,  7.98s/ep][A

tin/rn18/sharp2d/hl/ipc10 s46:  13%|█▎        | 39/300 [05:08<34:31,  7.94s/ep][A

tin/rn18/sharp2d/hl/ipc10 s46:  13%|█▎        | 40/300 [05:16<34:24,  7.94s/ep][A

tin/rn18/sharp2d/hl/ipc10 s46:  14%|█▎        | 41/300 [05:24<34:18,  7.95s/ep][A

tin/rn18/sharp2d/hl/ipc10 s46:  14%|█▍        | 42/300 [05:32<34:09,  7.95s/ep][A

tin/rn18/sharp2d/hl/ipc10 s46:  14%|█▍        | 43/300 [05:40<34:07,  7.97s/ep][A

tin/rn18/sharp2d/hl/ipc10 s46:  15%|█▍        | 44/300 [05:48<34:00,  7.97s/ep][A

tin/rn18/sharp2d/hl/ipc10 s46:  15%|█▌        | 45/300 [05:56<33:55,  7.98s/ep][A

tin/rn18/sharp2d/hl/ipc10 s46:  15%|█▌        | 46/300 [06:04<33:42,  7.96s/ep][A

tin/rn18/sharp2d/hl/ipc10 s46:  16%|█▌        | 47/300 [06:12<33:21,  7.91s/ep][A

tin/rn18/sharp2d/hl/ipc10 s46:  16%|█▌        | 48/300 [06:20<33:06,  7.88s/ep][A

tin/rn18/sharp2d/hl/ipc10 s46:  16%|█▋        | 49/300 [06:28<33:06,  7.92s/ep][A

tin/rn18/sharp2d/hl/ipc10 s46:  17%|█▋        | 50/300 [06:36<32:50,  7.88s/ep][A

tin/rn18/sharp2d/hl/ipc10 s46:  17%|█▋        | 51/300 [06:44<32:50,  7.91s/ep][A

tin/rn18/sharp2d/hl/ipc10 s46:  17%|█▋        | 52/300 [06:52<32:48,  7.94s/ep][A

tin/rn18/sharp2d/hl/ipc10 s46:  18%|█▊        | 53/300 [07:00<32:43,  7.95s/ep][A

tin/rn18/sharp2d/hl/ipc10 s46:  18%|█▊        | 54/300 [07:08<32:35,  7.95s/ep][A

tin/rn18/sharp2d/hl/ipc10 s46:  18%|█▊        | 55/300 [07:16<32:30,  7.96s/ep][A

tin/rn18/sharp2d/hl/ipc10 s46:  19%|█▊        | 56/300 [07:24<32:26,  7.98s/ep][A

tin/rn18/sharp2d/hl/ipc10 s46:  19%|█▉        | 57/300 [07:31<32:14,  7.96s/ep][A

tin/rn18/sharp2d/hl/ipc10 s46:  19%|█▉        | 58/300 [07:39<32:02,  7.94s/ep][A

tin/rn18/sharp2d/hl/ipc10 s46:  20%|█▉        | 59/300 [07:47<31:53,  7.94s/ep][A

tin/rn18/sharp2d/hl/ipc10 s46:  20%|██        | 60/300 [07:55<31:48,  7.95s/ep][A

tin/rn18/sharp2d/hl/ipc10 s46:  20%|██        | 61/300 [08:03<31:30,  7.91s/ep][A

tin/rn18/sharp2d/hl/ipc10 s46:  21%|██        | 62/300 [08:11<31:21,  7.91s/ep][A

tin/rn18/sharp2d/hl/ipc10 s46:  21%|██        | 63/300 [08:19<31:11,  7.90s/ep][A

tin/rn18/sharp2d/hl/ipc10 s46:  21%|██▏       | 64/300 [08:27<30:58,  7.88s/ep][A

tin/rn18/sharp2d/hl/ipc10 s46:  22%|██▏       | 65/300 [08:35<30:57,  7.90s/ep][A

tin/rn18/sharp2d/hl/ipc10 s46:  22%|██▏       | 66/300 [08:43<30:53,  7.92s/ep][A

tin/rn18/sharp2d/hl/ipc10 s46:  22%|██▏       | 67/300 [08:51<30:49,  7.94s/ep][A

tin/rn18/sharp2d/hl/ipc10 s46:  23%|██▎       | 68/300 [08:58<30:29,  7.88s/ep][A

tin/rn18/sharp2d/hl/ipc10 s46:  23%|██▎       | 69/300 [09:06<30:21,  7.89s/ep][A

tin/rn18/sharp2d/hl/ipc10 s46:  23%|██▎       | 70/300 [09:14<30:18,  7.91s/ep][A

tin/rn18/sharp2d/hl/ipc10 s46:  24%|██▎       | 71/300 [09:22<30:10,  7.90s/ep][A

tin/rn18/sharp2d/hl/ipc10 s46:  24%|██▍       | 72/300 [09:30<30:08,  7.93s/ep][A

tin/rn18/sharp2d/hl/ipc10 s46:  24%|██▍       | 73/300 [09:38<30:02,  7.94s/ep][A

tin/rn18/sharp2d/hl/ipc10 s46:  25%|██▍       | 74/300 [09:46<29:56,  7.95s/ep][A

tin/rn18/sharp2d/hl/ipc10 s46:  25%|██▌       | 75/300 [09:54<29:40,  7.91s/ep][A

tin/rn18/sharp2d/hl/ipc10 s46:  25%|██▌       | 76/300 [10:02<29:36,  7.93s/ep][A

tin/rn18/sharp2d/hl/ipc10 s46:  26%|██▌       | 77/300 [10:10<29:29,  7.93s/ep][A

tin/rn18/sharp2d/hl/ipc10 s46:  26%|██▌       | 78/300 [10:18<29:18,  7.92s/ep][A

tin/rn18/sharp2d/hl/ipc10 s46:  26%|██▋       | 79/300 [10:25<29:00,  7.87s/ep][A

tin/rn18/sharp2d/hl/ipc10 s46:  27%|██▋       | 80/300 [10:33<28:58,  7.90s/ep][A

tin/rn18/sharp2d/hl/ipc10 s46:  27%|██▋       | 81/300 [10:41<28:50,  7.90s/ep][A

tin/rn18/sharp2d/hl/ipc10 s46:  27%|██▋       | 82/300 [10:49<28:40,  7.89s/ep][A

tin/rn18/sharp2d/hl/ipc10 s46:  28%|██▊       | 83/300 [10:57<28:30,  7.88s/ep][A

tin/rn18/sharp2d/hl/ipc10 s46:  28%|██▊       | 84/300 [11:05<28:22,  7.88s/ep][A

tin/rn18/sharp2d/hl/ipc10 s46:  28%|██▊       | 85/300 [11:13<28:11,  7.87s/ep][A

tin/rn18/sharp2d/hl/ipc10 s46:  29%|██▊       | 86/300 [11:20<27:58,  7.84s/ep][A

tin/rn18/sharp2d/hl/ipc10 s46:  29%|██▉       | 87/300 [11:28<27:57,  7.88s/ep][A

tin/rn18/sharp2d/hl/ipc10 s46:  29%|██▉       | 88/300 [11:36<27:45,  7.86s/ep][A

tin/rn18/sharp2d/hl/ipc10 s46:  30%|██▉       | 89/300 [11:44<27:35,  7.85s/ep][A

tin/rn18/sharp2d/hl/ipc10 s46:  30%|███       | 90/300 [11:52<27:26,  7.84s/ep][A

tin/rn18/sharp2d/hl/ipc10 s46:  30%|███       | 91/300 [12:00<27:17,  7.83s/ep][A

tin/rn18/sharp2d/hl/ipc10 s46:  31%|███       | 92/300 [12:08<27:10,  7.84s/ep][A

tin/rn18/sharp2d/hl/ipc10 s46:  31%|███       | 93/300 [12:16<27:08,  7.87s/ep][A

tin/rn18/sharp2d/hl/ipc10 s46:  31%|███▏      | 94/300 [12:23<26:59,  7.86s/ep][A

tin/rn18/sharp2d/hl/ipc10 s46:  32%|███▏      | 95/300 [12:31<26:57,  7.89s/ep][A

tin/rn18/sharp2d/hl/ipc10 s46:  32%|███▏      | 96/300 [12:39<26:45,  7.87s/ep][A

tin/rn18/sharp2d/hl/ipc10 s46:  32%|███▏      | 97/300 [12:47<26:37,  7.87s/ep][A

tin/rn18/sharp2d/hl/ipc10 s46:  33%|███▎      | 98/300 [12:55<26:30,  7.87s/ep][A

tin/rn18/sharp2d/hl/ipc10 s46:  33%|███▎      | 99/300 [13:03<26:27,  7.90s/ep][A

tin/rn18/sharp2d/hl/ipc10 s46:  33%|███▎      | 100/300 [13:11<26:25,  7.93s/ep][A

tin/rn18/sharp2d/hl/ipc10 s46:  34%|███▎      | 101/300 [13:19<26:14,  7.91s/ep][A

tin/rn18/sharp2d/hl/ipc10 s46:  34%|███▍      | 102/300 [13:27<26:13,  7.95s/ep][A

tin/rn18/sharp2d/hl/ipc10 s46:  34%|███▍      | 103/300 [13:35<26:08,  7.96s/ep][A

tin/rn18/sharp2d/hl/ipc10 s46:  35%|███▍      | 104/300 [13:43<26:02,  7.97s/ep][A

tin/rn18/sharp2d/hl/ipc10 s46:  35%|███▌      | 105/300 [13:51<25:50,  7.95s/ep][A

tin/rn18/sharp2d/hl/ipc10 s46:  35%|███▌      | 106/300 [13:59<25:43,  7.96s/ep][A

tin/rn18/sharp2d/hl/ipc10 s46:  36%|███▌      | 107/300 [14:06<25:24,  7.90s/ep][A

tin/rn18/sharp2d/hl/ipc10 s46:  36%|███▌      | 108/300 [14:14<25:13,  7.88s/ep][A

tin/rn18/sharp2d/hl/ipc10 s46:  36%|███▋      | 109/300 [14:22<25:07,  7.89s/ep][A

tin/rn18/sharp2d/hl/ipc10 s46:  37%|███▋      | 110/300 [14:30<25:05,  7.92s/ep][A

tin/rn18/sharp2d/hl/ipc10 s46:  37%|███▋      | 111/300 [14:38<24:56,  7.92s/ep][A

tin/rn18/sharp2d/hl/ipc10 s46:  37%|███▋      | 112/300 [14:46<24:53,  7.94s/ep][A

tin/rn18/sharp2d/hl/ipc10 s46:  38%|███▊      | 113/300 [14:54<24:39,  7.91s/ep][A

tin/rn18/sharp2d/hl/ipc10 s46:  38%|███▊      | 114/300 [15:02<24:35,  7.94s/ep][A

tin/rn18/sharp2d/hl/ipc10 s46:  38%|███▊      | 115/300 [15:10<24:28,  7.94s/ep][A

tin/rn18/sharp2d/hl/ipc10 s46:  39%|███▊      | 116/300 [15:18<24:24,  7.96s/ep][A

tin/rn18/sharp2d/hl/ipc10 s46:  39%|███▉      | 117/300 [15:26<24:19,  7.97s/ep][A

tin/rn18/sharp2d/hl/ipc10 s46:  39%|███▉      | 118/300 [15:34<24:12,  7.98s/ep][A

tin/rn18/sharp2d/hl/ipc10 s46:  40%|███▉      | 119/300 [15:42<24:05,  7.98s/ep][A

tin/rn18/sharp2d/hl/ipc10 s46:  40%|████      | 120/300 [15:50<23:57,  7.98s/ep][A

tin/rn18/sharp2d/hl/ipc10 s46:  40%|████      | 121/300 [15:58<23:49,  7.99s/ep][A

tin/rn18/sharp2d/hl/ipc10 s46:  41%|████      | 122/300 [16:06<23:40,  7.98s/ep][A

tin/rn18/sharp2d/hl/ipc10 s46:  41%|████      | 123/300 [16:14<23:33,  7.99s/ep][A

tin/rn18/sharp2d/hl/ipc10 s46:  41%|████▏     | 124/300 [16:22<23:24,  7.98s/ep][A

tin/rn18/sharp2d/hl/ipc10 s46:  42%|████▏     | 125/300 [16:30<23:17,  7.99s/ep][A

tin/rn18/sharp2d/hl/ipc10 s46:  42%|████▏     | 126/300 [16:38<23:09,  7.98s/ep][A

tin/rn18/sharp2d/hl/ipc10 s46:  42%|████▏     | 127/300 [16:46<22:56,  7.96s/ep][A

tin/rn18/sharp2d/hl/ipc10 s46:  43%|████▎     | 128/300 [16:54<22:51,  7.98s/ep][A

tin/rn18/sharp2d/hl/ipc10 s46:  43%|████▎     | 129/300 [17:02<22:47,  8.00s/ep][A

tin/rn18/sharp2d/hl/ipc10 s46:  43%|████▎     | 130/300 [17:10<22:38,  7.99s/ep][A

tin/rn18/sharp2d/hl/ipc10 s46:  44%|████▎     | 131/300 [17:18<22:26,  7.97s/ep][A

tin/rn18/sharp2d/hl/ipc10 s46:  44%|████▍     | 132/300 [17:25<22:12,  7.93s/ep][A

tin/rn18/sharp2d/hl/ipc10 s46:  44%|████▍     | 133/300 [17:33<22:08,  7.95s/ep][A

tin/rn18/sharp2d/hl/ipc10 s46:  45%|████▍     | 134/300 [17:41<22:01,  7.96s/ep][A

tin/rn18/sharp2d/hl/ipc10 s46:  45%|████▌     | 135/300 [17:49<21:56,  7.98s/ep][A

tin/rn18/sharp2d/hl/ipc10 s46:  45%|████▌     | 136/300 [17:57<21:40,  7.93s/ep][A

tin/rn18/sharp2d/hl/ipc10 s46:  46%|████▌     | 137/300 [18:05<21:29,  7.91s/ep][A

tin/rn18/sharp2d/hl/ipc10 s46:  46%|████▌     | 138/300 [18:13<21:25,  7.93s/ep][A

tin/rn18/sharp2d/hl/ipc10 s46:  46%|████▋     | 139/300 [18:21<21:15,  7.92s/ep][A

tin/rn18/sharp2d/hl/ipc10 s46:  47%|████▋     | 140/300 [18:29<21:06,  7.92s/ep][A

tin/rn18/sharp2d/hl/ipc10 s46:  47%|████▋     | 141/300 [18:37<21:04,  7.95s/ep][A

tin/rn18/sharp2d/hl/ipc10 s46:  47%|████▋     | 142/300 [18:45<20:58,  7.96s/ep][A

tin/rn18/sharp2d/hl/ipc10 s46:  48%|████▊     | 143/300 [18:53<20:42,  7.91s/ep][A

tin/rn18/sharp2d/hl/ipc10 s46:  48%|████▊     | 144/300 [19:01<20:38,  7.94s/ep][A

tin/rn18/sharp2d/hl/ipc10 s46:  48%|████▊     | 145/300 [19:09<20:30,  7.94s/ep][A

tin/rn18/sharp2d/hl/ipc10 s46:  49%|████▊     | 146/300 [19:17<20:25,  7.96s/ep][A

tin/rn18/sharp2d/hl/ipc10 s46:  49%|████▉     | 147/300 [19:25<20:20,  7.97s/ep][A

tin/rn18/sharp2d/hl/ipc10 s46:  49%|████▉     | 148/300 [19:33<20:12,  7.98s/ep][A

tin/rn18/sharp2d/hl/ipc10 s46:  50%|████▉     | 149/300 [19:41<20:03,  7.97s/ep][A

tin/rn18/sharp2d/hl/ipc10 s46:  50%|█████     | 150/300 [19:48<19:50,  7.94s/ep][A

tin/rn18/sharp2d/hl/ipc10 s46:  50%|█████     | 151/300 [19:56<19:42,  7.93s/ep][A

tin/rn18/sharp2d/hl/ipc10 s46:  51%|█████     | 152/300 [20:04<19:37,  7.95s/ep][A

tin/rn18/sharp2d/hl/ipc10 s46:  51%|█████     | 153/300 [20:12<19:26,  7.94s/ep][A

tin/rn18/sharp2d/hl/ipc10 s46:  51%|█████▏    | 154/300 [20:20<19:14,  7.91s/ep][A

tin/rn18/sharp2d/hl/ipc10 s46:  52%|█████▏    | 155/300 [20:28<19:08,  7.92s/ep][A

tin/rn18/sharp2d/hl/ipc10 s46:  52%|█████▏    | 156/300 [20:36<19:05,  7.95s/ep][A

tin/rn18/sharp2d/hl/ipc10 s46:  52%|█████▏    | 157/300 [20:44<18:59,  7.97s/ep][A

tin/rn18/sharp2d/hl/ipc10 s46:  53%|█████▎    | 158/300 [20:52<18:51,  7.97s/ep][A

tin/rn18/sharp2d/hl/ipc10 s46:  53%|█████▎    | 159/300 [21:00<18:37,  7.93s/ep][A

tin/rn18/sharp2d/hl/ipc10 s46:  53%|█████▎    | 160/300 [21:08<18:29,  7.93s/ep][A

tin/rn18/sharp2d/hl/ipc10 s46:  54%|█████▎    | 161/300 [21:16<18:25,  7.95s/ep][A

tin/rn18/sharp2d/hl/ipc10 s46:  54%|█████▍    | 162/300 [21:24<18:18,  7.96s/ep][A

tin/rn18/sharp2d/hl/ipc10 s46:  54%|█████▍    | 163/300 [21:32<18:04,  7.91s/ep][A

tin/rn18/sharp2d/hl/ipc10 s46:  55%|█████▍    | 164/300 [21:40<17:58,  7.93s/ep][A

tin/rn18/sharp2d/hl/ipc10 s46:  55%|█████▌    | 165/300 [21:47<17:46,  7.90s/ep][A

tin/rn18/sharp2d/hl/ipc10 s46:  55%|█████▌    | 166/300 [21:55<17:42,  7.93s/ep][A

tin/rn18/sharp2d/hl/ipc10 s46:  56%|█████▌    | 167/300 [22:03<17:29,  7.89s/ep][A

tin/rn18/sharp2d/hl/ipc10 s46:  56%|█████▌    | 168/300 [22:11<17:24,  7.92s/ep][A

tin/rn18/sharp2d/hl/ipc10 s46:  56%|█████▋    | 169/300 [22:19<17:16,  7.91s/ep][A

tin/rn18/sharp2d/hl/ipc10 s46:  57%|█████▋    | 170/300 [22:27<17:05,  7.89s/ep][A

tin/rn18/sharp2d/hl/ipc10 s46:  57%|█████▋    | 171/300 [22:35<16:52,  7.85s/ep][A

tin/rn18/sharp2d/hl/ipc10 s46:  57%|█████▋    | 172/300 [22:43<16:44,  7.84s/ep][A

tin/rn18/sharp2d/hl/ipc10 s46:  58%|█████▊    | 173/300 [22:50<16:30,  7.80s/ep][A

tin/rn18/sharp2d/hl/ipc10 s46:  58%|█████▊    | 174/300 [22:58<16:25,  7.82s/ep][A

tin/rn18/sharp2d/hl/ipc10 s46:  58%|█████▊    | 175/300 [23:06<16:09,  7.75s/ep][A

tin/rn18/sharp2d/hl/ipc10 s46:  59%|█████▊    | 176/300 [23:14<16:08,  7.81s/ep][A

tin/rn18/sharp2d/hl/ipc10 s46:  59%|█████▉    | 177/300 [23:21<15:57,  7.79s/ep][A

tin/rn18/sharp2d/hl/ipc10 s46:  59%|█████▉    | 178/300 [23:29<15:47,  7.77s/ep][A

tin/rn18/sharp2d/hl/ipc10 s46:  60%|█████▉    | 179/300 [23:37<15:35,  7.73s/ep][A

tin/rn18/sharp2d/hl/ipc10 s46:  60%|██████    | 180/300 [23:44<15:24,  7.70s/ep][A

tin/rn18/sharp2d/hl/ipc10 s46:  60%|██████    | 181/300 [23:52<15:18,  7.72s/ep][A

tin/rn18/sharp2d/hl/ipc10 s46:  61%|██████    | 182/300 [24:00<15:14,  7.75s/ep][A

tin/rn18/sharp2d/hl/ipc10 s46:  61%|██████    | 183/300 [24:08<15:04,  7.73s/ep][A

tin/rn18/sharp2d/hl/ipc10 s46:  61%|██████▏   | 184/300 [24:15<14:56,  7.72s/ep][A

tin/rn18/sharp2d/hl/ipc10 s46:  62%|██████▏   | 185/300 [24:23<14:54,  7.78s/ep][A

tin/rn18/sharp2d/hl/ipc10 s46:  62%|██████▏   | 186/300 [24:31<14:48,  7.79s/ep][A

tin/rn18/sharp2d/hl/ipc10 s46:  62%|██████▏   | 187/300 [24:39<14:46,  7.85s/ep][A

tin/rn18/sharp2d/hl/ipc10 s46:  63%|██████▎   | 188/300 [24:47<14:42,  7.88s/ep][A

tin/rn18/sharp2d/hl/ipc10 s46:  63%|██████▎   | 189/300 [24:55<14:34,  7.88s/ep][A

tin/rn18/sharp2d/hl/ipc10 s46:  63%|██████▎   | 190/300 [25:03<14:27,  7.89s/ep][A

tin/rn18/sharp2d/hl/ipc10 s46:  64%|██████▎   | 191/300 [25:11<14:14,  7.84s/ep][A

tin/rn18/sharp2d/hl/ipc10 s46:  64%|██████▍   | 192/300 [25:18<14:06,  7.84s/ep][A

tin/rn18/sharp2d/hl/ipc10 s46:  64%|██████▍   | 193/300 [25:26<14:03,  7.88s/ep][A

tin/rn18/sharp2d/hl/ipc10 s46:  65%|██████▍   | 194/300 [25:34<13:50,  7.83s/ep][A

tin/rn18/sharp2d/hl/ipc10 s46:  65%|██████▌   | 195/300 [25:42<13:48,  7.89s/ep][A

tin/rn18/sharp2d/hl/ipc10 s46:  65%|██████▌   | 196/300 [25:50<13:37,  7.86s/ep][A

tin/rn18/sharp2d/hl/ipc10 s46:  66%|██████▌   | 197/300 [25:58<13:29,  7.86s/ep][A

tin/rn18/sharp2d/hl/ipc10 s46:  66%|██████▌   | 198/300 [26:06<13:23,  7.87s/ep][A

tin/rn18/sharp2d/hl/ipc10 s46:  66%|██████▋   | 199/300 [26:13<13:14,  7.87s/ep][A

tin/rn18/sharp2d/hl/ipc10 s46:  67%|██████▋   | 200/300 [26:21<13:05,  7.86s/ep][A

tin/rn18/sharp2d/hl/ipc10 s46:  67%|██████▋   | 201/300 [26:29<12:49,  7.77s/ep][A

tin/rn18/sharp2d/hl/ipc10 s46:  67%|██████▋   | 202/300 [26:37<12:42,  7.78s/ep][A

tin/rn18/sharp2d/hl/ipc10 s46:  68%|██████▊   | 203/300 [26:45<12:37,  7.81s/ep][A

tin/rn18/sharp2d/hl/ipc10 s46:  68%|██████▊   | 204/300 [26:53<12:34,  7.86s/ep][A

tin/rn18/sharp2d/hl/ipc10 s46:  68%|██████▊   | 205/300 [27:01<12:30,  7.90s/ep][A

tin/rn18/sharp2d/hl/ipc10 s46:  69%|██████▊   | 206/300 [27:09<12:25,  7.93s/ep][A

tin/rn18/sharp2d/hl/ipc10 s46:  69%|██████▉   | 207/300 [27:16<12:17,  7.93s/ep][A

tin/rn18/sharp2d/hl/ipc10 s46:  69%|██████▉   | 208/300 [27:24<12:09,  7.93s/ep][A

tin/rn18/sharp2d/hl/ipc10 s46:  70%|██████▉   | 209/300 [27:32<12:00,  7.92s/ep][A

tin/rn18/sharp2d/hl/ipc10 s46:  70%|███████   | 210/300 [27:40<11:52,  7.92s/ep][A

tin/rn18/sharp2d/hl/ipc10 s46:  70%|███████   | 211/300 [27:48<11:44,  7.92s/ep][A

tin/rn18/sharp2d/hl/ipc10 s46:  71%|███████   | 212/300 [27:56<11:36,  7.91s/ep][A

tin/rn18/sharp2d/hl/ipc10 s46:  71%|███████   | 213/300 [28:04<11:27,  7.90s/ep][A

tin/rn18/sharp2d/hl/ipc10 s46:  71%|███████▏  | 214/300 [28:12<11:19,  7.90s/ep][A

tin/rn18/sharp2d/hl/ipc10 s46:  72%|███████▏  | 215/300 [28:20<11:13,  7.93s/ep][A

tin/rn18/sharp2d/hl/ipc10 s46:  72%|███████▏  | 216/300 [28:28<11:04,  7.91s/ep][A

tin/rn18/sharp2d/hl/ipc10 s46:  72%|███████▏  | 217/300 [28:36<10:56,  7.91s/ep][A

tin/rn18/sharp2d/hl/ipc10 s46:  73%|███████▎  | 218/300 [28:44<10:49,  7.92s/ep][A

tin/rn18/sharp2d/hl/ipc10 s46:  73%|███████▎  | 219/300 [28:51<10:40,  7.91s/ep][A

tin/rn18/sharp2d/hl/ipc10 s46:  73%|███████▎  | 220/300 [28:59<10:32,  7.91s/ep][A

tin/rn18/sharp2d/hl/ipc10 s46:  74%|███████▎  | 221/300 [29:07<10:18,  7.82s/ep][A

tin/rn18/sharp2d/hl/ipc10 s46:  74%|███████▍  | 222/300 [29:15<10:12,  7.85s/ep][A

tin/rn18/sharp2d/hl/ipc10 s46:  74%|███████▍  | 223/300 [29:23<10:08,  7.90s/ep][A

tin/rn18/sharp2d/hl/ipc10 s46:  75%|███████▍  | 224/300 [29:31<09:57,  7.86s/ep][A

tin/rn18/sharp2d/hl/ipc10 s46:  75%|███████▌  | 225/300 [29:39<09:51,  7.88s/ep][A

tin/rn18/sharp2d/hl/ipc10 s46:  75%|███████▌  | 226/300 [29:47<09:46,  7.92s/ep][A

tin/rn18/sharp2d/hl/ipc10 s46:  76%|███████▌  | 227/300 [29:55<09:40,  7.95s/ep][A

tin/rn18/sharp2d/hl/ipc10 s46:  76%|███████▌  | 228/300 [30:03<09:32,  7.95s/ep][A

tin/rn18/sharp2d/hl/ipc10 s46:  76%|███████▋  | 229/300 [30:11<09:25,  7.96s/ep][A

tin/rn18/sharp2d/hl/ipc10 s46:  77%|███████▋  | 230/300 [30:19<09:17,  7.97s/ep][A

tin/rn18/sharp2d/hl/ipc10 s46:  77%|███████▋  | 231/300 [30:27<09:11,  7.99s/ep][A

tin/rn18/sharp2d/hl/ipc10 s46:  77%|███████▋  | 232/300 [30:34<09:01,  7.97s/ep][A

tin/rn18/sharp2d/hl/ipc10 s46:  78%|███████▊  | 233/300 [30:42<08:53,  7.97s/ep][A

tin/rn18/sharp2d/hl/ipc10 s46:  78%|███████▊  | 234/300 [30:50<08:46,  7.98s/ep][A

tin/rn18/sharp2d/hl/ipc10 s46:  78%|███████▊  | 235/300 [30:58<08:35,  7.94s/ep][A

tin/rn18/sharp2d/hl/ipc10 s46:  79%|███████▊  | 236/300 [31:06<08:26,  7.91s/ep][A

tin/rn18/sharp2d/hl/ipc10 s46:  79%|███████▉  | 237/300 [31:14<08:16,  7.89s/ep][A

tin/rn18/sharp2d/hl/ipc10 s46:  79%|███████▉  | 238/300 [31:22<08:11,  7.93s/ep][A

tin/rn18/sharp2d/hl/ipc10 s46:  80%|███████▉  | 239/300 [31:30<08:05,  7.96s/ep][A

tin/rn18/sharp2d/hl/ipc10 s46:  80%|████████  | 240/300 [31:38<07:57,  7.97s/ep][A

tin/rn18/sharp2d/hl/ipc10 s46:  80%|████████  | 241/300 [31:46<07:49,  7.95s/ep][A

tin/rn18/sharp2d/hl/ipc10 s46:  81%|████████  | 242/300 [31:54<07:39,  7.93s/ep][A

tin/rn18/sharp2d/hl/ipc10 s46:  81%|████████  | 243/300 [32:02<07:32,  7.94s/ep][A

tin/rn18/sharp2d/hl/ipc10 s46:  81%|████████▏ | 244/300 [32:10<07:23,  7.91s/ep][A

tin/rn18/sharp2d/hl/ipc10 s46:  82%|████████▏ | 245/300 [32:17<07:14,  7.90s/ep][A

tin/rn18/sharp2d/hl/ipc10 s46:  82%|████████▏ | 246/300 [32:26<07:08,  7.94s/ep][A

tin/rn18/sharp2d/hl/ipc10 s46:  82%|████████▏ | 247/300 [32:34<07:01,  7.95s/ep][A

tin/rn18/sharp2d/hl/ipc10 s46:  83%|████████▎ | 248/300 [32:41<06:51,  7.92s/ep][A

tin/rn18/sharp2d/hl/ipc10 s46:  83%|████████▎ | 249/300 [32:49<06:44,  7.92s/ep][A

tin/rn18/sharp2d/hl/ipc10 s46:  83%|████████▎ | 250/300 [32:57<06:37,  7.95s/ep][A

tin/rn18/sharp2d/hl/ipc10 s46:  84%|████████▎ | 251/300 [33:05<06:29,  7.94s/ep][A

tin/rn18/sharp2d/hl/ipc10 s46:  84%|████████▍ | 252/300 [33:13<06:21,  7.94s/ep][A

tin/rn18/sharp2d/hl/ipc10 s46:  84%|████████▍ | 253/300 [33:21<06:11,  7.91s/ep][A

tin/rn18/sharp2d/hl/ipc10 s46:  85%|████████▍ | 254/300 [33:29<06:05,  7.94s/ep][A

tin/rn18/sharp2d/hl/ipc10 s46:  85%|████████▌ | 255/300 [33:37<05:57,  7.94s/ep][A

tin/rn18/sharp2d/hl/ipc10 s46:  85%|████████▌ | 256/300 [33:45<05:51,  7.98s/ep][A

tin/rn18/sharp2d/hl/ipc10 s46:  86%|████████▌ | 257/300 [33:53<05:43,  7.98s/ep][A

tin/rn18/sharp2d/hl/ipc10 s46:  86%|████████▌ | 258/300 [34:01<05:34,  7.97s/ep][A

tin/rn18/sharp2d/hl/ipc10 s46:  86%|████████▋ | 259/300 [34:09<05:27,  7.98s/ep][A

tin/rn18/sharp2d/hl/ipc10 s46:  87%|████████▋ | 260/300 [34:17<05:18,  7.97s/ep][A

tin/rn18/sharp2d/hl/ipc10 s46:  87%|████████▋ | 261/300 [34:25<05:08,  7.92s/ep][A

tin/rn18/sharp2d/hl/ipc10 s46:  87%|████████▋ | 262/300 [34:33<05:01,  7.94s/ep][A

tin/rn18/sharp2d/hl/ipc10 s46:  88%|████████▊ | 263/300 [34:41<04:53,  7.93s/ep][A

tin/rn18/sharp2d/hl/ipc10 s46:  88%|████████▊ | 264/300 [34:48<04:45,  7.92s/ep][A

tin/rn18/sharp2d/hl/ipc10 s46:  88%|████████▊ | 265/300 [34:56<04:38,  7.94s/ep][A

tin/rn18/sharp2d/hl/ipc10 s46:  89%|████████▊ | 266/300 [35:04<04:30,  7.96s/ep][A

tin/rn18/sharp2d/hl/ipc10 s46:  89%|████████▉ | 267/300 [35:12<04:22,  7.97s/ep][A

tin/rn18/sharp2d/hl/ipc10 s46:  89%|████████▉ | 268/300 [35:20<04:14,  7.96s/ep][A

tin/rn18/sharp2d/hl/ipc10 s46:  90%|████████▉ | 269/300 [35:28<04:07,  7.98s/ep][A

tin/rn18/sharp2d/hl/ipc10 s46:  90%|█████████ | 270/300 [35:36<03:59,  7.98s/ep][A

tin/rn18/sharp2d/hl/ipc10 s46:  90%|█████████ | 271/300 [35:44<03:51,  7.97s/ep][A

tin/rn18/sharp2d/hl/ipc10 s46:  91%|█████████ | 272/300 [35:52<03:43,  7.97s/ep][A

tin/rn18/sharp2d/hl/ipc10 s46:  91%|█████████ | 273/300 [36:00<03:35,  7.99s/ep][A

tin/rn18/sharp2d/hl/ipc10 s46:  91%|█████████▏| 274/300 [36:08<03:27,  7.99s/ep][A

tin/rn18/sharp2d/hl/ipc10 s46:  92%|█████████▏| 275/300 [36:16<03:19,  7.96s/ep][A

tin/rn18/sharp2d/hl/ipc10 s46:  92%|█████████▏| 276/300 [36:24<03:11,  7.98s/ep][A

tin/rn18/sharp2d/hl/ipc10 s46:  92%|█████████▏| 277/300 [36:32<03:03,  7.97s/ep][A

tin/rn18/sharp2d/hl/ipc10 s46:  93%|█████████▎| 278/300 [36:40<02:54,  7.94s/ep][A

tin/rn18/sharp2d/hl/ipc10 s46:  93%|█████████▎| 279/300 [36:48<02:47,  7.96s/ep][A

tin/rn18/sharp2d/hl/ipc10 s46:  93%|█████████▎| 280/300 [36:56<02:38,  7.94s/ep][A

tin/rn18/sharp2d/hl/ipc10 s46:  94%|█████████▎| 281/300 [37:04<02:30,  7.91s/ep][A

tin/rn18/sharp2d/hl/ipc10 s46:  94%|█████████▍| 282/300 [37:12<02:22,  7.93s/ep][A

tin/rn18/sharp2d/hl/ipc10 s46:  94%|█████████▍| 283/300 [37:20<02:14,  7.94s/ep][A

tin/rn18/sharp2d/hl/ipc10 s46:  95%|█████████▍| 284/300 [37:28<02:07,  7.96s/ep][A

tin/rn18/sharp2d/hl/ipc10 s46:  95%|█████████▌| 285/300 [37:36<01:59,  7.98s/ep][A

tin/rn18/sharp2d/hl/ipc10 s46:  95%|█████████▌| 286/300 [37:44<01:51,  7.98s/ep][A

tin/rn18/sharp2d/hl/ipc10 s46:  96%|█████████▌| 287/300 [37:52<01:43,  7.94s/ep][A

tin/rn18/sharp2d/hl/ipc10 s46:  96%|█████████▌| 288/300 [38:00<01:35,  7.97s/ep][A

tin/rn18/sharp2d/hl/ipc10 s46:  96%|█████████▋| 289/300 [38:08<01:27,  7.99s/ep][A

tin/rn18/sharp2d/hl/ipc10 s46:  97%|█████████▋| 290/300 [38:16<01:19,  7.94s/ep][A

tin/rn18/sharp2d/hl/ipc10 s46:  97%|█████████▋| 291/300 [38:23<01:11,  7.94s/ep][A

tin/rn18/sharp2d/hl/ipc10 s46:  97%|█████████▋| 292/300 [38:31<01:03,  7.96s/ep][A

tin/rn18/sharp2d/hl/ipc10 s46:  98%|█████████▊| 293/300 [38:39<00:55,  7.95s/ep][A

tin/rn18/sharp2d/hl/ipc10 s46:  98%|█████████▊| 294/300 [38:47<00:47,  7.97s/ep][A

tin/rn18/sharp2d/hl/ipc10 s46:  98%|█████████▊| 295/300 [38:55<00:39,  7.98s/ep][A

tin/rn18/sharp2d/hl/ipc10 s46:  99%|█████████▊| 296/300 [39:03<00:31,  7.96s/ep][A

tin/rn18/sharp2d/hl/ipc10 s46:  99%|█████████▉| 297/300 [39:11<00:23,  7.98s/ep][A

tin/rn18/sharp2d/hl/ipc10 s46:  99%|█████████▉| 298/300 [39:19<00:15,  7.97s/ep][A

tin/rn18/sharp2d/hl/ipc10 s46: 100%|█████████▉| 299/300 [39:27<00:07,  7.98s/ep][A

tin/rn18/sharp2d/hl/ipc10 s46: 100%|██████████| 300/300 [39:35<00:00,  7.95s/ep][A

                                                                                [A[cell] tin/rn18/sharp2d/hl/ipc10 seed46: 6.69%  (2389s)
[cell] tin/rn18/sharp2d/hl/ipc10: union seeds [42, 43, 44] + [45, 46]

rn18-tin:  30%|██▉       | 8/27 [10:20:02<24:56:15, 4725.01s/cell, sharp2d/hl/ipc10]
rn18-tin:  30%|██▉       | 8/27 [10:20:02<24:56:15, 4725.01s/cell, rcad2d/hl/ipc10] [cell] tin/rn18/sharp2d/hl/ipc10: 6.43 +- 0.19 (6434s)
[cell] partial (bench_tin_rn18_rcad2d_hl_ipc10.json): have [42, 43, 44], running [45, 46]


tin/rn18/rcad2d/hl/ipc10 s45:   0%|          | 0/300 [00:00<?, ?ep/s][A

tin/rn18/rcad2d/hl/ipc10 s45:   0%|          | 1/300 [00:07<35:05,  7.04s/ep][A

tin/rn18/rcad2d/hl/ipc10 s45:   1%|          | 2/300 [00:15<37:46,  7.61s/ep][A

tin/rn18/rcad2d/hl/ipc10 s45:   1%|          | 3/300 [00:23<38:29,  7.78s/ep][A

tin/rn18/rcad2d/hl/ipc10 s45:   1%|▏         | 4/300 [00:31<38:47,  7.86s/ep][A

tin/rn18/rcad2d/hl/ipc10 s45:   2%|▏         | 5/300 [00:38<38:49,  7.90s/ep][A

tin/rn18/rcad2d/hl/ipc10 s45:   2%|▏         | 6/300 [00:46<38:53,  7.94s/ep][A

tin/rn18/rcad2d/hl/ipc10 s45:   2%|▏         | 7/300 [00:54<38:30,  7.88s/ep][A

tin/rn18/rcad2d/hl/ipc10 s45:   3%|▎         | 8/300 [01:02<38:32,  7.92s/ep][A

tin/rn18/rcad2d/hl/ipc10 s45:   3%|▎         | 9/300 [01:10<38:23,  7.92s/ep][A

tin/rn18/rcad2d/hl/ipc10 s45:   3%|▎         | 10/300 [01:18<38:26,  7.95s/ep][A

tin/rn18/rcad2d/hl/ipc10 s45:   4%|▎         | 11/300 [01:26<38:20,  7.96s/ep][A

tin/rn18/rcad2d/hl/ipc10 s45:   4%|▍         | 12/300 [01:34<38:13,  7.96s/ep][A

tin/rn18/rcad2d/hl/ipc10 s45:   4%|▍         | 13/300 [01:42<38:12,  7.99s/ep][A

tin/rn18/rcad2d/hl/ipc10 s45:   5%|▍         | 14/300 [01:50<38:01,  7.98s/ep][A

tin/rn18/rcad2d/hl/ipc10 s45:   5%|▌         | 15/300 [01:58<37:51,  7.97s/ep][A

tin/rn18/rcad2d/hl/ipc10 s45:   5%|▌         | 16/300 [02:06<37:30,  7.93s/ep][A

tin/rn18/rcad2d/hl/ipc10 s45:   6%|▌         | 17/300 [02:14<37:28,  7.94s/ep][A

tin/rn18/rcad2d/hl/ipc10 s45:   6%|▌         | 18/300 [02:22<37:24,  7.96s/ep][A

tin/rn18/rcad2d/hl/ipc10 s45:   6%|▋         | 19/300 [02:30<37:21,  7.98s/ep][A

tin/rn18/rcad2d/hl/ipc10 s45:   7%|▋         | 20/300 [02:38<37:12,  7.97s/ep][A

tin/rn18/rcad2d/hl/ipc10 s45:   7%|▋         | 21/300 [02:46<36:56,  7.95s/ep][A

tin/rn18/rcad2d/hl/ipc10 s45:   7%|▋         | 22/300 [02:54<36:37,  7.91s/ep][A

tin/rn18/rcad2d/hl/ipc10 s45:   8%|▊         | 23/300 [03:02<36:33,  7.92s/ep][A

tin/rn18/rcad2d/hl/ipc10 s45:   8%|▊         | 24/300 [03:09<36:23,  7.91s/ep][A

tin/rn18/rcad2d/hl/ipc10 s45:   8%|▊         | 25/300 [03:17<36:24,  7.94s/ep][A

tin/rn18/rcad2d/hl/ipc10 s45:   9%|▊         | 26/300 [03:25<36:17,  7.95s/ep][A

tin/rn18/rcad2d/hl/ipc10 s45:   9%|▉         | 27/300 [03:33<36:15,  7.97s/ep][A

tin/rn18/rcad2d/hl/ipc10 s45:   9%|▉         | 28/300 [03:41<36:06,  7.97s/ep][A

tin/rn18/rcad2d/hl/ipc10 s45:  10%|▉         | 29/300 [03:49<35:52,  7.94s/ep][A

tin/rn18/rcad2d/hl/ipc10 s45:  10%|█         | 30/300 [03:57<35:40,  7.93s/ep][A

tin/rn18/rcad2d/hl/ipc10 s45:  10%|█         | 31/300 [04:05<35:37,  7.95s/ep][A

tin/rn18/rcad2d/hl/ipc10 s45:  11%|█         | 32/300 [04:13<35:33,  7.96s/ep][A

tin/rn18/rcad2d/hl/ipc10 s45:  11%|█         | 33/300 [04:21<35:26,  7.96s/ep][A

tin/rn18/rcad2d/hl/ipc10 s45:  11%|█▏        | 34/300 [04:29<35:19,  7.97s/ep][A

tin/rn18/rcad2d/hl/ipc10 s45:  12%|█▏        | 35/300 [04:37<35:14,  7.98s/ep][A

tin/rn18/rcad2d/hl/ipc10 s45:  12%|█▏        | 36/300 [04:45<35:07,  7.98s/ep][A

tin/rn18/rcad2d/hl/ipc10 s45:  12%|█▏        | 37/300 [04:53<34:59,  7.98s/ep][A

tin/rn18/rcad2d/hl/ipc10 s45:  13%|█▎        | 38/300 [05:01<34:53,  7.99s/ep][A

tin/rn18/rcad2d/hl/ipc10 s45:  13%|█▎        | 39/300 [05:09<34:42,  7.98s/ep][A

tin/rn18/rcad2d/hl/ipc10 s45:  13%|█▎        | 40/300 [05:17<34:33,  7.98s/ep][A

tin/rn18/rcad2d/hl/ipc10 s45:  14%|█▎        | 41/300 [05:25<34:26,  7.98s/ep][A

tin/rn18/rcad2d/hl/ipc10 s45:  14%|█▍        | 42/300 [05:33<34:06,  7.93s/ep][A

tin/rn18/rcad2d/hl/ipc10 s45:  14%|█▍        | 43/300 [05:41<33:59,  7.94s/ep][A

tin/rn18/rcad2d/hl/ipc10 s45:  15%|█▍        | 44/300 [05:49<33:53,  7.94s/ep][A

tin/rn18/rcad2d/hl/ipc10 s45:  15%|█▌        | 45/300 [05:57<33:50,  7.96s/ep][A

tin/rn18/rcad2d/hl/ipc10 s45:  15%|█▌        | 46/300 [06:05<33:46,  7.98s/ep][A

tin/rn18/rcad2d/hl/ipc10 s45:  16%|█▌        | 47/300 [06:13<33:39,  7.98s/ep][A

tin/rn18/rcad2d/hl/ipc10 s45:  16%|█▌        | 48/300 [06:20<33:14,  7.91s/ep][A

tin/rn18/rcad2d/hl/ipc10 s45:  16%|█▋        | 49/300 [06:28<33:12,  7.94s/ep][A

tin/rn18/rcad2d/hl/ipc10 s45:  17%|█▋        | 50/300 [06:36<33:09,  7.96s/ep][A

tin/rn18/rcad2d/hl/ipc10 s45:  17%|█▋        | 51/300 [06:44<33:04,  7.97s/ep][A

tin/rn18/rcad2d/hl/ipc10 s45:  17%|█▋        | 52/300 [06:52<32:59,  7.98s/ep][A

tin/rn18/rcad2d/hl/ipc10 s45:  18%|█▊        | 53/300 [07:00<32:33,  7.91s/ep][A

tin/rn18/rcad2d/hl/ipc10 s45:  18%|█▊        | 54/300 [07:08<32:24,  7.90s/ep][A

tin/rn18/rcad2d/hl/ipc10 s45:  18%|█▊        | 55/300 [07:16<32:23,  7.93s/ep][A

tin/rn18/rcad2d/hl/ipc10 s45:  19%|█▊        | 56/300 [07:24<32:17,  7.94s/ep][A

tin/rn18/rcad2d/hl/ipc10 s45:  19%|█▉        | 57/300 [07:32<32:07,  7.93s/ep][A

tin/rn18/rcad2d/hl/ipc10 s45:  19%|█▉        | 58/300 [07:40<32:02,  7.95s/ep][A

tin/rn18/rcad2d/hl/ipc10 s45:  20%|█▉        | 59/300 [07:48<31:58,  7.96s/ep][A

tin/rn18/rcad2d/hl/ipc10 s45:  20%|██        | 60/300 [07:56<31:50,  7.96s/ep][A

tin/rn18/rcad2d/hl/ipc10 s45:  20%|██        | 61/300 [08:04<31:43,  7.97s/ep][A

tin/rn18/rcad2d/hl/ipc10 s45:  21%|██        | 62/300 [08:12<31:28,  7.94s/ep][A

tin/rn18/rcad2d/hl/ipc10 s45:  21%|██        | 63/300 [08:20<31:21,  7.94s/ep][A

tin/rn18/rcad2d/hl/ipc10 s45:  21%|██▏       | 64/300 [08:28<31:16,  7.95s/ep][A

tin/rn18/rcad2d/hl/ipc10 s45:  22%|██▏       | 65/300 [08:36<31:07,  7.95s/ep][A

tin/rn18/rcad2d/hl/ipc10 s45:  22%|██▏       | 66/300 [08:44<31:03,  7.96s/ep][A

tin/rn18/rcad2d/hl/ipc10 s45:  22%|██▏       | 67/300 [08:52<30:55,  7.96s/ep][A

tin/rn18/rcad2d/hl/ipc10 s45:  23%|██▎       | 68/300 [09:00<30:51,  7.98s/ep][A

tin/rn18/rcad2d/hl/ipc10 s45:  23%|██▎       | 69/300 [09:08<30:43,  7.98s/ep][A

tin/rn18/rcad2d/hl/ipc10 s45:  23%|██▎       | 70/300 [09:16<30:37,  7.99s/ep][A

tin/rn18/rcad2d/hl/ipc10 s45:  24%|██▎       | 71/300 [09:24<30:27,  7.98s/ep][A

tin/rn18/rcad2d/hl/ipc10 s45:  24%|██▍       | 72/300 [09:32<30:22,  7.99s/ep][A

tin/rn18/rcad2d/hl/ipc10 s45:  24%|██▍       | 73/300 [09:39<30:07,  7.96s/ep][A

tin/rn18/rcad2d/hl/ipc10 s45:  25%|██▍       | 74/300 [09:47<30:02,  7.98s/ep][A

tin/rn18/rcad2d/hl/ipc10 s45:  25%|██▌       | 75/300 [09:56<29:58,  7.99s/ep][A

tin/rn18/rcad2d/hl/ipc10 s45:  25%|██▌       | 76/300 [10:03<29:44,  7.97s/ep][A

tin/rn18/rcad2d/hl/ipc10 s45:  26%|██▌       | 77/300 [10:11<29:41,  7.99s/ep][A

tin/rn18/rcad2d/hl/ipc10 s45:  26%|██▌       | 78/300 [10:19<29:24,  7.95s/ep][A

tin/rn18/rcad2d/hl/ipc10 s45:  26%|██▋       | 79/300 [10:27<29:19,  7.96s/ep][A

tin/rn18/rcad2d/hl/ipc10 s45:  27%|██▋       | 80/300 [10:35<29:13,  7.97s/ep][A

tin/rn18/rcad2d/hl/ipc10 s45:  27%|██▋       | 81/300 [10:43<29:03,  7.96s/ep][A

tin/rn18/rcad2d/hl/ipc10 s45:  27%|██▋       | 82/300 [10:51<28:59,  7.98s/ep][A

tin/rn18/rcad2d/hl/ipc10 s45:  28%|██▊       | 83/300 [10:59<28:37,  7.91s/ep][A

tin/rn18/rcad2d/hl/ipc10 s45:  28%|██▊       | 84/300 [11:07<28:28,  7.91s/ep][A

tin/rn18/rcad2d/hl/ipc10 s45:  28%|██▊       | 85/300 [11:15<28:25,  7.93s/ep][A

tin/rn18/rcad2d/hl/ipc10 s45:  29%|██▊       | 86/300 [11:23<28:23,  7.96s/ep][A

tin/rn18/rcad2d/hl/ipc10 s45:  29%|██▉       | 87/300 [11:31<28:20,  7.98s/ep][A

tin/rn18/rcad2d/hl/ipc10 s45:  29%|██▉       | 88/300 [11:39<28:12,  7.98s/ep][A

tin/rn18/rcad2d/hl/ipc10 s45:  30%|██▉       | 89/300 [11:47<27:58,  7.96s/ep][A

tin/rn18/rcad2d/hl/ipc10 s45:  30%|███       | 90/300 [11:55<27:53,  7.97s/ep][A

tin/rn18/rcad2d/hl/ipc10 s45:  30%|███       | 91/300 [12:03<27:26,  7.88s/ep][A

tin/rn18/rcad2d/hl/ipc10 s45:  31%|███       | 92/300 [12:10<27:19,  7.88s/ep][A

tin/rn18/rcad2d/hl/ipc10 s45:  31%|███       | 93/300 [12:18<27:20,  7.93s/ep][A

tin/rn18/rcad2d/hl/ipc10 s45:  31%|███▏      | 94/300 [12:26<27:18,  7.96s/ep][A

tin/rn18/rcad2d/hl/ipc10 s45:  32%|███▏      | 95/300 [12:34<27:14,  7.97s/ep][A

tin/rn18/rcad2d/hl/ipc10 s45:  32%|███▏      | 96/300 [12:42<27:07,  7.98s/ep][A

tin/rn18/rcad2d/hl/ipc10 s45:  32%|███▏      | 97/300 [12:50<26:59,  7.98s/ep][A

tin/rn18/rcad2d/hl/ipc10 s45:  33%|███▎      | 98/300 [12:58<26:41,  7.93s/ep][A

tin/rn18/rcad2d/hl/ipc10 s45:  33%|███▎      | 99/300 [13:06<26:31,  7.92s/ep][A

tin/rn18/rcad2d/hl/ipc10 s45:  33%|███▎      | 100/300 [13:14<26:15,  7.88s/ep][A

tin/rn18/rcad2d/hl/ipc10 s45:  34%|███▎      | 101/300 [13:22<26:13,  7.91s/ep][A

tin/rn18/rcad2d/hl/ipc10 s45:  34%|███▍      | 102/300 [13:30<26:12,  7.94s/ep][A

tin/rn18/rcad2d/hl/ipc10 s45:  34%|███▍      | 103/300 [13:38<26:08,  7.96s/ep][A

tin/rn18/rcad2d/hl/ipc10 s45:  35%|███▍      | 104/300 [13:46<25:53,  7.93s/ep][A

tin/rn18/rcad2d/hl/ipc10 s45:  35%|███▌      | 105/300 [13:54<25:45,  7.93s/ep][A

tin/rn18/rcad2d/hl/ipc10 s45:  35%|███▌      | 106/300 [14:02<25:33,  7.90s/ep][A

tin/rn18/rcad2d/hl/ipc10 s45:  36%|███▌      | 107/300 [14:09<25:22,  7.89s/ep][A

tin/rn18/rcad2d/hl/ipc10 s45:  36%|███▌      | 108/300 [14:17<25:15,  7.89s/ep][A

tin/rn18/rcad2d/hl/ipc10 s45:  36%|███▋      | 109/300 [14:25<25:11,  7.91s/ep][A

tin/rn18/rcad2d/hl/ipc10 s45:  37%|███▋      | 110/300 [14:33<25:03,  7.92s/ep][A

tin/rn18/rcad2d/hl/ipc10 s45:  37%|███▋      | 111/300 [14:41<24:53,  7.90s/ep][A

tin/rn18/rcad2d/hl/ipc10 s45:  37%|███▋      | 112/300 [14:49<24:48,  7.92s/ep][A

tin/rn18/rcad2d/hl/ipc10 s45:  38%|███▊      | 113/300 [14:57<24:45,  7.94s/ep][A

tin/rn18/rcad2d/hl/ipc10 s45:  38%|███▊      | 114/300 [15:05<24:30,  7.91s/ep][A

tin/rn18/rcad2d/hl/ipc10 s45:  38%|███▊      | 115/300 [15:13<24:20,  7.89s/ep][A

tin/rn18/rcad2d/hl/ipc10 s45:  39%|███▊      | 116/300 [15:21<24:11,  7.89s/ep][A

tin/rn18/rcad2d/hl/ipc10 s45:  39%|███▉      | 117/300 [15:28<24:03,  7.89s/ep][A

tin/rn18/rcad2d/hl/ipc10 s45:  39%|███▉      | 118/300 [15:36<23:55,  7.89s/ep][A

tin/rn18/rcad2d/hl/ipc10 s45:  40%|███▉      | 119/300 [15:44<23:52,  7.91s/ep][A

tin/rn18/rcad2d/hl/ipc10 s45:  40%|████      | 120/300 [15:52<23:42,  7.90s/ep][A

tin/rn18/rcad2d/hl/ipc10 s45:  40%|████      | 121/300 [16:00<23:29,  7.88s/ep][A

tin/rn18/rcad2d/hl/ipc10 s45:  41%|████      | 122/300 [16:08<23:15,  7.84s/ep][A

tin/rn18/rcad2d/hl/ipc10 s45:  41%|████      | 123/300 [16:16<23:10,  7.85s/ep][A

tin/rn18/rcad2d/hl/ipc10 s45:  41%|████▏     | 124/300 [16:24<23:04,  7.87s/ep][A

tin/rn18/rcad2d/hl/ipc10 s45:  42%|████▏     | 125/300 [16:31<22:58,  7.88s/ep][A

tin/rn18/rcad2d/hl/ipc10 s45:  42%|████▏     | 126/300 [16:39<22:54,  7.90s/ep][A

tin/rn18/rcad2d/hl/ipc10 s45:  42%|████▏     | 127/300 [16:47<22:35,  7.83s/ep][A

tin/rn18/rcad2d/hl/ipc10 s45:  43%|████▎     | 128/300 [16:55<22:28,  7.84s/ep][A

tin/rn18/rcad2d/hl/ipc10 s45:  43%|████▎     | 129/300 [17:03<22:21,  7.84s/ep][A

tin/rn18/rcad2d/hl/ipc10 s45:  43%|████▎     | 130/300 [17:11<22:19,  7.88s/ep][A

tin/rn18/rcad2d/hl/ipc10 s45:  44%|████▎     | 131/300 [17:19<22:06,  7.85s/ep][A

tin/rn18/rcad2d/hl/ipc10 s45:  44%|████▍     | 132/300 [17:26<21:55,  7.83s/ep][A

tin/rn18/rcad2d/hl/ipc10 s45:  44%|████▍     | 133/300 [17:34<21:55,  7.88s/ep][A

tin/rn18/rcad2d/hl/ipc10 s45:  45%|████▍     | 134/300 [17:42<21:42,  7.84s/ep][A

tin/rn18/rcad2d/hl/ipc10 s45:  45%|████▌     | 135/300 [17:50<21:40,  7.88s/ep][A

tin/rn18/rcad2d/hl/ipc10 s45:  45%|████▌     | 136/300 [17:58<21:30,  7.87s/ep][A

tin/rn18/rcad2d/hl/ipc10 s45:  46%|████▌     | 137/300 [18:06<21:19,  7.85s/ep][A

tin/rn18/rcad2d/hl/ipc10 s45:  46%|████▌     | 138/300 [18:14<21:13,  7.86s/ep][A

tin/rn18/rcad2d/hl/ipc10 s45:  46%|████▋     | 139/300 [18:21<21:04,  7.86s/ep][A

tin/rn18/rcad2d/hl/ipc10 s45:  47%|████▋     | 140/300 [18:29<21:03,  7.90s/ep][A

tin/rn18/rcad2d/hl/ipc10 s45:  47%|████▋     | 141/300 [18:37<20:50,  7.87s/ep][A

tin/rn18/rcad2d/hl/ipc10 s45:  47%|████▋     | 142/300 [18:45<20:40,  7.85s/ep][A

tin/rn18/rcad2d/hl/ipc10 s45:  48%|████▊     | 143/300 [18:53<20:35,  7.87s/ep][A

tin/rn18/rcad2d/hl/ipc10 s45:  48%|████▊     | 144/300 [19:01<20:33,  7.91s/ep][A

tin/rn18/rcad2d/hl/ipc10 s45:  48%|████▊     | 145/300 [19:09<20:29,  7.93s/ep][A

tin/rn18/rcad2d/hl/ipc10 s45:  49%|████▊     | 146/300 [19:17<20:19,  7.92s/ep][A

tin/rn18/rcad2d/hl/ipc10 s45:  49%|████▉     | 147/300 [19:25<20:13,  7.93s/ep][A

tin/rn18/rcad2d/hl/ipc10 s45:  49%|████▉     | 148/300 [19:33<20:11,  7.97s/ep][A

tin/rn18/rcad2d/hl/ipc10 s45:  50%|████▉     | 149/300 [19:41<19:57,  7.93s/ep][A

tin/rn18/rcad2d/hl/ipc10 s45:  50%|█████     | 150/300 [19:49<19:46,  7.91s/ep][A

tin/rn18/rcad2d/hl/ipc10 s45:  50%|█████     | 151/300 [19:56<19:37,  7.90s/ep][A

tin/rn18/rcad2d/hl/ipc10 s45:  51%|█████     | 152/300 [20:04<19:33,  7.93s/ep][A

tin/rn18/rcad2d/hl/ipc10 s45:  51%|█████     | 153/300 [20:12<19:25,  7.93s/ep][A

tin/rn18/rcad2d/hl/ipc10 s45:  51%|█████▏    | 154/300 [20:20<19:14,  7.91s/ep][A

tin/rn18/rcad2d/hl/ipc10 s45:  52%|█████▏    | 155/300 [20:28<19:09,  7.93s/ep][A

tin/rn18/rcad2d/hl/ipc10 s45:  52%|█████▏    | 156/300 [20:36<18:55,  7.89s/ep][A

tin/rn18/rcad2d/hl/ipc10 s45:  52%|█████▏    | 157/300 [20:44<18:51,  7.92s/ep][A

tin/rn18/rcad2d/hl/ipc10 s45:  53%|█████▎    | 158/300 [20:52<18:44,  7.92s/ep][A

tin/rn18/rcad2d/hl/ipc10 s45:  53%|█████▎    | 159/300 [21:00<18:33,  7.89s/ep][A

tin/rn18/rcad2d/hl/ipc10 s45:  53%|█████▎    | 160/300 [21:08<18:25,  7.90s/ep][A

tin/rn18/rcad2d/hl/ipc10 s45:  54%|█████▎    | 161/300 [21:16<18:16,  7.89s/ep][A

tin/rn18/rcad2d/hl/ipc10 s45:  54%|█████▍    | 162/300 [21:23<18:11,  7.91s/ep][A

tin/rn18/rcad2d/hl/ipc10 s45:  54%|█████▍    | 163/300 [21:31<18:06,  7.93s/ep][A

tin/rn18/rcad2d/hl/ipc10 s45:  55%|█████▍    | 164/300 [21:39<18:01,  7.95s/ep][A

tin/rn18/rcad2d/hl/ipc10 s45:  55%|█████▌    | 165/300 [21:47<17:56,  7.97s/ep][A

tin/rn18/rcad2d/hl/ipc10 s45:  55%|█████▌    | 166/300 [21:55<17:31,  7.85s/ep][A

tin/rn18/rcad2d/hl/ipc10 s45:  56%|█████▌    | 167/300 [22:03<17:24,  7.85s/ep][A

tin/rn18/rcad2d/hl/ipc10 s45:  56%|█████▌    | 168/300 [22:11<17:11,  7.81s/ep][A

tin/rn18/rcad2d/hl/ipc10 s45:  56%|█████▋    | 169/300 [22:19<17:09,  7.86s/ep][A

tin/rn18/rcad2d/hl/ipc10 s45:  57%|█████▋    | 170/300 [22:26<17:03,  7.88s/ep][A

tin/rn18/rcad2d/hl/ipc10 s45:  57%|█████▋    | 171/300 [22:34<16:53,  7.85s/ep][A

tin/rn18/rcad2d/hl/ipc10 s45:  57%|█████▋    | 172/300 [22:42<16:52,  7.91s/ep][A

tin/rn18/rcad2d/hl/ipc10 s45:  58%|█████▊    | 173/300 [22:50<16:43,  7.90s/ep][A

tin/rn18/rcad2d/hl/ipc10 s45:  58%|█████▊    | 174/300 [22:58<16:34,  7.89s/ep][A

tin/rn18/rcad2d/hl/ipc10 s45:  58%|█████▊    | 175/300 [23:06<16:16,  7.81s/ep][A

tin/rn18/rcad2d/hl/ipc10 s45:  59%|█████▊    | 176/300 [23:14<16:13,  7.85s/ep][A

tin/rn18/rcad2d/hl/ipc10 s45:  59%|█████▉    | 177/300 [23:21<16:03,  7.84s/ep][A

tin/rn18/rcad2d/hl/ipc10 s45:  59%|█████▉    | 178/300 [23:29<15:59,  7.86s/ep][A

tin/rn18/rcad2d/hl/ipc10 s45:  60%|█████▉    | 179/300 [23:37<15:54,  7.89s/ep][A

tin/rn18/rcad2d/hl/ipc10 s45:  60%|██████    | 180/300 [23:45<15:49,  7.91s/ep][A

tin/rn18/rcad2d/hl/ipc10 s45:  60%|██████    | 181/300 [23:53<15:38,  7.89s/ep][A

tin/rn18/rcad2d/hl/ipc10 s45:  61%|██████    | 182/300 [24:01<15:31,  7.89s/ep][A

tin/rn18/rcad2d/hl/ipc10 s45:  61%|██████    | 183/300 [24:09<15:24,  7.90s/ep][A

tin/rn18/rcad2d/hl/ipc10 s45:  61%|██████▏   | 184/300 [24:17<15:13,  7.87s/ep][A

tin/rn18/rcad2d/hl/ipc10 s45:  62%|██████▏   | 185/300 [24:25<15:07,  7.89s/ep][A

tin/rn18/rcad2d/hl/ipc10 s45:  62%|██████▏   | 186/300 [24:32<14:57,  7.87s/ep][A

tin/rn18/rcad2d/hl/ipc10 s45:  62%|██████▏   | 187/300 [24:40<14:53,  7.90s/ep][A

tin/rn18/rcad2d/hl/ipc10 s45:  63%|██████▎   | 188/300 [24:48<14:46,  7.92s/ep][A

tin/rn18/rcad2d/hl/ipc10 s45:  63%|██████▎   | 189/300 [24:56<14:35,  7.89s/ep][A

tin/rn18/rcad2d/hl/ipc10 s45:  63%|██████▎   | 190/300 [25:04<14:24,  7.86s/ep][A

tin/rn18/rcad2d/hl/ipc10 s45:  64%|██████▎   | 191/300 [25:12<14:15,  7.85s/ep][A

tin/rn18/rcad2d/hl/ipc10 s45:  64%|██████▍   | 192/300 [25:20<14:10,  7.87s/ep][A

tin/rn18/rcad2d/hl/ipc10 s45:  64%|██████▍   | 193/300 [25:28<14:01,  7.86s/ep][A

tin/rn18/rcad2d/hl/ipc10 s45:  65%|██████▍   | 194/300 [25:35<13:50,  7.83s/ep][A

tin/rn18/rcad2d/hl/ipc10 s45:  65%|██████▌   | 195/300 [25:43<13:46,  7.87s/ep][A

tin/rn18/rcad2d/hl/ipc10 s45:  65%|██████▌   | 196/300 [25:51<13:36,  7.85s/ep][A

tin/rn18/rcad2d/hl/ipc10 s45:  66%|██████▌   | 197/300 [25:59<13:31,  7.88s/ep][A

tin/rn18/rcad2d/hl/ipc10 s45:  66%|██████▌   | 198/300 [26:07<13:17,  7.82s/ep][A

tin/rn18/rcad2d/hl/ipc10 s45:  66%|██████▋   | 199/300 [26:15<13:12,  7.84s/ep][A

tin/rn18/rcad2d/hl/ipc10 s45:  67%|██████▋   | 200/300 [26:22<12:59,  7.80s/ep][A

tin/rn18/rcad2d/hl/ipc10 s45:  67%|██████▋   | 201/300 [26:30<12:54,  7.82s/ep][A

tin/rn18/rcad2d/hl/ipc10 s45:  67%|██████▋   | 202/300 [26:38<12:46,  7.82s/ep][A

tin/rn18/rcad2d/hl/ipc10 s45:  68%|██████▊   | 203/300 [26:46<12:40,  7.84s/ep][A

tin/rn18/rcad2d/hl/ipc10 s45:  68%|██████▊   | 204/300 [26:54<12:30,  7.82s/ep][A

tin/rn18/rcad2d/hl/ipc10 s45:  68%|██████▊   | 205/300 [27:02<12:23,  7.83s/ep][A

tin/rn18/rcad2d/hl/ipc10 s45:  69%|██████▊   | 206/300 [27:09<12:12,  7.80s/ep][A

tin/rn18/rcad2d/hl/ipc10 s45:  69%|██████▉   | 207/300 [27:17<12:04,  7.79s/ep][A

tin/rn18/rcad2d/hl/ipc10 s45:  69%|██████▉   | 208/300 [27:25<12:01,  7.84s/ep][A

tin/rn18/rcad2d/hl/ipc10 s45:  70%|██████▉   | 209/300 [27:33<11:56,  7.87s/ep][A

tin/rn18/rcad2d/hl/ipc10 s45:  70%|███████   | 210/300 [27:41<11:46,  7.84s/ep][A

tin/rn18/rcad2d/hl/ipc10 s45:  70%|███████   | 211/300 [27:49<11:41,  7.88s/ep][A

tin/rn18/rcad2d/hl/ipc10 s45:  71%|███████   | 212/300 [27:57<11:34,  7.89s/ep][A

tin/rn18/rcad2d/hl/ipc10 s45:  71%|███████   | 213/300 [28:04<11:24,  7.87s/ep][A

tin/rn18/rcad2d/hl/ipc10 s45:  71%|███████▏  | 214/300 [28:12<11:20,  7.92s/ep][A

tin/rn18/rcad2d/hl/ipc10 s45:  72%|███████▏  | 215/300 [28:20<11:08,  7.86s/ep][A

tin/rn18/rcad2d/hl/ipc10 s45:  72%|███████▏  | 216/300 [28:28<11:01,  7.88s/ep][A

tin/rn18/rcad2d/hl/ipc10 s45:  72%|███████▏  | 217/300 [28:36<10:49,  7.82s/ep][A

tin/rn18/rcad2d/hl/ipc10 s45:  73%|███████▎  | 218/300 [28:44<10:42,  7.84s/ep][A

tin/rn18/rcad2d/hl/ipc10 s45:  73%|███████▎  | 219/300 [28:52<10:35,  7.85s/ep][A

tin/rn18/rcad2d/hl/ipc10 s45:  73%|███████▎  | 220/300 [29:00<10:29,  7.87s/ep][A

tin/rn18/rcad2d/hl/ipc10 s45:  74%|███████▎  | 221/300 [29:07<10:21,  7.87s/ep][A

tin/rn18/rcad2d/hl/ipc10 s45:  74%|███████▍  | 222/300 [29:15<10:11,  7.84s/ep][A

tin/rn18/rcad2d/hl/ipc10 s45:  74%|███████▍  | 223/300 [29:23<10:05,  7.86s/ep][A

tin/rn18/rcad2d/hl/ipc10 s45:  75%|███████▍  | 224/300 [29:31<09:57,  7.86s/ep][A

tin/rn18/rcad2d/hl/ipc10 s45:  75%|███████▌  | 225/300 [29:39<09:52,  7.90s/ep][A

tin/rn18/rcad2d/hl/ipc10 s45:  75%|███████▌  | 226/300 [29:47<09:45,  7.91s/ep][A

tin/rn18/rcad2d/hl/ipc10 s45:  76%|███████▌  | 227/300 [29:55<09:40,  7.95s/ep][A

tin/rn18/rcad2d/hl/ipc10 s45:  76%|███████▌  | 228/300 [30:03<09:28,  7.90s/ep][A

tin/rn18/rcad2d/hl/ipc10 s45:  76%|███████▋  | 229/300 [30:11<09:20,  7.89s/ep][A

tin/rn18/rcad2d/hl/ipc10 s45:  77%|███████▋  | 230/300 [30:18<09:13,  7.91s/ep][A

tin/rn18/rcad2d/hl/ipc10 s45:  77%|███████▋  | 231/300 [30:26<09:00,  7.83s/ep][A

tin/rn18/rcad2d/hl/ipc10 s45:  77%|███████▋  | 232/300 [30:34<08:52,  7.84s/ep][A

tin/rn18/rcad2d/hl/ipc10 s45:  78%|███████▊  | 233/300 [30:42<08:43,  7.82s/ep][A

tin/rn18/rcad2d/hl/ipc10 s45:  78%|███████▊  | 234/300 [30:50<08:36,  7.82s/ep][A

tin/rn18/rcad2d/hl/ipc10 s45:  78%|███████▊  | 235/300 [30:58<08:31,  7.86s/ep][A

tin/rn18/rcad2d/hl/ipc10 s45:  79%|███████▊  | 236/300 [31:05<08:21,  7.84s/ep][A

tin/rn18/rcad2d/hl/ipc10 s45:  79%|███████▉  | 237/300 [31:13<08:15,  7.86s/ep][A

tin/rn18/rcad2d/hl/ipc10 s45:  79%|███████▉  | 238/300 [31:21<08:03,  7.80s/ep][A

tin/rn18/rcad2d/hl/ipc10 s45:  80%|███████▉  | 239/300 [31:29<07:58,  7.85s/ep][A

tin/rn18/rcad2d/hl/ipc10 s45:  80%|████████  | 240/300 [31:37<07:49,  7.83s/ep][A

tin/rn18/rcad2d/hl/ipc10 s45:  80%|████████  | 241/300 [31:44<07:41,  7.82s/ep][A

tin/rn18/rcad2d/hl/ipc10 s45:  81%|████████  | 242/300 [31:52<07:33,  7.82s/ep][A

tin/rn18/rcad2d/hl/ipc10 s45:  81%|████████  | 243/300 [32:00<07:27,  7.86s/ep][A

tin/rn18/rcad2d/hl/ipc10 s45:  81%|████████▏ | 244/300 [32:08<07:19,  7.85s/ep][A

tin/rn18/rcad2d/hl/ipc10 s45:  82%|████████▏ | 245/300 [32:16<07:13,  7.88s/ep][A

tin/rn18/rcad2d/hl/ipc10 s45:  82%|████████▏ | 246/300 [32:24<07:06,  7.90s/ep][A

tin/rn18/rcad2d/hl/ipc10 s45:  82%|████████▏ | 247/300 [32:32<06:57,  7.87s/ep][A

tin/rn18/rcad2d/hl/ipc10 s45:  83%|████████▎ | 248/300 [32:40<06:49,  7.88s/ep][A

tin/rn18/rcad2d/hl/ipc10 s45:  83%|████████▎ | 249/300 [32:48<06:41,  7.88s/ep][A

tin/rn18/rcad2d/hl/ipc10 s45:  83%|████████▎ | 250/300 [32:55<06:35,  7.91s/ep][A

tin/rn18/rcad2d/hl/ipc10 s45:  84%|████████▎ | 251/300 [33:03<06:26,  7.89s/ep][A

tin/rn18/rcad2d/hl/ipc10 s45:  84%|████████▍ | 252/300 [33:11<06:17,  7.87s/ep][A

tin/rn18/rcad2d/hl/ipc10 s45:  84%|████████▍ | 253/300 [33:19<06:05,  7.78s/ep][A

tin/rn18/rcad2d/hl/ipc10 s45:  85%|████████▍ | 254/300 [33:27<06:00,  7.84s/ep][A

tin/rn18/rcad2d/hl/ipc10 s45:  85%|████████▌ | 255/300 [33:35<05:53,  7.84s/ep][A

tin/rn18/rcad2d/hl/ipc10 s45:  85%|████████▌ | 256/300 [33:43<05:47,  7.90s/ep][A

tin/rn18/rcad2d/hl/ipc10 s45:  86%|████████▌ | 257/300 [33:50<05:38,  7.87s/ep][A

tin/rn18/rcad2d/hl/ipc10 s45:  86%|████████▌ | 258/300 [33:58<05:31,  7.89s/ep][A

tin/rn18/rcad2d/hl/ipc10 s45:  86%|████████▋ | 259/300 [34:06<05:24,  7.90s/ep][A

tin/rn18/rcad2d/hl/ipc10 s45:  87%|████████▋ | 260/300 [34:14<05:14,  7.86s/ep][A

tin/rn18/rcad2d/hl/ipc10 s45:  87%|████████▋ | 261/300 [34:22<05:05,  7.84s/ep][A

tin/rn18/rcad2d/hl/ipc10 s45:  87%|████████▋ | 262/300 [34:30<04:58,  7.86s/ep][A

tin/rn18/rcad2d/hl/ipc10 s45:  88%|████████▊ | 263/300 [34:38<04:51,  7.89s/ep][A

tin/rn18/rcad2d/hl/ipc10 s45:  88%|████████▊ | 264/300 [34:45<04:42,  7.84s/ep][A

tin/rn18/rcad2d/hl/ipc10 s45:  88%|████████▊ | 265/300 [34:53<04:36,  7.89s/ep][A

tin/rn18/rcad2d/hl/ipc10 s45:  89%|████████▊ | 266/300 [35:01<04:28,  7.91s/ep][A

tin/rn18/rcad2d/hl/ipc10 s45:  89%|████████▉ | 267/300 [35:09<04:21,  7.94s/ep][A

tin/rn18/rcad2d/hl/ipc10 s45:  89%|████████▉ | 268/300 [35:17<04:11,  7.87s/ep][A

tin/rn18/rcad2d/hl/ipc10 s45:  90%|████████▉ | 269/300 [35:25<04:05,  7.91s/ep][A

tin/rn18/rcad2d/hl/ipc10 s45:  90%|█████████ | 270/300 [35:33<03:57,  7.92s/ep][A

tin/rn18/rcad2d/hl/ipc10 s45:  90%|█████████ | 271/300 [35:41<03:50,  7.95s/ep][A

tin/rn18/rcad2d/hl/ipc10 s45:  91%|█████████ | 272/300 [35:49<03:41,  7.91s/ep][A

tin/rn18/rcad2d/hl/ipc10 s45:  91%|█████████ | 273/300 [35:57<03:33,  7.90s/ep][A

tin/rn18/rcad2d/hl/ipc10 s45:  91%|█████████▏| 274/300 [36:05<03:24,  7.87s/ep][A

tin/rn18/rcad2d/hl/ipc10 s45:  92%|█████████▏| 275/300 [36:12<03:17,  7.90s/ep][A

tin/rn18/rcad2d/hl/ipc10 s45:  92%|█████████▏| 276/300 [36:20<03:09,  7.88s/ep][A

tin/rn18/rcad2d/hl/ipc10 s45:  92%|█████████▏| 277/300 [36:28<03:01,  7.91s/ep][A

tin/rn18/rcad2d/hl/ipc10 s45:  93%|█████████▎| 278/300 [36:36<02:54,  7.92s/ep][A

tin/rn18/rcad2d/hl/ipc10 s45:  93%|█████████▎| 279/300 [36:44<02:45,  7.88s/ep][A

tin/rn18/rcad2d/hl/ipc10 s45:  93%|█████████▎| 280/300 [36:52<02:37,  7.86s/ep][A

tin/rn18/rcad2d/hl/ipc10 s45:  94%|█████████▎| 281/300 [37:00<02:29,  7.89s/ep][A

tin/rn18/rcad2d/hl/ipc10 s45:  94%|█████████▍| 282/300 [37:08<02:21,  7.85s/ep][A

tin/rn18/rcad2d/hl/ipc10 s45:  94%|█████████▍| 283/300 [37:15<02:13,  7.84s/ep][A

tin/rn18/rcad2d/hl/ipc10 s45:  95%|█████████▍| 284/300 [37:23<02:05,  7.83s/ep][A

tin/rn18/rcad2d/hl/ipc10 s45:  95%|█████████▌| 285/300 [37:31<01:58,  7.87s/ep][A

tin/rn18/rcad2d/hl/ipc10 s45:  95%|█████████▌| 286/300 [37:39<01:50,  7.91s/ep][A

tin/rn18/rcad2d/hl/ipc10 s45:  96%|█████████▌| 287/300 [37:47<01:41,  7.81s/ep][A

tin/rn18/rcad2d/hl/ipc10 s45:  96%|█████████▌| 288/300 [37:55<01:33,  7.83s/ep][A

tin/rn18/rcad2d/hl/ipc10 s45:  96%|█████████▋| 289/300 [38:03<01:26,  7.85s/ep][A

tin/rn18/rcad2d/hl/ipc10 s45:  97%|█████████▋| 290/300 [38:10<01:18,  7.83s/ep][A

tin/rn18/rcad2d/hl/ipc10 s45:  97%|█████████▋| 291/300 [38:18<01:10,  7.87s/ep][A

tin/rn18/rcad2d/hl/ipc10 s45:  97%|█████████▋| 292/300 [38:26<01:03,  7.91s/ep][A

tin/rn18/rcad2d/hl/ipc10 s45:  98%|█████████▊| 293/300 [38:34<00:55,  7.87s/ep][A

tin/rn18/rcad2d/hl/ipc10 s45:  98%|█████████▊| 294/300 [38:42<00:47,  7.89s/ep][A

tin/rn18/rcad2d/hl/ipc10 s45:  98%|█████████▊| 295/300 [38:50<00:39,  7.84s/ep][A

tin/rn18/rcad2d/hl/ipc10 s45:  99%|█████████▊| 296/300 [38:58<00:31,  7.85s/ep][A

tin/rn18/rcad2d/hl/ipc10 s45:  99%|█████████▉| 297/300 [39:05<00:23,  7.84s/ep][A

tin/rn18/rcad2d/hl/ipc10 s45:  99%|█████████▉| 298/300 [39:13<00:15,  7.85s/ep][A

tin/rn18/rcad2d/hl/ipc10 s45: 100%|█████████▉| 299/300 [39:21<00:07,  7.87s/ep][A

tin/rn18/rcad2d/hl/ipc10 s45: 100%|██████████| 300/300 [39:29<00:00,  7.88s/ep][A

                                                                               [A[cell] tin/rn18/rcad2d/hl/ipc10 seed45: 6.69%  (2383s)


tin/rn18/rcad2d/hl/ipc10 s46:   0%|          | 0/300 [00:00<?, ?ep/s][A

tin/rn18/rcad2d/hl/ipc10 s46:   0%|          | 1/300 [00:07<35:30,  7.12s/ep][A

tin/rn18/rcad2d/hl/ipc10 s46:   1%|          | 2/300 [00:15<37:44,  7.60s/ep][A

tin/rn18/rcad2d/hl/ipc10 s46:   1%|          | 3/300 [00:22<38:13,  7.72s/ep][A

tin/rn18/rcad2d/hl/ipc10 s46:   1%|▏         | 4/300 [00:30<38:06,  7.72s/ep][A

tin/rn18/rcad2d/hl/ipc10 s46:   2%|▏         | 5/300 [00:38<38:12,  7.77s/ep][A

tin/rn18/rcad2d/hl/ipc10 s46:   2%|▏         | 6/300 [00:46<38:20,  7.82s/ep][A

tin/rn18/rcad2d/hl/ipc10 s46:   2%|▏         | 7/300 [00:54<38:30,  7.88s/ep][A

tin/rn18/rcad2d/hl/ipc10 s46:   3%|▎         | 8/300 [01:02<38:21,  7.88s/ep][A

tin/rn18/rcad2d/hl/ipc10 s46:   3%|▎         | 9/300 [01:10<38:16,  7.89s/ep][A

tin/rn18/rcad2d/hl/ipc10 s46:   3%|▎         | 10/300 [01:18<38:15,  7.92s/ep][A

tin/rn18/rcad2d/hl/ipc10 s46:   4%|▎         | 11/300 [01:26<38:06,  7.91s/ep][A

tin/rn18/rcad2d/hl/ipc10 s46:   4%|▍         | 12/300 [01:33<37:37,  7.84s/ep][A

tin/rn18/rcad2d/hl/ipc10 s46:   4%|▍         | 13/300 [01:41<37:37,  7.87s/ep][A

tin/rn18/rcad2d/hl/ipc10 s46:   5%|▍         | 14/300 [01:49<37:39,  7.90s/ep][A

tin/rn18/rcad2d/hl/ipc10 s46:   5%|▌         | 15/300 [01:57<37:28,  7.89s/ep][A

tin/rn18/rcad2d/hl/ipc10 s46:   5%|▌         | 16/300 [02:05<37:21,  7.89s/ep][A

tin/rn18/rcad2d/hl/ipc10 s46:   6%|▌         | 17/300 [02:13<37:10,  7.88s/ep][A

tin/rn18/rcad2d/hl/ipc10 s46:   6%|▌         | 18/300 [02:21<37:09,  7.91s/ep][A

tin/rn18/rcad2d/hl/ipc10 s46:   6%|▋         | 19/300 [02:29<37:03,  7.91s/ep][A

tin/rn18/rcad2d/hl/ipc10 s46:   7%|▋         | 20/300 [02:37<37:00,  7.93s/ep][A

tin/rn18/rcad2d/hl/ipc10 s46:   7%|▋         | 21/300 [02:45<36:49,  7.92s/ep][A

tin/rn18/rcad2d/hl/ipc10 s46:   7%|▋         | 22/300 [02:52<36:40,  7.91s/ep][A

tin/rn18/rcad2d/hl/ipc10 s46:   8%|▊         | 23/300 [03:00<36:41,  7.95s/ep][A

tin/rn18/rcad2d/hl/ipc10 s46:   8%|▊         | 24/300 [03:08<36:22,  7.91s/ep][A

tin/rn18/rcad2d/hl/ipc10 s46:   8%|▊         | 25/300 [03:16<36:18,  7.92s/ep][A

tin/rn18/rcad2d/hl/ipc10 s46:   9%|▊         | 26/300 [03:24<36:15,  7.94s/ep][A

tin/rn18/rcad2d/hl/ipc10 s46:   9%|▉         | 27/300 [03:32<36:01,  7.92s/ep][A

tin/rn18/rcad2d/hl/ipc10 s46:   9%|▉         | 28/300 [03:40<35:55,  7.92s/ep][A

tin/rn18/rcad2d/hl/ipc10 s46:  10%|▉         | 29/300 [03:48<35:52,  7.94s/ep][A

tin/rn18/rcad2d/hl/ipc10 s46:  10%|█         | 30/300 [03:56<35:35,  7.91s/ep][A

tin/rn18/rcad2d/hl/ipc10 s46:  10%|█         | 31/300 [04:04<35:28,  7.91s/ep][A

tin/rn18/rcad2d/hl/ipc10 s46:  11%|█         | 32/300 [04:12<35:28,  7.94s/ep][A

tin/rn18/rcad2d/hl/ipc10 s46:  11%|█         | 33/300 [04:20<35:07,  7.89s/ep][A

tin/rn18/rcad2d/hl/ipc10 s46:  11%|█▏        | 34/300 [04:28<35:03,  7.91s/ep][A

tin/rn18/rcad2d/hl/ipc10 s46:  12%|█▏        | 35/300 [04:35<35:00,  7.93s/ep][A

tin/rn18/rcad2d/hl/ipc10 s46:  12%|█▏        | 36/300 [04:43<34:58,  7.95s/ep][A

tin/rn18/rcad2d/hl/ipc10 s46:  12%|█▏        | 37/300 [04:52<34:57,  7.97s/ep][A

tin/rn18/rcad2d/hl/ipc10 s46:  13%|█▎        | 38/300 [04:59<34:44,  7.96s/ep][A

tin/rn18/rcad2d/hl/ipc10 s46:  13%|█▎        | 39/300 [05:07<34:30,  7.93s/ep][A

tin/rn18/rcad2d/hl/ipc10 s46:  13%|█▎        | 40/300 [05:15<34:24,  7.94s/ep][A

tin/rn18/rcad2d/hl/ipc10 s46:  14%|█▎        | 41/300 [05:23<34:04,  7.90s/ep][A

tin/rn18/rcad2d/hl/ipc10 s46:  14%|█▍        | 42/300 [05:31<34:02,  7.92s/ep][A

tin/rn18/rcad2d/hl/ipc10 s46:  14%|█▍        | 43/300 [05:39<33:58,  7.93s/ep][A

tin/rn18/rcad2d/hl/ipc10 s46:  15%|█▍        | 44/300 [05:47<33:43,  7.90s/ep][A

tin/rn18/rcad2d/hl/ipc10 s46:  15%|█▌        | 45/300 [05:55<33:33,  7.89s/ep][A

tin/rn18/rcad2d/hl/ipc10 s46:  15%|█▌        | 46/300 [06:02<33:05,  7.82s/ep][A

tin/rn18/rcad2d/hl/ipc10 s46:  16%|█▌        | 47/300 [06:10<32:57,  7.82s/ep][A

tin/rn18/rcad2d/hl/ipc10 s46:  16%|█▌        | 48/300 [06:18<33:00,  7.86s/ep][A

tin/rn18/rcad2d/hl/ipc10 s46:  16%|█▋        | 49/300 [06:26<33:02,  7.90s/ep][A

tin/rn18/rcad2d/hl/ipc10 s46:  17%|█▋        | 50/300 [06:34<32:47,  7.87s/ep][A

tin/rn18/rcad2d/hl/ipc10 s46:  17%|█▋        | 51/300 [06:42<32:46,  7.90s/ep][A

tin/rn18/rcad2d/hl/ipc10 s46:  17%|█▋        | 52/300 [06:50<32:44,  7.92s/ep][A

tin/rn18/rcad2d/hl/ipc10 s46:  18%|█▊        | 53/300 [06:58<32:31,  7.90s/ep][A

tin/rn18/rcad2d/hl/ipc10 s46:  18%|█▊        | 54/300 [07:05<32:13,  7.86s/ep][A

tin/rn18/rcad2d/hl/ipc10 s46:  18%|█▊        | 55/300 [07:13<32:08,  7.87s/ep][A

tin/rn18/rcad2d/hl/ipc10 s46:  19%|█▊        | 56/300 [07:21<31:55,  7.85s/ep][A

tin/rn18/rcad2d/hl/ipc10 s46:  19%|█▉        | 57/300 [07:29<31:59,  7.90s/ep][A

tin/rn18/rcad2d/hl/ipc10 s46:  19%|█▉        | 58/300 [07:37<31:59,  7.93s/ep][A

tin/rn18/rcad2d/hl/ipc10 s46:  20%|█▉        | 59/300 [07:45<31:54,  7.94s/ep][A

tin/rn18/rcad2d/hl/ipc10 s46:  20%|██        | 60/300 [07:53<31:37,  7.91s/ep][A

tin/rn18/rcad2d/hl/ipc10 s46:  20%|██        | 61/300 [08:01<31:35,  7.93s/ep][A

tin/rn18/rcad2d/hl/ipc10 s46:  21%|██        | 62/300 [08:09<31:26,  7.93s/ep][A

tin/rn18/rcad2d/hl/ipc10 s46:  21%|██        | 63/300 [08:17<31:23,  7.95s/ep][A

tin/rn18/rcad2d/hl/ipc10 s46:  21%|██▏       | 64/300 [08:25<31:19,  7.96s/ep][A

tin/rn18/rcad2d/hl/ipc10 s46:  22%|██▏       | 65/300 [08:33<31:02,  7.92s/ep][A

tin/rn18/rcad2d/hl/ipc10 s46:  22%|██▏       | 66/300 [08:41<30:47,  7.90s/ep][A

tin/rn18/rcad2d/hl/ipc10 s46:  22%|██▏       | 67/300 [08:48<30:33,  7.87s/ep][A

tin/rn18/rcad2d/hl/ipc10 s46:  23%|██▎       | 68/300 [08:56<30:30,  7.89s/ep][A

tin/rn18/rcad2d/hl/ipc10 s46:  23%|██▎       | 69/300 [09:04<30:14,  7.85s/ep][A

tin/rn18/rcad2d/hl/ipc10 s46:  23%|██▎       | 70/300 [09:12<30:13,  7.88s/ep][A

tin/rn18/rcad2d/hl/ipc10 s46:  24%|██▎       | 71/300 [09:20<29:57,  7.85s/ep][A

tin/rn18/rcad2d/hl/ipc10 s46:  24%|██▍       | 72/300 [09:28<29:49,  7.85s/ep][A

tin/rn18/rcad2d/hl/ipc10 s46:  24%|██▍       | 73/300 [09:36<29:48,  7.88s/ep][A

tin/rn18/rcad2d/hl/ipc10 s46:  25%|██▍       | 74/300 [09:43<29:37,  7.87s/ep][A

tin/rn18/rcad2d/hl/ipc10 s46:  25%|██▌       | 75/300 [09:51<29:34,  7.88s/ep][A

tin/rn18/rcad2d/hl/ipc10 s46:  25%|██▌       | 76/300 [09:59<29:22,  7.87s/ep][A

tin/rn18/rcad2d/hl/ipc10 s46:  26%|██▌       | 77/300 [10:07<29:14,  7.87s/ep][A

tin/rn18/rcad2d/hl/ipc10 s46:  26%|██▌       | 78/300 [10:15<29:13,  7.90s/ep][A

tin/rn18/rcad2d/hl/ipc10 s46:  26%|██▋       | 79/300 [10:23<29:04,  7.89s/ep][A

tin/rn18/rcad2d/hl/ipc10 s46:  27%|██▋       | 80/300 [10:31<28:49,  7.86s/ep][A

tin/rn18/rcad2d/hl/ipc10 s46:  27%|██▋       | 81/300 [10:38<28:37,  7.84s/ep][A

tin/rn18/rcad2d/hl/ipc10 s46:  27%|██▋       | 82/300 [10:46<28:33,  7.86s/ep][A

tin/rn18/rcad2d/hl/ipc10 s46:  28%|██▊       | 83/300 [10:54<28:24,  7.86s/ep][A

tin/rn18/rcad2d/hl/ipc10 s46:  28%|██▊       | 84/300 [11:02<28:14,  7.84s/ep][A

tin/rn18/rcad2d/hl/ipc10 s46:  28%|██▊       | 85/300 [11:10<28:12,  7.87s/ep][A

tin/rn18/rcad2d/hl/ipc10 s46:  29%|██▊       | 86/300 [11:18<28:12,  7.91s/ep][A

tin/rn18/rcad2d/hl/ipc10 s46:  29%|██▉       | 87/300 [11:26<27:47,  7.83s/ep][A

tin/rn18/rcad2d/hl/ipc10 s46:  29%|██▉       | 88/300 [11:33<27:32,  7.79s/ep][A

tin/rn18/rcad2d/hl/ipc10 s46:  30%|██▉       | 89/300 [11:41<27:32,  7.83s/ep][A

tin/rn18/rcad2d/hl/ipc10 s46:  30%|███       | 90/300 [11:49<27:30,  7.86s/ep][A

tin/rn18/rcad2d/hl/ipc10 s46:  30%|███       | 91/300 [11:57<27:23,  7.86s/ep][A

tin/rn18/rcad2d/hl/ipc10 s46:  31%|███       | 92/300 [12:05<27:18,  7.88s/ep][A

tin/rn18/rcad2d/hl/ipc10 s46:  31%|███       | 93/300 [12:13<27:12,  7.88s/ep][A

tin/rn18/rcad2d/hl/ipc10 s46:  31%|███▏      | 94/300 [12:20<26:45,  7.79s/ep][A

tin/rn18/rcad2d/hl/ipc10 s46:  32%|███▏      | 95/300 [12:28<26:33,  7.77s/ep][A

tin/rn18/rcad2d/hl/ipc10 s46:  32%|███▏      | 96/300 [12:36<26:31,  7.80s/ep][A

tin/rn18/rcad2d/hl/ipc10 s46:  32%|███▏      | 97/300 [12:44<26:32,  7.85s/ep][A

tin/rn18/rcad2d/hl/ipc10 s46:  33%|███▎      | 98/300 [12:52<26:19,  7.82s/ep][A

tin/rn18/rcad2d/hl/ipc10 s46:  33%|███▎      | 99/300 [13:00<26:12,  7.82s/ep][A

tin/rn18/rcad2d/hl/ipc10 s46:  33%|███▎      | 100/300 [13:08<26:11,  7.86s/ep][A

tin/rn18/rcad2d/hl/ipc10 s46:  34%|███▎      | 101/300 [13:15<26:10,  7.89s/ep][A

tin/rn18/rcad2d/hl/ipc10 s46:  34%|███▍      | 102/300 [13:23<25:58,  7.87s/ep][A

tin/rn18/rcad2d/hl/ipc10 s46:  34%|███▍      | 103/300 [13:31<25:57,  7.90s/ep][A

tin/rn18/rcad2d/hl/ipc10 s46:  35%|███▍      | 104/300 [13:39<25:43,  7.87s/ep][A

tin/rn18/rcad2d/hl/ipc10 s46:  35%|███▌      | 105/300 [13:47<25:29,  7.84s/ep][A

tin/rn18/rcad2d/hl/ipc10 s46:  35%|███▌      | 106/300 [13:55<25:18,  7.83s/ep][A

tin/rn18/rcad2d/hl/ipc10 s46:  36%|███▌      | 107/300 [14:03<25:20,  7.88s/ep][A

tin/rn18/rcad2d/hl/ipc10 s46:  36%|███▌      | 108/300 [14:10<25:07,  7.85s/ep][A

tin/rn18/rcad2d/hl/ipc10 s46:  36%|███▋      | 109/300 [14:18<24:54,  7.82s/ep][A

tin/rn18/rcad2d/hl/ipc10 s46:  37%|███▋      | 110/300 [14:26<24:50,  7.85s/ep][A

tin/rn18/rcad2d/hl/ipc10 s46:  37%|███▋      | 111/300 [14:34<24:44,  7.86s/ep][A

tin/rn18/rcad2d/hl/ipc10 s46:  37%|███▋      | 112/300 [14:42<24:34,  7.84s/ep][A

tin/rn18/rcad2d/hl/ipc10 s46:  38%|███▊      | 113/300 [14:50<24:32,  7.87s/ep][A

tin/rn18/rcad2d/hl/ipc10 s46:  38%|███▊      | 114/300 [14:58<24:18,  7.84s/ep][A

tin/rn18/rcad2d/hl/ipc10 s46:  38%|███▊      | 115/300 [15:05<24:03,  7.80s/ep][A

tin/rn18/rcad2d/hl/ipc10 s46:  39%|███▊      | 116/300 [15:13<23:54,  7.79s/ep][A

tin/rn18/rcad2d/hl/ipc10 s46:  39%|███▉      | 117/300 [15:21<23:49,  7.81s/ep][A

tin/rn18/rcad2d/hl/ipc10 s46:  39%|███▉      | 118/300 [15:29<23:49,  7.86s/ep][A

tin/rn18/rcad2d/hl/ipc10 s46:  40%|███▉      | 119/300 [15:37<23:45,  7.88s/ep][A

tin/rn18/rcad2d/hl/ipc10 s46:  40%|████      | 120/300 [15:45<23:39,  7.89s/ep][A

tin/rn18/rcad2d/hl/ipc10 s46:  40%|████      | 121/300 [15:52<23:20,  7.82s/ep][A

tin/rn18/rcad2d/hl/ipc10 s46:  41%|████      | 122/300 [16:00<23:24,  7.89s/ep][A

tin/rn18/rcad2d/hl/ipc10 s46:  41%|████      | 123/300 [16:08<23:13,  7.87s/ep][A

tin/rn18/rcad2d/hl/ipc10 s46:  41%|████▏     | 124/300 [16:16<23:05,  7.87s/ep][A

tin/rn18/rcad2d/hl/ipc10 s46:  42%|████▏     | 125/300 [16:24<22:53,  7.85s/ep][A

tin/rn18/rcad2d/hl/ipc10 s46:  42%|████▏     | 126/300 [16:32<22:48,  7.86s/ep][A

tin/rn18/rcad2d/hl/ipc10 s46:  42%|████▏     | 127/300 [16:40<22:38,  7.85s/ep][A

tin/rn18/rcad2d/hl/ipc10 s46:  43%|████▎     | 128/300 [16:47<22:33,  7.87s/ep][A

tin/rn18/rcad2d/hl/ipc10 s46:  43%|████▎     | 129/300 [16:55<22:24,  7.86s/ep][A

tin/rn18/rcad2d/hl/ipc10 s46:  43%|████▎     | 130/300 [17:03<22:20,  7.89s/ep][A

tin/rn18/rcad2d/hl/ipc10 s46:  44%|████▎     | 131/300 [17:11<22:07,  7.85s/ep][A

tin/rn18/rcad2d/hl/ipc10 s46:  44%|████▍     | 132/300 [17:19<22:02,  7.87s/ep][A

tin/rn18/rcad2d/hl/ipc10 s46:  44%|████▍     | 133/300 [17:27<21:54,  7.87s/ep][A

tin/rn18/rcad2d/hl/ipc10 s46:  45%|████▍     | 134/300 [17:35<21:48,  7.88s/ep][A

tin/rn18/rcad2d/hl/ipc10 s46:  45%|████▌     | 135/300 [17:43<21:47,  7.93s/ep][A

tin/rn18/rcad2d/hl/ipc10 s46:  45%|████▌     | 136/300 [17:51<21:39,  7.93s/ep][A

tin/rn18/rcad2d/hl/ipc10 s46:  46%|████▌     | 137/300 [17:59<21:27,  7.90s/ep][A

tin/rn18/rcad2d/hl/ipc10 s46:  46%|████▌     | 138/300 [18:06<21:15,  7.87s/ep][A

tin/rn18/rcad2d/hl/ipc10 s46:  46%|████▋     | 139/300 [18:14<21:03,  7.85s/ep][A

tin/rn18/rcad2d/hl/ipc10 s46:  47%|████▋     | 140/300 [18:22<21:00,  7.88s/ep][A

tin/rn18/rcad2d/hl/ipc10 s46:  47%|████▋     | 141/300 [18:30<20:49,  7.86s/ep][A

tin/rn18/rcad2d/hl/ipc10 s46:  47%|████▋     | 142/300 [18:38<20:39,  7.84s/ep][A

tin/rn18/rcad2d/hl/ipc10 s46:  48%|████▊     | 143/300 [18:46<20:36,  7.88s/ep][A

tin/rn18/rcad2d/hl/ipc10 s46:  48%|████▊     | 144/300 [18:53<20:20,  7.82s/ep][A

tin/rn18/rcad2d/hl/ipc10 s46:  48%|████▊     | 145/300 [19:01<20:09,  7.80s/ep][A

tin/rn18/rcad2d/hl/ipc10 s46:  49%|████▊     | 146/300 [19:09<20:06,  7.83s/ep][A

tin/rn18/rcad2d/hl/ipc10 s46:  49%|████▉     | 147/300 [19:17<19:55,  7.81s/ep][A

tin/rn18/rcad2d/hl/ipc10 s46:  49%|████▉     | 148/300 [19:25<19:49,  7.83s/ep][A

tin/rn18/rcad2d/hl/ipc10 s46:  50%|████▉     | 149/300 [19:32<19:36,  7.79s/ep][A

tin/rn18/rcad2d/hl/ipc10 s46:  50%|█████     | 150/300 [19:40<19:27,  7.78s/ep][A

tin/rn18/rcad2d/hl/ipc10 s46:  50%|█████     | 151/300 [19:48<19:25,  7.82s/ep][A

tin/rn18/rcad2d/hl/ipc10 s46:  51%|█████     | 152/300 [19:56<19:19,  7.83s/ep][A

tin/rn18/rcad2d/hl/ipc10 s46:  51%|█████     | 153/300 [20:04<19:10,  7.83s/ep][A

tin/rn18/rcad2d/hl/ipc10 s46:  51%|█████▏    | 154/300 [20:11<18:58,  7.80s/ep][A

tin/rn18/rcad2d/hl/ipc10 s46:  52%|█████▏    | 155/300 [20:19<18:53,  7.81s/ep][A

tin/rn18/rcad2d/hl/ipc10 s46:  52%|█████▏    | 156/300 [20:27<18:41,  7.79s/ep][A

tin/rn18/rcad2d/hl/ipc10 s46:  52%|█████▏    | 157/300 [20:35<18:24,  7.72s/ep][A

tin/rn18/rcad2d/hl/ipc10 s46:  53%|█████▎    | 158/300 [20:42<18:11,  7.69s/ep][A

tin/rn18/rcad2d/hl/ipc10 s46:  53%|█████▎    | 159/300 [20:50<17:59,  7.66s/ep][A

tin/rn18/rcad2d/hl/ipc10 s46:  53%|█████▎    | 160/300 [20:58<17:57,  7.70s/ep][A

tin/rn18/rcad2d/hl/ipc10 s46:  54%|█████▎    | 161/300 [21:05<17:44,  7.66s/ep][A

tin/rn18/rcad2d/hl/ipc10 s46:  54%|█████▍    | 162/300 [21:13<17:48,  7.74s/ep][A

tin/rn18/rcad2d/hl/ipc10 s46:  54%|█████▍    | 163/300 [21:21<17:46,  7.78s/ep][A

tin/rn18/rcad2d/hl/ipc10 s46:  55%|█████▍    | 164/300 [21:29<17:36,  7.77s/ep][A

tin/rn18/rcad2d/hl/ipc10 s46:  55%|█████▌    | 165/300 [21:37<17:31,  7.79s/ep][A

tin/rn18/rcad2d/hl/ipc10 s46:  55%|█████▌    | 166/300 [21:44<17:27,  7.82s/ep][A

tin/rn18/rcad2d/hl/ipc10 s46:  56%|█████▌    | 167/300 [21:52<17:10,  7.75s/ep][A

tin/rn18/rcad2d/hl/ipc10 s46:  56%|█████▌    | 168/300 [22:00<16:57,  7.71s/ep][A

tin/rn18/rcad2d/hl/ipc10 s46:  56%|█████▋    | 169/300 [22:07<16:51,  7.72s/ep][A

tin/rn18/rcad2d/hl/ipc10 s46:  57%|█████▋    | 170/300 [22:15<16:41,  7.70s/ep][A

tin/rn18/rcad2d/hl/ipc10 s46:  57%|█████▋    | 171/300 [22:23<16:35,  7.72s/ep][A

tin/rn18/rcad2d/hl/ipc10 s46:  57%|█████▋    | 172/300 [22:31<16:30,  7.74s/ep][A

tin/rn18/rcad2d/hl/ipc10 s46:  58%|█████▊    | 173/300 [22:38<16:26,  7.76s/ep][A

tin/rn18/rcad2d/hl/ipc10 s46:  58%|█████▊    | 174/300 [22:46<16:15,  7.74s/ep][A

tin/rn18/rcad2d/hl/ipc10 s46:  58%|█████▊    | 175/300 [22:54<15:59,  7.67s/ep][A

tin/rn18/rcad2d/hl/ipc10 s46:  59%|█████▊    | 176/300 [23:01<15:58,  7.73s/ep][A

tin/rn18/rcad2d/hl/ipc10 s46:  59%|█████▉    | 177/300 [23:09<15:46,  7.69s/ep][A

tin/rn18/rcad2d/hl/ipc10 s46:  59%|█████▉    | 178/300 [23:17<15:41,  7.72s/ep][A

tin/rn18/rcad2d/hl/ipc10 s46:  60%|█████▉    | 179/300 [23:25<15:36,  7.74s/ep][A

tin/rn18/rcad2d/hl/ipc10 s46:  60%|██████    | 180/300 [23:33<15:35,  7.80s/ep][A

tin/rn18/rcad2d/hl/ipc10 s46:  60%|██████    | 181/300 [23:40<15:18,  7.72s/ep][A

tin/rn18/rcad2d/hl/ipc10 s46:  61%|██████    | 182/300 [23:48<15:08,  7.70s/ep][A

tin/rn18/rcad2d/hl/ipc10 s46:  61%|██████    | 183/300 [23:56<15:09,  7.78s/ep][A

tin/rn18/rcad2d/hl/ipc10 s46:  61%|██████▏   | 184/300 [24:04<15:03,  7.79s/ep][A

tin/rn18/rcad2d/hl/ipc10 s46:  62%|██████▏   | 185/300 [24:11<15:01,  7.84s/ep][A

tin/rn18/rcad2d/hl/ipc10 s46:  62%|██████▏   | 186/300 [24:19<14:56,  7.86s/ep][A

tin/rn18/rcad2d/hl/ipc10 s46:  62%|██████▏   | 187/300 [24:27<14:42,  7.81s/ep][A

tin/rn18/rcad2d/hl/ipc10 s46:  63%|██████▎   | 188/300 [24:35<14:39,  7.85s/ep][A

tin/rn18/rcad2d/hl/ipc10 s46:  63%|██████▎   | 189/300 [24:43<14:23,  7.78s/ep][A

tin/rn18/rcad2d/hl/ipc10 s46:  63%|██████▎   | 190/300 [24:51<14:22,  7.84s/ep][A

tin/rn18/rcad2d/hl/ipc10 s46:  64%|██████▎   | 191/300 [24:58<14:05,  7.75s/ep][A

tin/rn18/rcad2d/hl/ipc10 s46:  64%|██████▍   | 192/300 [25:06<14:06,  7.83s/ep][A

tin/rn18/rcad2d/hl/ipc10 s46:  64%|██████▍   | 193/300 [25:14<13:59,  7.84s/ep][A

tin/rn18/rcad2d/hl/ipc10 s46:  65%|██████▍   | 194/300 [25:22<13:43,  7.77s/ep][A

tin/rn18/rcad2d/hl/ipc10 s46:  65%|██████▌   | 195/300 [25:29<13:31,  7.73s/ep][A

tin/rn18/rcad2d/hl/ipc10 s46:  65%|██████▌   | 196/300 [25:37<13:20,  7.69s/ep][A

tin/rn18/rcad2d/hl/ipc10 s46:  66%|██████▌   | 197/300 [25:45<13:20,  7.78s/ep][A

tin/rn18/rcad2d/hl/ipc10 s46:  66%|██████▌   | 198/300 [25:53<13:17,  7.82s/ep][A

tin/rn18/rcad2d/hl/ipc10 s46:  66%|██████▋   | 199/300 [26:01<13:12,  7.85s/ep][A

tin/rn18/rcad2d/hl/ipc10 s46:  67%|██████▋   | 200/300 [26:09<13:06,  7.87s/ep][A

tin/rn18/rcad2d/hl/ipc10 s46:  67%|██████▋   | 201/300 [26:16<12:59,  7.87s/ep][A

tin/rn18/rcad2d/hl/ipc10 s46:  67%|██████▋   | 202/300 [26:24<12:53,  7.89s/ep][A

tin/rn18/rcad2d/hl/ipc10 s46:  68%|██████▊   | 203/300 [26:32<12:47,  7.91s/ep][A

tin/rn18/rcad2d/hl/ipc10 s46:  68%|██████▊   | 204/300 [26:40<12:39,  7.91s/ep][A

tin/rn18/rcad2d/hl/ipc10 s46:  68%|██████▊   | 205/300 [26:48<12:30,  7.90s/ep][A

tin/rn18/rcad2d/hl/ipc10 s46:  69%|██████▊   | 206/300 [26:56<12:19,  7.86s/ep][A

tin/rn18/rcad2d/hl/ipc10 s46:  69%|██████▉   | 207/300 [27:04<12:11,  7.87s/ep][A

tin/rn18/rcad2d/hl/ipc10 s46:  69%|██████▉   | 208/300 [27:12<12:07,  7.91s/ep][A

tin/rn18/rcad2d/hl/ipc10 s46:  70%|██████▉   | 209/300 [27:20<11:58,  7.89s/ep][A

tin/rn18/rcad2d/hl/ipc10 s46:  70%|███████   | 210/300 [27:28<11:48,  7.87s/ep][A

tin/rn18/rcad2d/hl/ipc10 s46:  70%|███████   | 211/300 [27:35<11:41,  7.88s/ep][A

tin/rn18/rcad2d/hl/ipc10 s46:  71%|███████   | 212/300 [27:43<11:33,  7.88s/ep][A

tin/rn18/rcad2d/hl/ipc10 s46:  71%|███████   | 213/300 [27:51<11:22,  7.84s/ep][A

tin/rn18/rcad2d/hl/ipc10 s46:  71%|███████▏  | 214/300 [27:59<11:13,  7.83s/ep][A

tin/rn18/rcad2d/hl/ipc10 s46:  72%|███████▏  | 215/300 [28:07<11:03,  7.80s/ep][A

tin/rn18/rcad2d/hl/ipc10 s46:  72%|███████▏  | 216/300 [28:14<10:53,  7.78s/ep][A

tin/rn18/rcad2d/hl/ipc10 s46:  72%|███████▏  | 217/300 [28:22<10:48,  7.81s/ep][A

tin/rn18/rcad2d/hl/ipc10 s46:  73%|███████▎  | 218/300 [28:30<10:43,  7.85s/ep][A

tin/rn18/rcad2d/hl/ipc10 s46:  73%|███████▎  | 219/300 [28:38<10:36,  7.86s/ep][A

tin/rn18/rcad2d/hl/ipc10 s46:  73%|███████▎  | 220/300 [28:46<10:28,  7.85s/ep][A

tin/rn18/rcad2d/hl/ipc10 s46:  74%|███████▎  | 221/300 [28:54<10:16,  7.80s/ep][A

tin/rn18/rcad2d/hl/ipc10 s46:  74%|███████▍  | 222/300 [29:01<10:07,  7.79s/ep][A

tin/rn18/rcad2d/hl/ipc10 s46:  74%|███████▍  | 223/300 [29:09<09:54,  7.73s/ep][A

tin/rn18/rcad2d/hl/ipc10 s46:  75%|███████▍  | 224/300 [29:17<09:49,  7.75s/ep][A

tin/rn18/rcad2d/hl/ipc10 s46:  75%|███████▌  | 225/300 [29:24<09:41,  7.76s/ep][A

tin/rn18/rcad2d/hl/ipc10 s46:  75%|███████▌  | 226/300 [29:32<09:33,  7.75s/ep][A

tin/rn18/rcad2d/hl/ipc10 s46:  76%|███████▌  | 227/300 [29:40<09:27,  7.78s/ep][A

tin/rn18/rcad2d/hl/ipc10 s46:  76%|███████▌  | 228/300 [29:48<09:23,  7.83s/ep][A

tin/rn18/rcad2d/hl/ipc10 s46:  76%|███████▋  | 229/300 [29:56<09:16,  7.84s/ep][A

tin/rn18/rcad2d/hl/ipc10 s46:  77%|███████▋  | 230/300 [30:04<09:10,  7.86s/ep][A

tin/rn18/rcad2d/hl/ipc10 s46:  77%|███████▋  | 231/300 [30:12<09:04,  7.89s/ep][A

tin/rn18/rcad2d/hl/ipc10 s46:  77%|███████▋  | 232/300 [30:20<08:58,  7.92s/ep][A

tin/rn18/rcad2d/hl/ipc10 s46:  78%|███████▊  | 233/300 [30:28<08:50,  7.92s/ep][A

tin/rn18/rcad2d/hl/ipc10 s46:  78%|███████▊  | 234/300 [30:35<08:41,  7.90s/ep][A

tin/rn18/rcad2d/hl/ipc10 s46:  78%|███████▊  | 235/300 [30:43<08:35,  7.92s/ep][A

tin/rn18/rcad2d/hl/ipc10 s46:  79%|███████▊  | 236/300 [30:51<08:28,  7.95s/ep][A

tin/rn18/rcad2d/hl/ipc10 s46:  79%|███████▉  | 237/300 [30:59<08:19,  7.93s/ep][A

tin/rn18/rcad2d/hl/ipc10 s46:  79%|███████▉  | 238/300 [31:07<08:11,  7.92s/ep][A

tin/rn18/rcad2d/hl/ipc10 s46:  80%|███████▉  | 239/300 [31:15<08:01,  7.89s/ep][A

tin/rn18/rcad2d/hl/ipc10 s46:  80%|████████  | 240/300 [31:23<07:54,  7.91s/ep][A

tin/rn18/rcad2d/hl/ipc10 s46:  80%|████████  | 241/300 [31:30<07:38,  7.77s/ep][A

tin/rn18/rcad2d/hl/ipc10 s46:  81%|████████  | 242/300 [31:38<07:28,  7.74s/ep][A

tin/rn18/rcad2d/hl/ipc10 s46:  81%|████████  | 243/300 [31:46<07:20,  7.72s/ep][A

tin/rn18/rcad2d/hl/ipc10 s46:  81%|████████▏ | 244/300 [31:54<07:15,  7.78s/ep][A

tin/rn18/rcad2d/hl/ipc10 s46:  82%|████████▏ | 245/300 [32:02<07:08,  7.78s/ep][A

tin/rn18/rcad2d/hl/ipc10 s46:  82%|████████▏ | 246/300 [32:09<06:59,  7.77s/ep][A

tin/rn18/rcad2d/hl/ipc10 s46:  82%|████████▏ | 247/300 [32:17<06:55,  7.84s/ep][A

tin/rn18/rcad2d/hl/ipc10 s46:  83%|████████▎ | 248/300 [32:25<06:48,  7.86s/ep][A

tin/rn18/rcad2d/hl/ipc10 s46:  83%|████████▎ | 249/300 [32:33<06:40,  7.86s/ep][A

tin/rn18/rcad2d/hl/ipc10 s46:  83%|████████▎ | 250/300 [32:41<06:32,  7.85s/ep][A

tin/rn18/rcad2d/hl/ipc10 s46:  84%|████████▎ | 251/300 [32:49<06:23,  7.83s/ep][A

tin/rn18/rcad2d/hl/ipc10 s46:  84%|████████▍ | 252/300 [32:56<06:16,  7.83s/ep][A

tin/rn18/rcad2d/hl/ipc10 s46:  84%|████████▍ | 253/300 [33:04<06:08,  7.83s/ep][A

tin/rn18/rcad2d/hl/ipc10 s46:  85%|████████▍ | 254/300 [33:12<05:57,  7.77s/ep][A

tin/rn18/rcad2d/hl/ipc10 s46:  85%|████████▌ | 255/300 [33:20<05:49,  7.77s/ep][A

tin/rn18/rcad2d/hl/ipc10 s46:  85%|████████▌ | 256/300 [33:28<05:42,  7.79s/ep][A

tin/rn18/rcad2d/hl/ipc10 s46:  86%|████████▌ | 257/300 [33:35<05:32,  7.73s/ep][A

tin/rn18/rcad2d/hl/ipc10 s46:  86%|████████▌ | 258/300 [33:43<05:25,  7.74s/ep][A

tin/rn18/rcad2d/hl/ipc10 s46:  86%|████████▋ | 259/300 [33:51<05:19,  7.78s/ep][A

tin/rn18/rcad2d/hl/ipc10 s46:  87%|████████▋ | 260/300 [33:59<05:12,  7.82s/ep][A

tin/rn18/rcad2d/hl/ipc10 s46:  87%|████████▋ | 261/300 [34:07<05:06,  7.86s/ep][A

tin/rn18/rcad2d/hl/ipc10 s46:  87%|████████▋ | 262/300 [34:15<04:59,  7.89s/ep][A

tin/rn18/rcad2d/hl/ipc10 s46:  88%|████████▊ | 263/300 [34:22<04:51,  7.87s/ep][A

tin/rn18/rcad2d/hl/ipc10 s46:  88%|████████▊ | 264/300 [34:30<04:42,  7.84s/ep][A

tin/rn18/rcad2d/hl/ipc10 s46:  88%|████████▊ | 265/300 [34:38<04:34,  7.84s/ep][A

tin/rn18/rcad2d/hl/ipc10 s46:  89%|████████▊ | 266/300 [34:46<04:27,  7.87s/ep][A

tin/rn18/rcad2d/hl/ipc10 s46:  89%|████████▉ | 267/300 [34:54<04:17,  7.81s/ep][A

tin/rn18/rcad2d/hl/ipc10 s46:  89%|████████▉ | 268/300 [35:01<04:09,  7.80s/ep][A

tin/rn18/rcad2d/hl/ipc10 s46:  90%|████████▉ | 269/300 [35:09<04:01,  7.79s/ep][A

tin/rn18/rcad2d/hl/ipc10 s46:  90%|█████████ | 270/300 [35:17<03:53,  7.77s/ep][A

tin/rn18/rcad2d/hl/ipc10 s46:  90%|█████████ | 271/300 [35:25<03:45,  7.77s/ep][A

tin/rn18/rcad2d/hl/ipc10 s46:  91%|█████████ | 272/300 [35:33<03:39,  7.83s/ep][A

tin/rn18/rcad2d/hl/ipc10 s46:  91%|█████████ | 273/300 [35:40<03:31,  7.83s/ep][A

tin/rn18/rcad2d/hl/ipc10 s46:  91%|█████████▏| 274/300 [35:48<03:23,  7.84s/ep][A

tin/rn18/rcad2d/hl/ipc10 s46:  92%|█████████▏| 275/300 [35:56<03:16,  7.85s/ep][A

tin/rn18/rcad2d/hl/ipc10 s46:  92%|█████████▏| 276/300 [36:04<03:09,  7.88s/ep][A

tin/rn18/rcad2d/hl/ipc10 s46:  92%|█████████▏| 277/300 [36:12<03:00,  7.86s/ep][A

tin/rn18/rcad2d/hl/ipc10 s46:  93%|█████████▎| 278/300 [36:20<02:52,  7.84s/ep][A

tin/rn18/rcad2d/hl/ipc10 s46:  93%|█████████▎| 279/300 [36:28<02:45,  7.88s/ep][A

tin/rn18/rcad2d/hl/ipc10 s46:  93%|█████████▎| 280/300 [36:36<02:38,  7.90s/ep][A

tin/rn18/rcad2d/hl/ipc10 s46:  94%|█████████▎| 281/300 [36:44<02:29,  7.88s/ep][A

tin/rn18/rcad2d/hl/ipc10 s46:  94%|█████████▍| 282/300 [36:51<02:21,  7.84s/ep][A

tin/rn18/rcad2d/hl/ipc10 s46:  94%|█████████▍| 283/300 [36:59<02:13,  7.83s/ep][A

tin/rn18/rcad2d/hl/ipc10 s46:  95%|█████████▍| 284/300 [37:07<02:05,  7.87s/ep][A

tin/rn18/rcad2d/hl/ipc10 s46:  95%|█████████▌| 285/300 [37:15<01:58,  7.87s/ep][A

tin/rn18/rcad2d/hl/ipc10 s46:  95%|█████████▌| 286/300 [37:23<01:50,  7.87s/ep][A

tin/rn18/rcad2d/hl/ipc10 s46:  96%|█████████▌| 287/300 [37:31<01:42,  7.91s/ep][A

tin/rn18/rcad2d/hl/ipc10 s46:  96%|█████████▌| 288/300 [37:39<01:34,  7.86s/ep][A

tin/rn18/rcad2d/hl/ipc10 s46:  96%|█████████▋| 289/300 [37:46<01:26,  7.83s/ep][A

tin/rn18/rcad2d/hl/ipc10 s46:  97%|█████████▋| 290/300 [37:54<01:18,  7.85s/ep][A

tin/rn18/rcad2d/hl/ipc10 s46:  97%|█████████▋| 291/300 [38:02<01:10,  7.82s/ep][A

tin/rn18/rcad2d/hl/ipc10 s46:  97%|█████████▋| 292/300 [38:10<01:02,  7.76s/ep][A

tin/rn18/rcad2d/hl/ipc10 s46:  98%|█████████▊| 293/300 [38:17<00:54,  7.76s/ep][A

tin/rn18/rcad2d/hl/ipc10 s46:  98%|█████████▊| 294/300 [38:25<00:46,  7.81s/ep][A

tin/rn18/rcad2d/hl/ipc10 s46:  98%|█████████▊| 295/300 [38:33<00:39,  7.87s/ep][A

tin/rn18/rcad2d/hl/ipc10 s46:  99%|█████████▊| 296/300 [38:41<00:31,  7.86s/ep][A

tin/rn18/rcad2d/hl/ipc10 s46:  99%|█████████▉| 297/300 [38:49<00:23,  7.86s/ep][A

tin/rn18/rcad2d/hl/ipc10 s46:  99%|█████████▉| 298/300 [38:57<00:15,  7.89s/ep][A

tin/rn18/rcad2d/hl/ipc10 s46: 100%|█████████▉| 299/300 [39:05<00:07,  7.90s/ep][A

tin/rn18/rcad2d/hl/ipc10 s46: 100%|██████████| 300/300 [39:13<00:00,  7.87s/ep][A

                                                                               [A[cell] tin/rn18/rcad2d/hl/ipc10 seed46: 6.35%  (2366s)
[cell] tin/rn18/rcad2d/hl/ipc10: union seeds [42, 43, 44] + [45, 46]

rn18-tin:  33%|███▎      | 9/27 [11:39:12<23:39:52, 4732.92s/cell, rcad2d/hl/ipc10]
rn18-tin:  33%|███▎      | 9/27 [11:39:12<23:39:52, 4732.92s/cell, random/hl/ipc50][cell] tin/rn18/rcad2d/hl/ipc10: 6.41 +- 0.54 (6403s)


tin/rn18/random/hl/ipc50 s45:   0%|          | 0/300 [00:00<?, ?ep/s][A

tin/rn18/random/hl/ipc50 s45:   0%|          | 1/300 [00:39<3:16:32, 39.44s/ep][A

tin/rn18/random/hl/ipc50 s45:   1%|          | 2/300 [01:18<3:15:21, 39.33s/ep][A

tin/rn18/random/hl/ipc50 s45:   1%|          | 3/300 [01:57<3:14:01, 39.20s/ep][A

tin/rn18/random/hl/ipc50 s45:   1%|▏         | 4/300 [02:37<3:14:07, 39.35s/ep][A

tin/rn18/random/hl/ipc50 s45:   2%|▏         | 5/300 [03:17<3:14:09, 39.49s/ep][A

tin/rn18/random/hl/ipc50 s45:   2%|▏         | 6/300 [03:56<3:13:11, 39.43s/ep][A

tin/rn18/random/hl/ipc50 s45:   2%|▏         | 7/300 [04:35<3:12:27, 39.41s/ep][A

tin/rn18/random/hl/ipc50 s45:   3%|▎         | 8/300 [05:14<3:11:07, 39.27s/ep][A

tin/rn18/random/hl/ipc50 s45:   3%|▎         | 9/300 [05:54<3:10:41, 39.32s/ep][A

tin/rn18/random/hl/ipc50 s45:   3%|▎         | 10/300 [06:33<3:09:44, 39.26s/ep][A

tin/rn18/random/hl/ipc50 s45:   4%|▎         | 11/300 [07:12<3:09:13, 39.28s/ep][A

tin/rn18/random/hl/ipc50 s45:   4%|▍         | 12/300 [07:51<3:08:19, 39.24s/ep][A

tin/rn18/random/hl/ipc50 s45:   4%|▍         | 13/300 [08:31<3:07:47, 39.26s/ep][A

tin/rn18/random/hl/ipc50 s45:   5%|▍         | 14/300 [09:10<3:06:53, 39.21s/ep][A

tin/rn18/random/hl/ipc50 s45:   5%|▌         | 15/300 [09:49<3:06:37, 39.29s/ep][A

tin/rn18/random/hl/ipc50 s45:   5%|▌         | 16/300 [10:29<3:06:12, 39.34s/ep][A

tin/rn18/random/hl/ipc50 s45:   6%|▌         | 17/300 [11:08<3:05:23, 39.31s/ep][A

tin/rn18/random/hl/ipc50 s45:   6%|▌         | 18/300 [11:47<3:04:21, 39.22s/ep][A

tin/rn18/random/hl/ipc50 s45:   6%|▋         | 19/300 [12:26<3:04:02, 39.30s/ep][A

tin/rn18/random/hl/ipc50 s45:   7%|▋         | 20/300 [13:06<3:03:25, 39.31s/ep][A

tin/rn18/random/hl/ipc50 s45:   7%|▋         | 21/300 [13:45<3:03:26, 39.45s/ep][A

tin/rn18/random/hl/ipc50 s45:   7%|▋         | 22/300 [14:25<3:03:12, 39.54s/ep][A

tin/rn18/random/hl/ipc50 s45:   8%|▊         | 23/300 [15:05<3:02:36, 39.55s/ep][A

tin/rn18/random/hl/ipc50 s45:   8%|▊         | 24/300 [15:44<3:00:57, 39.34s/ep][A

tin/rn18/random/hl/ipc50 s45:   8%|▊         | 25/300 [16:23<3:00:20, 39.35s/ep][A

tin/rn18/random/hl/ipc50 s45:   9%|▊         | 26/300 [17:02<2:59:42, 39.35s/ep][A

tin/rn18/random/hl/ipc50 s45:   9%|▉         | 27/300 [17:41<2:58:46, 39.29s/ep][A

tin/rn18/random/hl/ipc50 s45:   9%|▉         | 28/300 [18:21<2:58:24, 39.35s/ep][A

tin/rn18/random/hl/ipc50 s45:  10%|▉         | 29/300 [19:01<2:58:14, 39.46s/ep][A

tin/rn18/random/hl/ipc50 s45:  10%|█         | 30/300 [19:40<2:57:09, 39.37s/ep][A

tin/rn18/random/hl/ipc50 s45:  10%|█         | 31/300 [20:20<2:56:59, 39.48s/ep][A

tin/rn18/random/hl/ipc50 s45:  11%|█         | 32/300 [20:59<2:56:06, 39.43s/ep][A

tin/rn18/random/hl/ipc50 s45:  11%|█         | 33/300 [21:39<2:56:02, 39.56s/ep][A

tin/rn18/random/hl/ipc50 s45:  11%|█▏        | 34/300 [22:18<2:55:11, 39.52s/ep][A

tin/rn18/random/hl/ipc50 s45:  12%|█▏        | 35/300 [22:58<2:54:29, 39.51s/ep][A

tin/rn18/random/hl/ipc50 s45:  12%|█▏        | 36/300 [23:37<2:53:19, 39.39s/ep][A

tin/rn18/random/hl/ipc50 s45:  12%|█▏        | 37/300 [24:16<2:52:51, 39.44s/ep][A

tin/rn18/random/hl/ipc50 s45:  13%|█▎        | 38/300 [24:56<2:52:23, 39.48s/ep][A

tin/rn18/random/hl/ipc50 s45:  13%|█▎        | 39/300 [25:35<2:51:19, 39.39s/ep][A

tin/rn18/random/hl/ipc50 s45:  13%|█▎        | 40/300 [26:14<2:50:43, 39.40s/ep][A

tin/rn18/random/hl/ipc50 s45:  14%|█▎        | 41/300 [26:54<2:50:29, 39.50s/ep][A

tin/rn18/random/hl/ipc50 s45:  14%|█▍        | 42/300 [27:33<2:49:21, 39.38s/ep][A

tin/rn18/random/hl/ipc50 s45:  14%|█▍        | 43/300 [28:13<2:48:49, 39.41s/ep][A

tin/rn18/random/hl/ipc50 s45:  15%|█▍        | 44/300 [28:53<2:48:36, 39.52s/ep][A

tin/rn18/random/hl/ipc50 s45:  15%|█▌        | 45/300 [29:32<2:47:36, 39.44s/ep][A

tin/rn18/random/hl/ipc50 s45:  15%|█▌        | 46/300 [30:11<2:46:59, 39.45s/ep][A

tin/rn18/random/hl/ipc50 s45:  16%|█▌        | 47/300 [30:50<2:45:49, 39.33s/ep][A

tin/rn18/random/hl/ipc50 s45:  16%|█▌        | 48/300 [31:30<2:45:23, 39.38s/ep][A

tin/rn18/random/hl/ipc50 s45:  16%|█▋        | 49/300 [32:09<2:44:23, 39.30s/ep][A

tin/rn18/random/hl/ipc50 s45:  17%|█▋        | 50/300 [32:48<2:43:37, 39.27s/ep][A

tin/rn18/random/hl/ipc50 s45:  17%|█▋        | 51/300 [33:27<2:42:58, 39.27s/ep][A

tin/rn18/random/hl/ipc50 s45:  17%|█▋        | 52/300 [34:07<2:42:14, 39.25s/ep][A

tin/rn18/random/hl/ipc50 s45:  18%|█▊        | 53/300 [34:46<2:42:17, 39.42s/ep][A

tin/rn18/random/hl/ipc50 s45:  18%|█▊        | 54/300 [35:26<2:41:33, 39.41s/ep][A

tin/rn18/random/hl/ipc50 s45:  18%|█▊        | 55/300 [36:05<2:40:31, 39.31s/ep][A

tin/rn18/random/hl/ipc50 s45:  19%|█▊        | 56/300 [36:44<2:40:04, 39.36s/ep][A

tin/rn18/random/hl/ipc50 s45:  19%|█▉        | 57/300 [37:24<2:39:39, 39.42s/ep][A

tin/rn18/random/hl/ipc50 s45:  19%|█▉        | 58/300 [38:03<2:38:37, 39.33s/ep][A

tin/rn18/random/hl/ipc50 s45:  20%|█▉        | 59/300 [38:42<2:37:51, 39.30s/ep][A

tin/rn18/random/hl/ipc50 s45:  20%|██        | 60/300 [39:22<2:37:08, 39.28s/ep][A

tin/rn18/random/hl/ipc50 s45:  20%|██        | 61/300 [40:01<2:36:19, 39.24s/ep][A

tin/rn18/random/hl/ipc50 s45:  21%|██        | 62/300 [40:40<2:35:25, 39.18s/ep][A

tin/rn18/random/hl/ipc50 s45:  21%|██        | 63/300 [41:19<2:35:09, 39.28s/ep][A

tin/rn18/random/hl/ipc50 s45:  21%|██▏       | 64/300 [41:59<2:34:35, 39.30s/ep][A

tin/rn18/random/hl/ipc50 s45:  22%|██▏       | 65/300 [42:38<2:33:57, 39.31s/ep][A

tin/rn18/random/hl/ipc50 s45:  22%|██▏       | 66/300 [43:17<2:33:12, 39.28s/ep][A

tin/rn18/random/hl/ipc50 s45:  22%|██▏       | 67/300 [43:57<2:33:07, 39.43s/ep][A

tin/rn18/random/hl/ipc50 s45:  23%|██▎       | 68/300 [44:36<2:32:23, 39.41s/ep][A

tin/rn18/random/hl/ipc50 s45:  23%|██▎       | 69/300 [45:16<2:31:35, 39.38s/ep][A

tin/rn18/random/hl/ipc50 s45:  23%|██▎       | 70/300 [45:55<2:30:26, 39.24s/ep][A

tin/rn18/random/hl/ipc50 s45:  24%|██▎       | 71/300 [46:34<2:29:50, 39.26s/ep][A

tin/rn18/random/hl/ipc50 s45:  24%|██▍       | 72/300 [47:13<2:29:23, 39.31s/ep][A

tin/rn18/random/hl/ipc50 s45:  24%|██▍       | 73/300 [47:53<2:29:04, 39.40s/ep][A

tin/rn18/random/hl/ipc50 s45:  25%|██▍       | 74/300 [48:32<2:28:21, 39.39s/ep][A

tin/rn18/random/hl/ipc50 s45:  25%|██▌       | 75/300 [49:12<2:27:42, 39.39s/ep][A

tin/rn18/random/hl/ipc50 s45:  25%|██▌       | 76/300 [49:51<2:26:51, 39.34s/ep][A

tin/rn18/random/hl/ipc50 s45:  26%|██▌       | 77/300 [50:30<2:25:57, 39.27s/ep][A

tin/rn18/random/hl/ipc50 s45:  26%|██▌       | 78/300 [51:09<2:25:24, 39.30s/ep][A

tin/rn18/random/hl/ipc50 s45:  26%|██▋       | 79/300 [51:49<2:25:12, 39.42s/ep][A

tin/rn18/random/hl/ipc50 s45:  27%|██▋       | 80/300 [52:28<2:24:33, 39.43s/ep][A

tin/rn18/random/hl/ipc50 s45:  27%|██▋       | 81/300 [53:08<2:24:21, 39.55s/ep][A

tin/rn18/random/hl/ipc50 s45:  27%|██▋       | 82/300 [53:48<2:23:20, 39.45s/ep][A

tin/rn18/random/hl/ipc50 s45:  28%|██▊       | 83/300 [54:27<2:22:50, 39.50s/ep][A

tin/rn18/random/hl/ipc50 s45:  28%|██▊       | 84/300 [55:06<2:21:56, 39.43s/ep][A

tin/rn18/random/hl/ipc50 s45:  28%|██▊       | 85/300 [55:46<2:21:00, 39.35s/ep][A

tin/rn18/random/hl/ipc50 s45:  29%|██▊       | 86/300 [56:24<2:19:53, 39.22s/ep][A

tin/rn18/random/hl/ipc50 s45:  29%|██▉       | 87/300 [57:04<2:19:43, 39.36s/ep][A

tin/rn18/random/hl/ipc50 s45:  29%|██▉       | 88/300 [57:44<2:19:03, 39.36s/ep][A

tin/rn18/random/hl/ipc50 s45:  30%|██▉       | 89/300 [58:22<2:17:58, 39.24s/ep][A

tin/rn18/random/hl/ipc50 s45:  30%|███       | 90/300 [59:01<2:16:46, 39.08s/ep][A

tin/rn18/random/hl/ipc50 s45:  30%|███       | 91/300 [59:40<2:15:58, 39.04s/ep][A

tin/rn18/random/hl/ipc50 s45:  31%|███       | 92/300 [1:00:19<2:14:56, 38.92s/ep][A

tin/rn18/random/hl/ipc50 s45:  31%|███       | 93/300 [1:00:57<2:13:49, 38.79s/ep][A

tin/rn18/random/hl/ipc50 s45:  31%|███▏      | 94/300 [1:01:36<2:13:30, 38.89s/ep][A

tin/rn18/random/hl/ipc50 s45:  32%|███▏      | 95/300 [1:02:16<2:13:13, 38.99s/ep][A

tin/rn18/random/hl/ipc50 s45:  32%|███▏      | 96/300 [1:02:55<2:12:30, 38.97s/ep][A

tin/rn18/random/hl/ipc50 s45:  32%|███▏      | 97/300 [1:03:34<2:12:06, 39.05s/ep][A

tin/rn18/random/hl/ipc50 s45:  33%|███▎      | 98/300 [1:04:13<2:11:46, 39.14s/ep][A

tin/rn18/random/hl/ipc50 s45:  33%|███▎      | 99/300 [1:04:53<2:11:42, 39.32s/ep][A

tin/rn18/random/hl/ipc50 s45:  33%|███▎      | 100/300 [1:05:32<2:11:11, 39.36s/ep][A

tin/rn18/random/hl/ipc50 s45:  34%|███▎      | 101/300 [1:06:11<2:10:18, 39.29s/ep][A

tin/rn18/random/hl/ipc50 s45:  34%|███▍      | 102/300 [1:06:51<2:09:48, 39.34s/ep][A

tin/rn18/random/hl/ipc50 s45:  34%|███▍      | 103/300 [1:07:31<2:09:27, 39.43s/ep][A

tin/rn18/random/hl/ipc50 s45:  35%|███▍      | 104/300 [1:08:10<2:08:51, 39.45s/ep][A

tin/rn18/random/hl/ipc50 s45:  35%|███▌      | 105/300 [1:08:49<2:08:06, 39.42s/ep][A

tin/rn18/random/hl/ipc50 s45:  35%|███▌      | 106/300 [1:09:29<2:07:33, 39.45s/ep][A

tin/rn18/random/hl/ipc50 s45:  36%|███▌      | 107/300 [1:10:08<2:07:01, 39.49s/ep][A

tin/rn18/random/hl/ipc50 s45:  36%|███▌      | 108/300 [1:10:48<2:06:30, 39.53s/ep][A

tin/rn18/random/hl/ipc50 s45:  36%|███▋      | 109/300 [1:11:27<2:05:36, 39.46s/ep][A

tin/rn18/random/hl/ipc50 s45:  37%|███▋      | 110/300 [1:12:07<2:05:15, 39.56s/ep][A

tin/rn18/random/hl/ipc50 s45:  37%|███▋      | 111/300 [1:12:47<2:04:33, 39.54s/ep][A

tin/rn18/random/hl/ipc50 s45:  37%|███▋      | 112/300 [1:13:26<2:03:54, 39.54s/ep][A

tin/rn18/random/hl/ipc50 s45:  38%|███▊      | 113/300 [1:14:06<2:03:15, 39.55s/ep][A

tin/rn18/random/hl/ipc50 s45:  38%|███▊      | 114/300 [1:14:45<2:02:22, 39.48s/ep][A

tin/rn18/random/hl/ipc50 s45:  38%|███▊      | 115/300 [1:15:24<2:01:36, 39.44s/ep][A

tin/rn18/random/hl/ipc50 s45:  39%|███▊      | 116/300 [1:16:04<2:00:47, 39.39s/ep][A

tin/rn18/random/hl/ipc50 s45:  39%|███▉      | 117/300 [1:16:43<2:00:05, 39.37s/ep][A

tin/rn18/random/hl/ipc50 s45:  39%|███▉      | 118/300 [1:17:22<1:59:21, 39.35s/ep][A

tin/rn18/random/hl/ipc50 s45:  40%|███▉      | 119/300 [1:18:02<1:58:43, 39.35s/ep][A

tin/rn18/random/hl/ipc50 s45:  40%|████      | 120/300 [1:18:41<1:57:59, 39.33s/ep][A

tin/rn18/random/hl/ipc50 s45:  40%|████      | 121/300 [1:19:20<1:57:29, 39.38s/ep][A

tin/rn18/random/hl/ipc50 s45:  41%|████      | 122/300 [1:20:00<1:57:07, 39.48s/ep][A

tin/rn18/random/hl/ipc50 s45:  41%|████      | 123/300 [1:20:40<1:56:19, 39.43s/ep][A

tin/rn18/random/hl/ipc50 s45:  41%|████▏     | 124/300 [1:21:19<1:55:26, 39.36s/ep][A

tin/rn18/random/hl/ipc50 s45:  42%|████▏     | 125/300 [1:21:58<1:54:33, 39.28s/ep][A

tin/rn18/random/hl/ipc50 s45:  42%|████▏     | 126/300 [1:22:37<1:53:53, 39.27s/ep][A

tin/rn18/random/hl/ipc50 s45:  42%|████▏     | 127/300 [1:23:17<1:53:32, 39.38s/ep][A

tin/rn18/random/hl/ipc50 s45:  43%|████▎     | 128/300 [1:23:56<1:52:56, 39.40s/ep][A

tin/rn18/random/hl/ipc50 s45:  43%|████▎     | 129/300 [1:24:36<1:52:27, 39.46s/ep][A

tin/rn18/random/hl/ipc50 s45:  43%|████▎     | 130/300 [1:25:15<1:51:40, 39.42s/ep][A

tin/rn18/random/hl/ipc50 s45:  44%|████▎     | 131/300 [1:25:54<1:50:36, 39.27s/ep][A

tin/rn18/random/hl/ipc50 s45:  44%|████▍     | 132/300 [1:26:34<1:50:29, 39.46s/ep][A

tin/rn18/random/hl/ipc50 s45:  44%|████▍     | 133/300 [1:27:13<1:49:50, 39.46s/ep][A

tin/rn18/random/hl/ipc50 s45:  45%|████▍     | 134/300 [1:27:53<1:48:56, 39.37s/ep][A

tin/rn18/random/hl/ipc50 s45:  45%|████▌     | 135/300 [1:28:32<1:48:25, 39.43s/ep][A

tin/rn18/random/hl/ipc50 s45:  45%|████▌     | 136/300 [1:29:12<1:47:51, 39.46s/ep][A

tin/rn18/random/hl/ipc50 s45:  46%|████▌     | 137/300 [1:29:51<1:47:05, 39.42s/ep][A

tin/rn18/random/hl/ipc50 s45:  46%|████▌     | 138/300 [1:30:30<1:46:26, 39.42s/ep][A

tin/rn18/random/hl/ipc50 s45:  46%|████▋     | 139/300 [1:31:09<1:45:25, 39.29s/ep][A

tin/rn18/random/hl/ipc50 s45:  47%|████▋     | 140/300 [1:31:49<1:44:57, 39.36s/ep][A

tin/rn18/random/hl/ipc50 s45:  47%|████▋     | 141/300 [1:32:28<1:44:26, 39.41s/ep][A

tin/rn18/random/hl/ipc50 s45:  47%|████▋     | 142/300 [1:33:08<1:43:53, 39.45s/ep][A

tin/rn18/random/hl/ipc50 s45:  48%|████▊     | 143/300 [1:33:48<1:43:25, 39.53s/ep][A

tin/rn18/random/hl/ipc50 s45:  48%|████▊     | 144/300 [1:34:28<1:43:06, 39.65s/ep][A

tin/rn18/random/hl/ipc50 s45:  48%|████▊     | 145/300 [1:35:07<1:42:37, 39.73s/ep][A

tin/rn18/random/hl/ipc50 s45:  49%|████▊     | 146/300 [1:35:47<1:41:58, 39.73s/ep][A

tin/rn18/random/hl/ipc50 s45:  49%|████▉     | 147/300 [1:36:27<1:41:21, 39.75s/ep][A

tin/rn18/random/hl/ipc50 s45:  49%|████▉     | 148/300 [1:37:06<1:40:20, 39.61s/ep][A

tin/rn18/random/hl/ipc50 s45:  50%|████▉     | 149/300 [1:37:46<1:39:33, 39.56s/ep][A

tin/rn18/random/hl/ipc50 s45:  50%|█████     | 150/300 [1:38:25<1:38:56, 39.58s/ep][A

tin/rn18/random/hl/ipc50 s45:  50%|█████     | 151/300 [1:39:05<1:38:16, 39.57s/ep][A

tin/rn18/random/hl/ipc50 s45:  51%|█████     | 152/300 [1:39:44<1:37:35, 39.56s/ep][A

tin/rn18/random/hl/ipc50 s45:  51%|█████     | 153/300 [1:40:24<1:36:44, 39.49s/ep][A

tin/rn18/random/hl/ipc50 s45:  51%|█████▏    | 154/300 [1:41:03<1:36:15, 39.56s/ep][A

tin/rn18/random/hl/ipc50 s45:  52%|█████▏    | 155/300 [1:41:43<1:35:41, 39.60s/ep][A

tin/rn18/random/hl/ipc50 s45:  52%|█████▏    | 156/300 [1:42:23<1:35:09, 39.65s/ep][A

tin/rn18/random/hl/ipc50 s45:  52%|█████▏    | 157/300 [1:43:03<1:34:34, 39.68s/ep][A

tin/rn18/random/hl/ipc50 s45:  53%|█████▎    | 158/300 [1:43:42<1:33:38, 39.56s/ep][A

tin/rn18/random/hl/ipc50 s45:  53%|█████▎    | 159/300 [1:44:21<1:32:47, 39.49s/ep][A

tin/rn18/random/hl/ipc50 s45:  53%|█████▎    | 160/300 [1:45:01<1:32:05, 39.47s/ep][A

tin/rn18/random/hl/ipc50 s45:  54%|█████▎    | 161/300 [1:45:40<1:31:34, 39.53s/ep][A

tin/rn18/random/hl/ipc50 s45:  54%|█████▍    | 162/300 [1:46:20<1:31:01, 39.57s/ep][A

tin/rn18/random/hl/ipc50 s45:  54%|█████▍    | 163/300 [1:46:59<1:29:55, 39.38s/ep][A

tin/rn18/random/hl/ipc50 s45:  55%|█████▍    | 164/300 [1:47:39<1:29:29, 39.49s/ep][A

tin/rn18/random/hl/ipc50 s45:  55%|█████▌    | 165/300 [1:48:18<1:28:52, 39.50s/ep][A

tin/rn18/random/hl/ipc50 s45:  55%|█████▌    | 166/300 [1:48:57<1:27:57, 39.38s/ep][A

tin/rn18/random/hl/ipc50 s45:  56%|█████▌    | 167/300 [1:49:37<1:27:27, 39.45s/ep][A

tin/rn18/random/hl/ipc50 s45:  56%|█████▌    | 168/300 [1:50:16<1:26:46, 39.44s/ep][A

tin/rn18/random/hl/ipc50 s45:  56%|█████▋    | 169/300 [1:50:56<1:26:25, 39.59s/ep][A

tin/rn18/random/hl/ipc50 s45:  57%|█████▋    | 170/300 [1:51:36<1:25:46, 39.59s/ep][A

tin/rn18/random/hl/ipc50 s45:  57%|█████▋    | 171/300 [1:52:15<1:25:02, 39.55s/ep][A

tin/rn18/random/hl/ipc50 s45:  57%|█████▋    | 172/300 [1:52:55<1:24:29, 39.60s/ep][A

tin/rn18/random/hl/ipc50 s45:  58%|█████▊    | 173/300 [1:53:35<1:23:46, 39.58s/ep][A

tin/rn18/random/hl/ipc50 s45:  58%|█████▊    | 174/300 [1:54:14<1:23:12, 39.63s/ep][A

tin/rn18/random/hl/ipc50 s45:  58%|█████▊    | 175/300 [1:54:54<1:22:29, 39.59s/ep][A

tin/rn18/random/hl/ipc50 s45:  59%|█████▊    | 176/300 [1:55:33<1:21:31, 39.45s/ep][A

tin/rn18/random/hl/ipc50 s45:  59%|█████▉    | 177/300 [1:56:13<1:21:00, 39.52s/ep][A

tin/rn18/random/hl/ipc50 s45:  59%|█████▉    | 178/300 [1:56:52<1:20:32, 39.61s/ep][A

tin/rn18/random/hl/ipc50 s45:  60%|█████▉    | 179/300 [1:57:32<1:19:49, 39.58s/ep][A

tin/rn18/random/hl/ipc50 s45:  60%|██████    | 180/300 [1:58:12<1:19:12, 39.60s/ep][A

tin/rn18/random/hl/ipc50 s45:  60%|██████    | 181/300 [1:58:51<1:18:26, 39.55s/ep][A

tin/rn18/random/hl/ipc50 s45:  61%|██████    | 182/300 [1:59:31<1:17:46, 39.54s/ep][A

tin/rn18/random/hl/ipc50 s45:  61%|██████    | 183/300 [2:00:10<1:17:09, 39.57s/ep][A

tin/rn18/random/hl/ipc50 s45:  61%|██████▏   | 184/300 [2:00:50<1:16:21, 39.50s/ep][A

tin/rn18/random/hl/ipc50 s45:  62%|██████▏   | 185/300 [2:01:29<1:15:52, 39.58s/ep][A

tin/rn18/random/hl/ipc50 s45:  62%|██████▏   | 186/300 [2:02:09<1:15:25, 39.69s/ep][A

tin/rn18/random/hl/ipc50 s45:  62%|██████▏   | 187/300 [2:02:49<1:14:31, 39.58s/ep][A

tin/rn18/random/hl/ipc50 s45:  63%|██████▎   | 188/300 [2:03:28<1:13:59, 39.63s/ep][A

tin/rn18/random/hl/ipc50 s45:  63%|██████▎   | 189/300 [2:04:08<1:13:14, 39.59s/ep][A

tin/rn18/random/hl/ipc50 s45:  63%|██████▎   | 190/300 [2:04:48<1:12:40, 39.64s/ep][A

tin/rn18/random/hl/ipc50 s45:  64%|██████▎   | 191/300 [2:05:27<1:11:52, 39.57s/ep][A

tin/rn18/random/hl/ipc50 s45:  64%|██████▍   | 192/300 [2:06:07<1:11:20, 39.64s/ep][A

tin/rn18/random/hl/ipc50 s45:  64%|██████▍   | 193/300 [2:06:47<1:10:52, 39.74s/ep][A

tin/rn18/random/hl/ipc50 s45:  65%|██████▍   | 194/300 [2:07:27<1:10:18, 39.79s/ep][A

tin/rn18/random/hl/ipc50 s45:  65%|██████▌   | 195/300 [2:08:06<1:09:18, 39.60s/ep][A

tin/rn18/random/hl/ipc50 s45:  65%|██████▌   | 196/300 [2:08:46<1:08:40, 39.62s/ep][A

tin/rn18/random/hl/ipc50 s45:  66%|██████▌   | 197/300 [2:09:25<1:08:03, 39.65s/ep][A

tin/rn18/random/hl/ipc50 s45:  66%|██████▌   | 198/300 [2:10:05<1:07:34, 39.75s/ep][A

tin/rn18/random/hl/ipc50 s45:  66%|██████▋   | 199/300 [2:10:45<1:06:47, 39.68s/ep][A

tin/rn18/random/hl/ipc50 s45:  67%|██████▋   | 200/300 [2:11:24<1:05:55, 39.56s/ep][A

tin/rn18/random/hl/ipc50 s45:  67%|██████▋   | 201/300 [2:12:04<1:05:25, 39.65s/ep][A

tin/rn18/random/hl/ipc50 s45:  67%|██████▋   | 202/300 [2:12:44<1:04:50, 39.70s/ep][A

tin/rn18/random/hl/ipc50 s45:  68%|██████▊   | 203/300 [2:13:24<1:04:14, 39.73s/ep][A

tin/rn18/random/hl/ipc50 s45:  68%|██████▊   | 204/300 [2:14:03<1:03:28, 39.67s/ep][A

tin/rn18/random/hl/ipc50 s45:  68%|██████▊   | 205/300 [2:14:43<1:02:55, 39.74s/ep][A

tin/rn18/random/hl/ipc50 s45:  69%|██████▊   | 206/300 [2:15:23<1:02:12, 39.71s/ep][A

tin/rn18/random/hl/ipc50 s45:  69%|██████▉   | 207/300 [2:16:02<1:01:19, 39.57s/ep][A

tin/rn18/random/hl/ipc50 s45:  69%|██████▉   | 208/300 [2:16:41<1:00:22, 39.37s/ep][A

tin/rn18/random/hl/ipc50 s45:  70%|██████▉   | 209/300 [2:17:20<59:30, 39.24s/ep]  [A

tin/rn18/random/hl/ipc50 s45:  70%|███████   | 210/300 [2:17:58<58:37, 39.09s/ep][A

tin/rn18/random/hl/ipc50 s45:  70%|███████   | 211/300 [2:18:38<58:02, 39.12s/ep][A

tin/rn18/random/hl/ipc50 s45:  71%|███████   | 212/300 [2:19:17<57:29, 39.20s/ep][A

tin/rn18/random/hl/ipc50 s45:  71%|███████   | 213/300 [2:19:56<56:47, 39.17s/ep][A

tin/rn18/random/hl/ipc50 s45:  71%|███████▏  | 214/300 [2:20:36<56:22, 39.33s/ep][A

tin/rn18/random/hl/ipc50 s45:  72%|███████▏  | 215/300 [2:21:15<55:40, 39.30s/ep][A

tin/rn18/random/hl/ipc50 s45:  72%|███████▏  | 216/300 [2:21:55<55:09, 39.40s/ep][A

tin/rn18/random/hl/ipc50 s45:  72%|███████▏  | 217/300 [2:22:34<54:29, 39.39s/ep][A

tin/rn18/random/hl/ipc50 s45:  73%|███████▎  | 218/300 [2:23:14<53:53, 39.43s/ep][A

tin/rn18/random/hl/ipc50 s45:  73%|███████▎  | 219/300 [2:23:53<53:16, 39.46s/ep][A

tin/rn18/random/hl/ipc50 s45:  73%|███████▎  | 220/300 [2:24:33<52:42, 39.53s/ep][A

tin/rn18/random/hl/ipc50 s45:  74%|███████▎  | 221/300 [2:25:12<52:06, 39.58s/ep][A

tin/rn18/random/hl/ipc50 s45:  74%|███████▍  | 222/300 [2:25:52<51:31, 39.64s/ep][A

tin/rn18/random/hl/ipc50 s45:  74%|███████▍  | 223/300 [2:26:32<50:57, 39.71s/ep][A

tin/rn18/random/hl/ipc50 s45:  75%|███████▍  | 224/300 [2:27:12<50:23, 39.79s/ep][A

tin/rn18/random/hl/ipc50 s45:  75%|███████▌  | 225/300 [2:27:52<49:48, 39.84s/ep][A

tin/rn18/random/hl/ipc50 s45:  75%|███████▌  | 226/300 [2:28:32<49:10, 39.87s/ep][A

tin/rn18/random/hl/ipc50 s45:  76%|███████▌  | 227/300 [2:29:12<48:27, 39.83s/ep][A

tin/rn18/random/hl/ipc50 s45:  76%|███████▌  | 228/300 [2:29:51<47:46, 39.81s/ep][A

tin/rn18/random/hl/ipc50 s45:  76%|███████▋  | 229/300 [2:30:31<47:06, 39.81s/ep][A

tin/rn18/random/hl/ipc50 s45:  77%|███████▋  | 230/300 [2:31:11<46:29, 39.85s/ep][A

tin/rn18/random/hl/ipc50 s45:  77%|███████▋  | 231/300 [2:31:51<45:53, 39.90s/ep][A

tin/rn18/random/hl/ipc50 s45:  77%|███████▋  | 232/300 [2:32:31<45:11, 39.88s/ep][A

tin/rn18/random/hl/ipc50 s45:  78%|███████▊  | 233/300 [2:33:11<44:33, 39.90s/ep][A

tin/rn18/random/hl/ipc50 s45:  78%|███████▊  | 234/300 [2:33:51<43:48, 39.83s/ep][A

tin/rn18/random/hl/ipc50 s45:  78%|███████▊  | 235/300 [2:34:30<43:04, 39.76s/ep][A

tin/rn18/random/hl/ipc50 s45:  79%|███████▊  | 236/300 [2:35:10<42:25, 39.78s/ep][A

tin/rn18/random/hl/ipc50 s45:  79%|███████▉  | 237/300 [2:35:50<41:43, 39.74s/ep][A

tin/rn18/random/hl/ipc50 s45:  79%|███████▉  | 238/300 [2:36:30<41:05, 39.77s/ep][A

tin/rn18/random/hl/ipc50 s45:  80%|███████▉  | 239/300 [2:37:09<40:21, 39.70s/ep][A

tin/rn18/random/hl/ipc50 s45:  80%|████████  | 240/300 [2:37:49<39:38, 39.65s/ep][A

tin/rn18/random/hl/ipc50 s45:  80%|████████  | 241/300 [2:38:29<39:03, 39.73s/ep][A

tin/rn18/random/hl/ipc50 s45:  81%|████████  | 242/300 [2:39:08<38:24, 39.73s/ep][A

tin/rn18/random/hl/ipc50 s45:  81%|████████  | 243/300 [2:39:48<37:46, 39.77s/ep][A

tin/rn18/random/hl/ipc50 s45:  81%|████████▏ | 244/300 [2:40:28<37:11, 39.84s/ep][A

tin/rn18/random/hl/ipc50 s45:  82%|████████▏ | 245/300 [2:41:08<36:32, 39.86s/ep][A

tin/rn18/random/hl/ipc50 s45:  82%|████████▏ | 246/300 [2:41:48<35:50, 39.83s/ep][A

tin/rn18/random/hl/ipc50 s45:  82%|████████▏ | 247/300 [2:42:28<35:12, 39.85s/ep][A

tin/rn18/random/hl/ipc50 s45:  83%|████████▎ | 248/300 [2:43:08<34:31, 39.84s/ep][A

tin/rn18/random/hl/ipc50 s45:  83%|████████▎ | 249/300 [2:43:47<33:48, 39.78s/ep][A

tin/rn18/random/hl/ipc50 s45:  83%|████████▎ | 250/300 [2:44:27<33:08, 39.76s/ep][A

tin/rn18/random/hl/ipc50 s45:  84%|████████▎ | 251/300 [2:45:07<32:30, 39.80s/ep][A

tin/rn18/random/hl/ipc50 s45:  84%|████████▍ | 252/300 [2:45:47<31:51, 39.81s/ep][A

tin/rn18/random/hl/ipc50 s45:  84%|████████▍ | 253/300 [2:46:27<31:13, 39.85s/ep][A

tin/rn18/random/hl/ipc50 s45:  85%|████████▍ | 254/300 [2:47:07<30:36, 39.91s/ep][A

tin/rn18/random/hl/ipc50 s45:  85%|████████▌ | 255/300 [2:47:47<29:56, 39.93s/ep][A

tin/rn18/random/hl/ipc50 s45:  85%|████████▌ | 256/300 [2:48:27<29:17, 39.94s/ep][A

tin/rn18/random/hl/ipc50 s45:  86%|████████▌ | 257/300 [2:49:06<28:33, 39.85s/ep][A

tin/rn18/random/hl/ipc50 s45:  86%|████████▌ | 258/300 [2:49:46<27:50, 39.78s/ep][A

tin/rn18/random/hl/ipc50 s45:  86%|████████▋ | 259/300 [2:50:25<27:07, 39.70s/ep][A

tin/rn18/random/hl/ipc50 s45:  87%|████████▋ | 260/300 [2:51:05<26:27, 39.69s/ep][A

tin/rn18/random/hl/ipc50 s45:  87%|████████▋ | 261/300 [2:51:45<25:49, 39.72s/ep][A

tin/rn18/random/hl/ipc50 s45:  87%|████████▋ | 262/300 [2:52:25<25:09, 39.73s/ep][A

tin/rn18/random/hl/ipc50 s45:  88%|████████▊ | 263/300 [2:53:04<24:26, 39.63s/ep][A

tin/rn18/random/hl/ipc50 s45:  88%|████████▊ | 264/300 [2:53:44<23:46, 39.63s/ep][A

tin/rn18/random/hl/ipc50 s45:  88%|████████▊ | 265/300 [2:54:23<23:08, 39.67s/ep][A

tin/rn18/random/hl/ipc50 s45:  89%|████████▊ | 266/300 [2:55:03<22:27, 39.62s/ep][A

tin/rn18/random/hl/ipc50 s45:  89%|████████▉ | 267/300 [2:55:43<21:48, 39.66s/ep][A

tin/rn18/random/hl/ipc50 s45:  89%|████████▉ | 268/300 [2:56:22<21:05, 39.56s/ep][A

tin/rn18/random/hl/ipc50 s45:  90%|████████▉ | 269/300 [2:57:02<20:29, 39.67s/ep][A

tin/rn18/random/hl/ipc50 s45:  90%|█████████ | 270/300 [2:57:42<19:51, 39.73s/ep][A

tin/rn18/random/hl/ipc50 s45:  90%|█████████ | 271/300 [2:58:21<19:11, 39.71s/ep][A

tin/rn18/random/hl/ipc50 s45:  91%|█████████ | 272/300 [2:59:01<18:34, 39.80s/ep][A

tin/rn18/random/hl/ipc50 s45:  91%|█████████ | 273/300 [2:59:41<17:53, 39.77s/ep][A

tin/rn18/random/hl/ipc50 s45:  91%|█████████▏| 274/300 [3:00:21<17:15, 39.84s/ep][A

tin/rn18/random/hl/ipc50 s45:  92%|█████████▏| 275/300 [3:01:01<16:33, 39.75s/ep][A

tin/rn18/random/hl/ipc50 s45:  92%|█████████▏| 276/300 [3:01:40<15:53, 39.74s/ep][A

tin/rn18/random/hl/ipc50 s45:  92%|█████████▏| 277/300 [3:02:20<15:15, 39.80s/ep][A

tin/rn18/random/hl/ipc50 s45:  93%|█████████▎| 278/300 [3:03:00<14:37, 39.90s/ep][A

tin/rn18/random/hl/ipc50 s45:  93%|█████████▎| 279/300 [3:03:40<13:57, 39.86s/ep][A

tin/rn18/random/hl/ipc50 s45:  93%|█████████▎| 280/300 [3:04:20<13:17, 39.87s/ep][A

tin/rn18/random/hl/ipc50 s45:  94%|█████████▎| 281/300 [3:05:00<12:37, 39.89s/ep][A

tin/rn18/random/hl/ipc50 s45:  94%|█████████▍| 282/300 [3:05:40<11:56, 39.78s/ep][A

tin/rn18/random/hl/ipc50 s45:  94%|█████████▍| 283/300 [3:06:20<11:17, 39.84s/ep][A

tin/rn18/random/hl/ipc50 s45:  95%|█████████▍| 284/300 [3:06:59<10:37, 39.84s/ep][A

tin/rn18/random/hl/ipc50 s45:  95%|█████████▌| 285/300 [3:07:39<09:58, 39.89s/ep][A

tin/rn18/random/hl/ipc50 s45:  95%|█████████▌| 286/300 [3:08:19<09:18, 39.86s/ep][A

tin/rn18/random/hl/ipc50 s45:  96%|█████████▌| 287/300 [3:08:59<08:37, 39.81s/ep][A

tin/rn18/random/hl/ipc50 s45:  96%|█████████▌| 288/300 [3:09:39<07:57, 39.83s/ep][A

tin/rn18/random/hl/ipc50 s45:  96%|█████████▋| 289/300 [3:10:19<07:17, 39.81s/ep][A

tin/rn18/random/hl/ipc50 s45:  97%|█████████▋| 290/300 [3:10:58<06:37, 39.73s/ep][A

tin/rn18/random/hl/ipc50 s45:  97%|█████████▋| 291/300 [3:11:38<05:57, 39.72s/ep][A

tin/rn18/random/hl/ipc50 s45:  97%|█████████▋| 292/300 [3:12:18<05:18, 39.79s/ep][A

tin/rn18/random/hl/ipc50 s45:  98%|█████████▊| 293/300 [3:12:58<04:38, 39.84s/ep][A

tin/rn18/random/hl/ipc50 s45:  98%|█████████▊| 294/300 [3:13:38<03:59, 39.87s/ep][A

tin/rn18/random/hl/ipc50 s45:  98%|█████████▊| 295/300 [3:14:18<03:19, 39.89s/ep][A

tin/rn18/random/hl/ipc50 s45:  99%|█████████▊| 296/300 [3:14:58<02:39, 39.96s/ep][A

tin/rn18/random/hl/ipc50 s45:  99%|█████████▉| 297/300 [3:15:38<01:59, 39.95s/ep][A

tin/rn18/random/hl/ipc50 s45:  99%|█████████▉| 298/300 [3:16:18<01:19, 39.94s/ep][A

tin/rn18/random/hl/ipc50 s45: 100%|█████████▉| 299/300 [3:16:57<00:39, 39.93s/ep][A

tin/rn18/random/hl/ipc50 s45: 100%|██████████| 300/300 [3:17:37<00:00, 39.96s/ep][A

                                                                                 [A[cell] tin/rn18/random/hl/ipc50 seed45: 15.57%  (11871s)


tin/rn18/random/hl/ipc50 s46:   0%|          | 0/300 [00:00<?, ?ep/s][A

tin/rn18/random/hl/ipc50 s46:   0%|          | 1/300 [00:39<3:18:31, 39.84s/ep][A

tin/rn18/random/hl/ipc50 s46:   1%|          | 2/300 [01:19<3:18:16, 39.92s/ep][A

tin/rn18/random/hl/ipc50 s46:   1%|          | 3/300 [01:59<3:17:37, 39.92s/ep][A

tin/rn18/random/hl/ipc50 s46:   1%|▏         | 4/300 [02:39<3:17:17, 39.99s/ep][A

tin/rn18/random/hl/ipc50 s46:   2%|▏         | 5/300 [03:19<3:16:36, 39.99s/ep][A

tin/rn18/random/hl/ipc50 s46:   2%|▏         | 6/300 [03:59<3:16:10, 40.03s/ep][A

tin/rn18/random/hl/ipc50 s46:   2%|▏         | 7/300 [04:39<3:15:22, 40.01s/ep][A

tin/rn18/random/hl/ipc50 s46:   3%|▎         | 8/300 [05:20<3:14:54, 40.05s/ep][A

tin/rn18/random/hl/ipc50 s46:   3%|▎         | 9/300 [05:59<3:14:04, 40.02s/ep][A

tin/rn18/random/hl/ipc50 s46:   3%|▎         | 10/300 [06:40<3:13:35, 40.06s/ep][A

tin/rn18/random/hl/ipc50 s46:   4%|▎         | 11/300 [07:20<3:13:00, 40.07s/ep][A

tin/rn18/random/hl/ipc50 s46:   4%|▍         | 12/300 [08:00<3:12:10, 40.04s/ep][A

tin/rn18/random/hl/ipc50 s46:   4%|▍         | 13/300 [08:40<3:11:20, 40.00s/ep][A

tin/rn18/random/hl/ipc50 s46:   5%|▍         | 14/300 [09:20<3:10:36, 39.99s/ep][A

tin/rn18/random/hl/ipc50 s46:   5%|▌         | 15/300 [10:00<3:09:52, 39.98s/ep][A

tin/rn18/random/hl/ipc50 s46:   5%|▌         | 16/300 [10:39<3:09:07, 39.96s/ep][A

tin/rn18/random/hl/ipc50 s46:   6%|▌         | 17/300 [11:19<3:08:24, 39.95s/ep][A

tin/rn18/random/hl/ipc50 s46:   6%|▌         | 18/300 [11:59<3:07:45, 39.95s/ep][A

tin/rn18/random/hl/ipc50 s46:   6%|▋         | 19/300 [12:39<3:07:06, 39.95s/ep][A

tin/rn18/random/hl/ipc50 s46:   7%|▋         | 20/300 [13:19<3:06:36, 39.99s/ep][A

tin/rn18/random/hl/ipc50 s46:   7%|▋         | 21/300 [13:59<3:05:50, 39.96s/ep][A

tin/rn18/random/hl/ipc50 s46:   7%|▋         | 22/300 [14:39<3:04:56, 39.91s/ep][A

tin/rn18/random/hl/ipc50 s46:   8%|▊         | 23/300 [15:19<3:04:19, 39.92s/ep][A

tin/rn18/random/hl/ipc50 s46:   8%|▊         | 24/300 [15:58<3:02:10, 39.60s/ep][A

tin/rn18/random/hl/ipc50 s46:   8%|▊         | 25/300 [16:37<3:00:40, 39.42s/ep][A

tin/rn18/random/hl/ipc50 s46:   9%|▊         | 26/300 [17:16<3:00:02, 39.43s/ep][A

tin/rn18/random/hl/ipc50 s46:   9%|▉         | 27/300 [17:56<2:59:37, 39.48s/ep][A

tin/rn18/random/hl/ipc50 s46:   9%|▉         | 28/300 [18:36<2:59:33, 39.61s/ep][A

tin/rn18/random/hl/ipc50 s46:  10%|▉         | 29/300 [19:15<2:58:40, 39.56s/ep][A

tin/rn18/random/hl/ipc50 s46:  10%|█         | 30/300 [19:55<2:58:29, 39.66s/ep][A

tin/rn18/random/hl/ipc50 s46:  10%|█         | 31/300 [20:35<2:58:18, 39.77s/ep][A

tin/rn18/random/hl/ipc50 s46:  11%|█         | 32/300 [21:15<2:57:07, 39.65s/ep][A

tin/rn18/random/hl/ipc50 s46:  11%|█         | 33/300 [21:54<2:56:27, 39.65s/ep][A

tin/rn18/random/hl/ipc50 s46:  11%|█▏        | 34/300 [22:34<2:55:46, 39.65s/ep][A

tin/rn18/random/hl/ipc50 s46:  12%|█▏        | 35/300 [23:14<2:55:20, 39.70s/ep][A

tin/rn18/random/hl/ipc50 s46:  12%|█▏        | 36/300 [23:53<2:54:31, 39.66s/ep][A

tin/rn18/random/hl/ipc50 s46:  12%|█▏        | 37/300 [24:33<2:53:40, 39.62s/ep][A

tin/rn18/random/hl/ipc50 s46:  13%|█▎        | 38/300 [25:12<2:52:54, 39.60s/ep][A

tin/rn18/random/hl/ipc50 s46:  13%|█▎        | 39/300 [25:52<2:52:41, 39.70s/ep][A

tin/rn18/random/hl/ipc50 s46:  13%|█▎        | 40/300 [26:32<2:51:38, 39.61s/ep][A

tin/rn18/random/hl/ipc50 s46:  14%|█▎        | 41/300 [27:11<2:51:15, 39.68s/ep][A

tin/rn18/random/hl/ipc50 s46:  14%|█▍        | 42/300 [27:51<2:50:20, 39.62s/ep][A

tin/rn18/random/hl/ipc50 s46:  14%|█▍        | 43/300 [28:31<2:49:48, 39.64s/ep][A

tin/rn18/random/hl/ipc50 s46:  15%|█▍        | 44/300 [29:10<2:49:23, 39.70s/ep][A

tin/rn18/random/hl/ipc50 s46:  15%|█▌        | 45/300 [29:50<2:48:13, 39.58s/ep][A

tin/rn18/random/hl/ipc50 s46:  15%|█▌        | 46/300 [30:29<2:47:39, 39.60s/ep][A

tin/rn18/random/hl/ipc50 s46:  16%|█▌        | 47/300 [31:09<2:46:43, 39.54s/ep][A

tin/rn18/random/hl/ipc50 s46:  16%|█▌        | 48/300 [31:48<2:46:08, 39.56s/ep][A

tin/rn18/random/hl/ipc50 s46:  16%|█▋        | 49/300 [32:28<2:45:54, 39.66s/ep][A

tin/rn18/random/hl/ipc50 s46:  17%|█▋        | 50/300 [33:08<2:45:27, 39.71s/ep][A

tin/rn18/random/hl/ipc50 s46:  17%|█▋        | 51/300 [33:48<2:44:32, 39.65s/ep][A

tin/rn18/random/hl/ipc50 s46:  17%|█▋        | 52/300 [34:27<2:43:37, 39.59s/ep][A

tin/rn18/random/hl/ipc50 s46:  18%|█▊        | 53/300 [35:06<2:42:31, 39.48s/ep][A

tin/rn18/random/hl/ipc50 s46:  18%|█▊        | 54/300 [35:46<2:41:48, 39.46s/ep][A

tin/rn18/random/hl/ipc50 s46:  18%|█▊        | 55/300 [36:25<2:41:24, 39.53s/ep][A

tin/rn18/random/hl/ipc50 s46:  19%|█▊        | 56/300 [37:05<2:40:57, 39.58s/ep][A

tin/rn18/random/hl/ipc50 s46:  19%|█▉        | 57/300 [37:44<2:39:46, 39.45s/ep][A

tin/rn18/random/hl/ipc50 s46:  19%|█▉        | 58/300 [38:24<2:39:11, 39.47s/ep][A

tin/rn18/random/hl/ipc50 s46:  20%|█▉        | 59/300 [39:03<2:38:21, 39.43s/ep][A

tin/rn18/random/hl/ipc50 s46:  20%|██        | 60/300 [39:43<2:37:49, 39.46s/ep][A

tin/rn18/random/hl/ipc50 s46:  20%|██        | 61/300 [40:22<2:37:30, 39.54s/ep][A

tin/rn18/random/hl/ipc50 s46:  21%|██        | 62/300 [41:02<2:37:05, 39.60s/ep][A

tin/rn18/random/hl/ipc50 s46:  21%|██        | 63/300 [41:42<2:36:23, 39.59s/ep][A

tin/rn18/random/hl/ipc50 s46:  21%|██▏       | 64/300 [42:21<2:35:49, 39.62s/ep][A

tin/rn18/random/hl/ipc50 s46:  22%|██▏       | 65/300 [43:01<2:35:05, 39.60s/ep][A

tin/rn18/random/hl/ipc50 s46:  22%|██▏       | 66/300 [43:41<2:34:35, 39.64s/ep][A

tin/rn18/random/hl/ipc50 s46:  22%|██▏       | 67/300 [44:21<2:34:10, 39.70s/ep][A

tin/rn18/random/hl/ipc50 s46:  23%|██▎       | 68/300 [45:00<2:33:37, 39.73s/ep][A

tin/rn18/random/hl/ipc50 s46:  23%|██▎       | 69/300 [45:40<2:33:12, 39.79s/ep][A

tin/rn18/random/hl/ipc50 s46:  23%|██▎       | 70/300 [46:20<2:32:41, 39.83s/ep][A

tin/rn18/random/hl/ipc50 s46:  24%|██▎       | 71/300 [47:00<2:31:57, 39.82s/ep][A

tin/rn18/random/hl/ipc50 s46:  24%|██▍       | 72/300 [47:40<2:31:10, 39.78s/ep][A

tin/rn18/random/hl/ipc50 s46:  24%|██▍       | 73/300 [48:20<2:30:40, 39.83s/ep][A

tin/rn18/random/hl/ipc50 s46:  25%|██▍       | 74/300 [48:59<2:29:58, 39.82s/ep][A

tin/rn18/random/hl/ipc50 s46:  25%|██▌       | 75/300 [49:39<2:29:35, 39.89s/ep][A

tin/rn18/random/hl/ipc50 s46:  25%|██▌       | 76/300 [50:19<2:28:45, 39.85s/ep][A

tin/rn18/random/hl/ipc50 s46:  26%|██▌       | 77/300 [50:59<2:28:07, 39.85s/ep][A

tin/rn18/random/hl/ipc50 s46:  26%|██▌       | 78/300 [51:39<2:27:33, 39.88s/ep][A

tin/rn18/random/hl/ipc50 s46:  26%|██▋       | 79/300 [52:19<2:26:57, 39.90s/ep][A

tin/rn18/random/hl/ipc50 s46:  27%|██▋       | 80/300 [52:59<2:26:24, 39.93s/ep][A

tin/rn18/random/hl/ipc50 s46:  27%|██▋       | 81/300 [53:39<2:25:44, 39.93s/ep][A

tin/rn18/random/hl/ipc50 s46:  27%|██▋       | 82/300 [54:19<2:25:17, 39.99s/ep][A

tin/rn18/random/hl/ipc50 s46:  28%|██▊       | 83/300 [54:59<2:24:36, 39.98s/ep][A

tin/rn18/random/hl/ipc50 s46:  28%|██▊       | 84/300 [55:39<2:23:52, 39.97s/ep][A

tin/rn18/random/hl/ipc50 s46:  28%|██▊       | 85/300 [56:19<2:23:08, 39.95s/ep][A

tin/rn18/random/hl/ipc50 s46:  29%|██▊       | 86/300 [56:59<2:22:30, 39.96s/ep][A

tin/rn18/random/hl/ipc50 s46:  29%|██▉       | 87/300 [57:39<2:21:48, 39.94s/ep][A

tin/rn18/random/hl/ipc50 s46:  29%|██▉       | 88/300 [58:19<2:21:16, 39.98s/ep][A

tin/rn18/random/hl/ipc50 s46:  30%|██▉       | 89/300 [58:59<2:20:24, 39.93s/ep][A

tin/rn18/random/hl/ipc50 s46:  30%|███       | 90/300 [59:38<2:19:32, 39.87s/ep][A

tin/rn18/random/hl/ipc50 s46:  30%|███       | 91/300 [1:00:18<2:19:07, 39.94s/ep][A

tin/rn18/random/hl/ipc50 s46:  31%|███       | 92/300 [1:00:58<2:18:28, 39.95s/ep][A

tin/rn18/random/hl/ipc50 s46:  31%|███       | 93/300 [1:01:38<2:17:37, 39.89s/ep][A

tin/rn18/random/hl/ipc50 s46:  31%|███▏      | 94/300 [1:02:18<2:16:42, 39.82s/ep][A

tin/rn18/random/hl/ipc50 s46:  32%|███▏      | 95/300 [1:02:58<2:16:14, 39.87s/ep][A

tin/rn18/random/hl/ipc50 s46:  32%|███▏      | 96/300 [1:03:38<2:15:45, 39.93s/ep][A

tin/rn18/random/hl/ipc50 s46:  32%|███▏      | 97/300 [1:04:18<2:14:53, 39.87s/ep][A

tin/rn18/random/hl/ipc50 s46:  33%|███▎      | 98/300 [1:04:58<2:14:23, 39.92s/ep][A

tin/rn18/random/hl/ipc50 s46:  33%|███▎      | 99/300 [1:05:38<2:13:56, 39.98s/ep][A

tin/rn18/random/hl/ipc50 s46:  33%|███▎      | 100/300 [1:06:18<2:13:26, 40.03s/ep][A

tin/rn18/random/hl/ipc50 s46:  34%|███▎      | 101/300 [1:06:58<2:12:51, 40.06s/ep][A

tin/rn18/random/hl/ipc50 s46:  34%|███▍      | 102/300 [1:07:38<2:12:17, 40.09s/ep][A

tin/rn18/random/hl/ipc50 s46:  34%|███▍      | 103/300 [1:08:18<2:11:39, 40.10s/ep][A

tin/rn18/random/hl/ipc50 s46:  35%|███▍      | 104/300 [1:08:58<2:11:03, 40.12s/ep][A

tin/rn18/random/hl/ipc50 s46:  35%|███▌      | 105/300 [1:09:39<2:10:23, 40.12s/ep][A

tin/rn18/random/hl/ipc50 s46:  35%|███▌      | 106/300 [1:10:19<2:09:44, 40.13s/ep][A

tin/rn18/random/hl/ipc50 s46:  36%|███▌      | 107/300 [1:10:59<2:08:53, 40.07s/ep][A

tin/rn18/random/hl/ipc50 s46:  36%|███▌      | 108/300 [1:11:39<2:08:18, 40.10s/ep][A

tin/rn18/random/hl/ipc50 s46:  36%|███▋      | 109/300 [1:12:19<2:07:41, 40.11s/ep][A

tin/rn18/random/hl/ipc50 s46:  37%|███▋      | 110/300 [1:12:59<2:06:59, 40.10s/ep][A

tin/rn18/random/hl/ipc50 s46:  37%|███▋      | 111/300 [1:13:39<2:06:09, 40.05s/ep][A

tin/rn18/random/hl/ipc50 s46:  37%|███▋      | 112/300 [1:14:19<2:05:25, 40.03s/ep][A

tin/rn18/random/hl/ipc50 s46:  38%|███▊      | 113/300 [1:14:59<2:04:51, 40.06s/ep][A

tin/rn18/random/hl/ipc50 s46:  38%|███▊      | 114/300 [1:15:39<2:03:53, 39.96s/ep][A

tin/rn18/random/hl/ipc50 s46:  38%|███▊      | 115/300 [1:16:19<2:03:22, 40.01s/ep][A

tin/rn18/random/hl/ipc50 s46:  39%|███▊      | 116/300 [1:16:59<2:02:48, 40.05s/ep][A

tin/rn18/random/hl/ipc50 s46:  39%|███▉      | 117/300 [1:17:39<2:01:52, 39.96s/ep][A

tin/rn18/random/hl/ipc50 s46:  39%|███▉      | 118/300 [1:18:19<2:01:23, 40.02s/ep][A

tin/rn18/random/hl/ipc50 s46:  40%|███▉      | 119/300 [1:18:59<2:00:49, 40.05s/ep][A

tin/rn18/random/hl/ipc50 s46:  40%|████      | 120/300 [1:19:39<2:00:13, 40.08s/ep][A

tin/rn18/random/hl/ipc50 s46:  40%|████      | 121/300 [1:20:19<1:59:36, 40.09s/ep][A

tin/rn18/random/hl/ipc50 s46:  41%|████      | 122/300 [1:21:00<1:59:08, 40.16s/ep][A

tin/rn18/random/hl/ipc50 s46:  41%|████      | 123/300 [1:21:40<1:58:36, 40.20s/ep][A

tin/rn18/random/hl/ipc50 s46:  41%|████▏     | 124/300 [1:22:20<1:57:56, 40.21s/ep][A

tin/rn18/random/hl/ipc50 s46:  42%|████▏     | 125/300 [1:23:00<1:57:15, 40.21s/ep][A

tin/rn18/random/hl/ipc50 s46:  42%|████▏     | 126/300 [1:23:41<1:56:41, 40.24s/ep][A

tin/rn18/random/hl/ipc50 s46:  42%|████▏     | 127/300 [1:24:21<1:56:05, 40.26s/ep][A

tin/rn18/random/hl/ipc50 s46:  43%|████▎     | 128/300 [1:25:01<1:55:28, 40.28s/ep][A

tin/rn18/random/hl/ipc50 s46:  43%|████▎     | 129/300 [1:25:42<1:54:42, 40.25s/ep][A

tin/rn18/random/hl/ipc50 s46:  43%|████▎     | 130/300 [1:26:22<1:54:05, 40.27s/ep][A

tin/rn18/random/hl/ipc50 s46:  44%|████▎     | 131/300 [1:27:02<1:53:27, 40.28s/ep][A

tin/rn18/random/hl/ipc50 s46:  44%|████▍     | 132/300 [1:27:42<1:52:43, 40.26s/ep][A

tin/rn18/random/hl/ipc50 s46:  44%|████▍     | 133/300 [1:28:23<1:52:05, 40.27s/ep][A

tin/rn18/random/hl/ipc50 s46:  45%|████▍     | 134/300 [1:29:03<1:51:25, 40.27s/ep][A

tin/rn18/random/hl/ipc50 s46:  45%|████▌     | 135/300 [1:29:43<1:50:44, 40.27s/ep][A

tin/rn18/random/hl/ipc50 s46:  45%|████▌     | 136/300 [1:30:23<1:49:56, 40.23s/ep][A

tin/rn18/random/hl/ipc50 s46:  46%|████▌     | 137/300 [1:31:04<1:49:20, 40.25s/ep][A

tin/rn18/random/hl/ipc50 s46:  46%|████▌     | 138/300 [1:31:44<1:48:43, 40.27s/ep][A

tin/rn18/random/hl/ipc50 s46:  46%|████▋     | 139/300 [1:32:24<1:48:06, 40.29s/ep][A

tin/rn18/random/hl/ipc50 s46:  47%|████▋     | 140/300 [1:33:05<1:47:28, 40.30s/ep][A

tin/rn18/random/hl/ipc50 s46:  47%|████▋     | 141/300 [1:33:45<1:46:45, 40.29s/ep][A

tin/rn18/random/hl/ipc50 s46:  47%|████▋     | 142/300 [1:34:25<1:46:04, 40.28s/ep][A

tin/rn18/random/hl/ipc50 s46:  48%|████▊     | 143/300 [1:35:06<1:45:27, 40.30s/ep][A

tin/rn18/random/hl/ipc50 s46:  48%|████▊     | 144/300 [1:35:46<1:44:41, 40.27s/ep][A

tin/rn18/random/hl/ipc50 s46:  48%|████▊     | 145/300 [1:36:26<1:43:56, 40.23s/ep][A

tin/rn18/random/hl/ipc50 s46:  49%|████▊     | 146/300 [1:37:06<1:43:11, 40.21s/ep][A

tin/rn18/random/hl/ipc50 s46:  49%|████▉     | 147/300 [1:37:46<1:42:27, 40.18s/ep][A

tin/rn18/random/hl/ipc50 s46:  49%|████▉     | 148/300 [1:38:26<1:41:55, 40.23s/ep][A

tin/rn18/random/hl/ipc50 s46:  50%|████▉     | 149/300 [1:39:07<1:41:16, 40.24s/ep][A

tin/rn18/random/hl/ipc50 s46:  50%|█████     | 150/300 [1:39:47<1:40:39, 40.26s/ep][A

tin/rn18/random/hl/ipc50 s46:  50%|█████     | 151/300 [1:40:27<1:39:59, 40.26s/ep][A

tin/rn18/random/hl/ipc50 s46:  51%|█████     | 152/300 [1:41:08<1:39:20, 40.28s/ep][A

tin/rn18/random/hl/ipc50 s46:  51%|█████     | 153/300 [1:41:48<1:38:45, 40.31s/ep][A

tin/rn18/random/hl/ipc50 s46:  51%|█████▏    | 154/300 [1:42:28<1:38:04, 40.30s/ep][A

tin/rn18/random/hl/ipc50 s46:  52%|█████▏    | 155/300 [1:43:09<1:37:27, 40.32s/ep][A

tin/rn18/random/hl/ipc50 s46:  52%|█████▏    | 156/300 [1:43:49<1:36:48, 40.34s/ep][A

tin/rn18/random/hl/ipc50 s46:  52%|█████▏    | 157/300 [1:44:29<1:36:08, 40.34s/ep][A

tin/rn18/random/hl/ipc50 s46:  53%|█████▎    | 158/300 [1:45:10<1:35:30, 40.35s/ep][A

tin/rn18/random/hl/ipc50 s46:  53%|█████▎    | 159/300 [1:45:50<1:34:52, 40.38s/ep][A

tin/rn18/random/hl/ipc50 s46:  53%|█████▎    | 160/300 [1:46:31<1:34:13, 40.38s/ep][A

tin/rn18/random/hl/ipc50 s46:  54%|█████▎    | 161/300 [1:47:11<1:33:36, 40.40s/ep][A

tin/rn18/random/hl/ipc50 s46:  54%|█████▍    | 162/300 [1:47:51<1:32:56, 40.41s/ep][A

tin/rn18/random/hl/ipc50 s46:  54%|█████▍    | 163/300 [1:48:32<1:32:17, 40.42s/ep][A

tin/rn18/random/hl/ipc50 s46:  55%|█████▍    | 164/300 [1:49:12<1:31:38, 40.43s/ep][A

tin/rn18/random/hl/ipc50 s46:  55%|█████▌    | 165/300 [1:49:53<1:30:59, 40.44s/ep][A

tin/rn18/random/hl/ipc50 s46:  55%|█████▌    | 166/300 [1:50:33<1:30:19, 40.45s/ep][A

tin/rn18/random/hl/ipc50 s46:  56%|█████▌    | 167/300 [1:51:14<1:29:40, 40.45s/ep][A

tin/rn18/random/hl/ipc50 s46:  56%|█████▌    | 168/300 [1:51:54<1:28:58, 40.44s/ep][A

tin/rn18/random/hl/ipc50 s46:  56%|█████▋    | 169/300 [1:52:35<1:28:18, 40.45s/ep][A

tin/rn18/random/hl/ipc50 s46:  57%|█████▋    | 170/300 [1:53:15<1:27:40, 40.47s/ep][A

tin/rn18/random/hl/ipc50 s46:  57%|█████▋    | 171/300 [1:53:56<1:27:05, 40.51s/ep][A

tin/rn18/random/hl/ipc50 s46:  57%|█████▋    | 172/300 [1:54:36<1:26:26, 40.52s/ep][A

tin/rn18/random/hl/ipc50 s46:  58%|█████▊    | 173/300 [1:55:17<1:25:49, 40.55s/ep][A

tin/rn18/random/hl/ipc50 s46:  58%|█████▊    | 174/300 [1:55:57<1:25:08, 40.55s/ep][A

tin/rn18/random/hl/ipc50 s46:  58%|█████▊    | 175/300 [1:56:38<1:24:25, 40.52s/ep][A

tin/rn18/random/hl/ipc50 s46:  59%|█████▊    | 176/300 [1:57:19<1:23:47, 40.54s/ep][A

tin/rn18/random/hl/ipc50 s46:  59%|█████▉    | 177/300 [1:57:59<1:23:03, 40.52s/ep][A

tin/rn18/random/hl/ipc50 s46:  59%|█████▉    | 178/300 [1:58:39<1:22:17, 40.47s/ep][A

tin/rn18/random/hl/ipc50 s46:  60%|█████▉    | 179/300 [1:59:20<1:21:37, 40.48s/ep][A

tin/rn18/random/hl/ipc50 s46:  60%|██████    | 180/300 [2:00:00<1:20:58, 40.49s/ep][A

tin/rn18/random/hl/ipc50 s46:  60%|██████    | 181/300 [2:00:41<1:20:19, 40.50s/ep][A

tin/rn18/random/hl/ipc50 s46:  61%|██████    | 182/300 [2:01:21<1:19:36, 40.48s/ep][A

tin/rn18/random/hl/ipc50 s46:  61%|██████    | 183/300 [2:02:02<1:18:59, 40.51s/ep][A

tin/rn18/random/hl/ipc50 s46:  61%|██████▏   | 184/300 [2:02:42<1:18:17, 40.49s/ep][A

tin/rn18/random/hl/ipc50 s46:  62%|██████▏   | 185/300 [2:03:23<1:17:37, 40.50s/ep][A

tin/rn18/random/hl/ipc50 s46:  62%|██████▏   | 186/300 [2:04:03<1:16:56, 40.50s/ep][A

tin/rn18/random/hl/ipc50 s46:  62%|██████▏   | 187/300 [2:04:44<1:16:16, 40.50s/ep][A

tin/rn18/random/hl/ipc50 s46:  63%|██████▎   | 188/300 [2:05:24<1:15:34, 40.49s/ep][A

tin/rn18/random/hl/ipc50 s46:  63%|██████▎   | 189/300 [2:06:05<1:14:55, 40.50s/ep][A

tin/rn18/random/hl/ipc50 s46:  63%|██████▎   | 190/300 [2:06:45<1:14:17, 40.52s/ep][A

tin/rn18/random/hl/ipc50 s46:  64%|██████▎   | 191/300 [2:07:26<1:13:42, 40.57s/ep][A

tin/rn18/random/hl/ipc50 s46:  64%|██████▍   | 192/300 [2:08:07<1:13:09, 40.65s/ep][A

tin/rn18/random/hl/ipc50 s46:  64%|██████▍   | 193/300 [2:08:48<1:12:33, 40.69s/ep][A

tin/rn18/random/hl/ipc50 s46:  65%|██████▍   | 194/300 [2:09:28<1:11:52, 40.69s/ep][A

tin/rn18/random/hl/ipc50 s46:  65%|██████▌   | 195/300 [2:10:09<1:11:11, 40.68s/ep][A

tin/rn18/random/hl/ipc50 s46:  65%|██████▌   | 196/300 [2:10:50<1:10:29, 40.67s/ep][A

tin/rn18/random/hl/ipc50 s46:  66%|██████▌   | 197/300 [2:11:30<1:09:48, 40.67s/ep][A

tin/rn18/random/hl/ipc50 s46:  66%|██████▌   | 198/300 [2:12:11<1:09:06, 40.65s/ep][A

tin/rn18/random/hl/ipc50 s46:  66%|██████▋   | 199/300 [2:12:51<1:08:18, 40.58s/ep][A

tin/rn18/random/hl/ipc50 s46:  67%|██████▋   | 200/300 [2:13:32<1:07:34, 40.54s/ep][A

tin/rn18/random/hl/ipc50 s46:  67%|██████▋   | 201/300 [2:14:12<1:06:53, 40.54s/ep][A

tin/rn18/random/hl/ipc50 s46:  67%|██████▋   | 202/300 [2:14:53<1:06:10, 40.52s/ep][A

tin/rn18/random/hl/ipc50 s46:  68%|██████▊   | 203/300 [2:15:33<1:05:33, 40.55s/ep][A

tin/rn18/random/hl/ipc50 s46:  68%|██████▊   | 204/300 [2:16:14<1:04:56, 40.59s/ep][A

tin/rn18/random/hl/ipc50 s46:  68%|██████▊   | 205/300 [2:16:55<1:04:21, 40.64s/ep][A

tin/rn18/random/hl/ipc50 s46:  69%|██████▊   | 206/300 [2:17:36<1:03:47, 40.71s/ep][A

tin/rn18/random/hl/ipc50 s46:  69%|██████▉   | 207/300 [2:18:17<1:03:09, 40.75s/ep][A

tin/rn18/random/hl/ipc50 s46:  69%|██████▉   | 208/300 [2:18:57<1:02:32, 40.79s/ep][A

tin/rn18/random/hl/ipc50 s46:  70%|██████▉   | 209/300 [2:19:38<1:01:49, 40.76s/ep][A

tin/rn18/random/hl/ipc50 s46:  70%|███████   | 210/300 [2:20:19<1:01:02, 40.70s/ep][A

tin/rn18/random/hl/ipc50 s46:  70%|███████   | 211/300 [2:20:59<1:00:19, 40.67s/ep][A

tin/rn18/random/hl/ipc50 s46:  71%|███████   | 212/300 [2:21:40<59:39, 40.67s/ep]  [A

tin/rn18/random/hl/ipc50 s46:  71%|███████   | 213/300 [2:22:21<58:59, 40.69s/ep][A

tin/rn18/random/hl/ipc50 s46:  71%|███████▏  | 214/300 [2:23:01<58:17, 40.67s/ep][A

tin/rn18/random/hl/ipc50 s46:  72%|███████▏  | 215/300 [2:23:42<57:37, 40.68s/ep][A

tin/rn18/random/hl/ipc50 s46:  72%|███████▏  | 216/300 [2:24:23<57:00, 40.72s/ep][A

tin/rn18/random/hl/ipc50 s46:  72%|███████▏  | 217/300 [2:25:04<56:21, 40.74s/ep][A

tin/rn18/random/hl/ipc50 s46:  73%|███████▎  | 218/300 [2:25:44<55:41, 40.75s/ep][A

tin/rn18/random/hl/ipc50 s46:  73%|███████▎  | 219/300 [2:26:25<55:00, 40.75s/ep][A

tin/rn18/random/hl/ipc50 s46:  73%|███████▎  | 220/300 [2:27:06<54:20, 40.76s/ep][A

tin/rn18/random/hl/ipc50 s46:  74%|███████▎  | 221/300 [2:27:47<53:42, 40.79s/ep][A

tin/rn18/random/hl/ipc50 s46:  74%|███████▍  | 222/300 [2:28:28<53:01, 40.79s/ep][A

tin/rn18/random/hl/ipc50 s46:  74%|███████▍  | 223/300 [2:29:08<52:20, 40.79s/ep][A

tin/rn18/random/hl/ipc50 s46:  75%|███████▍  | 224/300 [2:29:49<51:41, 40.81s/ep][A

tin/rn18/random/hl/ipc50 s46:  75%|███████▌  | 225/300 [2:30:30<51:00, 40.81s/ep][A

tin/rn18/random/hl/ipc50 s46:  75%|███████▌  | 226/300 [2:31:11<50:20, 40.82s/ep][A

tin/rn18/random/hl/ipc50 s46:  76%|███████▌  | 227/300 [2:31:52<49:39, 40.82s/ep][A

tin/rn18/random/hl/ipc50 s46:  76%|███████▌  | 228/300 [2:32:33<48:57, 40.80s/ep][A

tin/rn18/random/hl/ipc50 s46:  76%|███████▋  | 229/300 [2:33:13<48:18, 40.83s/ep][A

tin/rn18/random/hl/ipc50 s46:  77%|███████▋  | 230/300 [2:33:54<47:42, 40.89s/ep][A

tin/rn18/random/hl/ipc50 s46:  77%|███████▋  | 231/300 [2:34:35<47:02, 40.91s/ep][A

tin/rn18/random/hl/ipc50 s46:  77%|███████▋  | 232/300 [2:35:17<46:26, 40.98s/ep][A

tin/rn18/random/hl/ipc50 s46:  78%|███████▊  | 233/300 [2:35:58<45:47, 41.01s/ep][A

tin/rn18/random/hl/ipc50 s46:  78%|███████▊  | 234/300 [2:36:39<45:04, 40.98s/ep][A

tin/rn18/random/hl/ipc50 s46:  78%|███████▊  | 235/300 [2:37:20<44:26, 41.03s/ep][A

tin/rn18/random/hl/ipc50 s46:  79%|███████▊  | 236/300 [2:38:01<43:47, 41.05s/ep][A

tin/rn18/random/hl/ipc50 s46:  79%|███████▉  | 237/300 [2:38:42<43:05, 41.04s/ep][A

tin/rn18/random/hl/ipc50 s46:  79%|███████▉  | 238/300 [2:39:23<42:23, 41.03s/ep][A

tin/rn18/random/hl/ipc50 s46:  80%|███████▉  | 239/300 [2:40:04<41:38, 40.96s/ep][A

tin/rn18/random/hl/ipc50 s46:  80%|████████  | 240/300 [2:40:44<40:53, 40.90s/ep][A

tin/rn18/random/hl/ipc50 s46:  80%|████████  | 241/300 [2:41:25<40:12, 40.89s/ep][A

tin/rn18/random/hl/ipc50 s46:  81%|████████  | 242/300 [2:42:06<39:31, 40.88s/ep][A

tin/rn18/random/hl/ipc50 s46:  81%|████████  | 243/300 [2:42:47<38:52, 40.92s/ep][A

tin/rn18/random/hl/ipc50 s46:  81%|████████▏ | 244/300 [2:43:28<38:11, 40.93s/ep][A

tin/rn18/random/hl/ipc50 s46:  82%|████████▏ | 245/300 [2:44:09<37:33, 40.97s/ep][A

tin/rn18/random/hl/ipc50 s46:  82%|████████▏ | 246/300 [2:44:50<36:52, 40.97s/ep][A

tin/rn18/random/hl/ipc50 s46:  82%|████████▏ | 247/300 [2:45:31<36:11, 40.98s/ep][A

tin/rn18/random/hl/ipc50 s46:  83%|████████▎ | 248/300 [2:46:12<35:29, 40.96s/ep][A

tin/rn18/random/hl/ipc50 s46:  83%|████████▎ | 249/300 [2:46:53<34:48, 40.96s/ep][A

tin/rn18/random/hl/ipc50 s46:  83%|████████▎ | 250/300 [2:47:34<34:08, 40.96s/ep][A

tin/rn18/random/hl/ipc50 s46:  84%|████████▎ | 251/300 [2:48:15<33:27, 40.97s/ep][A

tin/rn18/random/hl/ipc50 s46:  84%|████████▍ | 252/300 [2:48:56<32:47, 40.99s/ep][A

tin/rn18/random/hl/ipc50 s46:  84%|████████▍ | 253/300 [2:49:37<32:08, 41.04s/ep][A

tin/rn18/random/hl/ipc50 s46:  85%|████████▍ | 254/300 [2:50:18<31:26, 41.02s/ep][A

tin/rn18/random/hl/ipc50 s46:  85%|████████▌ | 255/300 [2:50:59<30:46, 41.04s/ep][A

tin/rn18/random/hl/ipc50 s46:  85%|████████▌ | 256/300 [2:51:40<30:05, 41.02s/ep][A

tin/rn18/random/hl/ipc50 s46:  86%|████████▌ | 257/300 [2:52:21<29:23, 41.01s/ep][A

tin/rn18/random/hl/ipc50 s46:  86%|████████▌ | 258/300 [2:53:02<28:41, 41.00s/ep][A

tin/rn18/random/hl/ipc50 s46:  86%|████████▋ | 259/300 [2:53:43<28:00, 40.98s/ep][A

tin/rn18/random/hl/ipc50 s46:  87%|████████▋ | 260/300 [2:54:24<27:17, 40.93s/ep][A

tin/rn18/random/hl/ipc50 s46:  87%|████████▋ | 261/300 [2:55:05<26:34, 40.88s/ep][A

tin/rn18/random/hl/ipc50 s46:  87%|████████▋ | 262/300 [2:55:45<25:52, 40.85s/ep][A

tin/rn18/random/hl/ipc50 s46:  88%|████████▊ | 263/300 [2:56:26<25:10, 40.84s/ep][A

tin/rn18/random/hl/ipc50 s46:  88%|████████▊ | 264/300 [2:57:07<24:30, 40.85s/ep][A

tin/rn18/random/hl/ipc50 s46:  88%|████████▊ | 265/300 [2:57:48<23:49, 40.84s/ep][A

tin/rn18/random/hl/ipc50 s46:  89%|████████▊ | 266/300 [2:58:28<23:05, 40.74s/ep][A

tin/rn18/random/hl/ipc50 s46:  89%|████████▉ | 267/300 [2:59:09<22:21, 40.65s/ep][A

tin/rn18/random/hl/ipc50 s46:  89%|████████▉ | 268/300 [2:59:49<21:38, 40.57s/ep][A

tin/rn18/random/hl/ipc50 s46:  90%|████████▉ | 269/300 [3:00:30<20:56, 40.54s/ep][A

tin/rn18/random/hl/ipc50 s46:  90%|█████████ | 270/300 [3:01:10<20:15, 40.53s/ep][A

tin/rn18/random/hl/ipc50 s46:  90%|█████████ | 271/300 [3:01:51<19:36, 40.55s/ep][A

tin/rn18/random/hl/ipc50 s46:  91%|█████████ | 272/300 [3:02:31<18:56, 40.59s/ep][A

tin/rn18/random/hl/ipc50 s46:  91%|█████████ | 273/300 [3:03:12<18:16, 40.61s/ep][A

tin/rn18/random/hl/ipc50 s46:  91%|█████████▏| 274/300 [3:03:53<17:36, 40.65s/ep][A

tin/rn18/random/hl/ipc50 s46:  92%|█████████▏| 275/300 [3:04:34<16:57, 40.70s/ep][A

tin/rn18/random/hl/ipc50 s46:  92%|█████████▏| 276/300 [3:05:15<16:18, 40.77s/ep][A

tin/rn18/random/hl/ipc50 s46:  92%|█████████▏| 277/300 [3:05:56<15:38, 40.82s/ep][A

tin/rn18/random/hl/ipc50 s46:  93%|█████████▎| 278/300 [3:06:36<14:58, 40.86s/ep][A

tin/rn18/random/hl/ipc50 s46:  93%|█████████▎| 279/300 [3:07:17<14:18, 40.88s/ep][A

tin/rn18/random/hl/ipc50 s46:  93%|█████████▎| 280/300 [3:07:59<13:38, 40.94s/ep][A

tin/rn18/random/hl/ipc50 s46:  94%|█████████▎| 281/300 [3:08:40<12:58, 40.96s/ep][A

tin/rn18/random/hl/ipc50 s46:  94%|█████████▍| 282/300 [3:09:21<12:18, 41.01s/ep][A

tin/rn18/random/hl/ipc50 s46:  94%|█████████▍| 283/300 [3:10:02<11:37, 41.02s/ep][A

tin/rn18/random/hl/ipc50 s46:  95%|█████████▍| 284/300 [3:10:43<10:56, 41.03s/ep][A

tin/rn18/random/hl/ipc50 s46:  95%|█████████▌| 285/300 [3:11:24<10:15, 41.03s/ep][A

tin/rn18/random/hl/ipc50 s46:  95%|█████████▌| 286/300 [3:12:05<09:34, 41.00s/ep][A

tin/rn18/random/hl/ipc50 s46:  96%|█████████▌| 287/300 [3:12:46<08:53, 41.00s/ep][A

tin/rn18/random/hl/ipc50 s46:  96%|█████████▌| 288/300 [3:13:27<08:12, 41.01s/ep][A

tin/rn18/random/hl/ipc50 s46:  96%|█████████▋| 289/300 [3:14:08<07:30, 40.99s/ep][A

tin/rn18/random/hl/ipc50 s46:  97%|█████████▋| 290/300 [3:14:49<06:49, 41.00s/ep][A

tin/rn18/random/hl/ipc50 s46:  97%|█████████▋| 291/300 [3:15:30<06:09, 41.03s/ep][A

tin/rn18/random/hl/ipc50 s46:  97%|█████████▋| 292/300 [3:16:11<05:28, 41.04s/ep][A

tin/rn18/random/hl/ipc50 s46:  98%|█████████▊| 293/300 [3:16:52<04:47, 41.03s/ep][A

tin/rn18/random/hl/ipc50 s46:  98%|█████████▊| 294/300 [3:17:33<04:06, 41.03s/ep][A

tin/rn18/random/hl/ipc50 s46:  98%|█████████▊| 295/300 [3:18:14<03:25, 41.05s/ep][A

tin/rn18/random/hl/ipc50 s46:  99%|█████████▊| 296/300 [3:18:55<02:44, 41.09s/ep][A

tin/rn18/random/hl/ipc50 s46:  99%|█████████▉| 297/300 [3:19:36<02:03, 41.14s/ep][A

tin/rn18/random/hl/ipc50 s46:  99%|█████████▉| 298/300 [3:20:18<01:22, 41.17s/ep][A

tin/rn18/random/hl/ipc50 s46: 100%|█████████▉| 299/300 [3:20:59<00:41, 41.20s/ep][A

tin/rn18/random/hl/ipc50 s46: 100%|██████████| 300/300 [3:21:40<00:00, 41.18s/ep][A

                                                                                 [A[cell] tin/rn18/random/hl/ipc50 seed46: 14.93%  (12114s)

rn18-tin:  37%|███▋      | 10/27 [18:18:59<50:25:09, 10677.06s/cell, random/hl/ipc50]
rn18-tin:  37%|███▋      | 10/27 [18:18:59<50:25:09, 10677.06s/cell, el2nbest/hl/ipc50][cell] tin/rn18/random/hl/ipc50: 15.25 +- 0.32 (23987s)


tin/rn18/el2nbest/hl/ipc50 w0 s42:   0%|          | 0/300 [00:00<?, ?ep/s][A

tin/rn18/el2nbest/hl/ipc50 w0 s42:   0%|          | 1/300 [00:41<3:24:41, 41.08s/ep][A

tin/rn18/el2nbest/hl/ipc50 w0 s42:   1%|          | 2/300 [01:22<3:24:22, 41.15s/ep][A

tin/rn18/el2nbest/hl/ipc50 w0 s42:   1%|          | 3/300 [02:03<3:23:17, 41.07s/ep][A

tin/rn18/el2nbest/hl/ipc50 w0 s42:   1%|▏         | 4/300 [02:44<3:22:46, 41.10s/ep][A

tin/rn18/el2nbest/hl/ipc50 w0 s42:   2%|▏         | 5/300 [03:25<3:22:03, 41.10s/ep][A

tin/rn18/el2nbest/hl/ipc50 w0 s42:   2%|▏         | 6/300 [04:06<3:21:34, 41.14s/ep][A

tin/rn18/el2nbest/hl/ipc50 w0 s42:   2%|▏         | 7/300 [04:48<3:21:24, 41.24s/ep][A

tin/rn18/el2nbest/hl/ipc50 w0 s42:   3%|▎         | 8/300 [05:29<3:21:19, 41.37s/ep][A

tin/rn18/el2nbest/hl/ipc50 w0 s42:   3%|▎         | 9/300 [06:11<3:21:13, 41.49s/ep][A

tin/rn18/el2nbest/hl/ipc50 w0 s42:   3%|▎         | 10/300 [06:53<3:20:58, 41.58s/ep][A

tin/rn18/el2nbest/hl/ipc50 w0 s42:   4%|▎         | 11/300 [07:34<3:20:14, 41.57s/ep][A

tin/rn18/el2nbest/hl/ipc50 w0 s42:   4%|▍         | 12/300 [08:16<3:19:33, 41.57s/ep][A

tin/rn18/el2nbest/hl/ipc50 w0 s42:   4%|▍         | 13/300 [08:58<3:18:59, 41.60s/ep][A

tin/rn18/el2nbest/hl/ipc50 w0 s42:   5%|▍         | 14/300 [09:39<3:18:14, 41.59s/ep][A

tin/rn18/el2nbest/hl/ipc50 w0 s42:   5%|▌         | 15/300 [10:21<3:17:38, 41.61s/ep][A

tin/rn18/el2nbest/hl/ipc50 w0 s42:   5%|▌         | 16/300 [11:02<3:16:40, 41.55s/ep][A

tin/rn18/el2nbest/hl/ipc50 w0 s42:   6%|▌         | 17/300 [11:44<3:15:51, 41.53s/ep][A

tin/rn18/el2nbest/hl/ipc50 w0 s42:   6%|▌         | 18/300 [12:25<3:14:59, 41.49s/ep][A

tin/rn18/el2nbest/hl/ipc50 w0 s42:   6%|▋         | 19/300 [13:07<3:14:20, 41.50s/ep][A

tin/rn18/el2nbest/hl/ipc50 w0 s42:   7%|▋         | 20/300 [13:48<3:13:38, 41.49s/ep][A

tin/rn18/el2nbest/hl/ipc50 w0 s42:   7%|▋         | 21/300 [14:30<3:12:59, 41.51s/ep][A

tin/rn18/el2nbest/hl/ipc50 w0 s42:   7%|▋         | 22/300 [15:11<3:12:39, 41.58s/ep][A

tin/rn18/el2nbest/hl/ipc50 w0 s42:   8%|▊         | 23/300 [15:53<3:12:15, 41.64s/ep][A

tin/rn18/el2nbest/hl/ipc50 w0 s42:   8%|▊         | 24/300 [16:35<3:12:03, 41.75s/ep][A

tin/rn18/el2nbest/hl/ipc50 w0 s42:   8%|▊         | 25/300 [17:17<3:11:09, 41.71s/ep][A

tin/rn18/el2nbest/hl/ipc50 w0 s42:   9%|▊         | 26/300 [17:58<3:10:19, 41.68s/ep][A

tin/rn18/el2nbest/hl/ipc50 w0 s42:   9%|▉         | 27/300 [18:40<3:09:30, 41.65s/ep][A

tin/rn18/el2nbest/hl/ipc50 w0 s42:   9%|▉         | 28/300 [19:22<3:08:47, 41.65s/ep][A

tin/rn18/el2nbest/hl/ipc50 w0 s42:  10%|▉         | 29/300 [20:03<3:08:06, 41.65s/ep][A

tin/rn18/el2nbest/hl/ipc50 w0 s42:  10%|█         | 30/300 [20:45<3:07:19, 41.63s/ep][A

tin/rn18/el2nbest/hl/ipc50 w0 s42:  10%|█         | 31/300 [21:26<3:06:16, 41.55s/ep][A

tin/rn18/el2nbest/hl/ipc50 w0 s42:  11%|█         | 32/300 [22:08<3:05:20, 41.50s/ep][A

tin/rn18/el2nbest/hl/ipc50 w0 s42:  11%|█         | 33/300 [22:49<3:04:23, 41.44s/ep][A

tin/rn18/el2nbest/hl/ipc50 w0 s42:  11%|█▏        | 34/300 [23:30<3:03:31, 41.40s/ep][A

tin/rn18/el2nbest/hl/ipc50 w0 s42:  12%|█▏        | 35/300 [24:12<3:02:40, 41.36s/ep][A

tin/rn18/el2nbest/hl/ipc50 w0 s42:  12%|█▏        | 36/300 [24:53<3:01:50, 41.33s/ep][A

tin/rn18/el2nbest/hl/ipc50 w0 s42:  12%|█▏        | 37/300 [25:34<3:01:10, 41.33s/ep][A

tin/rn18/el2nbest/hl/ipc50 w0 s42:  13%|█▎        | 38/300 [26:16<3:00:52, 41.42s/ep][A

tin/rn18/el2nbest/hl/ipc50 w0 s42:  13%|█▎        | 39/300 [26:57<3:00:26, 41.48s/ep][A

tin/rn18/el2nbest/hl/ipc50 w0 s42:  13%|█▎        | 40/300 [27:39<2:59:56, 41.53s/ep][A

tin/rn18/el2nbest/hl/ipc50 w0 s42:  14%|█▎        | 41/300 [28:20<2:59:13, 41.52s/ep][A

tin/rn18/el2nbest/hl/ipc50 w0 s42:  14%|█▍        | 42/300 [29:02<2:58:28, 41.51s/ep][A

tin/rn18/el2nbest/hl/ipc50 w0 s42:  14%|█▍        | 43/300 [29:43<2:57:38, 41.47s/ep][A

tin/rn18/el2nbest/hl/ipc50 w0 s42:  15%|█▍        | 44/300 [30:25<2:57:05, 41.51s/ep][A

tin/rn18/el2nbest/hl/ipc50 w0 s42:  15%|█▌        | 45/300 [31:07<2:56:29, 41.53s/ep][A

tin/rn18/el2nbest/hl/ipc50 w0 s42:  15%|█▌        | 46/300 [31:48<2:55:39, 41.49s/ep][A

tin/rn18/el2nbest/hl/ipc50 w0 s42:  16%|█▌        | 47/300 [32:29<2:54:56, 41.49s/ep][A

tin/rn18/el2nbest/hl/ipc50 w0 s42:  16%|█▌        | 48/300 [33:11<2:54:15, 41.49s/ep][A

tin/rn18/el2nbest/hl/ipc50 w0 s42:  16%|█▋        | 49/300 [33:52<2:53:35, 41.50s/ep][A

tin/rn18/el2nbest/hl/ipc50 w0 s42:  17%|█▋        | 50/300 [34:34<2:52:38, 41.43s/ep][A

tin/rn18/el2nbest/hl/ipc50 w0 s42:  17%|█▋        | 51/300 [35:15<2:51:28, 41.32s/ep][A

tin/rn18/el2nbest/hl/ipc50 w0 s42:  17%|█▋        | 52/300 [35:56<2:50:20, 41.21s/ep][A

tin/rn18/el2nbest/hl/ipc50 w0 s42:  18%|█▊        | 53/300 [36:37<2:49:32, 41.18s/ep][A

tin/rn18/el2nbest/hl/ipc50 w0 s42:  18%|█▊        | 54/300 [37:18<2:49:08, 41.26s/ep][A

tin/rn18/el2nbest/hl/ipc50 w0 s42:  18%|█▊        | 55/300 [38:00<2:48:43, 41.32s/ep][A

tin/rn18/el2nbest/hl/ipc50 w0 s42:  19%|█▊        | 56/300 [38:41<2:48:17, 41.38s/ep][A

tin/rn18/el2nbest/hl/ipc50 w0 s42:  19%|█▉        | 57/300 [39:23<2:47:43, 41.41s/ep][A

tin/rn18/el2nbest/hl/ipc50 w0 s42:  19%|█▉        | 58/300 [40:04<2:47:22, 41.50s/ep][A

tin/rn18/el2nbest/hl/ipc50 w0 s42:  20%|█▉        | 59/300 [40:46<2:46:50, 41.54s/ep][A

tin/rn18/el2nbest/hl/ipc50 w0 s42:  20%|██        | 60/300 [41:27<2:45:50, 41.46s/ep][A

tin/rn18/el2nbest/hl/ipc50 w0 s42:  20%|██        | 61/300 [42:09<2:45:02, 41.43s/ep][A

tin/rn18/el2nbest/hl/ipc50 w0 s42:  21%|██        | 62/300 [42:50<2:44:23, 41.44s/ep][A

tin/rn18/el2nbest/hl/ipc50 w0 s42:  21%|██        | 63/300 [43:31<2:43:29, 41.39s/ep][A

tin/rn18/el2nbest/hl/ipc50 w0 s42:  21%|██▏       | 64/300 [44:13<2:42:34, 41.33s/ep][A

tin/rn18/el2nbest/hl/ipc50 w0 s42:  22%|██▏       | 65/300 [44:54<2:41:55, 41.34s/ep][A

tin/rn18/el2nbest/hl/ipc50 w0 s42:  22%|██▏       | 66/300 [45:36<2:41:26, 41.40s/ep][A

tin/rn18/el2nbest/hl/ipc50 w0 s42:  22%|██▏       | 67/300 [46:17<2:40:39, 41.37s/ep][A

tin/rn18/el2nbest/hl/ipc50 w0 s42:  23%|██▎       | 68/300 [46:58<2:39:45, 41.32s/ep][A

tin/rn18/el2nbest/hl/ipc50 w0 s42:  23%|██▎       | 69/300 [47:39<2:39:05, 41.32s/ep][A

tin/rn18/el2nbest/hl/ipc50 w0 s42:  23%|██▎       | 70/300 [48:21<2:38:20, 41.31s/ep][A

tin/rn18/el2nbest/hl/ipc50 w0 s42:  24%|██▎       | 71/300 [49:02<2:37:54, 41.37s/ep][A

tin/rn18/el2nbest/hl/ipc50 w0 s42:  24%|██▍       | 72/300 [49:44<2:37:42, 41.50s/ep][A

tin/rn18/el2nbest/hl/ipc50 w0 s42:  24%|██▍       | 73/300 [50:26<2:37:28, 41.63s/ep][A

tin/rn18/el2nbest/hl/ipc50 w0 s42:  25%|██▍       | 74/300 [51:08<2:37:05, 41.71s/ep][A

tin/rn18/el2nbest/hl/ipc50 w0 s42:  25%|██▌       | 75/300 [51:50<2:36:59, 41.86s/ep][A

tin/rn18/el2nbest/hl/ipc50 w0 s42:  25%|██▌       | 76/300 [52:32<2:36:32, 41.93s/ep][A

tin/rn18/el2nbest/hl/ipc50 w0 s42:  26%|██▌       | 77/300 [53:14<2:36:08, 42.01s/ep][A

tin/rn18/el2nbest/hl/ipc50 w0 s42:  26%|██▌       | 78/300 [53:57<2:35:39, 42.07s/ep][A

tin/rn18/el2nbest/hl/ipc50 w0 s42:  26%|██▋       | 79/300 [54:39<2:35:03, 42.10s/ep][A

tin/rn18/el2nbest/hl/ipc50 w0 s42:  27%|██▋       | 80/300 [55:21<2:34:16, 42.07s/ep][A

tin/rn18/el2nbest/hl/ipc50 w0 s42:  27%|██▋       | 81/300 [56:03<2:33:25, 42.04s/ep][A

tin/rn18/el2nbest/hl/ipc50 w0 s42:  27%|██▋       | 82/300 [56:45<2:32:53, 42.08s/ep][A

tin/rn18/el2nbest/hl/ipc50 w0 s42:  28%|██▊       | 83/300 [57:27<2:32:07, 42.06s/ep][A

tin/rn18/el2nbest/hl/ipc50 w0 s42:  28%|██▊       | 84/300 [58:09<2:31:15, 42.02s/ep][A

tin/rn18/el2nbest/hl/ipc50 w0 s42:  28%|██▊       | 85/300 [58:51<2:30:24, 41.98s/ep][A

tin/rn18/el2nbest/hl/ipc50 w0 s42:  29%|██▊       | 86/300 [59:32<2:29:34, 41.94s/ep][A

tin/rn18/el2nbest/hl/ipc50 w0 s42:  29%|██▉       | 87/300 [1:00:14<2:28:27, 41.82s/ep][A

tin/rn18/el2nbest/hl/ipc50 w0 s42:  29%|██▉       | 88/300 [1:00:56<2:27:43, 41.81s/ep][A

tin/rn18/el2nbest/hl/ipc50 w0 s42:  30%|██▉       | 89/300 [1:01:37<2:26:23, 41.63s/ep][A

tin/rn18/el2nbest/hl/ipc50 w0 s42:  30%|███       | 90/300 [1:02:18<2:24:52, 41.39s/ep][A

tin/rn18/el2nbest/hl/ipc50 w0 s42:  30%|███       | 91/300 [1:02:59<2:23:38, 41.24s/ep][A

tin/rn18/el2nbest/hl/ipc50 w0 s42:  31%|███       | 92/300 [1:03:40<2:22:36, 41.14s/ep][A

tin/rn18/el2nbest/hl/ipc50 w0 s42:  31%|███       | 93/300 [1:04:20<2:21:34, 41.04s/ep][A

tin/rn18/el2nbest/hl/ipc50 w0 s42:  31%|███▏      | 94/300 [1:05:01<2:20:48, 41.01s/ep][A

tin/rn18/el2nbest/hl/ipc50 w0 s42:  32%|███▏      | 95/300 [1:05:42<2:20:11, 41.03s/ep][A

tin/rn18/el2nbest/hl/ipc50 w0 s42:  32%|███▏      | 96/300 [1:06:24<2:19:32, 41.04s/ep][A

tin/rn18/el2nbest/hl/ipc50 w0 s42:  32%|███▏      | 97/300 [1:07:05<2:18:54, 41.06s/ep][A

tin/rn18/el2nbest/hl/ipc50 w0 s42:  33%|███▎      | 98/300 [1:07:46<2:18:17, 41.07s/ep][A

tin/rn18/el2nbest/hl/ipc50 w0 s42:  33%|███▎      | 99/300 [1:08:27<2:17:39, 41.09s/ep][A

tin/rn18/el2nbest/hl/ipc50 w0 s42:  33%|███▎      | 100/300 [1:09:08<2:17:01, 41.11s/ep][A

tin/rn18/el2nbest/hl/ipc50 w0 s42:  34%|███▎      | 101/300 [1:09:49<2:16:17, 41.09s/ep][A

tin/rn18/el2nbest/hl/ipc50 w0 s42:  34%|███▍      | 102/300 [1:10:30<2:15:25, 41.04s/ep][A

tin/rn18/el2nbest/hl/ipc50 w0 s42:  34%|███▍      | 103/300 [1:11:11<2:14:42, 41.03s/ep][A

tin/rn18/el2nbest/hl/ipc50 w0 s42:  35%|███▍      | 104/300 [1:11:52<2:14:02, 41.03s/ep][A

tin/rn18/el2nbest/hl/ipc50 w0 s42:  35%|███▌      | 105/300 [1:12:33<2:13:22, 41.04s/ep][A

tin/rn18/el2nbest/hl/ipc50 w0 s42:  35%|███▌      | 106/300 [1:13:14<2:12:47, 41.07s/ep][A

tin/rn18/el2nbest/hl/ipc50 w0 s42:  36%|███▌      | 107/300 [1:13:55<2:12:16, 41.12s/ep][A

tin/rn18/el2nbest/hl/ipc50 w0 s42:  36%|███▌      | 108/300 [1:14:37<2:11:43, 41.16s/ep][A

tin/rn18/el2nbest/hl/ipc50 w0 s42:  36%|███▋      | 109/300 [1:15:18<2:11:07, 41.19s/ep][A

tin/rn18/el2nbest/hl/ipc50 w0 s42:  37%|███▋      | 110/300 [1:15:59<2:10:29, 41.21s/ep][A

tin/rn18/el2nbest/hl/ipc50 w0 s42:  37%|███▋      | 111/300 [1:16:40<2:09:47, 41.21s/ep][A

tin/rn18/el2nbest/hl/ipc50 w0 s42:  37%|███▋      | 112/300 [1:17:21<2:08:53, 41.14s/ep][A

tin/rn18/el2nbest/hl/ipc50 w0 s42:  38%|███▊      | 113/300 [1:18:02<2:07:55, 41.04s/ep][A

tin/rn18/el2nbest/hl/ipc50 w0 s42:  38%|███▊      | 114/300 [1:18:43<2:07:11, 41.03s/ep][A

tin/rn18/el2nbest/hl/ipc50 w0 s42:  38%|███▊      | 115/300 [1:19:24<2:06:23, 40.99s/ep][A

tin/rn18/el2nbest/hl/ipc50 w0 s42:  39%|███▊      | 116/300 [1:20:05<2:05:42, 40.99s/ep][A

tin/rn18/el2nbest/hl/ipc50 w0 s42:  39%|███▉      | 117/300 [1:20:46<2:04:57, 40.97s/ep][A

tin/rn18/el2nbest/hl/ipc50 w0 s42:  39%|███▉      | 118/300 [1:21:27<2:04:16, 40.97s/ep][A

tin/rn18/el2nbest/hl/ipc50 w0 s42:  40%|███▉      | 119/300 [1:22:08<2:03:30, 40.94s/ep][A

tin/rn18/el2nbest/hl/ipc50 w0 s42:  40%|████      | 120/300 [1:22:49<2:02:50, 40.95s/ep][A

tin/rn18/el2nbest/hl/ipc50 w0 s42:  40%|████      | 121/300 [1:23:30<2:02:13, 40.97s/ep][A

tin/rn18/el2nbest/hl/ipc50 w0 s42:  41%|████      | 122/300 [1:24:11<2:01:34, 40.98s/ep][A

tin/rn18/el2nbest/hl/ipc50 w0 s42:  41%|████      | 123/300 [1:24:52<2:00:58, 41.01s/ep][A

tin/rn18/el2nbest/hl/ipc50 w0 s42:  41%|████▏     | 124/300 [1:25:33<2:00:20, 41.03s/ep][A

tin/rn18/el2nbest/hl/ipc50 w0 s42:  42%|████▏     | 125/300 [1:26:14<1:59:40, 41.03s/ep][A

tin/rn18/el2nbest/hl/ipc50 w0 s42:  42%|████▏     | 126/300 [1:26:55<1:59:03, 41.05s/ep][A

tin/rn18/el2nbest/hl/ipc50 w0 s42:  42%|████▏     | 127/300 [1:27:36<1:58:20, 41.05s/ep][A

tin/rn18/el2nbest/hl/ipc50 w0 s42:  43%|████▎     | 128/300 [1:28:17<1:57:36, 41.02s/ep][A

tin/rn18/el2nbest/hl/ipc50 w0 s42:  43%|████▎     | 129/300 [1:28:58<1:56:51, 41.00s/ep][A

tin/rn18/el2nbest/hl/ipc50 w0 s42:  43%|████▎     | 130/300 [1:29:39<1:56:10, 41.01s/ep][A

tin/rn18/el2nbest/hl/ipc50 w0 s42:  44%|████▎     | 131/300 [1:30:20<1:55:25, 40.98s/ep][A

tin/rn18/el2nbest/hl/ipc50 w0 s42:  44%|████▍     | 132/300 [1:31:01<1:54:55, 41.04s/ep][A

tin/rn18/el2nbest/hl/ipc50 w0 s42:  44%|████▍     | 133/300 [1:31:42<1:54:11, 41.03s/ep][A

tin/rn18/el2nbest/hl/ipc50 w0 s42:  45%|████▍     | 134/300 [1:32:23<1:53:33, 41.05s/ep][A

tin/rn18/el2nbest/hl/ipc50 w0 s42:  45%|████▌     | 135/300 [1:33:04<1:52:53, 41.05s/ep][A

tin/rn18/el2nbest/hl/ipc50 w0 s42:  45%|████▌     | 136/300 [1:33:45<1:52:10, 41.04s/ep][A

tin/rn18/el2nbest/hl/ipc50 w0 s42:  46%|████▌     | 137/300 [1:34:26<1:51:31, 41.05s/ep][A

tin/rn18/el2nbest/hl/ipc50 w0 s42:  46%|████▌     | 138/300 [1:35:08<1:50:53, 41.07s/ep][A

tin/rn18/el2nbest/hl/ipc50 w0 s42:  46%|████▋     | 139/300 [1:35:49<1:50:15, 41.09s/ep][A

tin/rn18/el2nbest/hl/ipc50 w0 s42:  47%|████▋     | 140/300 [1:36:30<1:49:40, 41.13s/ep][A

tin/rn18/el2nbest/hl/ipc50 w0 s42:  47%|████▋     | 141/300 [1:37:11<1:49:13, 41.22s/ep][A

tin/rn18/el2nbest/hl/ipc50 w0 s42:  47%|████▋     | 142/300 [1:37:53<1:48:43, 41.29s/ep][A

tin/rn18/el2nbest/hl/ipc50 w0 s42:  48%|████▊     | 143/300 [1:38:34<1:48:00, 41.28s/ep][A

tin/rn18/el2nbest/hl/ipc50 w0 s42:  48%|████▊     | 144/300 [1:39:15<1:47:12, 41.24s/ep][A

tin/rn18/el2nbest/hl/ipc50 w0 s42:  48%|████▊     | 145/300 [1:39:56<1:46:24, 41.19s/ep][A

tin/rn18/el2nbest/hl/ipc50 w0 s42:  49%|████▊     | 146/300 [1:40:37<1:45:36, 41.15s/ep][A

tin/rn18/el2nbest/hl/ipc50 w0 s42:  49%|████▉     | 147/300 [1:41:18<1:44:54, 41.14s/ep][A

tin/rn18/el2nbest/hl/ipc50 w0 s42:  49%|████▉     | 148/300 [1:42:00<1:44:12, 41.13s/ep][A

tin/rn18/el2nbest/hl/ipc50 w0 s42:  50%|████▉     | 149/300 [1:42:41<1:43:25, 41.10s/ep][A

tin/rn18/el2nbest/hl/ipc50 w0 s42:  50%|█████     | 150/300 [1:43:22<1:42:41, 41.08s/ep][A

tin/rn18/el2nbest/hl/ipc50 w0 s42:  50%|█████     | 151/300 [1:44:03<1:42:04, 41.11s/ep][A

tin/rn18/el2nbest/hl/ipc50 w0 s42:  51%|█████     | 152/300 [1:44:44<1:41:22, 41.10s/ep][A

tin/rn18/el2nbest/hl/ipc50 w0 s42:  51%|█████     | 153/300 [1:45:25<1:40:47, 41.14s/ep][A

tin/rn18/el2nbest/hl/ipc50 w0 s42:  51%|█████▏    | 154/300 [1:46:06<1:40:05, 41.14s/ep][A

tin/rn18/el2nbest/hl/ipc50 w0 s42:  52%|█████▏    | 155/300 [1:46:47<1:39:24, 41.14s/ep][A

tin/rn18/el2nbest/hl/ipc50 w0 s42:  52%|█████▏    | 156/300 [1:47:29<1:38:43, 41.13s/ep][A

tin/rn18/el2nbest/hl/ipc50 w0 s42:  52%|█████▏    | 157/300 [1:48:10<1:37:56, 41.09s/ep][A

tin/rn18/el2nbest/hl/ipc50 w0 s42:  53%|█████▎    | 158/300 [1:48:51<1:37:13, 41.08s/ep][A

tin/rn18/el2nbest/hl/ipc50 w0 s42:  53%|█████▎    | 159/300 [1:49:31<1:36:21, 41.00s/ep][A

tin/rn18/el2nbest/hl/ipc50 w0 s42:  53%|█████▎    | 160/300 [1:50:12<1:35:40, 41.00s/ep][A

tin/rn18/el2nbest/hl/ipc50 w0 s42:  54%|█████▎    | 161/300 [1:50:53<1:34:59, 41.01s/ep][A

tin/rn18/el2nbest/hl/ipc50 w0 s42:  54%|█████▍    | 162/300 [1:51:34<1:34:10, 40.95s/ep][A

tin/rn18/el2nbest/hl/ipc50 w0 s42:  54%|█████▍    | 163/300 [1:52:15<1:33:27, 40.93s/ep][A

tin/rn18/el2nbest/hl/ipc50 w0 s42:  55%|█████▍    | 164/300 [1:52:56<1:32:47, 40.94s/ep][A

tin/rn18/el2nbest/hl/ipc50 w0 s42:  55%|█████▌    | 165/300 [1:53:37<1:32:03, 40.92s/ep][A

tin/rn18/el2nbest/hl/ipc50 w0 s42:  55%|█████▌    | 166/300 [1:54:18<1:31:16, 40.87s/ep][A

tin/rn18/el2nbest/hl/ipc50 w0 s42:  56%|█████▌    | 167/300 [1:54:58<1:30:30, 40.83s/ep][A

tin/rn18/el2nbest/hl/ipc50 w0 s42:  56%|█████▌    | 168/300 [1:55:39<1:29:57, 40.89s/ep][A

tin/rn18/el2nbest/hl/ipc50 w0 s42:  56%|█████▋    | 169/300 [1:56:20<1:29:16, 40.89s/ep][A

tin/rn18/el2nbest/hl/ipc50 w0 s42:  57%|█████▋    | 170/300 [1:57:01<1:28:33, 40.88s/ep][A

tin/rn18/el2nbest/hl/ipc50 w0 s42:  57%|█████▋    | 171/300 [1:57:42<1:27:51, 40.87s/ep][A

tin/rn18/el2nbest/hl/ipc50 w0 s42:  57%|█████▋    | 172/300 [1:58:23<1:27:06, 40.83s/ep][A

tin/rn18/el2nbest/hl/ipc50 w0 s42:  58%|█████▊    | 173/300 [1:59:04<1:26:25, 40.83s/ep][A

tin/rn18/el2nbest/hl/ipc50 w0 s42:  58%|█████▊    | 174/300 [1:59:44<1:25:42, 40.81s/ep][A

tin/rn18/el2nbest/hl/ipc50 w0 s42:  58%|█████▊    | 175/300 [2:00:25<1:24:57, 40.78s/ep][A

tin/rn18/el2nbest/hl/ipc50 w0 s42:  59%|█████▊    | 176/300 [2:01:06<1:24:19, 40.80s/ep][A

tin/rn18/el2nbest/hl/ipc50 w0 s42:  59%|█████▉    | 177/300 [2:01:47<1:23:43, 40.84s/ep][A

tin/rn18/el2nbest/hl/ipc50 w0 s42:  59%|█████▉    | 178/300 [2:02:28<1:23:10, 40.90s/ep][A

tin/rn18/el2nbest/hl/ipc50 w0 s42:  60%|█████▉    | 179/300 [2:03:09<1:22:39, 40.99s/ep][A

tin/rn18/el2nbest/hl/ipc50 w0 s42:  60%|██████    | 180/300 [2:03:50<1:22:01, 41.01s/ep][A

tin/rn18/el2nbest/hl/ipc50 w0 s42:  60%|██████    | 181/300 [2:04:31<1:21:23, 41.04s/ep][A

tin/rn18/el2nbest/hl/ipc50 w0 s42:  61%|██████    | 182/300 [2:05:12<1:20:44, 41.05s/ep][A

tin/rn18/el2nbest/hl/ipc50 w0 s42:  61%|██████    | 183/300 [2:05:53<1:20:00, 41.03s/ep][A

tin/rn18/el2nbest/hl/ipc50 w0 s42:  61%|██████▏   | 184/300 [2:06:34<1:19:18, 41.02s/ep][A

tin/rn18/el2nbest/hl/ipc50 w0 s42:  62%|██████▏   | 185/300 [2:07:15<1:18:34, 41.00s/ep][A

tin/rn18/el2nbest/hl/ipc50 w0 s42:  62%|██████▏   | 186/300 [2:07:56<1:17:50, 40.97s/ep][A

tin/rn18/el2nbest/hl/ipc50 w0 s42:  62%|██████▏   | 187/300 [2:08:37<1:17:07, 40.96s/ep][A

tin/rn18/el2nbest/hl/ipc50 w0 s42:  63%|██████▎   | 188/300 [2:09:18<1:16:23, 40.93s/ep][A

tin/rn18/el2nbest/hl/ipc50 w0 s42:  63%|██████▎   | 189/300 [2:09:59<1:15:37, 40.88s/ep][A

tin/rn18/el2nbest/hl/ipc50 w0 s42:  63%|██████▎   | 190/300 [2:10:40<1:14:53, 40.85s/ep][A

tin/rn18/el2nbest/hl/ipc50 w0 s42:  64%|██████▎   | 191/300 [2:11:20<1:14:11, 40.84s/ep][A

tin/rn18/el2nbest/hl/ipc50 w0 s42:  64%|██████▍   | 192/300 [2:12:01<1:13:30, 40.84s/ep][A

tin/rn18/el2nbest/hl/ipc50 w0 s42:  64%|██████▍   | 193/300 [2:12:42<1:12:51, 40.85s/ep][A

tin/rn18/el2nbest/hl/ipc50 w0 s42:  65%|██████▍   | 194/300 [2:13:23<1:12:12, 40.87s/ep][A

tin/rn18/el2nbest/hl/ipc50 w0 s42:  65%|██████▌   | 195/300 [2:14:04<1:11:33, 40.89s/ep][A

tin/rn18/el2nbest/hl/ipc50 w0 s42:  65%|██████▌   | 196/300 [2:14:45<1:10:52, 40.89s/ep][A

tin/rn18/el2nbest/hl/ipc50 w0 s42:  66%|██████▌   | 197/300 [2:15:26<1:10:09, 40.86s/ep][A

tin/rn18/el2nbest/hl/ipc50 w0 s42:  66%|██████▌   | 198/300 [2:16:06<1:09:25, 40.84s/ep][A

tin/rn18/el2nbest/hl/ipc50 w0 s42:  66%|██████▋   | 199/300 [2:16:47<1:08:47, 40.87s/ep][A

tin/rn18/el2nbest/hl/ipc50 w0 s42:  67%|██████▋   | 200/300 [2:17:28<1:08:08, 40.88s/ep][A

tin/rn18/el2nbest/hl/ipc50 w0 s42:  67%|██████▋   | 201/300 [2:18:09<1:07:29, 40.91s/ep][A

tin/rn18/el2nbest/hl/ipc50 w0 s42:  67%|██████▋   | 202/300 [2:18:50<1:06:50, 40.92s/ep][A

tin/rn18/el2nbest/hl/ipc50 w0 s42:  68%|██████▊   | 203/300 [2:19:31<1:06:11, 40.94s/ep][A

tin/rn18/el2nbest/hl/ipc50 w0 s42:  68%|██████▊   | 204/300 [2:20:12<1:05:28, 40.92s/ep][A

tin/rn18/el2nbest/hl/ipc50 w0 s42:  68%|██████▊   | 205/300 [2:20:53<1:04:45, 40.91s/ep][A

tin/rn18/el2nbest/hl/ipc50 w0 s42:  69%|██████▊   | 206/300 [2:21:34<1:04:00, 40.86s/ep][A

tin/rn18/el2nbest/hl/ipc50 w0 s42:  69%|██████▉   | 207/300 [2:22:14<1:03:17, 40.84s/ep][A

tin/rn18/el2nbest/hl/ipc50 w0 s42:  69%|██████▉   | 208/300 [2:22:55<1:02:41, 40.89s/ep][A

tin/rn18/el2nbest/hl/ipc50 w0 s42:  70%|██████▉   | 209/300 [2:23:36<1:02:01, 40.90s/ep][A

tin/rn18/el2nbest/hl/ipc50 w0 s42:  70%|███████   | 210/300 [2:24:17<1:01:19, 40.89s/ep][A

tin/rn18/el2nbest/hl/ipc50 w0 s42:  70%|███████   | 211/300 [2:24:58<1:00:38, 40.88s/ep][A

tin/rn18/el2nbest/hl/ipc50 w0 s42:  71%|███████   | 212/300 [2:25:39<59:56, 40.87s/ep]  [A

tin/rn18/el2nbest/hl/ipc50 w0 s42:  71%|███████   | 213/300 [2:26:20<59:16, 40.88s/ep][A

tin/rn18/el2nbest/hl/ipc50 w0 s42:  71%|███████▏  | 214/300 [2:27:00<58:29, 40.81s/ep][A

tin/rn18/el2nbest/hl/ipc50 w0 s42:  72%|███████▏  | 215/300 [2:27:41<57:36, 40.66s/ep][A

tin/rn18/el2nbest/hl/ipc50 w0 s42:  72%|███████▏  | 216/300 [2:28:21<56:47, 40.56s/ep][A

tin/rn18/el2nbest/hl/ipc50 w0 s42:  72%|███████▏  | 217/300 [2:29:02<56:01, 40.50s/ep][A

tin/rn18/el2nbest/hl/ipc50 w0 s42:  73%|███████▎  | 218/300 [2:29:42<55:18, 40.46s/ep][A

tin/rn18/el2nbest/hl/ipc50 w0 s42:  73%|███████▎  | 219/300 [2:30:22<54:35, 40.44s/ep][A

tin/rn18/el2nbest/hl/ipc50 w0 s42:  73%|███████▎  | 220/300 [2:31:03<53:54, 40.43s/ep][A

tin/rn18/el2nbest/hl/ipc50 w0 s42:  74%|███████▎  | 221/300 [2:31:43<53:16, 40.47s/ep][A

tin/rn18/el2nbest/hl/ipc50 w0 s42:  74%|███████▍  | 222/300 [2:32:24<52:40, 40.51s/ep][A

tin/rn18/el2nbest/hl/ipc50 w0 s42:  74%|███████▍  | 223/300 [2:33:04<52:01, 40.54s/ep][A

tin/rn18/el2nbest/hl/ipc50 w0 s42:  75%|███████▍  | 224/300 [2:33:45<51:27, 40.63s/ep][A

tin/rn18/el2nbest/hl/ipc50 w0 s42:  75%|███████▌  | 225/300 [2:34:26<50:49, 40.66s/ep][A

tin/rn18/el2nbest/hl/ipc50 w0 s42:  75%|███████▌  | 226/300 [2:35:07<50:12, 40.71s/ep][A

tin/rn18/el2nbest/hl/ipc50 w0 s42:  76%|███████▌  | 227/300 [2:35:48<49:34, 40.75s/ep][A

tin/rn18/el2nbest/hl/ipc50 w0 s42:  76%|███████▌  | 228/300 [2:36:28<48:53, 40.75s/ep][A

tin/rn18/el2nbest/hl/ipc50 w0 s42:  76%|███████▋  | 229/300 [2:37:09<48:14, 40.77s/ep][A

tin/rn18/el2nbest/hl/ipc50 w0 s42:  77%|███████▋  | 230/300 [2:37:50<47:35, 40.79s/ep][A

tin/rn18/el2nbest/hl/ipc50 w0 s42:  77%|███████▋  | 231/300 [2:38:31<46:53, 40.77s/ep][A

tin/rn18/el2nbest/hl/ipc50 w0 s42:  77%|███████▋  | 232/300 [2:39:12<46:12, 40.77s/ep][A

tin/rn18/el2nbest/hl/ipc50 w0 s42:  78%|███████▊  | 233/300 [2:39:52<45:33, 40.80s/ep][A

tin/rn18/el2nbest/hl/ipc50 w0 s42:  78%|███████▊  | 234/300 [2:40:33<44:53, 40.81s/ep][A

tin/rn18/el2nbest/hl/ipc50 w0 s42:  78%|███████▊  | 235/300 [2:41:14<44:10, 40.77s/ep][A

tin/rn18/el2nbest/hl/ipc50 w0 s42:  79%|███████▊  | 236/300 [2:41:55<43:29, 40.77s/ep][A

tin/rn18/el2nbest/hl/ipc50 w0 s42:  79%|███████▉  | 237/300 [2:42:35<42:48, 40.76s/ep][A

tin/rn18/el2nbest/hl/ipc50 w0 s42:  79%|███████▉  | 238/300 [2:43:16<42:06, 40.75s/ep][A

tin/rn18/el2nbest/hl/ipc50 w0 s42:  80%|███████▉  | 239/300 [2:43:57<41:24, 40.74s/ep][A

tin/rn18/el2nbest/hl/ipc50 w0 s42:  80%|████████  | 240/300 [2:44:38<40:43, 40.73s/ep][A

tin/rn18/el2nbest/hl/ipc50 w0 s42:  80%|████████  | 241/300 [2:45:18<40:04, 40.76s/ep][A

tin/rn18/el2nbest/hl/ipc50 w0 s42:  81%|████████  | 242/300 [2:45:59<39:27, 40.81s/ep][A

tin/rn18/el2nbest/hl/ipc50 w0 s42:  81%|████████  | 243/300 [2:46:40<38:48, 40.85s/ep][A

tin/rn18/el2nbest/hl/ipc50 w0 s42:  81%|████████▏ | 244/300 [2:47:21<38:10, 40.90s/ep][A

tin/rn18/el2nbest/hl/ipc50 w0 s42:  82%|████████▏ | 245/300 [2:48:02<37:30, 40.91s/ep][A

tin/rn18/el2nbest/hl/ipc50 w0 s42:  82%|████████▏ | 246/300 [2:48:43<36:48, 40.90s/ep][A

tin/rn18/el2nbest/hl/ipc50 w0 s42:  82%|████████▏ | 247/300 [2:49:24<36:07, 40.89s/ep][A

tin/rn18/el2nbest/hl/ipc50 w0 s42:  83%|████████▎ | 248/300 [2:50:05<35:28, 40.93s/ep][A

tin/rn18/el2nbest/hl/ipc50 w0 s42:  83%|████████▎ | 249/300 [2:50:46<34:49, 40.98s/ep][A

tin/rn18/el2nbest/hl/ipc50 w0 s42:  83%|████████▎ | 250/300 [2:51:27<34:11, 41.02s/ep][A

tin/rn18/el2nbest/hl/ipc50 w0 s42:  84%|████████▎ | 251/300 [2:52:08<33:30, 41.02s/ep][A

tin/rn18/el2nbest/hl/ipc50 w0 s42:  84%|████████▍ | 252/300 [2:52:49<32:47, 40.99s/ep][A

tin/rn18/el2nbest/hl/ipc50 w0 s42:  84%|████████▍ | 253/300 [2:53:30<32:05, 40.96s/ep][A

tin/rn18/el2nbest/hl/ipc50 w0 s42:  85%|████████▍ | 254/300 [2:54:11<31:24, 40.96s/ep][A

tin/rn18/el2nbest/hl/ipc50 w0 s42:  85%|████████▌ | 255/300 [2:54:52<30:41, 40.92s/ep][A

tin/rn18/el2nbest/hl/ipc50 w0 s42:  85%|████████▌ | 256/300 [2:55:33<29:59, 40.91s/ep][A

tin/rn18/el2nbest/hl/ipc50 w0 s42:  86%|████████▌ | 257/300 [2:56:14<29:18, 40.90s/ep][A

tin/rn18/el2nbest/hl/ipc50 w0 s42:  86%|████████▌ | 258/300 [2:56:55<28:38, 40.91s/ep][A

tin/rn18/el2nbest/hl/ipc50 w0 s42:  86%|████████▋ | 259/300 [2:57:35<27:56, 40.90s/ep][A

tin/rn18/el2nbest/hl/ipc50 w0 s42:  87%|████████▋ | 260/300 [2:58:16<27:16, 40.92s/ep][A

tin/rn18/el2nbest/hl/ipc50 w0 s42:  87%|████████▋ | 261/300 [2:58:57<26:37, 40.95s/ep][A

tin/rn18/el2nbest/hl/ipc50 w0 s42:  87%|████████▋ | 262/300 [2:59:38<25:55, 40.93s/ep][A

tin/rn18/el2nbest/hl/ipc50 w0 s42:  88%|████████▊ | 263/300 [3:00:19<25:13, 40.90s/ep][A

tin/rn18/el2nbest/hl/ipc50 w0 s42:  88%|████████▊ | 264/300 [3:01:00<24:32, 40.89s/ep][A

tin/rn18/el2nbest/hl/ipc50 w0 s42:  88%|████████▊ | 265/300 [3:01:41<23:52, 40.91s/ep][A

tin/rn18/el2nbest/hl/ipc50 w0 s42:  89%|████████▊ | 266/300 [3:02:22<23:11, 40.92s/ep][A

tin/rn18/el2nbest/hl/ipc50 w0 s42:  89%|████████▉ | 267/300 [3:03:03<22:29, 40.88s/ep][A

tin/rn18/el2nbest/hl/ipc50 w0 s42:  89%|████████▉ | 268/300 [3:03:44<21:48, 40.89s/ep][A

tin/rn18/el2nbest/hl/ipc50 w0 s42:  90%|████████▉ | 269/300 [3:04:24<21:07, 40.88s/ep][A

tin/rn18/el2nbest/hl/ipc50 w0 s42:  90%|█████████ | 270/300 [3:05:05<20:25, 40.85s/ep][A

tin/rn18/el2nbest/hl/ipc50 w0 s42:  90%|█████████ | 271/300 [3:05:46<19:45, 40.89s/ep][A

tin/rn18/el2nbest/hl/ipc50 w0 s42:  91%|█████████ | 272/300 [3:06:27<19:04, 40.88s/ep][A

tin/rn18/el2nbest/hl/ipc50 w0 s42:  91%|█████████ | 273/300 [3:07:08<18:22, 40.84s/ep][A

tin/rn18/el2nbest/hl/ipc50 w0 s42:  91%|█████████▏| 274/300 [3:07:49<17:41, 40.82s/ep][A

tin/rn18/el2nbest/hl/ipc50 w0 s42:  92%|█████████▏| 275/300 [3:08:30<17:01, 40.85s/ep][A

tin/rn18/el2nbest/hl/ipc50 w0 s42:  92%|█████████▏| 276/300 [3:09:10<16:21, 40.88s/ep][A

tin/rn18/el2nbest/hl/ipc50 w0 s42:  92%|█████████▏| 277/300 [3:09:51<15:39, 40.83s/ep][A

tin/rn18/el2nbest/hl/ipc50 w0 s42:  93%|█████████▎| 278/300 [3:10:32<14:56, 40.77s/ep][A

tin/rn18/el2nbest/hl/ipc50 w0 s42:  93%|█████████▎| 279/300 [3:11:12<14:15, 40.74s/ep][A

tin/rn18/el2nbest/hl/ipc50 w0 s42:  93%|█████████▎| 280/300 [3:11:53<13:34, 40.71s/ep][A

tin/rn18/el2nbest/hl/ipc50 w0 s42:  94%|█████████▎| 281/300 [3:12:34<12:53, 40.69s/ep][A

tin/rn18/el2nbest/hl/ipc50 w0 s42:  94%|█████████▍| 282/300 [3:13:14<12:12, 40.69s/ep][A

tin/rn18/el2nbest/hl/ipc50 w0 s42:  94%|█████████▍| 283/300 [3:13:55<11:32, 40.72s/ep][A

tin/rn18/el2nbest/hl/ipc50 w0 s42:  95%|█████████▍| 284/300 [3:14:36<10:52, 40.76s/ep][A

tin/rn18/el2nbest/hl/ipc50 w0 s42:  95%|█████████▌| 285/300 [3:15:17<10:12, 40.83s/ep][A

tin/rn18/el2nbest/hl/ipc50 w0 s42:  95%|█████████▌| 286/300 [3:15:58<09:32, 40.88s/ep][A

tin/rn18/el2nbest/hl/ipc50 w0 s42:  96%|█████████▌| 287/300 [3:16:39<08:51, 40.90s/ep][A

tin/rn18/el2nbest/hl/ipc50 w0 s42:  96%|█████████▌| 288/300 [3:17:20<08:10, 40.88s/ep][A

tin/rn18/el2nbest/hl/ipc50 w0 s42:  96%|█████████▋| 289/300 [3:18:01<07:29, 40.83s/ep][A

tin/rn18/el2nbest/hl/ipc50 w0 s42:  97%|█████████▋| 290/300 [3:18:41<06:47, 40.80s/ep][A

tin/rn18/el2nbest/hl/ipc50 w0 s42:  97%|█████████▋| 291/300 [3:19:22<06:07, 40.85s/ep][A

tin/rn18/el2nbest/hl/ipc50 w0 s42:  97%|█████████▋| 292/300 [3:20:03<05:26, 40.85s/ep][A

tin/rn18/el2nbest/hl/ipc50 w0 s42:  98%|█████████▊| 293/300 [3:20:44<04:46, 40.87s/ep][A

tin/rn18/el2nbest/hl/ipc50 w0 s42:  98%|█████████▊| 294/300 [3:21:25<04:05, 40.91s/ep][A

tin/rn18/el2nbest/hl/ipc50 w0 s42:  98%|█████████▊| 295/300 [3:22:06<03:24, 40.92s/ep][A

tin/rn18/el2nbest/hl/ipc50 w0 s42:  99%|█████████▊| 296/300 [3:22:47<02:43, 40.94s/ep][A

tin/rn18/el2nbest/hl/ipc50 w0 s42:  99%|█████████▉| 297/300 [3:23:28<02:02, 40.99s/ep][A

tin/rn18/el2nbest/hl/ipc50 w0 s42:  99%|█████████▉| 298/300 [3:24:09<01:21, 40.99s/ep][A

tin/rn18/el2nbest/hl/ipc50 w0 s42: 100%|█████████▉| 299/300 [3:24:50<00:40, 40.99s/ep][A

tin/rn18/el2nbest/hl/ipc50 w0 s42: 100%|██████████| 300/300 [3:25:31<00:00, 40.98s/ep][A

                                                                                      [A[cell] tin/rn18/el2nbest/hl/ipc50 window 0%: 2.89%  (12345s)


tin/rn18/el2nbest/hl/ipc50 w10 s42:   0%|          | 0/300 [00:00<?, ?ep/s][A

tin/rn18/el2nbest/hl/ipc50 w10 s42:   0%|          | 1/300 [00:41<3:24:19, 41.00s/ep][A

tin/rn18/el2nbest/hl/ipc50 w10 s42:   1%|          | 2/300 [01:22<3:23:53, 41.05s/ep][A

tin/rn18/el2nbest/hl/ipc50 w10 s42:   1%|          | 3/300 [02:03<3:23:23, 41.09s/ep][A

tin/rn18/el2nbest/hl/ipc50 w10 s42:   1%|▏         | 4/300 [02:44<3:22:53, 41.13s/ep][A

tin/rn18/el2nbest/hl/ipc50 w10 s42:   2%|▏         | 5/300 [03:25<3:22:00, 41.09s/ep][A

tin/rn18/el2nbest/hl/ipc50 w10 s42:   2%|▏         | 6/300 [04:06<3:21:00, 41.02s/ep][A

tin/rn18/el2nbest/hl/ipc50 w10 s42:   2%|▏         | 7/300 [04:47<3:20:20, 41.03s/ep][A

tin/rn18/el2nbest/hl/ipc50 w10 s42:   3%|▎         | 8/300 [05:28<3:19:30, 40.99s/ep][A

tin/rn18/el2nbest/hl/ipc50 w10 s42:   3%|▎         | 9/300 [06:09<3:18:44, 40.98s/ep][A

tin/rn18/el2nbest/hl/ipc50 w10 s42:   3%|▎         | 10/300 [06:50<3:17:57, 40.96s/ep][A

tin/rn18/el2nbest/hl/ipc50 w10 s42:   4%|▎         | 11/300 [07:31<3:17:12, 40.94s/ep][A

tin/rn18/el2nbest/hl/ipc50 w10 s42:   4%|▍         | 12/300 [08:12<3:16:33, 40.95s/ep][A

tin/rn18/el2nbest/hl/ipc50 w10 s42:   4%|▍         | 13/300 [08:53<3:16:01, 40.98s/ep][A

tin/rn18/el2nbest/hl/ipc50 w10 s42:   5%|▍         | 14/300 [09:34<3:15:18, 40.97s/ep][A

tin/rn18/el2nbest/hl/ipc50 w10 s42:   5%|▌         | 15/300 [10:14<3:14:37, 40.97s/ep][A

tin/rn18/el2nbest/hl/ipc50 w10 s42:   5%|▌         | 16/300 [10:56<3:14:06, 41.01s/ep][A

tin/rn18/el2nbest/hl/ipc50 w10 s42:   6%|▌         | 17/300 [11:37<3:13:30, 41.03s/ep][A

tin/rn18/el2nbest/hl/ipc50 w10 s42:   6%|▌         | 18/300 [12:18<3:13:03, 41.08s/ep][A

tin/rn18/el2nbest/hl/ipc50 w10 s42:   6%|▋         | 19/300 [12:59<3:12:26, 41.09s/ep][A

tin/rn18/el2nbest/hl/ipc50 w10 s42:   7%|▋         | 20/300 [13:40<3:11:53, 41.12s/ep][A

tin/rn18/el2nbest/hl/ipc50 w10 s42:   7%|▋         | 21/300 [14:21<3:11:22, 41.16s/ep][A

tin/rn18/el2nbest/hl/ipc50 w10 s42:   7%|▋         | 22/300 [15:03<3:10:57, 41.21s/ep][A

tin/rn18/el2nbest/hl/ipc50 w10 s42:   8%|▊         | 23/300 [15:44<3:10:20, 41.23s/ep][A

tin/rn18/el2nbest/hl/ipc50 w10 s42:   8%|▊         | 24/300 [16:25<3:09:55, 41.29s/ep][A

tin/rn18/el2nbest/hl/ipc50 w10 s42:   8%|▊         | 25/300 [17:07<3:09:12, 41.28s/ep][A

tin/rn18/el2nbest/hl/ipc50 w10 s42:   9%|▊         | 26/300 [17:48<3:08:14, 41.22s/ep][A

tin/rn18/el2nbest/hl/ipc50 w10 s42:   9%|▉         | 27/300 [18:29<3:07:20, 41.17s/ep][A

tin/rn18/el2nbest/hl/ipc50 w10 s42:   9%|▉         | 28/300 [19:10<3:06:32, 41.15s/ep][A

tin/rn18/el2nbest/hl/ipc50 w10 s42:  10%|▉         | 29/300 [19:51<3:05:50, 41.15s/ep][A

tin/rn18/el2nbest/hl/ipc50 w10 s42:  10%|█         | 30/300 [20:32<3:05:02, 41.12s/ep][A

tin/rn18/el2nbest/hl/ipc50 w10 s42:  10%|█         | 31/300 [21:13<3:04:09, 41.08s/ep][A

tin/rn18/el2nbest/hl/ipc50 w10 s42:  11%|█         | 32/300 [21:54<3:03:23, 41.06s/ep][A

tin/rn18/el2nbest/hl/ipc50 w10 s42:  11%|█         | 33/300 [22:35<3:02:36, 41.04s/ep][A

tin/rn18/el2nbest/hl/ipc50 w10 s42:  11%|█▏        | 34/300 [23:16<3:01:50, 41.02s/ep][A

tin/rn18/el2nbest/hl/ipc50 w10 s42:  12%|█▏        | 35/300 [23:57<3:01:04, 41.00s/ep][A

tin/rn18/el2nbest/hl/ipc50 w10 s42:  12%|█▏        | 36/300 [24:38<3:00:21, 40.99s/ep][A

tin/rn18/el2nbest/hl/ipc50 w10 s42:  12%|█▏        | 37/300 [25:19<2:59:26, 40.94s/ep][A

tin/rn18/el2nbest/hl/ipc50 w10 s42:  13%|█▎        | 38/300 [25:59<2:58:11, 40.81s/ep][A

tin/rn18/el2nbest/hl/ipc50 w10 s42:  13%|█▎        | 39/300 [26:40<2:57:00, 40.69s/ep][A

tin/rn18/el2nbest/hl/ipc50 w10 s42:  13%|█▎        | 40/300 [27:20<2:55:56, 40.60s/ep][A

tin/rn18/el2nbest/hl/ipc50 w10 s42:  14%|█▎        | 41/300 [28:01<2:55:15, 40.60s/ep][A

tin/rn18/el2nbest/hl/ipc50 w10 s42:  14%|█▍        | 42/300 [28:41<2:54:43, 40.63s/ep][A

tin/rn18/el2nbest/hl/ipc50 w10 s42:  14%|█▍        | 43/300 [29:22<2:54:19, 40.70s/ep][A

tin/rn18/el2nbest/hl/ipc50 w10 s42:  15%|█▍        | 44/300 [30:03<2:54:02, 40.79s/ep][A

tin/rn18/el2nbest/hl/ipc50 w10 s42:  15%|█▌        | 45/300 [30:44<2:53:40, 40.87s/ep][A

tin/rn18/el2nbest/hl/ipc50 w10 s42:  15%|█▌        | 46/300 [31:26<2:53:24, 40.96s/ep][A

tin/rn18/el2nbest/hl/ipc50 w10 s42:  16%|█▌        | 47/300 [32:07<2:52:54, 41.01s/ep][A

tin/rn18/el2nbest/hl/ipc50 w10 s42:  16%|█▌        | 48/300 [32:48<2:52:09, 40.99s/ep][A

tin/rn18/el2nbest/hl/ipc50 w10 s42:  16%|█▋        | 49/300 [33:29<2:51:30, 41.00s/ep][A

tin/rn18/el2nbest/hl/ipc50 w10 s42:  17%|█▋        | 50/300 [34:10<2:50:49, 41.00s/ep][A

tin/rn18/el2nbest/hl/ipc50 w10 s42:  17%|█▋        | 51/300 [34:51<2:50:06, 40.99s/ep][A

tin/rn18/el2nbest/hl/ipc50 w10 s42:  17%|█▋        | 52/300 [35:31<2:49:18, 40.96s/ep][A

tin/rn18/el2nbest/hl/ipc50 w10 s42:  18%|█▊        | 53/300 [36:12<2:48:39, 40.97s/ep][A

tin/rn18/el2nbest/hl/ipc50 w10 s42:  18%|█▊        | 54/300 [36:54<2:48:04, 40.99s/ep][A

tin/rn18/el2nbest/hl/ipc50 w10 s42:  18%|█▊        | 55/300 [37:35<2:47:30, 41.02s/ep][A

tin/rn18/el2nbest/hl/ipc50 w10 s42:  19%|█▊        | 56/300 [38:16<2:46:50, 41.03s/ep][A

tin/rn18/el2nbest/hl/ipc50 w10 s42:  19%|█▉        | 57/300 [38:57<2:46:12, 41.04s/ep][A

tin/rn18/el2nbest/hl/ipc50 w10 s42:  19%|█▉        | 58/300 [39:38<2:45:33, 41.05s/ep][A

tin/rn18/el2nbest/hl/ipc50 w10 s42:  20%|█▉        | 59/300 [40:19<2:44:43, 41.01s/ep][A

tin/rn18/el2nbest/hl/ipc50 w10 s42:  20%|██        | 60/300 [41:00<2:43:56, 40.99s/ep][A

tin/rn18/el2nbest/hl/ipc50 w10 s42:  20%|██        | 61/300 [41:40<2:43:07, 40.95s/ep][A

tin/rn18/el2nbest/hl/ipc50 w10 s42:  21%|██        | 62/300 [42:21<2:42:24, 40.94s/ep][A

tin/rn18/el2nbest/hl/ipc50 w10 s42:  21%|██        | 63/300 [43:02<2:41:43, 40.94s/ep][A

tin/rn18/el2nbest/hl/ipc50 w10 s42:  21%|██▏       | 64/300 [43:43<2:41:05, 40.95s/ep][A

tin/rn18/el2nbest/hl/ipc50 w10 s42:  22%|██▏       | 65/300 [44:24<2:40:26, 40.96s/ep][A

tin/rn18/el2nbest/hl/ipc50 w10 s42:  22%|██▏       | 66/300 [45:05<2:39:48, 40.97s/ep][A

tin/rn18/el2nbest/hl/ipc50 w10 s42:  22%|██▏       | 67/300 [45:46<2:39:11, 40.99s/ep][A

tin/rn18/el2nbest/hl/ipc50 w10 s42:  23%|██▎       | 68/300 [46:27<2:38:28, 40.99s/ep][A

tin/rn18/el2nbest/hl/ipc50 w10 s42:  23%|██▎       | 69/300 [47:08<2:37:49, 40.99s/ep][A

tin/rn18/el2nbest/hl/ipc50 w10 s42:  23%|██▎       | 70/300 [47:49<2:37:08, 40.99s/ep][A

tin/rn18/el2nbest/hl/ipc50 w10 s42:  24%|██▎       | 71/300 [48:30<2:36:33, 41.02s/ep][A

tin/rn18/el2nbest/hl/ipc50 w10 s42:  24%|██▍       | 72/300 [49:12<2:36:03, 41.07s/ep][A

tin/rn18/el2nbest/hl/ipc50 w10 s42:  24%|██▍       | 73/300 [49:53<2:35:32, 41.11s/ep][A

tin/rn18/el2nbest/hl/ipc50 w10 s42:  25%|██▍       | 74/300 [50:34<2:35:05, 41.18s/ep][A

tin/rn18/el2nbest/hl/ipc50 w10 s42:  25%|██▌       | 75/300 [51:15<2:34:28, 41.20s/ep][A

tin/rn18/el2nbest/hl/ipc50 w10 s42:  25%|██▌       | 76/300 [51:57<2:33:49, 41.20s/ep][A

tin/rn18/el2nbest/hl/ipc50 w10 s42:  26%|██▌       | 77/300 [52:38<2:33:17, 41.24s/ep][A

tin/rn18/el2nbest/hl/ipc50 w10 s42:  26%|██▌       | 78/300 [53:19<2:32:47, 41.29s/ep][A

tin/rn18/el2nbest/hl/ipc50 w10 s42:  26%|██▋       | 79/300 [54:01<2:32:07, 41.30s/ep][A

tin/rn18/el2nbest/hl/ipc50 w10 s42:  27%|██▋       | 80/300 [54:42<2:31:13, 41.24s/ep][A

tin/rn18/el2nbest/hl/ipc50 w10 s42:  27%|██▋       | 81/300 [55:23<2:30:25, 41.21s/ep][A

tin/rn18/el2nbest/hl/ipc50 w10 s42:  27%|██▋       | 82/300 [56:04<2:29:24, 41.12s/ep][A

tin/rn18/el2nbest/hl/ipc50 w10 s42:  28%|██▊       | 83/300 [56:45<2:28:36, 41.09s/ep][A

tin/rn18/el2nbest/hl/ipc50 w10 s42:  28%|██▊       | 84/300 [57:26<2:27:54, 41.09s/ep][A

tin/rn18/el2nbest/hl/ipc50 w10 s42:  28%|██▊       | 85/300 [58:07<2:27:15, 41.10s/ep][A

tin/rn18/el2nbest/hl/ipc50 w10 s42:  29%|██▊       | 86/300 [58:48<2:26:32, 41.09s/ep][A

tin/rn18/el2nbest/hl/ipc50 w10 s42:  29%|██▉       | 87/300 [59:29<2:25:52, 41.09s/ep][A

tin/rn18/el2nbest/hl/ipc50 w10 s42:  29%|██▉       | 88/300 [1:00:10<2:25:08, 41.08s/ep][A

tin/rn18/el2nbest/hl/ipc50 w10 s42:  30%|██▉       | 89/300 [1:00:51<2:24:30, 41.09s/ep][A

tin/rn18/el2nbest/hl/ipc50 w10 s42:  30%|███       | 90/300 [1:01:32<2:23:38, 41.04s/ep][A

tin/rn18/el2nbest/hl/ipc50 w10 s42:  30%|███       | 91/300 [1:02:13<2:22:47, 40.99s/ep][A

tin/rn18/el2nbest/hl/ipc50 w10 s42:  31%|███       | 92/300 [1:02:54<2:22:00, 40.96s/ep][A

tin/rn18/el2nbest/hl/ipc50 w10 s42:  31%|███       | 93/300 [1:03:35<2:21:20, 40.97s/ep][A

tin/rn18/el2nbest/hl/ipc50 w10 s42:  31%|███▏      | 94/300 [1:04:16<2:20:36, 40.96s/ep][A

tin/rn18/el2nbest/hl/ipc50 w10 s42:  32%|███▏      | 95/300 [1:04:57<2:19:54, 40.95s/ep][A

tin/rn18/el2nbest/hl/ipc50 w10 s42:  32%|███▏      | 96/300 [1:05:38<2:19:04, 40.90s/ep][A

tin/rn18/el2nbest/hl/ipc50 w10 s42:  32%|███▏      | 97/300 [1:06:19<2:18:31, 40.94s/ep][A

tin/rn18/el2nbest/hl/ipc50 w10 s42:  33%|███▎      | 98/300 [1:07:00<2:17:49, 40.94s/ep][A

tin/rn18/el2nbest/hl/ipc50 w10 s42:  33%|███▎      | 99/300 [1:07:40<2:17:00, 40.90s/ep][A

tin/rn18/el2nbest/hl/ipc50 w10 s42:  33%|███▎      | 100/300 [1:08:21<2:16:24, 40.92s/ep][A

tin/rn18/el2nbest/hl/ipc50 w10 s42:  34%|███▎      | 101/300 [1:09:03<2:15:53, 40.97s/ep][A

tin/rn18/el2nbest/hl/ipc50 w10 s42:  34%|███▍      | 102/300 [1:09:44<2:15:20, 41.01s/ep][A

tin/rn18/el2nbest/hl/ipc50 w10 s42:  34%|███▍      | 103/300 [1:10:25<2:14:43, 41.03s/ep][A

tin/rn18/el2nbest/hl/ipc50 w10 s42:  35%|███▍      | 104/300 [1:11:06<2:14:00, 41.02s/ep][A

tin/rn18/el2nbest/hl/ipc50 w10 s42:  35%|███▌      | 105/300 [1:11:47<2:13:08, 40.97s/ep][A

tin/rn18/el2nbest/hl/ipc50 w10 s42:  35%|███▌      | 106/300 [1:12:27<2:12:20, 40.93s/ep][A

tin/rn18/el2nbest/hl/ipc50 w10 s42:  36%|███▌      | 107/300 [1:13:08<2:11:45, 40.96s/ep][A

tin/rn18/el2nbest/hl/ipc50 w10 s42:  36%|███▌      | 108/300 [1:13:50<2:11:16, 41.03s/ep][A

tin/rn18/el2nbest/hl/ipc50 w10 s42:  36%|███▋      | 109/300 [1:14:31<2:10:38, 41.04s/ep][A

tin/rn18/el2nbest/hl/ipc50 w10 s42:  37%|███▋      | 110/300 [1:15:12<2:09:57, 41.04s/ep][A

tin/rn18/el2nbest/hl/ipc50 w10 s42:  37%|███▋      | 111/300 [1:15:53<2:09:17, 41.04s/ep][A

tin/rn18/el2nbest/hl/ipc50 w10 s42:  37%|███▋      | 112/300 [1:16:34<2:08:37, 41.05s/ep][A

tin/rn18/el2nbest/hl/ipc50 w10 s42:  38%|███▊      | 113/300 [1:17:15<2:07:53, 41.03s/ep][A

tin/rn18/el2nbest/hl/ipc50 w10 s42:  38%|███▊      | 114/300 [1:17:56<2:07:03, 40.99s/ep][A

tin/rn18/el2nbest/hl/ipc50 w10 s42:  38%|███▊      | 115/300 [1:18:37<2:06:21, 40.98s/ep][A

tin/rn18/el2nbest/hl/ipc50 w10 s42:  39%|███▊      | 116/300 [1:19:18<2:05:36, 40.96s/ep][A

tin/rn18/el2nbest/hl/ipc50 w10 s42:  39%|███▉      | 117/300 [1:19:58<2:04:45, 40.90s/ep][A

tin/rn18/el2nbest/hl/ipc50 w10 s42:  39%|███▉      | 118/300 [1:20:39<2:03:59, 40.88s/ep][A

tin/rn18/el2nbest/hl/ipc50 w10 s42:  40%|███▉      | 119/300 [1:21:20<2:03:12, 40.84s/ep][A

tin/rn18/el2nbest/hl/ipc50 w10 s42:  40%|████      | 120/300 [1:22:01<2:02:29, 40.83s/ep][A

tin/rn18/el2nbest/hl/ipc50 w10 s42:  40%|████      | 121/300 [1:22:42<2:01:44, 40.81s/ep][A

tin/rn18/el2nbest/hl/ipc50 w10 s42:  41%|████      | 122/300 [1:23:22<2:00:59, 40.78s/ep][A

tin/rn18/el2nbest/hl/ipc50 w10 s42:  41%|████      | 123/300 [1:24:03<2:00:15, 40.76s/ep][A

tin/rn18/el2nbest/hl/ipc50 w10 s42:  41%|████▏     | 124/300 [1:24:44<1:59:40, 40.80s/ep][A

tin/rn18/el2nbest/hl/ipc50 w10 s42:  42%|████▏     | 125/300 [1:25:25<1:59:10, 40.86s/ep][A

tin/rn18/el2nbest/hl/ipc50 w10 s42:  42%|████▏     | 126/300 [1:26:06<1:58:35, 40.89s/ep][A

tin/rn18/el2nbest/hl/ipc50 w10 s42:  42%|████▏     | 127/300 [1:26:47<1:58:00, 40.93s/ep][A

tin/rn18/el2nbest/hl/ipc50 w10 s42:  43%|████▎     | 128/300 [1:27:28<1:57:22, 40.95s/ep][A

tin/rn18/el2nbest/hl/ipc50 w10 s42:  43%|████▎     | 129/300 [1:28:09<1:56:41, 40.95s/ep][A

tin/rn18/el2nbest/hl/ipc50 w10 s42:  43%|████▎     | 130/300 [1:28:50<1:56:00, 40.94s/ep][A

tin/rn18/el2nbest/hl/ipc50 w10 s42:  44%|████▎     | 131/300 [1:29:31<1:55:15, 40.92s/ep][A

tin/rn18/el2nbest/hl/ipc50 w10 s42:  44%|████▍     | 132/300 [1:30:11<1:54:33, 40.91s/ep][A

tin/rn18/el2nbest/hl/ipc50 w10 s42:  44%|████▍     | 133/300 [1:30:52<1:53:53, 40.92s/ep][A

tin/rn18/el2nbest/hl/ipc50 w10 s42:  45%|████▍     | 134/300 [1:31:33<1:53:11, 40.92s/ep][A

tin/rn18/el2nbest/hl/ipc50 w10 s42:  45%|████▌     | 135/300 [1:32:14<1:52:27, 40.89s/ep][A

tin/rn18/el2nbest/hl/ipc50 w10 s42:  45%|████▌     | 136/300 [1:32:55<1:51:45, 40.89s/ep][A

tin/rn18/el2nbest/hl/ipc50 w10 s42:  46%|████▌     | 137/300 [1:33:36<1:51:05, 40.89s/ep][A

tin/rn18/el2nbest/hl/ipc50 w10 s42:  46%|████▌     | 138/300 [1:34:17<1:50:21, 40.87s/ep][A

tin/rn18/el2nbest/hl/ipc50 w10 s42:  46%|████▋     | 139/300 [1:34:57<1:49:32, 40.82s/ep][A

tin/rn18/el2nbest/hl/ipc50 w10 s42:  47%|████▋     | 140/300 [1:35:38<1:48:56, 40.85s/ep][A

tin/rn18/el2nbest/hl/ipc50 w10 s42:  47%|████▋     | 141/300 [1:36:19<1:48:18, 40.87s/ep][A

tin/rn18/el2nbest/hl/ipc50 w10 s42:  47%|████▋     | 142/300 [1:37:00<1:47:36, 40.86s/ep][A

tin/rn18/el2nbest/hl/ipc50 w10 s42:  48%|████▊     | 143/300 [1:37:41<1:46:52, 40.84s/ep][A

tin/rn18/el2nbest/hl/ipc50 w10 s42:  48%|████▊     | 144/300 [1:38:22<1:46:09, 40.83s/ep][A

tin/rn18/el2nbest/hl/ipc50 w10 s42:  48%|████▊     | 145/300 [1:39:03<1:45:31, 40.85s/ep][A

tin/rn18/el2nbest/hl/ipc50 w10 s42:  49%|████▊     | 146/300 [1:39:44<1:44:54, 40.87s/ep][A

tin/rn18/el2nbest/hl/ipc50 w10 s42:  49%|████▉     | 147/300 [1:40:24<1:44:10, 40.85s/ep][A

tin/rn18/el2nbest/hl/ipc50 w10 s42:  49%|████▉     | 148/300 [1:41:05<1:43:19, 40.78s/ep][A

tin/rn18/el2nbest/hl/ipc50 w10 s42:  50%|████▉     | 149/300 [1:41:46<1:42:34, 40.76s/ep][A

tin/rn18/el2nbest/hl/ipc50 w10 s42:  50%|█████     | 150/300 [1:42:26<1:41:47, 40.72s/ep][A

tin/rn18/el2nbest/hl/ipc50 w10 s42:  50%|█████     | 151/300 [1:43:07<1:41:09, 40.74s/ep][A

tin/rn18/el2nbest/hl/ipc50 w10 s42:  51%|█████     | 152/300 [1:43:48<1:40:28, 40.73s/ep][A

tin/rn18/el2nbest/hl/ipc50 w10 s42:  51%|█████     | 153/300 [1:44:29<1:39:53, 40.77s/ep][A

tin/rn18/el2nbest/hl/ipc50 w10 s42:  51%|█████▏    | 154/300 [1:45:09<1:39:08, 40.75s/ep][A

tin/rn18/el2nbest/hl/ipc50 w10 s42:  52%|█████▏    | 155/300 [1:45:50<1:38:34, 40.79s/ep][A

tin/rn18/el2nbest/hl/ipc50 w10 s42:  52%|█████▏    | 156/300 [1:46:31<1:37:56, 40.81s/ep][A

tin/rn18/el2nbest/hl/ipc50 w10 s42:  52%|█████▏    | 157/300 [1:47:12<1:37:17, 40.82s/ep][A

tin/rn18/el2nbest/hl/ipc50 w10 s42:  53%|█████▎    | 158/300 [1:47:53<1:36:28, 40.77s/ep][A

tin/rn18/el2nbest/hl/ipc50 w10 s42:  53%|█████▎    | 159/300 [1:48:33<1:35:40, 40.71s/ep][A

tin/rn18/el2nbest/hl/ipc50 w10 s42:  53%|█████▎    | 160/300 [1:49:14<1:34:56, 40.69s/ep][A

tin/rn18/el2nbest/hl/ipc50 w10 s42:  54%|█████▎    | 161/300 [1:49:54<1:34:13, 40.68s/ep][A

tin/rn18/el2nbest/hl/ipc50 w10 s42:  54%|█████▍    | 162/300 [1:50:35<1:33:24, 40.61s/ep][A

tin/rn18/el2nbest/hl/ipc50 w10 s42:  54%|█████▍    | 163/300 [1:51:15<1:32:34, 40.55s/ep][A

tin/rn18/el2nbest/hl/ipc50 w10 s42:  55%|█████▍    | 164/300 [1:51:56<1:31:51, 40.53s/ep][A

tin/rn18/el2nbest/hl/ipc50 w10 s42:  55%|█████▌    | 165/300 [1:52:36<1:31:11, 40.53s/ep][A

tin/rn18/el2nbest/hl/ipc50 w10 s42:  55%|█████▌    | 166/300 [1:53:17<1:30:33, 40.55s/ep][A

tin/rn18/el2nbest/hl/ipc50 w10 s42:  56%|█████▌    | 167/300 [1:53:58<1:29:56, 40.57s/ep][A

tin/rn18/el2nbest/hl/ipc50 w10 s42:  56%|█████▌    | 168/300 [1:54:38<1:29:20, 40.61s/ep][A

tin/rn18/el2nbest/hl/ipc50 w10 s42:  56%|█████▋    | 169/300 [1:55:19<1:28:41, 40.62s/ep][A

tin/rn18/el2nbest/hl/ipc50 w10 s42:  57%|█████▋    | 170/300 [1:55:59<1:27:59, 40.61s/ep][A

tin/rn18/el2nbest/hl/ipc50 w10 s42:  57%|█████▋    | 171/300 [1:56:40<1:27:18, 40.61s/ep][A

tin/rn18/el2nbest/hl/ipc50 w10 s42:  57%|█████▋    | 172/300 [1:57:21<1:26:38, 40.62s/ep][A

tin/rn18/el2nbest/hl/ipc50 w10 s42:  58%|█████▊    | 173/300 [1:58:01<1:26:01, 40.64s/ep][A

tin/rn18/el2nbest/hl/ipc50 w10 s42:  58%|█████▊    | 174/300 [1:58:42<1:25:20, 40.64s/ep][A

tin/rn18/el2nbest/hl/ipc50 w10 s42:  58%|█████▊    | 175/300 [1:59:23<1:24:43, 40.67s/ep][A

tin/rn18/el2nbest/hl/ipc50 w10 s42:  59%|█████▊    | 176/300 [2:00:04<1:24:08, 40.71s/ep][A

tin/rn18/el2nbest/hl/ipc50 w10 s42:  59%|█████▉    | 177/300 [2:00:44<1:23:25, 40.70s/ep][A

tin/rn18/el2nbest/hl/ipc50 w10 s42:  59%|█████▉    | 178/300 [2:01:25<1:22:47, 40.72s/ep][A

tin/rn18/el2nbest/hl/ipc50 w10 s42:  60%|█████▉    | 179/300 [2:02:06<1:22:12, 40.76s/ep][A

tin/rn18/el2nbest/hl/ipc50 w10 s42:  60%|██████    | 180/300 [2:02:47<1:21:36, 40.80s/ep][A

tin/rn18/el2nbest/hl/ipc50 w10 s42:  60%|██████    | 181/300 [2:03:28<1:21:03, 40.87s/ep][A

tin/rn18/el2nbest/hl/ipc50 w10 s42:  61%|██████    | 182/300 [2:04:09<1:20:29, 40.93s/ep][A

tin/rn18/el2nbest/hl/ipc50 w10 s42:  61%|██████    | 183/300 [2:04:50<1:19:51, 40.95s/ep][A

tin/rn18/el2nbest/hl/ipc50 w10 s42:  61%|██████▏   | 184/300 [2:05:31<1:19:12, 40.97s/ep][A

tin/rn18/el2nbest/hl/ipc50 w10 s42:  62%|██████▏   | 185/300 [2:06:12<1:18:33, 40.99s/ep][A

tin/rn18/el2nbest/hl/ipc50 w10 s42:  62%|██████▏   | 186/300 [2:06:53<1:17:47, 40.95s/ep][A

tin/rn18/el2nbest/hl/ipc50 w10 s42:  62%|██████▏   | 187/300 [2:07:34<1:17:08, 40.96s/ep][A

tin/rn18/el2nbest/hl/ipc50 w10 s42:  63%|██████▎   | 188/300 [2:08:15<1:16:25, 40.94s/ep][A

tin/rn18/el2nbest/hl/ipc50 w10 s42:  63%|██████▎   | 189/300 [2:08:56<1:15:44, 40.94s/ep][A

tin/rn18/el2nbest/hl/ipc50 w10 s42:  63%|██████▎   | 190/300 [2:09:37<1:15:02, 40.94s/ep][A

tin/rn18/el2nbest/hl/ipc50 w10 s42:  64%|██████▎   | 191/300 [2:10:18<1:14:24, 40.96s/ep][A

tin/rn18/el2nbest/hl/ipc50 w10 s42:  64%|██████▍   | 192/300 [2:10:58<1:13:42, 40.95s/ep][A

tin/rn18/el2nbest/hl/ipc50 w10 s42:  64%|██████▍   | 193/300 [2:11:39<1:12:57, 40.91s/ep][A

tin/rn18/el2nbest/hl/ipc50 w10 s42:  65%|██████▍   | 194/300 [2:12:20<1:12:11, 40.87s/ep][A

tin/rn18/el2nbest/hl/ipc50 w10 s42:  65%|██████▌   | 195/300 [2:13:01<1:11:24, 40.81s/ep][A

tin/rn18/el2nbest/hl/ipc50 w10 s42:  65%|██████▌   | 196/300 [2:13:41<1:10:38, 40.75s/ep][A

tin/rn18/el2nbest/hl/ipc50 w10 s42:  66%|██████▌   | 197/300 [2:14:22<1:09:53, 40.71s/ep][A

tin/rn18/el2nbest/hl/ipc50 w10 s42:  66%|██████▌   | 198/300 [2:15:03<1:09:10, 40.69s/ep][A

tin/rn18/el2nbest/hl/ipc50 w10 s42:  66%|██████▋   | 199/300 [2:15:43<1:08:27, 40.67s/ep][A

tin/rn18/el2nbest/hl/ipc50 w10 s42:  67%|██████▋   | 200/300 [2:16:24<1:07:48, 40.68s/ep][A

tin/rn18/el2nbest/hl/ipc50 w10 s42:  67%|██████▋   | 201/300 [2:17:05<1:07:11, 40.73s/ep][A

tin/rn18/el2nbest/hl/ipc50 w10 s42:  67%|██████▋   | 202/300 [2:17:46<1:06:32, 40.74s/ep][A

tin/rn18/el2nbest/hl/ipc50 w10 s42:  68%|██████▊   | 203/300 [2:18:26<1:05:51, 40.73s/ep][A

tin/rn18/el2nbest/hl/ipc50 w10 s42:  68%|██████▊   | 204/300 [2:19:07<1:05:09, 40.72s/ep][A

tin/rn18/el2nbest/hl/ipc50 w10 s42:  68%|██████▊   | 205/300 [2:19:48<1:04:27, 40.71s/ep][A

tin/rn18/el2nbest/hl/ipc50 w10 s42:  69%|██████▊   | 206/300 [2:20:28<1:03:46, 40.71s/ep][A

tin/rn18/el2nbest/hl/ipc50 w10 s42:  69%|██████▉   | 207/300 [2:21:09<1:03:03, 40.68s/ep][A

tin/rn18/el2nbest/hl/ipc50 w10 s42:  69%|██████▉   | 208/300 [2:21:50<1:02:22, 40.68s/ep][A

tin/rn18/el2nbest/hl/ipc50 w10 s42:  70%|██████▉   | 209/300 [2:22:30<1:01:38, 40.65s/ep][A

tin/rn18/el2nbest/hl/ipc50 w10 s42:  70%|███████   | 210/300 [2:23:11<1:00:57, 40.64s/ep][A

tin/rn18/el2nbest/hl/ipc50 w10 s42:  70%|███████   | 211/300 [2:23:52<1:00:18, 40.66s/ep][A

tin/rn18/el2nbest/hl/ipc50 w10 s42:  71%|███████   | 212/300 [2:24:32<59:38, 40.66s/ep]  [A

tin/rn18/el2nbest/hl/ipc50 w10 s42:  71%|███████   | 213/300 [2:25:13<58:56, 40.65s/ep][A

tin/rn18/el2nbest/hl/ipc50 w10 s42:  71%|███████▏  | 214/300 [2:25:53<58:11, 40.60s/ep][A

tin/rn18/el2nbest/hl/ipc50 w10 s42:  72%|███████▏  | 215/300 [2:26:34<57:27, 40.56s/ep][A

tin/rn18/el2nbest/hl/ipc50 w10 s42:  72%|███████▏  | 216/300 [2:27:14<56:45, 40.54s/ep][A

tin/rn18/el2nbest/hl/ipc50 w10 s42:  72%|███████▏  | 217/300 [2:27:55<56:05, 40.55s/ep][A

tin/rn18/el2nbest/hl/ipc50 w10 s42:  73%|███████▎  | 218/300 [2:28:35<55:22, 40.51s/ep][A

tin/rn18/el2nbest/hl/ipc50 w10 s42:  73%|███████▎  | 219/300 [2:29:16<54:41, 40.51s/ep][A

tin/rn18/el2nbest/hl/ipc50 w10 s42:  73%|███████▎  | 220/300 [2:29:56<53:59, 40.49s/ep][A

tin/rn18/el2nbest/hl/ipc50 w10 s42:  74%|███████▎  | 221/300 [2:30:37<53:18, 40.49s/ep][A

tin/rn18/el2nbest/hl/ipc50 w10 s42:  74%|███████▍  | 222/300 [2:31:17<52:37, 40.48s/ep][A

tin/rn18/el2nbest/hl/ipc50 w10 s42:  74%|███████▍  | 223/300 [2:31:58<51:56, 40.47s/ep][A

tin/rn18/el2nbest/hl/ipc50 w10 s42:  75%|███████▍  | 224/300 [2:32:38<51:14, 40.45s/ep][A

tin/rn18/el2nbest/hl/ipc50 w10 s42:  75%|███████▌  | 225/300 [2:33:18<50:33, 40.45s/ep][A

tin/rn18/el2nbest/hl/ipc50 w10 s42:  75%|███████▌  | 226/300 [2:33:59<49:54, 40.46s/ep][A

tin/rn18/el2nbest/hl/ipc50 w10 s42:  76%|███████▌  | 227/300 [2:34:39<49:12, 40.44s/ep][A

tin/rn18/el2nbest/hl/ipc50 w10 s42:  76%|███████▌  | 228/300 [2:35:20<48:32, 40.44s/ep][A

tin/rn18/el2nbest/hl/ipc50 w10 s42:  76%|███████▋  | 229/300 [2:36:00<47:50, 40.43s/ep][A

tin/rn18/el2nbest/hl/ipc50 w10 s42:  77%|███████▋  | 230/300 [2:36:41<47:10, 40.44s/ep][A

tin/rn18/el2nbest/hl/ipc50 w10 s42:  77%|███████▋  | 231/300 [2:37:21<46:29, 40.42s/ep][A

tin/rn18/el2nbest/hl/ipc50 w10 s42:  77%|███████▋  | 232/300 [2:38:02<45:50, 40.45s/ep][A

tin/rn18/el2nbest/hl/ipc50 w10 s42:  78%|███████▊  | 233/300 [2:38:42<45:11, 40.47s/ep][A

tin/rn18/el2nbest/hl/ipc50 w10 s42:  78%|███████▊  | 234/300 [2:39:22<44:29, 40.45s/ep][A

tin/rn18/el2nbest/hl/ipc50 w10 s42:  78%|███████▊  | 235/300 [2:40:03<43:47, 40.43s/ep][A

tin/rn18/el2nbest/hl/ipc50 w10 s42:  79%|███████▊  | 236/300 [2:40:43<43:05, 40.40s/ep][A

tin/rn18/el2nbest/hl/ipc50 w10 s42:  79%|███████▉  | 237/300 [2:41:23<42:23, 40.37s/ep][A

tin/rn18/el2nbest/hl/ipc50 w10 s42:  79%|███████▉  | 238/300 [2:42:04<41:42, 40.36s/ep][A

tin/rn18/el2nbest/hl/ipc50 w10 s42:  80%|███████▉  | 239/300 [2:42:44<41:03, 40.39s/ep][A

tin/rn18/el2nbest/hl/ipc50 w10 s42:  80%|████████  | 240/300 [2:43:25<40:23, 40.38s/ep][A

tin/rn18/el2nbest/hl/ipc50 w10 s42:  80%|████████  | 241/300 [2:44:05<39:42, 40.38s/ep][A

tin/rn18/el2nbest/hl/ipc50 w10 s42:  81%|████████  | 242/300 [2:44:45<39:02, 40.39s/ep][A

tin/rn18/el2nbest/hl/ipc50 w10 s42:  81%|████████  | 243/300 [2:45:26<38:22, 40.40s/ep][A

tin/rn18/el2nbest/hl/ipc50 w10 s42:  81%|████████▏ | 244/300 [2:46:06<37:43, 40.41s/ep][A

tin/rn18/el2nbest/hl/ipc50 w10 s42:  82%|████████▏ | 245/300 [2:46:47<37:02, 40.40s/ep][A

tin/rn18/el2nbest/hl/ipc50 w10 s42:  82%|████████▏ | 246/300 [2:47:27<36:20, 40.38s/ep][A

tin/rn18/el2nbest/hl/ipc50 w10 s42:  82%|████████▏ | 247/300 [2:48:07<35:41, 40.40s/ep][A

tin/rn18/el2nbest/hl/ipc50 w10 s42:  83%|████████▎ | 248/300 [2:48:48<35:01, 40.41s/ep][A

tin/rn18/el2nbest/hl/ipc50 w10 s42:  83%|████████▎ | 249/300 [2:49:28<34:21, 40.41s/ep][A

tin/rn18/el2nbest/hl/ipc50 w10 s42:  83%|████████▎ | 250/300 [2:50:09<33:40, 40.41s/ep][A

tin/rn18/el2nbest/hl/ipc50 w10 s42:  84%|████████▎ | 251/300 [2:50:49<33:00, 40.42s/ep][A

tin/rn18/el2nbest/hl/ipc50 w10 s42:  84%|████████▍ | 252/300 [2:51:29<32:17, 40.37s/ep][A

tin/rn18/el2nbest/hl/ipc50 w10 s42:  84%|████████▍ | 253/300 [2:52:10<31:37, 40.38s/ep][A

tin/rn18/el2nbest/hl/ipc50 w10 s42:  85%|████████▍ | 254/300 [2:52:50<30:57, 40.37s/ep][A

tin/rn18/el2nbest/hl/ipc50 w10 s42:  85%|████████▌ | 255/300 [2:53:30<30:15, 40.34s/ep][A

tin/rn18/el2nbest/hl/ipc50 w10 s42:  85%|████████▌ | 256/300 [2:54:11<29:35, 40.36s/ep][A

tin/rn18/el2nbest/hl/ipc50 w10 s42:  86%|████████▌ | 257/300 [2:54:51<28:55, 40.36s/ep][A

tin/rn18/el2nbest/hl/ipc50 w10 s42:  86%|████████▌ | 258/300 [2:55:32<28:14, 40.35s/ep][A

tin/rn18/el2nbest/hl/ipc50 w10 s42:  86%|████████▋ | 259/300 [2:56:12<27:33, 40.34s/ep][A

tin/rn18/el2nbest/hl/ipc50 w10 s42:  87%|████████▋ | 260/300 [2:56:52<26:53, 40.33s/ep][A

tin/rn18/el2nbest/hl/ipc50 w10 s42:  87%|████████▋ | 261/300 [2:57:32<26:11, 40.31s/ep][A

tin/rn18/el2nbest/hl/ipc50 w10 s42:  87%|████████▋ | 262/300 [2:58:13<25:31, 40.30s/ep][A

tin/rn18/el2nbest/hl/ipc50 w10 s42:  88%|████████▊ | 263/300 [2:58:53<24:51, 40.32s/ep][A

tin/rn18/el2nbest/hl/ipc50 w10 s42:  88%|████████▊ | 264/300 [2:59:33<24:11, 40.32s/ep][A

tin/rn18/el2nbest/hl/ipc50 w10 s42:  88%|████████▊ | 265/300 [3:00:14<23:32, 40.35s/ep][A

tin/rn18/el2nbest/hl/ipc50 w10 s42:  89%|████████▊ | 266/300 [3:00:54<22:52, 40.38s/ep][A

tin/rn18/el2nbest/hl/ipc50 w10 s42:  89%|████████▉ | 267/300 [3:01:35<22:12, 40.39s/ep][A

tin/rn18/el2nbest/hl/ipc50 w10 s42:  89%|████████▉ | 268/300 [3:02:15<21:32, 40.40s/ep][A

tin/rn18/el2nbest/hl/ipc50 w10 s42:  90%|████████▉ | 269/300 [3:02:55<20:52, 40.40s/ep][A

tin/rn18/el2nbest/hl/ipc50 w10 s42:  90%|█████████ | 270/300 [3:03:36<20:10, 40.36s/ep][A

tin/rn18/el2nbest/hl/ipc50 w10 s42:  90%|█████████ | 271/300 [3:04:16<19:31, 40.41s/ep][A

tin/rn18/el2nbest/hl/ipc50 w10 s42:  91%|█████████ | 272/300 [3:04:57<18:52, 40.43s/ep][A

tin/rn18/el2nbest/hl/ipc50 w10 s42:  91%|█████████ | 273/300 [3:05:37<18:11, 40.43s/ep][A

tin/rn18/el2nbest/hl/ipc50 w10 s42:  91%|█████████▏| 274/300 [3:06:18<17:31, 40.43s/ep][A

tin/rn18/el2nbest/hl/ipc50 w10 s42:  92%|█████████▏| 275/300 [3:06:58<16:51, 40.45s/ep][A

tin/rn18/el2nbest/hl/ipc50 w10 s42:  92%|█████████▏| 276/300 [3:07:39<16:10, 40.44s/ep][A

tin/rn18/el2nbest/hl/ipc50 w10 s42:  92%|█████████▏| 277/300 [3:08:19<15:29, 40.42s/ep][A

tin/rn18/el2nbest/hl/ipc50 w10 s42:  93%|█████████▎| 278/300 [3:08:59<14:48, 40.40s/ep][A

tin/rn18/el2nbest/hl/ipc50 w10 s42:  93%|█████████▎| 279/300 [3:09:40<14:07, 40.37s/ep][A

tin/rn18/el2nbest/hl/ipc50 w10 s42:  93%|█████████▎| 280/300 [3:10:20<13:27, 40.39s/ep][A

tin/rn18/el2nbest/hl/ipc50 w10 s42:  94%|█████████▎| 281/300 [3:11:00<12:46, 40.37s/ep][A

tin/rn18/el2nbest/hl/ipc50 w10 s42:  94%|█████████▍| 282/300 [3:11:41<12:06, 40.36s/ep][A

tin/rn18/el2nbest/hl/ipc50 w10 s42:  94%|█████████▍| 283/300 [3:12:21<11:24, 40.29s/ep][A

tin/rn18/el2nbest/hl/ipc50 w10 s42:  95%|█████████▍| 284/300 [3:13:01<10:44, 40.27s/ep][A

tin/rn18/el2nbest/hl/ipc50 w10 s42:  95%|█████████▌| 285/300 [3:13:41<10:03, 40.23s/ep][A

tin/rn18/el2nbest/hl/ipc50 w10 s42:  95%|█████████▌| 286/300 [3:14:21<09:23, 40.26s/ep][A

tin/rn18/el2nbest/hl/ipc50 w10 s42:  96%|█████████▌| 287/300 [3:15:02<08:43, 40.27s/ep][A

tin/rn18/el2nbest/hl/ipc50 w10 s42:  96%|█████████▌| 288/300 [3:15:42<08:03, 40.28s/ep][A

tin/rn18/el2nbest/hl/ipc50 w10 s42:  96%|█████████▋| 289/300 [3:16:22<07:23, 40.28s/ep][A

tin/rn18/el2nbest/hl/ipc50 w10 s42:  97%|█████████▋| 290/300 [3:17:03<06:43, 40.33s/ep][A

tin/rn18/el2nbest/hl/ipc50 w10 s42:  97%|█████████▋| 291/300 [3:17:43<06:03, 40.36s/ep][A

tin/rn18/el2nbest/hl/ipc50 w10 s42:  97%|█████████▋| 292/300 [3:18:23<05:22, 40.33s/ep][A

tin/rn18/el2nbest/hl/ipc50 w10 s42:  98%|█████████▊| 293/300 [3:19:04<04:42, 40.36s/ep][A

tin/rn18/el2nbest/hl/ipc50 w10 s42:  98%|█████████▊| 294/300 [3:19:44<04:01, 40.32s/ep][A

tin/rn18/el2nbest/hl/ipc50 w10 s42:  98%|█████████▊| 295/300 [3:20:24<03:21, 40.32s/ep][A

tin/rn18/el2nbest/hl/ipc50 w10 s42:  99%|█████████▊| 296/300 [3:21:05<02:41, 40.32s/ep][A

tin/rn18/el2nbest/hl/ipc50 w10 s42:  99%|█████████▉| 297/300 [3:21:45<02:00, 40.30s/ep][A

tin/rn18/el2nbest/hl/ipc50 w10 s42:  99%|█████████▉| 298/300 [3:22:25<01:20, 40.31s/ep][A

tin/rn18/el2nbest/hl/ipc50 w10 s42: 100%|█████████▉| 299/300 [3:23:06<00:40, 40.27s/ep][A

tin/rn18/el2nbest/hl/ipc50 w10 s42: 100%|██████████| 300/300 [3:23:46<00:00, 40.28s/ep][A

                                                                                       [A[cell] tin/rn18/el2nbest/hl/ipc50 window 10%: 4.45%  (12239s)


tin/rn18/el2nbest/hl/ipc50 w20 s42:   0%|          | 0/300 [00:00<?, ?ep/s][A

tin/rn18/el2nbest/hl/ipc50 w20 s42:   0%|          | 1/300 [00:40<3:20:12, 40.18s/ep][A

tin/rn18/el2nbest/hl/ipc50 w20 s42:   1%|          | 2/300 [01:20<3:19:37, 40.19s/ep][A

tin/rn18/el2nbest/hl/ipc50 w20 s42:   1%|          | 3/300 [02:00<3:18:47, 40.16s/ep][A

tin/rn18/el2nbest/hl/ipc50 w20 s42:   1%|▏         | 4/300 [02:40<3:18:08, 40.16s/ep][A

tin/rn18/el2nbest/hl/ipc50 w20 s42:   2%|▏         | 5/300 [03:20<3:17:23, 40.15s/ep][A

tin/rn18/el2nbest/hl/ipc50 w20 s42:   2%|▏         | 6/300 [04:00<3:16:41, 40.14s/ep][A

tin/rn18/el2nbest/hl/ipc50 w20 s42:   2%|▏         | 7/300 [04:41<3:16:06, 40.16s/ep][A

tin/rn18/el2nbest/hl/ipc50 w20 s42:   3%|▎         | 8/300 [05:21<3:15:22, 40.15s/ep][A

tin/rn18/el2nbest/hl/ipc50 w20 s42:   3%|▎         | 9/300 [06:01<3:14:39, 40.14s/ep][A

tin/rn18/el2nbest/hl/ipc50 w20 s42:   3%|▎         | 10/300 [06:41<3:13:59, 40.14s/ep][A

tin/rn18/el2nbest/hl/ipc50 w20 s42:   4%|▎         | 11/300 [07:21<3:13:29, 40.17s/ep][A

tin/rn18/el2nbest/hl/ipc50 w20 s42:   4%|▍         | 12/300 [08:01<3:12:56, 40.20s/ep][A

tin/rn18/el2nbest/hl/ipc50 w20 s42:   4%|▍         | 13/300 [08:42<3:12:10, 40.18s/ep][A

tin/rn18/el2nbest/hl/ipc50 w20 s42:   5%|▍         | 14/300 [09:22<3:11:41, 40.21s/ep][A

tin/rn18/el2nbest/hl/ipc50 w20 s42:   5%|▌         | 15/300 [10:02<3:10:58, 40.21s/ep][A

tin/rn18/el2nbest/hl/ipc50 w20 s42:   5%|▌         | 16/300 [10:42<3:10:19, 40.21s/ep][A

tin/rn18/el2nbest/hl/ipc50 w20 s42:   6%|▌         | 17/300 [11:23<3:09:40, 40.21s/ep][A

tin/rn18/el2nbest/hl/ipc50 w20 s42:   6%|▌         | 18/300 [12:03<3:08:58, 40.21s/ep][A

tin/rn18/el2nbest/hl/ipc50 w20 s42:   6%|▋         | 19/300 [12:43<3:08:12, 40.19s/ep][A

tin/rn18/el2nbest/hl/ipc50 w20 s42:   7%|▋         | 20/300 [13:23<3:07:29, 40.18s/ep][A

tin/rn18/el2nbest/hl/ipc50 w20 s42:   7%|▋         | 21/300 [14:03<3:06:50, 40.18s/ep][A

tin/rn18/el2nbest/hl/ipc50 w20 s42:   7%|▋         | 22/300 [14:44<3:06:18, 40.21s/ep][A

tin/rn18/el2nbest/hl/ipc50 w20 s42:   8%|▊         | 23/300 [15:24<3:05:31, 40.19s/ep][A

tin/rn18/el2nbest/hl/ipc50 w20 s42:   8%|▊         | 24/300 [16:04<3:04:47, 40.17s/ep][A

tin/rn18/el2nbest/hl/ipc50 w20 s42:   8%|▊         | 25/300 [16:44<3:04:08, 40.18s/ep][A

tin/rn18/el2nbest/hl/ipc50 w20 s42:   9%|▊         | 26/300 [17:24<3:03:22, 40.16s/ep][A

tin/rn18/el2nbest/hl/ipc50 w20 s42:   9%|▉         | 27/300 [18:04<3:02:41, 40.15s/ep][A

tin/rn18/el2nbest/hl/ipc50 w20 s42:   9%|▉         | 28/300 [18:44<3:02:10, 40.19s/ep][A

tin/rn18/el2nbest/hl/ipc50 w20 s42:  10%|▉         | 29/300 [19:24<3:01:06, 40.10s/ep][A

tin/rn18/el2nbest/hl/ipc50 w20 s42:  10%|█         | 30/300 [20:04<3:00:13, 40.05s/ep][A

tin/rn18/el2nbest/hl/ipc50 w20 s42:  10%|█         | 31/300 [20:44<2:59:32, 40.05s/ep][A

tin/rn18/el2nbest/hl/ipc50 w20 s42:  11%|█         | 32/300 [21:25<2:59:12, 40.12s/ep][A

tin/rn18/el2nbest/hl/ipc50 w20 s42:  11%|█         | 33/300 [22:05<2:58:29, 40.11s/ep][A

tin/rn18/el2nbest/hl/ipc50 w20 s42:  11%|█▏        | 34/300 [22:45<2:58:03, 40.16s/ep][A

tin/rn18/el2nbest/hl/ipc50 w20 s42:  12%|█▏        | 35/300 [23:25<2:57:34, 40.20s/ep][A

tin/rn18/el2nbest/hl/ipc50 w20 s42:  12%|█▏        | 36/300 [24:06<2:57:01, 40.23s/ep][A

tin/rn18/el2nbest/hl/ipc50 w20 s42:  12%|█▏        | 37/300 [24:46<2:56:26, 40.25s/ep][A

tin/rn18/el2nbest/hl/ipc50 w20 s42:  13%|█▎        | 38/300 [25:26<2:55:50, 40.27s/ep][A

tin/rn18/el2nbest/hl/ipc50 w20 s42:  13%|█▎        | 39/300 [26:07<2:55:16, 40.29s/ep][A

tin/rn18/el2nbest/hl/ipc50 w20 s42:  13%|█▎        | 40/300 [26:47<2:54:34, 40.29s/ep][A

tin/rn18/el2nbest/hl/ipc50 w20 s42:  14%|█▎        | 41/300 [27:27<2:53:55, 40.29s/ep][A

tin/rn18/el2nbest/hl/ipc50 w20 s42:  14%|█▍        | 42/300 [28:07<2:53:18, 40.30s/ep][A

tin/rn18/el2nbest/hl/ipc50 w20 s42:  14%|█▍        | 43/300 [28:48<2:52:37, 40.30s/ep][A

tin/rn18/el2nbest/hl/ipc50 w20 s42:  15%|█▍        | 44/300 [29:28<2:51:49, 40.27s/ep][A

tin/rn18/el2nbest/hl/ipc50 w20 s42:  15%|█▌        | 45/300 [30:08<2:51:05, 40.26s/ep][A

tin/rn18/el2nbest/hl/ipc50 w20 s42:  15%|█▌        | 46/300 [30:48<2:50:24, 40.25s/ep][A

tin/rn18/el2nbest/hl/ipc50 w20 s42:  16%|█▌        | 47/300 [31:28<2:49:26, 40.18s/ep][A

tin/rn18/el2nbest/hl/ipc50 w20 s42:  16%|█▌        | 48/300 [32:09<2:48:40, 40.16s/ep][A

tin/rn18/el2nbest/hl/ipc50 w20 s42:  16%|█▋        | 49/300 [32:49<2:48:02, 40.17s/ep][A

tin/rn18/el2nbest/hl/ipc50 w20 s42:  17%|█▋        | 50/300 [33:29<2:47:27, 40.19s/ep][A

tin/rn18/el2nbest/hl/ipc50 w20 s42:  17%|█▋        | 51/300 [34:09<2:46:32, 40.13s/ep][A

tin/rn18/el2nbest/hl/ipc50 w20 s42:  17%|█▋        | 52/300 [34:49<2:45:53, 40.13s/ep][A

tin/rn18/el2nbest/hl/ipc50 w20 s42:  18%|█▊        | 53/300 [35:29<2:44:56, 40.07s/ep][A

tin/rn18/el2nbest/hl/ipc50 w20 s42:  18%|█▊        | 54/300 [36:09<2:44:09, 40.04s/ep][A

tin/rn18/el2nbest/hl/ipc50 w20 s42:  18%|█▊        | 55/300 [36:49<2:43:32, 40.05s/ep][A

tin/rn18/el2nbest/hl/ipc50 w20 s42:  19%|█▊        | 56/300 [37:29<2:43:03, 40.10s/ep][A

tin/rn18/el2nbest/hl/ipc50 w20 s42:  19%|█▉        | 57/300 [38:09<2:42:26, 40.11s/ep][A

tin/rn18/el2nbest/hl/ipc50 w20 s42:  19%|█▉        | 58/300 [38:50<2:41:45, 40.11s/ep][A

tin/rn18/el2nbest/hl/ipc50 w20 s42:  20%|█▉        | 59/300 [39:30<2:41:10, 40.13s/ep][A

tin/rn18/el2nbest/hl/ipc50 w20 s42:  20%|██        | 60/300 [40:10<2:40:31, 40.13s/ep][A

tin/rn18/el2nbest/hl/ipc50 w20 s42:  20%|██        | 61/300 [40:50<2:39:52, 40.14s/ep][A

tin/rn18/el2nbest/hl/ipc50 w20 s42:  21%|██        | 62/300 [41:30<2:39:12, 40.13s/ep][A

tin/rn18/el2nbest/hl/ipc50 w20 s42:  21%|██        | 63/300 [42:10<2:38:34, 40.15s/ep][A

tin/rn18/el2nbest/hl/ipc50 w20 s42:  21%|██▏       | 64/300 [42:50<2:37:52, 40.14s/ep][A

tin/rn18/el2nbest/hl/ipc50 w20 s42:  22%|██▏       | 65/300 [43:31<2:37:12, 40.14s/ep][A

tin/rn18/el2nbest/hl/ipc50 w20 s42:  22%|██▏       | 66/300 [44:11<2:36:33, 40.14s/ep][A

tin/rn18/el2nbest/hl/ipc50 w20 s42:  22%|██▏       | 67/300 [44:51<2:35:52, 40.14s/ep][A

tin/rn18/el2nbest/hl/ipc50 w20 s42:  23%|██▎       | 68/300 [45:31<2:35:13, 40.14s/ep][A

tin/rn18/el2nbest/hl/ipc50 w20 s42:  23%|██▎       | 69/300 [46:11<2:34:32, 40.14s/ep][A

tin/rn18/el2nbest/hl/ipc50 w20 s42:  23%|██▎       | 70/300 [46:51<2:33:49, 40.13s/ep][A

tin/rn18/el2nbest/hl/ipc50 w20 s42:  24%|██▎       | 71/300 [47:31<2:33:12, 40.14s/ep][A

tin/rn18/el2nbest/hl/ipc50 w20 s42:  24%|██▍       | 72/300 [48:12<2:32:30, 40.14s/ep][A

tin/rn18/el2nbest/hl/ipc50 w20 s42:  24%|██▍       | 73/300 [48:51<2:31:37, 40.08s/ep][A

tin/rn18/el2nbest/hl/ipc50 w20 s42:  25%|██▍       | 74/300 [49:32<2:31:02, 40.10s/ep][A

tin/rn18/el2nbest/hl/ipc50 w20 s42:  25%|██▌       | 75/300 [50:12<2:30:25, 40.11s/ep][A

tin/rn18/el2nbest/hl/ipc50 w20 s42:  25%|██▌       | 76/300 [50:52<2:29:47, 40.12s/ep][A

tin/rn18/el2nbest/hl/ipc50 w20 s42:  26%|██▌       | 77/300 [51:32<2:29:06, 40.12s/ep][A

tin/rn18/el2nbest/hl/ipc50 w20 s42:  26%|██▌       | 78/300 [52:12<2:28:29, 40.13s/ep][A

tin/rn18/el2nbest/hl/ipc50 w20 s42:  26%|██▋       | 79/300 [52:52<2:27:50, 40.14s/ep][A

tin/rn18/el2nbest/hl/ipc50 w20 s42:  27%|██▋       | 80/300 [53:32<2:27:09, 40.13s/ep][A

tin/rn18/el2nbest/hl/ipc50 w20 s42:  27%|██▋       | 81/300 [54:13<2:26:29, 40.14s/ep][A

tin/rn18/el2nbest/hl/ipc50 w20 s42:  27%|██▋       | 82/300 [54:53<2:25:45, 40.12s/ep][A

tin/rn18/el2nbest/hl/ipc50 w20 s42:  28%|██▊       | 83/300 [55:33<2:24:57, 40.08s/ep][A

tin/rn18/el2nbest/hl/ipc50 w20 s42:  28%|██▊       | 84/300 [56:13<2:24:22, 40.10s/ep][A

tin/rn18/el2nbest/hl/ipc50 w20 s42:  28%|██▊       | 85/300 [56:53<2:23:44, 40.11s/ep][A

tin/rn18/el2nbest/hl/ipc50 w20 s42:  29%|██▊       | 86/300 [57:33<2:23:05, 40.12s/ep][A

tin/rn18/el2nbest/hl/ipc50 w20 s42:  29%|██▉       | 87/300 [58:13<2:22:27, 40.13s/ep][A

tin/rn18/el2nbest/hl/ipc50 w20 s42:  29%|██▉       | 88/300 [58:53<2:21:48, 40.13s/ep][A

tin/rn18/el2nbest/hl/ipc50 w20 s42:  30%|██▉       | 89/300 [59:34<2:21:15, 40.17s/ep][A

tin/rn18/el2nbest/hl/ipc50 w20 s42:  30%|███       | 90/300 [1:00:14<2:20:38, 40.18s/ep][A

tin/rn18/el2nbest/hl/ipc50 w20 s42:  30%|███       | 91/300 [1:00:54<2:19:56, 40.17s/ep][A

tin/rn18/el2nbest/hl/ipc50 w20 s42:  31%|███       | 92/300 [1:01:34<2:19:14, 40.16s/ep][A

tin/rn18/el2nbest/hl/ipc50 w20 s42:  31%|███       | 93/300 [1:02:14<2:18:32, 40.15s/ep][A

tin/rn18/el2nbest/hl/ipc50 w20 s42:  31%|███▏      | 94/300 [1:02:54<2:17:51, 40.15s/ep][A

tin/rn18/el2nbest/hl/ipc50 w20 s42:  32%|███▏      | 95/300 [1:03:35<2:17:13, 40.17s/ep][A

tin/rn18/el2nbest/hl/ipc50 w20 s42:  32%|███▏      | 96/300 [1:04:15<2:16:41, 40.20s/ep][A

tin/rn18/el2nbest/hl/ipc50 w20 s42:  32%|███▏      | 97/300 [1:04:55<2:15:59, 40.19s/ep][A

tin/rn18/el2nbest/hl/ipc50 w20 s42:  33%|███▎      | 98/300 [1:05:35<2:15:17, 40.19s/ep][A

tin/rn18/el2nbest/hl/ipc50 w20 s42:  33%|███▎      | 99/300 [1:06:15<2:14:30, 40.15s/ep][A

tin/rn18/el2nbest/hl/ipc50 w20 s42:  33%|███▎      | 100/300 [1:06:56<2:13:50, 40.15s/ep][A

tin/rn18/el2nbest/hl/ipc50 w20 s42:  34%|███▎      | 101/300 [1:07:36<2:13:04, 40.12s/ep][A

tin/rn18/el2nbest/hl/ipc50 w20 s42:  34%|███▍      | 102/300 [1:08:16<2:12:18, 40.09s/ep][A

tin/rn18/el2nbest/hl/ipc50 w20 s42:  34%|███▍      | 103/300 [1:08:56<2:11:41, 40.11s/ep][A

tin/rn18/el2nbest/hl/ipc50 w20 s42:  35%|███▍      | 104/300 [1:09:36<2:11:02, 40.11s/ep][A

tin/rn18/el2nbest/hl/ipc50 w20 s42:  35%|███▌      | 105/300 [1:10:16<2:09:57, 39.99s/ep][A

tin/rn18/el2nbest/hl/ipc50 w20 s42:  35%|███▌      | 106/300 [1:10:55<2:08:47, 39.83s/ep][A

tin/rn18/el2nbest/hl/ipc50 w20 s42:  36%|███▌      | 107/300 [1:11:35<2:08:09, 39.84s/ep][A

tin/rn18/el2nbest/hl/ipc50 w20 s42:  36%|███▌      | 108/300 [1:12:15<2:07:31, 39.85s/ep][A

tin/rn18/el2nbest/hl/ipc50 w20 s42:  36%|███▋      | 109/300 [1:12:54<2:06:40, 39.79s/ep][A

tin/rn18/el2nbest/hl/ipc50 w20 s42:  37%|███▋      | 110/300 [1:13:34<2:06:12, 39.86s/ep][A

tin/rn18/el2nbest/hl/ipc50 w20 s42:  37%|███▋      | 111/300 [1:14:14<2:05:38, 39.89s/ep][A

tin/rn18/el2nbest/hl/ipc50 w20 s42:  37%|███▋      | 112/300 [1:14:54<2:05:02, 39.91s/ep][A

tin/rn18/el2nbest/hl/ipc50 w20 s42:  38%|███▊      | 113/300 [1:15:34<2:04:35, 39.98s/ep][A

tin/rn18/el2nbest/hl/ipc50 w20 s42:  38%|███▊      | 114/300 [1:16:15<2:04:04, 40.03s/ep][A

tin/rn18/el2nbest/hl/ipc50 w20 s42:  38%|███▊      | 115/300 [1:16:55<2:03:27, 40.04s/ep][A

tin/rn18/el2nbest/hl/ipc50 w20 s42:  39%|███▊      | 116/300 [1:17:35<2:02:45, 40.03s/ep][A

tin/rn18/el2nbest/hl/ipc50 w20 s42:  39%|███▉      | 117/300 [1:18:15<2:02:10, 40.06s/ep][A

tin/rn18/el2nbest/hl/ipc50 w20 s42:  39%|███▉      | 118/300 [1:18:55<2:01:35, 40.09s/ep][A

tin/rn18/el2nbest/hl/ipc50 w20 s42:  40%|███▉      | 119/300 [1:19:35<2:00:58, 40.10s/ep][A

tin/rn18/el2nbest/hl/ipc50 w20 s42:  40%|████      | 120/300 [1:20:15<2:00:19, 40.11s/ep][A

tin/rn18/el2nbest/hl/ipc50 w20 s42:  40%|████      | 121/300 [1:20:55<1:59:21, 40.01s/ep][A

tin/rn18/el2nbest/hl/ipc50 w20 s42:  41%|████      | 122/300 [1:21:35<1:58:43, 40.02s/ep][A

tin/rn18/el2nbest/hl/ipc50 w20 s42:  41%|████      | 123/300 [1:22:15<1:57:58, 39.99s/ep][A

tin/rn18/el2nbest/hl/ipc50 w20 s42:  41%|████▏     | 124/300 [1:22:55<1:57:18, 39.99s/ep][A

tin/rn18/el2nbest/hl/ipc50 w20 s42:  42%|████▏     | 125/300 [1:23:35<1:56:22, 39.90s/ep][A

tin/rn18/el2nbest/hl/ipc50 w20 s42:  42%|████▏     | 126/300 [1:24:15<1:55:44, 39.91s/ep][A

tin/rn18/el2nbest/hl/ipc50 w20 s42:  42%|████▏     | 127/300 [1:24:55<1:55:05, 39.92s/ep][A

tin/rn18/el2nbest/hl/ipc50 w20 s42:  43%|████▎     | 128/300 [1:25:35<1:54:30, 39.95s/ep][A

tin/rn18/el2nbest/hl/ipc50 w20 s42:  43%|████▎     | 129/300 [1:26:14<1:53:47, 39.93s/ep][A

tin/rn18/el2nbest/hl/ipc50 w20 s42:  43%|████▎     | 130/300 [1:26:54<1:53:10, 39.94s/ep][A

tin/rn18/el2nbest/hl/ipc50 w20 s42:  44%|████▎     | 131/300 [1:27:35<1:52:40, 40.00s/ep][A

tin/rn18/el2nbest/hl/ipc50 w20 s42:  44%|████▍     | 132/300 [1:28:15<1:52:07, 40.04s/ep][A

tin/rn18/el2nbest/hl/ipc50 w20 s42:  44%|████▍     | 133/300 [1:28:55<1:51:29, 40.06s/ep][A

tin/rn18/el2nbest/hl/ipc50 w20 s42:  45%|████▍     | 134/300 [1:29:35<1:50:46, 40.04s/ep][A

tin/rn18/el2nbest/hl/ipc50 w20 s42:  45%|████▌     | 135/300 [1:30:15<1:50:10, 40.06s/ep][A

tin/rn18/el2nbest/hl/ipc50 w20 s42:  45%|████▌     | 136/300 [1:30:55<1:49:34, 40.09s/ep][A

tin/rn18/el2nbest/hl/ipc50 w20 s42:  46%|████▌     | 137/300 [1:31:35<1:48:57, 40.11s/ep][A

tin/rn18/el2nbest/hl/ipc50 w20 s42:  46%|████▌     | 138/300 [1:32:15<1:48:19, 40.12s/ep][A

tin/rn18/el2nbest/hl/ipc50 w20 s42:  46%|████▋     | 139/300 [1:32:55<1:47:39, 40.12s/ep][A

tin/rn18/el2nbest/hl/ipc50 w20 s42:  47%|████▋     | 140/300 [1:33:36<1:46:59, 40.12s/ep][A

tin/rn18/el2nbest/hl/ipc50 w20 s42:  47%|████▋     | 141/300 [1:34:16<1:46:21, 40.13s/ep][A

tin/rn18/el2nbest/hl/ipc50 w20 s42:  47%|████▋     | 142/300 [1:34:56<1:45:41, 40.14s/ep][A

tin/rn18/el2nbest/hl/ipc50 w20 s42:  48%|████▊     | 143/300 [1:35:36<1:45:01, 40.14s/ep][A

tin/rn18/el2nbest/hl/ipc50 w20 s42:  48%|████▊     | 144/300 [1:36:16<1:44:19, 40.13s/ep][A

tin/rn18/el2nbest/hl/ipc50 w20 s42:  48%|████▊     | 145/300 [1:36:56<1:43:23, 40.02s/ep][A

tin/rn18/el2nbest/hl/ipc50 w20 s42:  49%|████▊     | 146/300 [1:37:36<1:42:45, 40.04s/ep][A

tin/rn18/el2nbest/hl/ipc50 w20 s42:  49%|████▉     | 147/300 [1:38:16<1:42:01, 40.01s/ep][A

tin/rn18/el2nbest/hl/ipc50 w20 s42:  49%|████▉     | 148/300 [1:38:56<1:41:16, 39.98s/ep][A

tin/rn18/el2nbest/hl/ipc50 w20 s42:  50%|████▉     | 149/300 [1:39:36<1:40:34, 39.96s/ep][A

tin/rn18/el2nbest/hl/ipc50 w20 s42:  50%|█████     | 150/300 [1:40:16<1:39:56, 39.97s/ep][A

tin/rn18/el2nbest/hl/ipc50 w20 s42:  50%|█████     | 151/300 [1:40:56<1:39:15, 39.97s/ep][A

tin/rn18/el2nbest/hl/ipc50 w20 s42:  51%|█████     | 152/300 [1:41:36<1:38:43, 40.02s/ep][A

tin/rn18/el2nbest/hl/ipc50 w20 s42:  51%|█████     | 153/300 [1:42:16<1:38:07, 40.05s/ep][A

tin/rn18/el2nbest/hl/ipc50 w20 s42:  51%|█████▏    | 154/300 [1:42:56<1:37:27, 40.05s/ep][A

tin/rn18/el2nbest/hl/ipc50 w20 s42:  52%|█████▏    | 155/300 [1:43:36<1:36:47, 40.05s/ep][A

tin/rn18/el2nbest/hl/ipc50 w20 s42:  52%|█████▏    | 156/300 [1:44:16<1:36:10, 40.08s/ep][A

tin/rn18/el2nbest/hl/ipc50 w20 s42:  52%|█████▏    | 157/300 [1:44:56<1:35:33, 40.10s/ep][A

tin/rn18/el2nbest/hl/ipc50 w20 s42:  53%|█████▎    | 158/300 [1:45:36<1:34:46, 40.04s/ep][A

tin/rn18/el2nbest/hl/ipc50 w20 s42:  53%|█████▎    | 159/300 [1:46:16<1:34:01, 40.01s/ep][A

tin/rn18/el2nbest/hl/ipc50 w20 s42:  53%|█████▎    | 160/300 [1:46:56<1:33:14, 39.96s/ep][A

tin/rn18/el2nbest/hl/ipc50 w20 s42:  54%|█████▎    | 161/300 [1:47:36<1:32:35, 39.96s/ep][A

tin/rn18/el2nbest/hl/ipc50 w20 s42:  54%|█████▍    | 162/300 [1:48:16<1:31:55, 39.97s/ep][A

tin/rn18/el2nbest/hl/ipc50 w20 s42:  54%|█████▍    | 163/300 [1:48:56<1:31:23, 40.03s/ep][A

tin/rn18/el2nbest/hl/ipc50 w20 s42:  55%|█████▍    | 164/300 [1:49:36<1:30:48, 40.06s/ep][A

tin/rn18/el2nbest/hl/ipc50 w20 s42:  55%|█████▌    | 165/300 [1:50:16<1:30:11, 40.08s/ep][A

tin/rn18/el2nbest/hl/ipc50 w20 s42:  55%|█████▌    | 166/300 [1:50:57<1:29:33, 40.10s/ep][A

tin/rn18/el2nbest/hl/ipc50 w20 s42:  56%|█████▌    | 167/300 [1:51:37<1:28:53, 40.10s/ep][A

tin/rn18/el2nbest/hl/ipc50 w20 s42:  56%|█████▌    | 168/300 [1:52:17<1:28:06, 40.05s/ep][A

tin/rn18/el2nbest/hl/ipc50 w20 s42:  56%|█████▋    | 169/300 [1:52:57<1:27:20, 40.00s/ep][A

tin/rn18/el2nbest/hl/ipc50 w20 s42:  57%|█████▋    | 170/300 [1:53:37<1:26:40, 40.00s/ep][A

tin/rn18/el2nbest/hl/ipc50 w20 s42:  57%|█████▋    | 171/300 [1:54:16<1:25:58, 39.99s/ep][A

tin/rn18/el2nbest/hl/ipc50 w20 s42:  57%|█████▋    | 172/300 [1:54:56<1:25:13, 39.95s/ep][A

tin/rn18/el2nbest/hl/ipc50 w20 s42:  58%|█████▊    | 173/300 [1:55:36<1:24:33, 39.95s/ep][A

tin/rn18/el2nbest/hl/ipc50 w20 s42:  58%|█████▊    | 174/300 [1:56:16<1:23:52, 39.94s/ep][A

tin/rn18/el2nbest/hl/ipc50 w20 s42:  58%|█████▊    | 175/300 [1:56:56<1:23:13, 39.95s/ep][A

tin/rn18/el2nbest/hl/ipc50 w20 s42:  59%|█████▊    | 176/300 [1:57:36<1:22:35, 39.96s/ep][A

tin/rn18/el2nbest/hl/ipc50 w20 s42:  59%|█████▉    | 177/300 [1:58:16<1:21:58, 39.99s/ep][A

tin/rn18/el2nbest/hl/ipc50 w20 s42:  59%|█████▉    | 178/300 [1:58:56<1:21:17, 39.98s/ep][A

tin/rn18/el2nbest/hl/ipc50 w20 s42:  60%|█████▉    | 179/300 [1:59:36<1:20:30, 39.92s/ep][A

tin/rn18/el2nbest/hl/ipc50 w20 s42:  60%|██████    | 180/300 [2:00:16<1:19:47, 39.90s/ep][A

tin/rn18/el2nbest/hl/ipc50 w20 s42:  60%|██████    | 181/300 [2:00:56<1:19:08, 39.90s/ep][A

tin/rn18/el2nbest/hl/ipc50 w20 s42:  61%|██████    | 182/300 [2:01:36<1:18:32, 39.94s/ep][A

tin/rn18/el2nbest/hl/ipc50 w20 s42:  61%|██████    | 183/300 [2:02:16<1:17:53, 39.94s/ep][A

tin/rn18/el2nbest/hl/ipc50 w20 s42:  61%|██████▏   | 184/300 [2:02:56<1:17:11, 39.92s/ep][A

tin/rn18/el2nbest/hl/ipc50 w20 s42:  62%|██████▏   | 185/300 [2:03:36<1:16:33, 39.94s/ep][A

tin/rn18/el2nbest/hl/ipc50 w20 s42:  62%|██████▏   | 186/300 [2:04:16<1:15:54, 39.95s/ep][A

tin/rn18/el2nbest/hl/ipc50 w20 s42:  62%|██████▏   | 187/300 [2:04:55<1:15:06, 39.88s/ep][A

tin/rn18/el2nbest/hl/ipc50 w20 s42:  63%|██████▎   | 188/300 [2:05:35<1:14:35, 39.96s/ep][A

tin/rn18/el2nbest/hl/ipc50 w20 s42:  63%|██████▎   | 189/300 [2:06:15<1:14:00, 40.00s/ep][A

tin/rn18/el2nbest/hl/ipc50 w20 s42:  63%|██████▎   | 190/300 [2:06:55<1:13:19, 40.00s/ep][A

tin/rn18/el2nbest/hl/ipc50 w20 s42:  64%|██████▎   | 191/300 [2:07:36<1:12:44, 40.04s/ep][A

tin/rn18/el2nbest/hl/ipc50 w20 s42:  64%|██████▍   | 192/300 [2:08:16<1:12:06, 40.06s/ep][A

tin/rn18/el2nbest/hl/ipc50 w20 s42:  64%|██████▍   | 193/300 [2:08:56<1:11:29, 40.08s/ep][A

tin/rn18/el2nbest/hl/ipc50 w20 s42:  65%|██████▍   | 194/300 [2:09:36<1:10:41, 40.01s/ep][A

tin/rn18/el2nbest/hl/ipc50 w20 s42:  65%|██████▌   | 195/300 [2:10:16<1:10:02, 40.02s/ep][A

tin/rn18/el2nbest/hl/ipc50 w20 s42:  65%|██████▌   | 196/300 [2:10:56<1:09:26, 40.06s/ep][A

tin/rn18/el2nbest/hl/ipc50 w20 s42:  66%|██████▌   | 197/300 [2:11:36<1:08:48, 40.08s/ep][A

tin/rn18/el2nbest/hl/ipc50 w20 s42:  66%|██████▌   | 198/300 [2:12:16<1:08:01, 40.02s/ep][A

tin/rn18/el2nbest/hl/ipc50 w20 s42:  66%|██████▋   | 199/300 [2:12:56<1:07:15, 39.96s/ep][A

tin/rn18/el2nbest/hl/ipc50 w20 s42:  67%|██████▋   | 200/300 [2:13:36<1:06:31, 39.92s/ep][A

tin/rn18/el2nbest/hl/ipc50 w20 s42:  67%|██████▋   | 201/300 [2:14:16<1:05:55, 39.95s/ep][A

tin/rn18/el2nbest/hl/ipc50 w20 s42:  67%|██████▋   | 202/300 [2:14:55<1:05:02, 39.82s/ep][A

tin/rn18/el2nbest/hl/ipc50 w20 s42:  68%|██████▊   | 203/300 [2:15:35<1:04:23, 39.83s/ep][A

tin/rn18/el2nbest/hl/ipc50 w20 s42:  68%|██████▊   | 204/300 [2:16:15<1:03:37, 39.77s/ep][A

tin/rn18/el2nbest/hl/ipc50 w20 s42:  68%|██████▊   | 205/300 [2:16:54<1:03:01, 39.80s/ep][A

tin/rn18/el2nbest/hl/ipc50 w20 s42:  69%|██████▊   | 206/300 [2:17:34<1:02:20, 39.79s/ep][A

tin/rn18/el2nbest/hl/ipc50 w20 s42:  69%|██████▉   | 207/300 [2:18:14<1:01:27, 39.65s/ep][A

tin/rn18/el2nbest/hl/ipc50 w20 s42:  69%|██████▉   | 208/300 [2:18:53<1:00:56, 39.74s/ep][A

tin/rn18/el2nbest/hl/ipc50 w20 s42:  70%|██████▉   | 209/300 [2:19:33<1:00:16, 39.74s/ep][A

tin/rn18/el2nbest/hl/ipc50 w20 s42:  70%|███████   | 210/300 [2:20:13<59:47, 39.86s/ep]  [A

tin/rn18/el2nbest/hl/ipc50 w20 s42:  70%|███████   | 211/300 [2:20:53<59:14, 39.94s/ep][A

tin/rn18/el2nbest/hl/ipc50 w20 s42:  71%|███████   | 212/300 [2:21:33<58:34, 39.94s/ep][A

tin/rn18/el2nbest/hl/ipc50 w20 s42:  71%|███████   | 213/300 [2:22:13<57:54, 39.94s/ep][A

tin/rn18/el2nbest/hl/ipc50 w20 s42:  71%|███████▏  | 214/300 [2:22:53<57:18, 39.99s/ep][A

tin/rn18/el2nbest/hl/ipc50 w20 s42:  72%|███████▏  | 215/300 [2:23:33<56:33, 39.93s/ep][A

tin/rn18/el2nbest/hl/ipc50 w20 s42:  72%|███████▏  | 216/300 [2:24:13<55:53, 39.92s/ep][A

tin/rn18/el2nbest/hl/ipc50 w20 s42:  72%|███████▏  | 217/300 [2:24:53<55:14, 39.93s/ep][A

tin/rn18/el2nbest/hl/ipc50 w20 s42:  73%|███████▎  | 218/300 [2:25:33<54:29, 39.88s/ep][A

tin/rn18/el2nbest/hl/ipc50 w20 s42:  73%|███████▎  | 219/300 [2:26:13<53:45, 39.82s/ep][A

tin/rn18/el2nbest/hl/ipc50 w20 s42:  73%|███████▎  | 220/300 [2:26:52<52:59, 39.74s/ep][A

tin/rn18/el2nbest/hl/ipc50 w20 s42:  74%|███████▎  | 221/300 [2:27:32<52:24, 39.80s/ep][A

tin/rn18/el2nbest/hl/ipc50 w20 s42:  74%|███████▍  | 222/300 [2:28:12<51:46, 39.83s/ep][A

tin/rn18/el2nbest/hl/ipc50 w20 s42:  74%|███████▍  | 223/300 [2:28:51<50:57, 39.70s/ep][A

tin/rn18/el2nbest/hl/ipc50 w20 s42:  75%|███████▍  | 224/300 [2:29:31<50:15, 39.67s/ep][A

tin/rn18/el2nbest/hl/ipc50 w20 s42:  75%|███████▌  | 225/300 [2:30:11<49:37, 39.70s/ep][A

tin/rn18/el2nbest/hl/ipc50 w20 s42:  75%|███████▌  | 226/300 [2:30:50<48:59, 39.72s/ep][A

tin/rn18/el2nbest/hl/ipc50 w20 s42:  76%|███████▌  | 227/300 [2:31:30<48:24, 39.79s/ep][A

tin/rn18/el2nbest/hl/ipc50 w20 s42:  76%|███████▌  | 228/300 [2:32:10<47:43, 39.77s/ep][A

tin/rn18/el2nbest/hl/ipc50 w20 s42:  76%|███████▋  | 229/300 [2:32:50<47:02, 39.76s/ep][A

tin/rn18/el2nbest/hl/ipc50 w20 s42:  77%|███████▋  | 230/300 [2:33:30<46:20, 39.72s/ep][A

tin/rn18/el2nbest/hl/ipc50 w20 s42:  77%|███████▋  | 231/300 [2:34:09<45:45, 39.78s/ep][A

tin/rn18/el2nbest/hl/ipc50 w20 s42:  77%|███████▋  | 232/300 [2:34:49<45:02, 39.74s/ep][A

tin/rn18/el2nbest/hl/ipc50 w20 s42:  78%|███████▊  | 233/300 [2:35:29<44:26, 39.80s/ep][A

tin/rn18/el2nbest/hl/ipc50 w20 s42:  78%|███████▊  | 234/300 [2:36:09<43:53, 39.90s/ep][A

tin/rn18/el2nbest/hl/ipc50 w20 s42:  78%|███████▊  | 235/300 [2:36:49<43:13, 39.90s/ep][A

tin/rn18/el2nbest/hl/ipc50 w20 s42:  79%|███████▊  | 236/300 [2:37:29<42:34, 39.92s/ep][A

tin/rn18/el2nbest/hl/ipc50 w20 s42:  79%|███████▉  | 237/300 [2:38:09<41:59, 39.99s/ep][A

tin/rn18/el2nbest/hl/ipc50 w20 s42:  79%|███████▉  | 238/300 [2:38:49<41:14, 39.91s/ep][A

tin/rn18/el2nbest/hl/ipc50 w20 s42:  80%|███████▉  | 239/300 [2:39:29<40:33, 39.89s/ep][A

tin/rn18/el2nbest/hl/ipc50 w20 s42:  80%|████████  | 240/300 [2:40:09<39:54, 39.91s/ep][A

tin/rn18/el2nbest/hl/ipc50 w20 s42:  80%|████████  | 241/300 [2:40:49<39:16, 39.94s/ep][A

tin/rn18/el2nbest/hl/ipc50 w20 s42:  81%|████████  | 242/300 [2:41:29<38:38, 39.98s/ep][A

tin/rn18/el2nbest/hl/ipc50 w20 s42:  81%|████████  | 243/300 [2:42:09<37:58, 39.98s/ep][A

tin/rn18/el2nbest/hl/ipc50 w20 s42:  81%|████████▏ | 244/300 [2:42:49<37:18, 39.97s/ep][A

tin/rn18/el2nbest/hl/ipc50 w20 s42:  82%|████████▏ | 245/300 [2:43:29<36:37, 39.96s/ep][A

tin/rn18/el2nbest/hl/ipc50 w20 s42:  82%|████████▏ | 246/300 [2:44:09<35:57, 39.95s/ep][A

tin/rn18/el2nbest/hl/ipc50 w20 s42:  82%|████████▏ | 247/300 [2:44:48<35:14, 39.89s/ep][A

tin/rn18/el2nbest/hl/ipc50 w20 s42:  83%|████████▎ | 248/300 [2:45:28<34:34, 39.90s/ep][A

tin/rn18/el2nbest/hl/ipc50 w20 s42:  83%|████████▎ | 249/300 [2:46:08<33:49, 39.79s/ep][A

tin/rn18/el2nbest/hl/ipc50 w20 s42:  83%|████████▎ | 250/300 [2:46:48<33:09, 39.78s/ep][A

tin/rn18/el2nbest/hl/ipc50 w20 s42:  84%|████████▎ | 251/300 [2:47:27<32:28, 39.77s/ep][A

tin/rn18/el2nbest/hl/ipc50 w20 s42:  84%|████████▍ | 252/300 [2:48:07<31:47, 39.73s/ep][A

tin/rn18/el2nbest/hl/ipc50 w20 s42:  84%|████████▍ | 253/300 [2:48:47<31:08, 39.75s/ep][A

tin/rn18/el2nbest/hl/ipc50 w20 s42:  85%|████████▍ | 254/300 [2:49:27<30:30, 39.79s/ep][A

tin/rn18/el2nbest/hl/ipc50 w20 s42:  85%|████████▌ | 255/300 [2:50:06<29:50, 39.80s/ep][A

tin/rn18/el2nbest/hl/ipc50 w20 s42:  85%|████████▌ | 256/300 [2:50:46<29:12, 39.82s/ep][A

tin/rn18/el2nbest/hl/ipc50 w20 s42:  86%|████████▌ | 257/300 [2:51:26<28:33, 39.84s/ep][A

tin/rn18/el2nbest/hl/ipc50 w20 s42:  86%|████████▌ | 258/300 [2:52:06<27:52, 39.82s/ep][A

tin/rn18/el2nbest/hl/ipc50 w20 s42:  86%|████████▋ | 259/300 [2:52:46<27:14, 39.86s/ep][A

tin/rn18/el2nbest/hl/ipc50 w20 s42:  87%|████████▋ | 260/300 [2:53:26<26:34, 39.86s/ep][A

tin/rn18/el2nbest/hl/ipc50 w20 s42:  87%|████████▋ | 261/300 [2:54:06<25:56, 39.90s/ep][A

tin/rn18/el2nbest/hl/ipc50 w20 s42:  87%|████████▋ | 262/300 [2:54:46<25:16, 39.91s/ep][A

tin/rn18/el2nbest/hl/ipc50 w20 s42:  88%|████████▊ | 263/300 [2:55:26<24:37, 39.92s/ep][A

tin/rn18/el2nbest/hl/ipc50 w20 s42:  88%|████████▊ | 264/300 [2:56:06<23:56, 39.91s/ep][A

tin/rn18/el2nbest/hl/ipc50 w20 s42:  88%|████████▊ | 265/300 [2:56:46<23:17, 39.94s/ep][A

tin/rn18/el2nbest/hl/ipc50 w20 s42:  89%|████████▊ | 266/300 [2:57:26<22:39, 39.98s/ep][A

tin/rn18/el2nbest/hl/ipc50 w20 s42:  89%|████████▉ | 267/300 [2:58:05<21:56, 39.91s/ep][A

tin/rn18/el2nbest/hl/ipc50 w20 s42:  89%|████████▉ | 268/300 [2:58:45<21:16, 39.91s/ep][A

tin/rn18/el2nbest/hl/ipc50 w20 s42:  90%|████████▉ | 269/300 [2:59:25<20:36, 39.88s/ep][A

tin/rn18/el2nbest/hl/ipc50 w20 s42:  90%|█████████ | 270/300 [3:00:05<19:55, 39.83s/ep][A

tin/rn18/el2nbest/hl/ipc50 w20 s42:  90%|█████████ | 271/300 [3:00:45<19:17, 39.93s/ep][A

tin/rn18/el2nbest/hl/ipc50 w20 s42:  91%|█████████ | 272/300 [3:01:25<18:38, 39.93s/ep][A

tin/rn18/el2nbest/hl/ipc50 w20 s42:  91%|█████████ | 273/300 [3:02:05<17:59, 39.98s/ep][A

tin/rn18/el2nbest/hl/ipc50 w20 s42:  91%|█████████▏| 274/300 [3:02:45<17:19, 39.98s/ep][A

tin/rn18/el2nbest/hl/ipc50 w20 s42:  92%|█████████▏| 275/300 [3:03:25<16:38, 39.96s/ep][A

tin/rn18/el2nbest/hl/ipc50 w20 s42:  92%|█████████▏| 276/300 [3:04:05<15:59, 39.96s/ep][A

tin/rn18/el2nbest/hl/ipc50 w20 s42:  92%|█████████▏| 277/300 [3:04:45<15:18, 39.95s/ep][A

tin/rn18/el2nbest/hl/ipc50 w20 s42:  93%|█████████▎| 278/300 [3:05:25<14:39, 40.00s/ep][A

tin/rn18/el2nbest/hl/ipc50 w20 s42:  93%|█████████▎| 279/300 [3:06:05<13:59, 39.98s/ep][A

tin/rn18/el2nbest/hl/ipc50 w20 s42:  93%|█████████▎| 280/300 [3:06:45<13:19, 39.98s/ep][A

tin/rn18/el2nbest/hl/ipc50 w20 s42:  94%|█████████▎| 281/300 [3:07:25<12:39, 39.97s/ep][A

tin/rn18/el2nbest/hl/ipc50 w20 s42:  94%|█████████▍| 282/300 [3:08:05<11:59, 39.95s/ep][A

tin/rn18/el2nbest/hl/ipc50 w20 s42:  94%|█████████▍| 283/300 [3:08:45<11:19, 39.95s/ep][A

tin/rn18/el2nbest/hl/ipc50 w20 s42:  95%|█████████▍| 284/300 [3:09:25<10:39, 39.95s/ep][A

tin/rn18/el2nbest/hl/ipc50 w20 s42:  95%|█████████▌| 285/300 [3:10:04<09:58, 39.89s/ep][A

tin/rn18/el2nbest/hl/ipc50 w20 s42:  95%|█████████▌| 286/300 [3:10:44<09:18, 39.89s/ep][A

tin/rn18/el2nbest/hl/ipc50 w20 s42:  96%|█████████▌| 287/300 [3:11:24<08:38, 39.91s/ep][A

tin/rn18/el2nbest/hl/ipc50 w20 s42:  96%|█████████▌| 288/300 [3:12:04<07:58, 39.90s/ep][A

tin/rn18/el2nbest/hl/ipc50 w20 s42:  96%|█████████▋| 289/300 [3:12:44<07:19, 39.93s/ep][A

tin/rn18/el2nbest/hl/ipc50 w20 s42:  97%|█████████▋| 290/300 [3:13:24<06:39, 39.96s/ep][A

tin/rn18/el2nbest/hl/ipc50 w20 s42:  97%|█████████▋| 291/300 [3:14:04<05:59, 39.97s/ep][A

tin/rn18/el2nbest/hl/ipc50 w20 s42:  97%|█████████▋| 292/300 [3:14:44<05:19, 39.91s/ep][A

tin/rn18/el2nbest/hl/ipc50 w20 s42:  98%|█████████▊| 293/300 [3:15:24<04:39, 39.91s/ep][A

tin/rn18/el2nbest/hl/ipc50 w20 s42:  98%|█████████▊| 294/300 [3:16:04<03:59, 39.92s/ep][A

tin/rn18/el2nbest/hl/ipc50 w20 s42:  98%|█████████▊| 295/300 [3:16:44<03:19, 39.93s/ep][A

tin/rn18/el2nbest/hl/ipc50 w20 s42:  99%|█████████▊| 296/300 [3:17:24<02:39, 39.93s/ep][A

tin/rn18/el2nbest/hl/ipc50 w20 s42:  99%|█████████▉| 297/300 [3:18:03<01:59, 39.92s/ep][A

tin/rn18/el2nbest/hl/ipc50 w20 s42:  99%|█████████▉| 298/300 [3:18:43<01:19, 39.93s/ep][A

tin/rn18/el2nbest/hl/ipc50 w20 s42: 100%|█████████▉| 299/300 [3:19:23<00:39, 39.92s/ep][A

tin/rn18/el2nbest/hl/ipc50 w20 s42: 100%|██████████| 300/300 [3:20:03<00:00, 39.95s/ep][A

                                                                                       [A[cell] tin/rn18/el2nbest/hl/ipc50 window 20%: 8.45%  (12017s)


tin/rn18/el2nbest/hl/ipc50 w30 s42:   0%|          | 0/300 [00:00<?, ?ep/s][A

tin/rn18/el2nbest/hl/ipc50 w30 s42:   0%|          | 1/300 [00:39<3:18:43, 39.88s/ep][A

tin/rn18/el2nbest/hl/ipc50 w30 s42:   1%|          | 2/300 [01:20<3:18:50, 40.03s/ep][A

tin/rn18/el2nbest/hl/ipc50 w30 s42:   1%|          | 3/300 [02:00<3:18:17, 40.06s/ep][A

tin/rn18/el2nbest/hl/ipc50 w30 s42:   1%|▏         | 4/300 [02:40<3:17:30, 40.04s/ep][A

tin/rn18/el2nbest/hl/ipc50 w30 s42:   2%|▏         | 5/300 [03:20<3:16:40, 40.00s/ep][A

tin/rn18/el2nbest/hl/ipc50 w30 s42:   2%|▏         | 6/300 [03:59<3:15:32, 39.91s/ep][A

tin/rn18/el2nbest/hl/ipc50 w30 s42:   2%|▏         | 7/300 [04:39<3:14:52, 39.91s/ep][A

tin/rn18/el2nbest/hl/ipc50 w30 s42:   3%|▎         | 8/300 [05:19<3:14:09, 39.90s/ep][A

tin/rn18/el2nbest/hl/ipc50 w30 s42:   3%|▎         | 9/300 [05:59<3:13:37, 39.92s/ep][A

tin/rn18/el2nbest/hl/ipc50 w30 s42:   3%|▎         | 10/300 [06:39<3:12:43, 39.87s/ep][A

tin/rn18/el2nbest/hl/ipc50 w30 s42:   4%|▎         | 11/300 [07:19<3:11:51, 39.83s/ep][A

tin/rn18/el2nbest/hl/ipc50 w30 s42:   4%|▍         | 12/300 [07:59<3:11:39, 39.93s/ep][A

tin/rn18/el2nbest/hl/ipc50 w30 s42:   4%|▍         | 13/300 [08:38<3:10:46, 39.88s/ep][A

tin/rn18/el2nbest/hl/ipc50 w30 s42:   5%|▍         | 14/300 [09:18<3:10:07, 39.89s/ep][A

tin/rn18/el2nbest/hl/ipc50 w30 s42:   5%|▌         | 15/300 [09:58<3:09:48, 39.96s/ep][A

tin/rn18/el2nbest/hl/ipc50 w30 s42:   5%|▌         | 16/300 [10:39<3:09:16, 39.99s/ep][A

tin/rn18/el2nbest/hl/ipc50 w30 s42:   6%|▌         | 17/300 [11:18<3:08:04, 39.87s/ep][A

tin/rn18/el2nbest/hl/ipc50 w30 s42:   6%|▌         | 18/300 [11:58<3:07:30, 39.90s/ep][A

tin/rn18/el2nbest/hl/ipc50 w30 s42:   6%|▋         | 19/300 [12:38<3:07:09, 39.96s/ep][A

tin/rn18/el2nbest/hl/ipc50 w30 s42:   7%|▋         | 20/300 [13:18<3:06:26, 39.95s/ep][A

tin/rn18/el2nbest/hl/ipc50 w30 s42:   7%|▋         | 21/300 [13:58<3:05:47, 39.96s/ep][A

tin/rn18/el2nbest/hl/ipc50 w30 s42:   7%|▋         | 22/300 [14:38<3:05:23, 40.01s/ep][A

tin/rn18/el2nbest/hl/ipc50 w30 s42:   8%|▊         | 23/300 [15:18<3:04:53, 40.05s/ep][A

tin/rn18/el2nbest/hl/ipc50 w30 s42:   8%|▊         | 24/300 [15:59<3:04:21, 40.08s/ep][A

tin/rn18/el2nbest/hl/ipc50 w30 s42:   8%|▊         | 25/300 [16:38<3:03:29, 40.03s/ep][A

tin/rn18/el2nbest/hl/ipc50 w30 s42:   9%|▊         | 26/300 [17:18<3:02:34, 39.98s/ep][A

tin/rn18/el2nbest/hl/ipc50 w30 s42:   9%|▉         | 27/300 [17:58<3:01:54, 39.98s/ep][A

tin/rn18/el2nbest/hl/ipc50 w30 s42:   9%|▉         | 28/300 [18:38<3:01:10, 39.97s/ep][A

tin/rn18/el2nbest/hl/ipc50 w30 s42:  10%|▉         | 29/300 [19:18<3:00:29, 39.96s/ep][A

tin/rn18/el2nbest/hl/ipc50 w30 s42:  10%|█         | 30/300 [19:58<2:59:32, 39.90s/ep][A

tin/rn18/el2nbest/hl/ipc50 w30 s42:  10%|█         | 31/300 [20:38<2:58:55, 39.91s/ep][A

tin/rn18/el2nbest/hl/ipc50 w30 s42:  11%|█         | 32/300 [21:18<2:58:35, 39.98s/ep][A

tin/rn18/el2nbest/hl/ipc50 w30 s42:  11%|█         | 33/300 [21:58<2:58:07, 40.03s/ep][A

tin/rn18/el2nbest/hl/ipc50 w30 s42:  11%|█▏        | 34/300 [22:38<2:57:29, 40.04s/ep][A

tin/rn18/el2nbest/hl/ipc50 w30 s42:  12%|█▏        | 35/300 [23:18<2:56:48, 40.03s/ep][A

tin/rn18/el2nbest/hl/ipc50 w30 s42:  12%|█▏        | 36/300 [23:58<2:56:16, 40.06s/ep][A

tin/rn18/el2nbest/hl/ipc50 w30 s42:  12%|█▏        | 37/300 [24:38<2:55:27, 40.03s/ep][A

tin/rn18/el2nbest/hl/ipc50 w30 s42:  13%|█▎        | 38/300 [25:18<2:54:33, 39.97s/ep][A

tin/rn18/el2nbest/hl/ipc50 w30 s42:  13%|█▎        | 39/300 [25:58<2:53:54, 39.98s/ep][A

tin/rn18/el2nbest/hl/ipc50 w30 s42:  13%|█▎        | 40/300 [26:38<2:53:12, 39.97s/ep][A

tin/rn18/el2nbest/hl/ipc50 w30 s42:  14%|█▎        | 41/300 [27:18<2:52:07, 39.87s/ep][A

tin/rn18/el2nbest/hl/ipc50 w30 s42:  14%|█▍        | 42/300 [27:57<2:50:40, 39.69s/ep][A

tin/rn18/el2nbest/hl/ipc50 w30 s42:  14%|█▍        | 43/300 [28:37<2:49:52, 39.66s/ep][A

tin/rn18/el2nbest/hl/ipc50 w30 s42:  15%|█▍        | 44/300 [29:16<2:48:27, 39.48s/ep][A

tin/rn18/el2nbest/hl/ipc50 w30 s42:  15%|█▌        | 45/300 [29:56<2:48:18, 39.60s/ep][A

tin/rn18/el2nbest/hl/ipc50 w30 s42:  15%|█▌        | 46/300 [30:35<2:48:01, 39.69s/ep][A

tin/rn18/el2nbest/hl/ipc50 w30 s42:  16%|█▌        | 47/300 [31:15<2:47:39, 39.76s/ep][A

tin/rn18/el2nbest/hl/ipc50 w30 s42:  16%|█▌        | 48/300 [31:55<2:47:16, 39.83s/ep][A

tin/rn18/el2nbest/hl/ipc50 w30 s42:  16%|█▋        | 49/300 [32:35<2:46:58, 39.91s/ep][A

tin/rn18/el2nbest/hl/ipc50 w30 s42:  17%|█▋        | 50/300 [33:15<2:46:21, 39.92s/ep][A

tin/rn18/el2nbest/hl/ipc50 w30 s42:  17%|█▋        | 51/300 [33:56<2:45:57, 39.99s/ep][A

tin/rn18/el2nbest/hl/ipc50 w30 s42:  17%|█▋        | 52/300 [34:35<2:45:11, 39.97s/ep][A

tin/rn18/el2nbest/hl/ipc50 w30 s42:  18%|█▊        | 53/300 [35:15<2:44:30, 39.96s/ep][A

tin/rn18/el2nbest/hl/ipc50 w30 s42:  18%|█▊        | 54/300 [35:55<2:43:47, 39.95s/ep][A

tin/rn18/el2nbest/hl/ipc50 w30 s42:  18%|█▊        | 55/300 [36:35<2:43:07, 39.95s/ep][A

tin/rn18/el2nbest/hl/ipc50 w30 s42:  19%|█▊        | 56/300 [37:15<2:42:35, 39.98s/ep][A

tin/rn18/el2nbest/hl/ipc50 w30 s42:  19%|█▉        | 57/300 [37:55<2:41:58, 39.99s/ep][A

tin/rn18/el2nbest/hl/ipc50 w30 s42:  19%|█▉        | 58/300 [38:35<2:41:08, 39.95s/ep][A

tin/rn18/el2nbest/hl/ipc50 w30 s42:  20%|█▉        | 59/300 [39:15<2:40:33, 39.97s/ep][A

tin/rn18/el2nbest/hl/ipc50 w30 s42:  20%|██        | 60/300 [39:55<2:39:50, 39.96s/ep][A

tin/rn18/el2nbest/hl/ipc50 w30 s42:  20%|██        | 61/300 [40:35<2:39:16, 39.99s/ep][A

tin/rn18/el2nbest/hl/ipc50 w30 s42:  21%|██        | 62/300 [41:15<2:38:37, 39.99s/ep][A

tin/rn18/el2nbest/hl/ipc50 w30 s42:  21%|██        | 63/300 [41:55<2:37:42, 39.93s/ep][A

tin/rn18/el2nbest/hl/ipc50 w30 s42:  21%|██▏       | 64/300 [42:35<2:36:47, 39.86s/ep][A

tin/rn18/el2nbest/hl/ipc50 w30 s42:  22%|██▏       | 65/300 [43:15<2:36:06, 39.86s/ep][A

tin/rn18/el2nbest/hl/ipc50 w30 s42:  22%|██▏       | 66/300 [43:54<2:34:57, 39.73s/ep][A

tin/rn18/el2nbest/hl/ipc50 w30 s42:  22%|██▏       | 67/300 [44:34<2:34:31, 39.79s/ep][A

tin/rn18/el2nbest/hl/ipc50 w30 s42:  23%|██▎       | 68/300 [45:14<2:34:01, 39.83s/ep][A

tin/rn18/el2nbest/hl/ipc50 w30 s42:  23%|██▎       | 69/300 [45:54<2:33:10, 39.79s/ep][A

tin/rn18/el2nbest/hl/ipc50 w30 s42:  23%|██▎       | 70/300 [46:34<2:32:43, 39.84s/ep][A

tin/rn18/el2nbest/hl/ipc50 w30 s42:  24%|██▎       | 71/300 [47:14<2:32:26, 39.94s/ep][A

tin/rn18/el2nbest/hl/ipc50 w30 s42:  24%|██▍       | 72/300 [47:54<2:31:53, 39.97s/ep][A

tin/rn18/el2nbest/hl/ipc50 w30 s42:  24%|██▍       | 73/300 [48:34<2:31:15, 39.98s/ep][A

tin/rn18/el2nbest/hl/ipc50 w30 s42:  25%|██▍       | 74/300 [49:14<2:30:33, 39.97s/ep][A

tin/rn18/el2nbest/hl/ipc50 w30 s42:  25%|██▌       | 75/300 [49:54<2:29:52, 39.97s/ep][A

tin/rn18/el2nbest/hl/ipc50 w30 s42:  25%|██▌       | 76/300 [50:34<2:29:08, 39.95s/ep][A

tin/rn18/el2nbest/hl/ipc50 w30 s42:  26%|██▌       | 77/300 [51:13<2:28:28, 39.95s/ep][A

tin/rn18/el2nbest/hl/ipc50 w30 s42:  26%|██▌       | 78/300 [51:53<2:27:23, 39.84s/ep][A

tin/rn18/el2nbest/hl/ipc50 w30 s42:  26%|██▋       | 79/300 [52:33<2:26:46, 39.85s/ep][A

tin/rn18/el2nbest/hl/ipc50 w30 s42:  27%|██▋       | 80/300 [53:12<2:25:47, 39.76s/ep][A

tin/rn18/el2nbest/hl/ipc50 w30 s42:  27%|██▋       | 81/300 [53:52<2:25:17, 39.80s/ep][A

tin/rn18/el2nbest/hl/ipc50 w30 s42:  27%|██▋       | 82/300 [54:32<2:24:34, 39.79s/ep][A

tin/rn18/el2nbest/hl/ipc50 w30 s42:  28%|██▊       | 83/300 [55:12<2:24:17, 39.89s/ep][A

tin/rn18/el2nbest/hl/ipc50 w30 s42:  28%|██▊       | 84/300 [55:52<2:23:52, 39.96s/ep][A

tin/rn18/el2nbest/hl/ipc50 w30 s42:  28%|██▊       | 85/300 [56:32<2:23:18, 39.99s/ep][A

tin/rn18/el2nbest/hl/ipc50 w30 s42:  29%|██▊       | 86/300 [57:12<2:22:33, 39.97s/ep][A

tin/rn18/el2nbest/hl/ipc50 w30 s42:  29%|██▉       | 87/300 [57:52<2:21:56, 39.98s/ep][A

tin/rn18/el2nbest/hl/ipc50 w30 s42:  29%|██▉       | 88/300 [58:32<2:21:15, 39.98s/ep][A

tin/rn18/el2nbest/hl/ipc50 w30 s42:  30%|██▉       | 89/300 [59:12<2:20:17, 39.89s/ep][A

tin/rn18/el2nbest/hl/ipc50 w30 s42:  30%|███       | 90/300 [59:52<2:19:42, 39.92s/ep][A

tin/rn18/el2nbest/hl/ipc50 w30 s42:  30%|███       | 91/300 [1:00:32<2:19:03, 39.92s/ep][A

tin/rn18/el2nbest/hl/ipc50 w30 s42:  31%|███       | 92/300 [1:01:12<2:18:36, 39.98s/ep][A

tin/rn18/el2nbest/hl/ipc50 w30 s42:  31%|███       | 93/300 [1:01:52<2:17:43, 39.92s/ep][A

tin/rn18/el2nbest/hl/ipc50 w30 s42:  31%|███▏      | 94/300 [1:02:32<2:17:15, 39.98s/ep][A

tin/rn18/el2nbest/hl/ipc50 w30 s42:  32%|███▏      | 95/300 [1:03:12<2:16:21, 39.91s/ep][A

tin/rn18/el2nbest/hl/ipc50 w30 s42:  32%|███▏      | 96/300 [1:03:52<2:15:43, 39.92s/ep][A

tin/rn18/el2nbest/hl/ipc50 w30 s42:  32%|███▏      | 97/300 [1:04:32<2:15:16, 39.98s/ep][A

tin/rn18/el2nbest/hl/ipc50 w30 s42:  33%|███▎      | 98/300 [1:05:12<2:14:46, 40.03s/ep][A

tin/rn18/el2nbest/hl/ipc50 w30 s42:  33%|███▎      | 99/300 [1:05:52<2:14:12, 40.06s/ep][A

tin/rn18/el2nbest/hl/ipc50 w30 s42:  33%|███▎      | 100/300 [1:06:32<2:13:37, 40.09s/ep][A

tin/rn18/el2nbest/hl/ipc50 w30 s42:  34%|███▎      | 101/300 [1:07:12<2:12:47, 40.04s/ep][A

tin/rn18/el2nbest/hl/ipc50 w30 s42:  34%|███▍      | 102/300 [1:07:52<2:12:02, 40.01s/ep][A

tin/rn18/el2nbest/hl/ipc50 w30 s42:  34%|███▍      | 103/300 [1:08:32<2:11:29, 40.05s/ep][A

tin/rn18/el2nbest/hl/ipc50 w30 s42:  35%|███▍      | 104/300 [1:09:12<2:10:49, 40.05s/ep][A

tin/rn18/el2nbest/hl/ipc50 w30 s42:  35%|███▌      | 105/300 [1:09:52<2:10:08, 40.04s/ep][A

tin/rn18/el2nbest/hl/ipc50 w30 s42:  35%|███▌      | 106/300 [1:10:32<2:09:34, 40.07s/ep][A

tin/rn18/el2nbest/hl/ipc50 w30 s42:  36%|███▌      | 107/300 [1:11:12<2:08:46, 40.03s/ep][A

tin/rn18/el2nbest/hl/ipc50 w30 s42:  36%|███▌      | 108/300 [1:11:52<2:07:55, 39.97s/ep][A

tin/rn18/el2nbest/hl/ipc50 w30 s42:  36%|███▋      | 109/300 [1:12:32<2:07:00, 39.90s/ep][A

tin/rn18/el2nbest/hl/ipc50 w30 s42:  37%|███▋      | 110/300 [1:13:12<2:06:26, 39.93s/ep][A

tin/rn18/el2nbest/hl/ipc50 w30 s42:  37%|███▋      | 111/300 [1:13:52<2:05:37, 39.88s/ep][A

tin/rn18/el2nbest/hl/ipc50 w30 s42:  37%|███▋      | 112/300 [1:14:32<2:04:59, 39.89s/ep][A

tin/rn18/el2nbest/hl/ipc50 w30 s42:  38%|███▊      | 113/300 [1:15:11<2:04:16, 39.87s/ep][A

tin/rn18/el2nbest/hl/ipc50 w30 s42:  38%|███▊      | 114/300 [1:15:51<2:03:27, 39.83s/ep][A

tin/rn18/el2nbest/hl/ipc50 w30 s42:  38%|███▊      | 115/300 [1:16:31<2:03:02, 39.90s/ep][A

tin/rn18/el2nbest/hl/ipc50 w30 s42:  39%|███▊      | 116/300 [1:17:11<2:02:22, 39.90s/ep][A

tin/rn18/el2nbest/hl/ipc50 w30 s42:  39%|███▉      | 117/300 [1:17:51<2:01:45, 39.92s/ep][A

tin/rn18/el2nbest/hl/ipc50 w30 s42:  39%|███▉      | 118/300 [1:18:31<2:00:54, 39.86s/ep][A

tin/rn18/el2nbest/hl/ipc50 w30 s42:  40%|███▉      | 119/300 [1:19:11<2:00:19, 39.89s/ep][A

tin/rn18/el2nbest/hl/ipc50 w30 s42:  40%|████      | 120/300 [1:19:51<1:59:53, 39.96s/ep][A

tin/rn18/el2nbest/hl/ipc50 w30 s42:  40%|████      | 121/300 [1:20:31<1:59:17, 39.99s/ep][A

tin/rn18/el2nbest/hl/ipc50 w30 s42:  41%|████      | 122/300 [1:21:11<1:58:29, 39.94s/ep][A

tin/rn18/el2nbest/hl/ipc50 w30 s42:  41%|████      | 123/300 [1:21:50<1:57:32, 39.85s/ep][A

tin/rn18/el2nbest/hl/ipc50 w30 s42:  41%|████▏     | 124/300 [1:22:30<1:56:58, 39.88s/ep][A

tin/rn18/el2nbest/hl/ipc50 w30 s42:  42%|████▏     | 125/300 [1:23:10<1:56:10, 39.83s/ep][A

tin/rn18/el2nbest/hl/ipc50 w30 s42:  42%|████▏     | 126/300 [1:23:50<1:55:20, 39.77s/ep][A

tin/rn18/el2nbest/hl/ipc50 w30 s42:  42%|████▏     | 127/300 [1:24:30<1:54:44, 39.79s/ep][A

tin/rn18/el2nbest/hl/ipc50 w30 s42:  43%|████▎     | 128/300 [1:25:10<1:54:10, 39.83s/ep][A

tin/rn18/el2nbest/hl/ipc50 w30 s42:  43%|████▎     | 129/300 [1:25:49<1:53:37, 39.87s/ep][A

tin/rn18/el2nbest/hl/ipc50 w30 s42:  43%|████▎     | 130/300 [1:26:29<1:53:03, 39.90s/ep][A

tin/rn18/el2nbest/hl/ipc50 w30 s42:  44%|████▎     | 131/300 [1:27:09<1:52:16, 39.86s/ep][A

tin/rn18/el2nbest/hl/ipc50 w30 s42:  44%|████▍     | 132/300 [1:27:49<1:51:47, 39.93s/ep][A

tin/rn18/el2nbest/hl/ipc50 w30 s42:  44%|████▍     | 133/300 [1:28:29<1:51:08, 39.93s/ep][A

tin/rn18/el2nbest/hl/ipc50 w30 s42:  45%|████▍     | 134/300 [1:29:09<1:50:32, 39.95s/ep][A

tin/rn18/el2nbest/hl/ipc50 w30 s42:  45%|████▌     | 135/300 [1:29:49<1:49:49, 39.94s/ep][A

tin/rn18/el2nbest/hl/ipc50 w30 s42:  45%|████▌     | 136/300 [1:30:29<1:49:00, 39.88s/ep][A

tin/rn18/el2nbest/hl/ipc50 w30 s42:  46%|████▌     | 137/300 [1:31:08<1:47:59, 39.75s/ep][A

tin/rn18/el2nbest/hl/ipc50 w30 s42:  46%|████▌     | 138/300 [1:31:48<1:47:23, 39.78s/ep][A

tin/rn18/el2nbest/hl/ipc50 w30 s42:  46%|████▋     | 139/300 [1:32:28<1:46:23, 39.65s/ep][A

tin/rn18/el2nbest/hl/ipc50 w30 s42:  47%|████▋     | 140/300 [1:33:07<1:45:45, 39.66s/ep][A

tin/rn18/el2nbest/hl/ipc50 w30 s42:  47%|████▋     | 141/300 [1:33:47<1:45:08, 39.67s/ep][A

tin/rn18/el2nbest/hl/ipc50 w30 s42:  47%|████▋     | 142/300 [1:34:27<1:44:39, 39.74s/ep][A

tin/rn18/el2nbest/hl/ipc50 w30 s42:  48%|████▊     | 143/300 [1:35:07<1:44:11, 39.82s/ep][A

tin/rn18/el2nbest/hl/ipc50 w30 s42:  48%|████▊     | 144/300 [1:35:47<1:43:34, 39.84s/ep][A

tin/rn18/el2nbest/hl/ipc50 w30 s42:  48%|████▊     | 145/300 [1:36:27<1:43:01, 39.88s/ep][A

tin/rn18/el2nbest/hl/ipc50 w30 s42:  49%|████▊     | 146/300 [1:37:06<1:42:06, 39.78s/ep][A

tin/rn18/el2nbest/hl/ipc50 w30 s42:  49%|████▉     | 147/300 [1:37:46<1:41:24, 39.77s/ep][A

tin/rn18/el2nbest/hl/ipc50 w30 s42:  49%|████▉     | 148/300 [1:38:25<1:40:28, 39.66s/ep][A

tin/rn18/el2nbest/hl/ipc50 w30 s42:  50%|████▉     | 149/300 [1:39:05<1:39:57, 39.72s/ep][A

tin/rn18/el2nbest/hl/ipc50 w30 s42:  50%|█████     | 150/300 [1:39:45<1:39:13, 39.69s/ep][A

tin/rn18/el2nbest/hl/ipc50 w30 s42:  50%|█████     | 151/300 [1:40:25<1:38:48, 39.79s/ep][A

tin/rn18/el2nbest/hl/ipc50 w30 s42:  51%|█████     | 152/300 [1:41:05<1:38:12, 39.81s/ep][A

tin/rn18/el2nbest/hl/ipc50 w30 s42:  51%|█████     | 153/300 [1:41:45<1:37:39, 39.86s/ep][A

tin/rn18/el2nbest/hl/ipc50 w30 s42:  51%|█████▏    | 154/300 [1:42:24<1:36:53, 39.82s/ep][A

tin/rn18/el2nbest/hl/ipc50 w30 s42:  52%|█████▏    | 155/300 [1:43:04<1:36:00, 39.72s/ep][A

tin/rn18/el2nbest/hl/ipc50 w30 s42:  52%|█████▏    | 156/300 [1:43:43<1:35:13, 39.68s/ep][A

tin/rn18/el2nbest/hl/ipc50 w30 s42:  52%|█████▏    | 157/300 [1:44:23<1:34:34, 39.68s/ep][A

tin/rn18/el2nbest/hl/ipc50 w30 s42:  53%|█████▎    | 158/300 [1:45:03<1:33:51, 39.66s/ep][A

tin/rn18/el2nbest/hl/ipc50 w30 s42:  53%|█████▎    | 159/300 [1:45:42<1:33:13, 39.67s/ep][A

tin/rn18/el2nbest/hl/ipc50 w30 s42:  53%|█████▎    | 160/300 [1:46:22<1:32:34, 39.68s/ep][A

tin/rn18/el2nbest/hl/ipc50 w30 s42:  54%|█████▎    | 161/300 [1:47:02<1:31:47, 39.62s/ep][A

tin/rn18/el2nbest/hl/ipc50 w30 s42:  54%|█████▍    | 162/300 [1:47:41<1:31:00, 39.57s/ep][A

tin/rn18/el2nbest/hl/ipc50 w30 s42:  54%|█████▍    | 163/300 [1:48:21<1:30:26, 39.61s/ep][A

tin/rn18/el2nbest/hl/ipc50 w30 s42:  55%|█████▍    | 164/300 [1:49:01<1:29:55, 39.68s/ep][A

tin/rn18/el2nbest/hl/ipc50 w30 s42:  55%|█████▌    | 165/300 [1:49:41<1:29:28, 39.77s/ep][A

tin/rn18/el2nbest/hl/ipc50 w30 s42:  55%|█████▌    | 166/300 [1:50:21<1:28:57, 39.84s/ep][A

tin/rn18/el2nbest/hl/ipc50 w30 s42:  56%|█████▌    | 167/300 [1:51:01<1:28:28, 39.91s/ep][A

tin/rn18/el2nbest/hl/ipc50 w30 s42:  56%|█████▌    | 168/300 [1:51:41<1:27:50, 39.93s/ep][A

tin/rn18/el2nbest/hl/ipc50 w30 s42:  56%|█████▋    | 169/300 [1:52:20<1:27:01, 39.86s/ep][A

tin/rn18/el2nbest/hl/ipc50 w30 s42:  57%|█████▋    | 170/300 [1:53:00<1:26:17, 39.82s/ep][A

tin/rn18/el2nbest/hl/ipc50 w30 s42:  57%|█████▋    | 171/300 [1:53:40<1:25:35, 39.81s/ep][A

tin/rn18/el2nbest/hl/ipc50 w30 s42:  57%|█████▋    | 172/300 [1:54:20<1:24:50, 39.77s/ep][A

tin/rn18/el2nbest/hl/ipc50 w30 s42:  58%|█████▊    | 173/300 [1:54:59<1:24:02, 39.70s/ep][A

tin/rn18/el2nbest/hl/ipc50 w30 s42:  58%|█████▊    | 174/300 [1:55:39<1:23:21, 39.69s/ep][A

tin/rn18/el2nbest/hl/ipc50 w30 s42:  58%|█████▊    | 175/300 [1:56:19<1:22:46, 39.73s/ep][A

tin/rn18/el2nbest/hl/ipc50 w30 s42:  59%|█████▊    | 176/300 [1:56:59<1:22:13, 39.79s/ep][A

tin/rn18/el2nbest/hl/ipc50 w30 s42:  59%|█████▉    | 177/300 [1:57:38<1:21:38, 39.83s/ep][A

tin/rn18/el2nbest/hl/ipc50 w30 s42:  59%|█████▉    | 178/300 [1:58:18<1:21:02, 39.85s/ep][A

tin/rn18/el2nbest/hl/ipc50 w30 s42:  60%|█████▉    | 179/300 [1:58:58<1:20:20, 39.84s/ep][A

tin/rn18/el2nbest/hl/ipc50 w30 s42:  60%|██████    | 180/300 [1:59:38<1:19:35, 39.80s/ep][A

tin/rn18/el2nbest/hl/ipc50 w30 s42:  60%|██████    | 181/300 [2:00:18<1:18:53, 39.78s/ep][A

tin/rn18/el2nbest/hl/ipc50 w30 s42:  61%|██████    | 182/300 [2:00:57<1:18:03, 39.69s/ep][A

tin/rn18/el2nbest/hl/ipc50 w30 s42:  61%|██████    | 183/300 [2:01:36<1:17:12, 39.59s/ep][A

tin/rn18/el2nbest/hl/ipc50 w30 s42:  61%|██████▏   | 184/300 [2:02:16<1:16:44, 39.69s/ep][A

tin/rn18/el2nbest/hl/ipc50 w30 s42:  62%|██████▏   | 185/300 [2:02:56<1:16:01, 39.66s/ep][A

tin/rn18/el2nbest/hl/ipc50 w30 s42:  62%|██████▏   | 186/300 [2:03:35<1:15:11, 39.58s/ep][A

tin/rn18/el2nbest/hl/ipc50 w30 s42:  62%|██████▏   | 187/300 [2:04:15<1:14:38, 39.63s/ep][A

tin/rn18/el2nbest/hl/ipc50 w30 s42:  63%|██████▎   | 188/300 [2:04:55<1:14:01, 39.65s/ep][A

tin/rn18/el2nbest/hl/ipc50 w30 s42:  63%|██████▎   | 189/300 [2:05:35<1:13:22, 39.67s/ep][A

tin/rn18/el2nbest/hl/ipc50 w30 s42:  63%|██████▎   | 190/300 [2:06:14<1:12:42, 39.66s/ep][A

tin/rn18/el2nbest/hl/ipc50 w30 s42:  64%|██████▎   | 191/300 [2:06:54<1:12:06, 39.69s/ep][A

tin/rn18/el2nbest/hl/ipc50 w30 s42:  64%|██████▍   | 192/300 [2:07:34<1:11:30, 39.73s/ep][A

tin/rn18/el2nbest/hl/ipc50 w30 s42:  64%|██████▍   | 193/300 [2:08:14<1:10:55, 39.77s/ep][A

tin/rn18/el2nbest/hl/ipc50 w30 s42:  65%|██████▍   | 194/300 [2:08:53<1:10:13, 39.75s/ep][A

tin/rn18/el2nbest/hl/ipc50 w30 s42:  65%|██████▌   | 195/300 [2:09:33<1:09:30, 39.72s/ep][A

tin/rn18/el2nbest/hl/ipc50 w30 s42:  65%|██████▌   | 196/300 [2:10:13<1:08:50, 39.72s/ep][A

tin/rn18/el2nbest/hl/ipc50 w30 s42:  66%|██████▌   | 197/300 [2:10:53<1:08:21, 39.82s/ep][A

tin/rn18/el2nbest/hl/ipc50 w30 s42:  66%|██████▌   | 198/300 [2:11:33<1:07:41, 39.82s/ep][A

tin/rn18/el2nbest/hl/ipc50 w30 s42:  66%|██████▋   | 199/300 [2:12:12<1:07:02, 39.82s/ep][A

tin/rn18/el2nbest/hl/ipc50 w30 s42:  67%|██████▋   | 200/300 [2:12:52<1:06:25, 39.85s/ep][A

tin/rn18/el2nbest/hl/ipc50 w30 s42:  67%|██████▋   | 201/300 [2:13:32<1:05:45, 39.85s/ep][A

tin/rn18/el2nbest/hl/ipc50 w30 s42:  67%|██████▋   | 202/300 [2:14:12<1:05:04, 39.85s/ep][A

tin/rn18/el2nbest/hl/ipc50 w30 s42:  68%|██████▊   | 203/300 [2:14:52<1:04:27, 39.87s/ep][A

tin/rn18/el2nbest/hl/ipc50 w30 s42:  68%|██████▊   | 204/300 [2:15:31<1:03:36, 39.76s/ep][A

tin/rn18/el2nbest/hl/ipc50 w30 s42:  68%|██████▊   | 205/300 [2:16:11<1:02:55, 39.74s/ep][A

tin/rn18/el2nbest/hl/ipc50 w30 s42:  69%|██████▊   | 206/300 [2:16:51<1:02:21, 39.80s/ep][A

tin/rn18/el2nbest/hl/ipc50 w30 s42:  69%|██████▉   | 207/300 [2:17:31<1:01:44, 39.84s/ep][A

tin/rn18/el2nbest/hl/ipc50 w30 s42:  69%|██████▉   | 208/300 [2:18:11<1:01:04, 39.83s/ep][A

tin/rn18/el2nbest/hl/ipc50 w30 s42:  70%|██████▉   | 209/300 [2:18:51<1:00:25, 39.84s/ep][A

tin/rn18/el2nbest/hl/ipc50 w30 s42:  70%|███████   | 210/300 [2:19:30<59:35, 39.72s/ep]  [A

tin/rn18/el2nbest/hl/ipc50 w30 s42:  70%|███████   | 211/300 [2:20:10<58:56, 39.73s/ep][A

tin/rn18/el2nbest/hl/ipc50 w30 s42:  71%|███████   | 212/300 [2:20:50<58:19, 39.77s/ep][A

tin/rn18/el2nbest/hl/ipc50 w30 s42:  71%|███████   | 213/300 [2:21:29<57:35, 39.72s/ep][A

tin/rn18/el2nbest/hl/ipc50 w30 s42:  71%|███████▏  | 214/300 [2:22:09<56:59, 39.76s/ep][A

tin/rn18/el2nbest/hl/ipc50 w30 s42:  72%|███████▏  | 215/300 [2:22:49<56:20, 39.77s/ep][A

tin/rn18/el2nbest/hl/ipc50 w30 s42:  72%|███████▏  | 216/300 [2:23:29<55:41, 39.78s/ep][A

tin/rn18/el2nbest/hl/ipc50 w30 s42:  72%|███████▏  | 217/300 [2:24:09<55:01, 39.77s/ep][A

tin/rn18/el2nbest/hl/ipc50 w30 s42:  73%|███████▎  | 218/300 [2:24:48<54:15, 39.70s/ep][A

tin/rn18/el2nbest/hl/ipc50 w30 s42:  73%|███████▎  | 219/300 [2:25:28<53:36, 39.70s/ep][A

tin/rn18/el2nbest/hl/ipc50 w30 s42:  73%|███████▎  | 220/300 [2:26:07<52:52, 39.66s/ep][A

tin/rn18/el2nbest/hl/ipc50 w30 s42:  74%|███████▎  | 221/300 [2:26:47<52:13, 39.67s/ep][A

tin/rn18/el2nbest/hl/ipc50 w30 s42:  74%|███████▍  | 222/300 [2:27:27<51:34, 39.68s/ep][A

tin/rn18/el2nbest/hl/ipc50 w30 s42:  74%|███████▍  | 223/300 [2:28:06<50:53, 39.66s/ep][A

tin/rn18/el2nbest/hl/ipc50 w30 s42:  75%|███████▍  | 224/300 [2:28:46<50:18, 39.72s/ep][A

tin/rn18/el2nbest/hl/ipc50 w30 s42:  75%|███████▌  | 225/300 [2:29:26<49:33, 39.65s/ep][A

tin/rn18/el2nbest/hl/ipc50 w30 s42:  75%|███████▌  | 226/300 [2:30:06<48:58, 39.71s/ep][A

tin/rn18/el2nbest/hl/ipc50 w30 s42:  76%|███████▌  | 227/300 [2:30:45<48:18, 39.71s/ep][A

tin/rn18/el2nbest/hl/ipc50 w30 s42:  76%|███████▌  | 228/300 [2:31:25<47:41, 39.75s/ep][A

tin/rn18/el2nbest/hl/ipc50 w30 s42:  76%|███████▋  | 229/300 [2:32:05<47:03, 39.77s/ep][A

tin/rn18/el2nbest/hl/ipc50 w30 s42:  77%|███████▋  | 230/300 [2:32:44<46:17, 39.68s/ep][A

tin/rn18/el2nbest/hl/ipc50 w30 s42:  77%|███████▋  | 231/300 [2:33:24<45:38, 39.69s/ep][A

tin/rn18/el2nbest/hl/ipc50 w30 s42:  77%|███████▋  | 232/300 [2:34:04<44:55, 39.64s/ep][A

tin/rn18/el2nbest/hl/ipc50 w30 s42:  78%|███████▊  | 233/300 [2:34:43<44:19, 39.70s/ep][A

tin/rn18/el2nbest/hl/ipc50 w30 s42:  78%|███████▊  | 234/300 [2:35:23<43:40, 39.70s/ep][A

tin/rn18/el2nbest/hl/ipc50 w30 s42:  78%|███████▊  | 235/300 [2:36:03<42:57, 39.66s/ep][A

tin/rn18/el2nbest/hl/ipc50 w30 s42:  79%|███████▊  | 236/300 [2:36:42<42:14, 39.61s/ep][A

tin/rn18/el2nbest/hl/ipc50 w30 s42:  79%|███████▉  | 237/300 [2:37:22<41:38, 39.66s/ep][A

tin/rn18/el2nbest/hl/ipc50 w30 s42:  79%|███████▉  | 238/300 [2:38:02<41:01, 39.71s/ep][A

tin/rn18/el2nbest/hl/ipc50 w30 s42:  80%|███████▉  | 239/300 [2:38:41<40:06, 39.46s/ep][A

tin/rn18/el2nbest/hl/ipc50 w30 s42:  80%|████████  | 240/300 [2:39:20<39:30, 39.51s/ep][A

tin/rn18/el2nbest/hl/ipc50 w30 s42:  80%|████████  | 241/300 [2:40:00<38:55, 39.59s/ep][A

tin/rn18/el2nbest/hl/ipc50 w30 s42:  81%|████████  | 242/300 [2:40:39<38:11, 39.51s/ep][A

tin/rn18/el2nbest/hl/ipc50 w30 s42:  81%|████████  | 243/300 [2:41:19<37:31, 39.50s/ep][A

tin/rn18/el2nbest/hl/ipc50 w30 s42:  81%|████████▏ | 244/300 [2:41:58<36:50, 39.48s/ep][A

tin/rn18/el2nbest/hl/ipc50 w30 s42:  82%|████████▏ | 245/300 [2:42:38<36:14, 39.53s/ep][A

tin/rn18/el2nbest/hl/ipc50 w30 s42:  82%|████████▏ | 246/300 [2:43:18<35:37, 39.58s/ep][A

tin/rn18/el2nbest/hl/ipc50 w30 s42:  82%|████████▏ | 247/300 [2:43:57<34:54, 39.52s/ep][A

tin/rn18/el2nbest/hl/ipc50 w30 s42:  83%|████████▎ | 248/300 [2:44:37<34:20, 39.63s/ep][A

tin/rn18/el2nbest/hl/ipc50 w30 s42:  83%|████████▎ | 249/300 [2:45:16<33:40, 39.62s/ep][A

tin/rn18/el2nbest/hl/ipc50 w30 s42:  83%|████████▎ | 250/300 [2:45:56<33:02, 39.64s/ep][A

tin/rn18/el2nbest/hl/ipc50 w30 s42:  84%|████████▎ | 251/300 [2:46:36<32:25, 39.71s/ep][A

tin/rn18/el2nbest/hl/ipc50 w30 s42:  84%|████████▍ | 252/300 [2:47:16<31:48, 39.75s/ep][A

tin/rn18/el2nbest/hl/ipc50 w30 s42:  84%|████████▍ | 253/300 [2:47:56<31:10, 39.79s/ep][A

tin/rn18/el2nbest/hl/ipc50 w30 s42:  85%|████████▍ | 254/300 [2:48:35<30:28, 39.74s/ep][A

tin/rn18/el2nbest/hl/ipc50 w30 s42:  85%|████████▌ | 255/300 [2:49:15<29:51, 39.80s/ep][A

tin/rn18/el2nbest/hl/ipc50 w30 s42:  85%|████████▌ | 256/300 [2:49:55<29:10, 39.79s/ep][A

tin/rn18/el2nbest/hl/ipc50 w30 s42:  86%|████████▌ | 257/300 [2:50:35<28:30, 39.78s/ep][A

tin/rn18/el2nbest/hl/ipc50 w30 s42:  86%|████████▌ | 258/300 [2:51:15<27:50, 39.78s/ep][A

tin/rn18/el2nbest/hl/ipc50 w30 s42:  86%|████████▋ | 259/300 [2:51:54<27:07, 39.69s/ep][A

tin/rn18/el2nbest/hl/ipc50 w30 s42:  87%|████████▋ | 260/300 [2:52:33<26:23, 39.59s/ep][A

tin/rn18/el2nbest/hl/ipc50 w30 s42:  87%|████████▋ | 261/300 [2:53:13<25:38, 39.45s/ep][A

tin/rn18/el2nbest/hl/ipc50 w30 s42:  87%|████████▋ | 262/300 [2:53:52<25:03, 39.57s/ep][A

tin/rn18/el2nbest/hl/ipc50 w30 s42:  88%|████████▊ | 263/300 [2:54:32<24:26, 39.63s/ep][A

tin/rn18/el2nbest/hl/ipc50 w30 s42:  88%|████████▊ | 264/300 [2:55:12<23:45, 39.60s/ep][A

tin/rn18/el2nbest/hl/ipc50 w30 s42:  88%|████████▊ | 265/300 [2:55:51<23:03, 39.53s/ep][A

tin/rn18/el2nbest/hl/ipc50 w30 s42:  89%|████████▊ | 266/300 [2:56:31<22:25, 39.57s/ep][A

tin/rn18/el2nbest/hl/ipc50 w30 s42:  89%|████████▉ | 267/300 [2:57:11<21:47, 39.63s/ep][A

tin/rn18/el2nbest/hl/ipc50 w30 s42:  89%|████████▉ | 268/300 [2:57:51<21:11, 39.72s/ep][A

tin/rn18/el2nbest/hl/ipc50 w30 s42:  90%|████████▉ | 269/300 [2:58:30<20:29, 39.66s/ep][A

tin/rn18/el2nbest/hl/ipc50 w30 s42:  90%|█████████ | 270/300 [2:59:10<19:48, 39.62s/ep][A

tin/rn18/el2nbest/hl/ipc50 w30 s42:  90%|█████████ | 271/300 [2:59:49<19:08, 39.59s/ep][A

tin/rn18/el2nbest/hl/ipc50 w30 s42:  91%|█████████ | 272/300 [3:00:29<18:29, 39.62s/ep][A

tin/rn18/el2nbest/hl/ipc50 w30 s42:  91%|█████████ | 273/300 [3:01:09<17:50, 39.66s/ep][A

tin/rn18/el2nbest/hl/ipc50 w30 s42:  91%|█████████▏| 274/300 [3:01:48<17:08, 39.55s/ep][A

tin/rn18/el2nbest/hl/ipc50 w30 s42:  92%|█████████▏| 275/300 [3:02:28<16:31, 39.67s/ep][A

tin/rn18/el2nbest/hl/ipc50 w30 s42:  92%|█████████▏| 276/300 [3:03:07<15:50, 39.58s/ep][A

tin/rn18/el2nbest/hl/ipc50 w30 s42:  92%|█████████▏| 277/300 [3:03:46<15:06, 39.40s/ep][A

tin/rn18/el2nbest/hl/ipc50 w30 s42:  93%|█████████▎| 278/300 [3:04:25<14:23, 39.25s/ep][A

tin/rn18/el2nbest/hl/ipc50 w30 s42:  93%|█████████▎| 279/300 [3:05:03<13:37, 38.95s/ep][A

tin/rn18/el2nbest/hl/ipc50 w30 s42:  93%|█████████▎| 280/300 [3:05:42<12:59, 38.99s/ep][A

tin/rn18/el2nbest/hl/ipc50 w30 s42:  94%|█████████▎| 281/300 [3:06:21<12:21, 39.02s/ep][A

tin/rn18/el2nbest/hl/ipc50 w30 s42:  94%|█████████▍| 282/300 [3:07:01<11:43, 39.08s/ep][A

tin/rn18/el2nbest/hl/ipc50 w30 s42:  94%|█████████▍| 283/300 [3:07:40<11:05, 39.14s/ep][A

tin/rn18/el2nbest/hl/ipc50 w30 s42:  95%|█████████▍| 284/300 [3:08:19<10:25, 39.07s/ep][A

tin/rn18/el2nbest/hl/ipc50 w30 s42:  95%|█████████▌| 285/300 [3:08:59<09:49, 39.27s/ep][A

tin/rn18/el2nbest/hl/ipc50 w30 s42:  95%|█████████▌| 286/300 [3:09:38<09:11, 39.39s/ep][A

tin/rn18/el2nbest/hl/ipc50 w30 s42:  96%|█████████▌| 287/300 [3:10:18<08:32, 39.46s/ep][A

tin/rn18/el2nbest/hl/ipc50 w30 s42:  96%|█████████▌| 288/300 [3:10:57<07:52, 39.36s/ep][A

tin/rn18/el2nbest/hl/ipc50 w30 s42:  96%|█████████▋| 289/300 [3:11:37<07:13, 39.45s/ep][A

tin/rn18/el2nbest/hl/ipc50 w30 s42:  97%|█████████▋| 290/300 [3:12:16<06:34, 39.48s/ep][A

tin/rn18/el2nbest/hl/ipc50 w30 s42:  97%|█████████▋| 291/300 [3:12:55<05:54, 39.39s/ep][A

tin/rn18/el2nbest/hl/ipc50 w30 s42:  97%|█████████▋| 292/300 [3:13:35<05:16, 39.51s/ep][A

tin/rn18/el2nbest/hl/ipc50 w30 s42:  98%|█████████▊| 293/300 [3:14:15<04:36, 39.54s/ep][A

tin/rn18/el2nbest/hl/ipc50 w30 s42:  98%|█████████▊| 294/300 [3:14:54<03:56, 39.47s/ep][A

tin/rn18/el2nbest/hl/ipc50 w30 s42:  98%|█████████▊| 295/300 [3:15:34<03:17, 39.60s/ep][A

tin/rn18/el2nbest/hl/ipc50 w30 s42:  99%|█████████▊| 296/300 [3:16:14<02:38, 39.59s/ep][A

tin/rn18/el2nbest/hl/ipc50 w30 s42:  99%|█████████▉| 297/300 [3:16:53<01:58, 39.60s/ep][A

tin/rn18/el2nbest/hl/ipc50 w30 s42:  99%|█████████▉| 298/300 [3:17:32<01:18, 39.48s/ep][A

tin/rn18/el2nbest/hl/ipc50 w30 s42: 100%|█████████▉| 299/300 [3:18:12<00:39, 39.54s/ep][A

tin/rn18/el2nbest/hl/ipc50 w30 s42: 100%|██████████| 300/300 [3:18:52<00:00, 39.63s/ep][A

                                                                                       [A[cell] tin/rn18/el2nbest/hl/ipc50 window 30%: 10.31%  (11945s)


tin/rn18/el2nbest/hl/ipc50 w40 s42:   0%|          | 0/300 [00:00<?, ?ep/s][A

tin/rn18/el2nbest/hl/ipc50 w40 s42:   0%|          | 1/300 [00:38<3:14:01, 38.94s/ep][A

tin/rn18/el2nbest/hl/ipc50 w40 s42:   1%|          | 2/300 [01:18<3:15:50, 39.43s/ep][A

tin/rn18/el2nbest/hl/ipc50 w40 s42:   1%|          | 3/300 [01:58<3:15:52, 39.57s/ep][A

tin/rn18/el2nbest/hl/ipc50 w40 s42:   1%|▏         | 4/300 [02:38<3:15:33, 39.64s/ep][A

tin/rn18/el2nbest/hl/ipc50 w40 s42:   2%|▏         | 5/300 [03:18<3:15:18, 39.72s/ep][A

tin/rn18/el2nbest/hl/ipc50 w40 s42:   2%|▏         | 6/300 [03:57<3:14:08, 39.62s/ep][A

tin/rn18/el2nbest/hl/ipc50 w40 s42:   2%|▏         | 7/300 [04:37<3:13:54, 39.71s/ep][A

tin/rn18/el2nbest/hl/ipc50 w40 s42:   3%|▎         | 8/300 [05:16<3:13:01, 39.66s/ep][A

tin/rn18/el2nbest/hl/ipc50 w40 s42:   3%|▎         | 9/300 [05:56<3:12:44, 39.74s/ep][A

tin/rn18/el2nbest/hl/ipc50 w40 s42:   3%|▎         | 10/300 [06:36<3:12:04, 39.74s/ep][A

tin/rn18/el2nbest/hl/ipc50 w40 s42:   4%|▎         | 11/300 [07:16<3:11:06, 39.68s/ep][A

tin/rn18/el2nbest/hl/ipc50 w40 s42:   4%|▍         | 12/300 [07:55<3:10:28, 39.68s/ep][A

tin/rn18/el2nbest/hl/ipc50 w40 s42:   4%|▍         | 13/300 [08:35<3:09:53, 39.70s/ep][A

tin/rn18/el2nbest/hl/ipc50 w40 s42:   5%|▍         | 14/300 [09:14<3:08:26, 39.53s/ep][A

tin/rn18/el2nbest/hl/ipc50 w40 s42:   5%|▌         | 15/300 [09:54<3:08:00, 39.58s/ep][A

tin/rn18/el2nbest/hl/ipc50 w40 s42:   5%|▌         | 16/300 [10:33<3:07:09, 39.54s/ep][A

tin/rn18/el2nbest/hl/ipc50 w40 s42:   6%|▌         | 17/300 [11:13<3:06:55, 39.63s/ep][A

tin/rn18/el2nbest/hl/ipc50 w40 s42:   6%|▌         | 18/300 [11:53<3:06:22, 39.65s/ep][A

tin/rn18/el2nbest/hl/ipc50 w40 s42:   6%|▋         | 19/300 [12:33<3:05:51, 39.68s/ep][A

tin/rn18/el2nbest/hl/ipc50 w40 s42:   7%|▋         | 20/300 [13:12<3:04:58, 39.64s/ep][A

tin/rn18/el2nbest/hl/ipc50 w40 s42:   7%|▋         | 21/300 [13:52<3:04:36, 39.70s/ep][A

tin/rn18/el2nbest/hl/ipc50 w40 s42:   7%|▋         | 22/300 [14:32<3:04:21, 39.79s/ep][A

tin/rn18/el2nbest/hl/ipc50 w40 s42:   8%|▊         | 23/300 [15:12<3:03:43, 39.80s/ep][A

tin/rn18/el2nbest/hl/ipc50 w40 s42:   8%|▊         | 24/300 [15:52<3:03:11, 39.82s/ep][A

tin/rn18/el2nbest/hl/ipc50 w40 s42:   8%|▊         | 25/300 [16:31<3:02:03, 39.72s/ep][A

tin/rn18/el2nbest/hl/ipc50 w40 s42:   9%|▊         | 26/300 [17:11<3:01:43, 39.79s/ep][A

tin/rn18/el2nbest/hl/ipc50 w40 s42:   9%|▉         | 27/300 [17:51<3:00:55, 39.76s/ep][A

tin/rn18/el2nbest/hl/ipc50 w40 s42:   9%|▉         | 28/300 [18:31<3:00:24, 39.80s/ep][A

tin/rn18/el2nbest/hl/ipc50 w40 s42:  10%|▉         | 29/300 [19:10<2:59:32, 39.75s/ep][A

tin/rn18/el2nbest/hl/ipc50 w40 s42:  10%|█         | 30/300 [19:50<2:59:04, 39.80s/ep][A

tin/rn18/el2nbest/hl/ipc50 w40 s42:  10%|█         | 31/300 [20:30<2:58:27, 39.80s/ep][A

tin/rn18/el2nbest/hl/ipc50 w40 s42:  11%|█         | 32/300 [21:10<2:57:54, 39.83s/ep][A

tin/rn18/el2nbest/hl/ipc50 w40 s42:  11%|█         | 33/300 [21:50<2:57:37, 39.92s/ep][A

tin/rn18/el2nbest/hl/ipc50 w40 s42:  11%|█▏        | 34/300 [22:30<2:57:16, 39.99s/ep][A

tin/rn18/el2nbest/hl/ipc50 w40 s42:  12%|█▏        | 35/300 [23:10<2:56:42, 40.01s/ep][A

tin/rn18/el2nbest/hl/ipc50 w40 s42:  12%|█▏        | 36/300 [23:50<2:55:57, 39.99s/ep][A

tin/rn18/el2nbest/hl/ipc50 w40 s42:  12%|█▏        | 37/300 [24:30<2:54:42, 39.86s/ep][A

tin/rn18/el2nbest/hl/ipc50 w40 s42:  13%|█▎        | 38/300 [25:10<2:54:07, 39.88s/ep][A

tin/rn18/el2nbest/hl/ipc50 w40 s42:  13%|█▎        | 39/300 [25:50<2:53:35, 39.91s/ep][A

tin/rn18/el2nbest/hl/ipc50 w40 s42:  13%|█▎        | 40/300 [26:29<2:52:42, 39.86s/ep][A

tin/rn18/el2nbest/hl/ipc50 w40 s42:  14%|█▎        | 41/300 [27:09<2:52:10, 39.89s/ep][A

tin/rn18/el2nbest/hl/ipc50 w40 s42:  14%|█▍        | 42/300 [27:49<2:51:18, 39.84s/ep][A

tin/rn18/el2nbest/hl/ipc50 w40 s42:  14%|█▍        | 43/300 [28:29<2:50:29, 39.80s/ep][A

tin/rn18/el2nbest/hl/ipc50 w40 s42:  15%|█▍        | 44/300 [29:09<2:49:42, 39.78s/ep][A

tin/rn18/el2nbest/hl/ipc50 w40 s42:  15%|█▌        | 45/300 [29:48<2:49:05, 39.79s/ep][A

tin/rn18/el2nbest/hl/ipc50 w40 s42:  15%|█▌        | 46/300 [30:28<2:48:02, 39.69s/ep][A

tin/rn18/el2nbest/hl/ipc50 w40 s42:  16%|█▌        | 47/300 [31:07<2:47:09, 39.64s/ep][A

tin/rn18/el2nbest/hl/ipc50 w40 s42:  16%|█▌        | 48/300 [31:47<2:45:57, 39.52s/ep][A

tin/rn18/el2nbest/hl/ipc50 w40 s42:  16%|█▋        | 49/300 [32:26<2:45:24, 39.54s/ep][A

tin/rn18/el2nbest/hl/ipc50 w40 s42:  17%|█▋        | 50/300 [33:06<2:45:06, 39.63s/ep][A

tin/rn18/el2nbest/hl/ipc50 w40 s42:  17%|█▋        | 51/300 [33:46<2:44:44, 39.70s/ep][A

tin/rn18/el2nbest/hl/ipc50 w40 s42:  17%|█▋        | 52/300 [34:25<2:43:52, 39.65s/ep][A

tin/rn18/el2nbest/hl/ipc50 w40 s42:  18%|█▊        | 53/300 [35:05<2:43:29, 39.72s/ep][A

tin/rn18/el2nbest/hl/ipc50 w40 s42:  18%|█▊        | 54/300 [35:45<2:42:40, 39.68s/ep][A

tin/rn18/el2nbest/hl/ipc50 w40 s42:  18%|█▊        | 55/300 [36:25<2:42:08, 39.71s/ep][A

tin/rn18/el2nbest/hl/ipc50 w40 s42:  19%|█▊        | 56/300 [37:04<2:41:10, 39.63s/ep][A

tin/rn18/el2nbest/hl/ipc50 w40 s42:  19%|█▉        | 57/300 [37:44<2:40:23, 39.60s/ep][A

tin/rn18/el2nbest/hl/ipc50 w40 s42:  19%|█▉        | 58/300 [38:23<2:39:38, 39.58s/ep][A

tin/rn18/el2nbest/hl/ipc50 w40 s42:  20%|█▉        | 59/300 [39:03<2:39:06, 39.61s/ep][A

tin/rn18/el2nbest/hl/ipc50 w40 s42:  20%|██        | 60/300 [39:42<2:38:22, 39.60s/ep][A

tin/rn18/el2nbest/hl/ipc50 w40 s42:  20%|██        | 61/300 [40:22<2:37:18, 39.49s/ep][A

tin/rn18/el2nbest/hl/ipc50 w40 s42:  21%|██        | 62/300 [41:01<2:36:59, 39.58s/ep][A

tin/rn18/el2nbest/hl/ipc50 w40 s42:  21%|██        | 63/300 [41:41<2:35:53, 39.46s/ep][A

tin/rn18/el2nbest/hl/ipc50 w40 s42:  21%|██▏       | 64/300 [42:20<2:35:15, 39.47s/ep][A

tin/rn18/el2nbest/hl/ipc50 w40 s42:  22%|██▏       | 65/300 [42:59<2:34:23, 39.42s/ep][A

tin/rn18/el2nbest/hl/ipc50 w40 s42:  22%|██▏       | 66/300 [43:39<2:33:25, 39.34s/ep][A

tin/rn18/el2nbest/hl/ipc50 w40 s42:  22%|██▏       | 67/300 [44:18<2:32:43, 39.33s/ep][A

tin/rn18/el2nbest/hl/ipc50 w40 s42:  23%|██▎       | 68/300 [44:57<2:31:49, 39.27s/ep][A

tin/rn18/el2nbest/hl/ipc50 w40 s42:  23%|██▎       | 69/300 [45:37<2:31:41, 39.40s/ep][A

tin/rn18/el2nbest/hl/ipc50 w40 s42:  23%|██▎       | 70/300 [46:16<2:31:07, 39.43s/ep][A

tin/rn18/el2nbest/hl/ipc50 w40 s42:  24%|██▎       | 71/300 [46:56<2:30:39, 39.47s/ep][A

tin/rn18/el2nbest/hl/ipc50 w40 s42:  24%|██▍       | 72/300 [47:35<2:29:32, 39.35s/ep][A

tin/rn18/el2nbest/hl/ipc50 w40 s42:  24%|██▍       | 73/300 [48:15<2:29:18, 39.46s/ep][A

tin/rn18/el2nbest/hl/ipc50 w40 s42:  25%|██▍       | 74/300 [48:54<2:28:18, 39.38s/ep][A

tin/rn18/el2nbest/hl/ipc50 w40 s42:  25%|██▌       | 75/300 [49:33<2:27:49, 39.42s/ep][A

tin/rn18/el2nbest/hl/ipc50 w40 s42:  25%|██▌       | 76/300 [50:12<2:26:32, 39.25s/ep][A

tin/rn18/el2nbest/hl/ipc50 w40 s42:  26%|██▌       | 77/300 [50:51<2:25:32, 39.16s/ep][A

tin/rn18/el2nbest/hl/ipc50 w40 s42:  26%|██▌       | 78/300 [51:31<2:25:09, 39.23s/ep][A

tin/rn18/el2nbest/hl/ipc50 w40 s42:  26%|██▋       | 79/300 [52:10<2:24:19, 39.18s/ep][A

tin/rn18/el2nbest/hl/ipc50 w40 s42:  27%|██▋       | 80/300 [52:49<2:23:37, 39.17s/ep][A

tin/rn18/el2nbest/hl/ipc50 w40 s42:  27%|██▋       | 81/300 [53:28<2:23:29, 39.31s/ep][A

tin/rn18/el2nbest/hl/ipc50 w40 s42:  27%|██▋       | 82/300 [54:08<2:22:50, 39.32s/ep][A

tin/rn18/el2nbest/hl/ipc50 w40 s42:  28%|██▊       | 83/300 [54:47<2:22:26, 39.38s/ep][A

tin/rn18/el2nbest/hl/ipc50 w40 s42:  28%|██▊       | 84/300 [55:27<2:22:11, 39.50s/ep][A

tin/rn18/el2nbest/hl/ipc50 w40 s42:  28%|██▊       | 85/300 [56:06<2:21:05, 39.37s/ep][A

tin/rn18/el2nbest/hl/ipc50 w40 s42:  29%|██▊       | 86/300 [56:45<2:20:28, 39.39s/ep][A

tin/rn18/el2nbest/hl/ipc50 w40 s42:  29%|██▉       | 87/300 [57:24<2:19:18, 39.24s/ep][A

tin/rn18/el2nbest/hl/ipc50 w40 s42:  29%|██▉       | 88/300 [58:03<2:18:26, 39.18s/ep][A

tin/rn18/el2nbest/hl/ipc50 w40 s42:  30%|██▉       | 89/300 [58:43<2:18:14, 39.31s/ep][A

tin/rn18/el2nbest/hl/ipc50 w40 s42:  30%|███       | 90/300 [59:23<2:18:06, 39.46s/ep][A

tin/rn18/el2nbest/hl/ipc50 w40 s42:  30%|███       | 91/300 [1:00:02<2:17:12, 39.39s/ep][A

tin/rn18/el2nbest/hl/ipc50 w40 s42:  31%|███       | 92/300 [1:00:41<2:16:06, 39.26s/ep][A

tin/rn18/el2nbest/hl/ipc50 w40 s42:  31%|███       | 93/300 [1:01:20<2:15:37, 39.31s/ep][A

tin/rn18/el2nbest/hl/ipc50 w40 s42:  31%|███▏      | 94/300 [1:01:59<2:14:33, 39.19s/ep][A

tin/rn18/el2nbest/hl/ipc50 w40 s42:  32%|███▏      | 95/300 [1:02:39<2:13:49, 39.17s/ep][A

tin/rn18/el2nbest/hl/ipc50 w40 s42:  32%|███▏      | 96/300 [1:03:17<2:12:54, 39.09s/ep][A

tin/rn18/el2nbest/hl/ipc50 w40 s42:  32%|███▏      | 97/300 [1:03:57<2:12:34, 39.19s/ep][A

tin/rn18/el2nbest/hl/ipc50 w40 s42:  33%|███▎      | 98/300 [1:04:35<2:11:20, 39.01s/ep][A

tin/rn18/el2nbest/hl/ipc50 w40 s42:  33%|███▎      | 99/300 [1:05:15<2:11:04, 39.12s/ep][A

tin/rn18/el2nbest/hl/ipc50 w40 s42:  33%|███▎      | 100/300 [1:05:54<2:10:19, 39.10s/ep][A

tin/rn18/el2nbest/hl/ipc50 w40 s42:  34%|███▎      | 101/300 [1:06:33<2:09:42, 39.11s/ep][A

tin/rn18/el2nbest/hl/ipc50 w40 s42:  34%|███▍      | 102/300 [1:07:12<2:09:17, 39.18s/ep][A

tin/rn18/el2nbest/hl/ipc50 w40 s42:  34%|███▍      | 103/300 [1:07:52<2:08:40, 39.19s/ep][A

tin/rn18/el2nbest/hl/ipc50 w40 s42:  35%|███▍      | 104/300 [1:08:31<2:07:51, 39.14s/ep][A

tin/rn18/el2nbest/hl/ipc50 w40 s42:  35%|███▌      | 105/300 [1:09:10<2:07:32, 39.24s/ep][A

tin/rn18/el2nbest/hl/ipc50 w40 s42:  35%|███▌      | 106/300 [1:09:49<2:06:36, 39.16s/ep][A

tin/rn18/el2nbest/hl/ipc50 w40 s42:  36%|███▌      | 107/300 [1:10:28<2:05:23, 38.98s/ep][A

tin/rn18/el2nbest/hl/ipc50 w40 s42:  36%|███▌      | 108/300 [1:11:07<2:05:32, 39.23s/ep][A

tin/rn18/el2nbest/hl/ipc50 w40 s42:  36%|███▋      | 109/300 [1:11:47<2:05:15, 39.35s/ep][A

tin/rn18/el2nbest/hl/ipc50 w40 s42:  37%|███▋      | 110/300 [1:12:26<2:04:22, 39.28s/ep][A

tin/rn18/el2nbest/hl/ipc50 w40 s42:  37%|███▋      | 111/300 [1:13:05<2:03:19, 39.15s/ep][A

tin/rn18/el2nbest/hl/ipc50 w40 s42:  37%|███▋      | 112/300 [1:13:45<2:03:07, 39.30s/ep][A

tin/rn18/el2nbest/hl/ipc50 w40 s42:  38%|███▊      | 113/300 [1:14:24<2:02:43, 39.38s/ep][A

tin/rn18/el2nbest/hl/ipc50 w40 s42:  38%|███▊      | 114/300 [1:15:03<2:01:38, 39.24s/ep][A

tin/rn18/el2nbest/hl/ipc50 w40 s42:  38%|███▊      | 115/300 [1:15:42<2:00:57, 39.23s/ep][A

tin/rn18/el2nbest/hl/ipc50 w40 s42:  39%|███▊      | 116/300 [1:16:21<2:00:11, 39.19s/ep][A

tin/rn18/el2nbest/hl/ipc50 w40 s42:  39%|███▉      | 117/300 [1:17:01<1:59:37, 39.22s/ep][A

tin/rn18/el2nbest/hl/ipc50 w40 s42:  39%|███▉      | 118/300 [1:17:40<1:58:58, 39.22s/ep][A

tin/rn18/el2nbest/hl/ipc50 w40 s42:  40%|███▉      | 119/300 [1:18:19<1:58:11, 39.18s/ep][A

tin/rn18/el2nbest/hl/ipc50 w40 s42:  40%|████      | 120/300 [1:18:58<1:57:45, 39.25s/ep][A

tin/rn18/el2nbest/hl/ipc50 w40 s42:  40%|████      | 121/300 [1:19:38<1:57:16, 39.31s/ep][A

tin/rn18/el2nbest/hl/ipc50 w40 s42:  41%|████      | 122/300 [1:20:17<1:56:13, 39.18s/ep][A

tin/rn18/el2nbest/hl/ipc50 w40 s42:  41%|████      | 123/300 [1:20:56<1:55:40, 39.21s/ep][A

tin/rn18/el2nbest/hl/ipc50 w40 s42:  41%|████▏     | 124/300 [1:21:35<1:54:30, 39.04s/ep][A

tin/rn18/el2nbest/hl/ipc50 w40 s42:  42%|████▏     | 125/300 [1:22:14<1:54:03, 39.11s/ep][A

tin/rn18/el2nbest/hl/ipc50 w40 s42:  42%|████▏     | 126/300 [1:22:53<1:53:40, 39.20s/ep][A

tin/rn18/el2nbest/hl/ipc50 w40 s42:  42%|████▏     | 127/300 [1:23:33<1:53:09, 39.24s/ep][A

tin/rn18/el2nbest/hl/ipc50 w40 s42:  43%|████▎     | 128/300 [1:24:12<1:52:32, 39.26s/ep][A

tin/rn18/el2nbest/hl/ipc50 w40 s42:  43%|████▎     | 129/300 [1:24:51<1:51:47, 39.23s/ep][A

tin/rn18/el2nbest/hl/ipc50 w40 s42:  43%|████▎     | 130/300 [1:25:30<1:51:11, 39.24s/ep][A

tin/rn18/el2nbest/hl/ipc50 w40 s42:  44%|████▎     | 131/300 [1:26:10<1:50:35, 39.26s/ep][A

tin/rn18/el2nbest/hl/ipc50 w40 s42:  44%|████▍     | 132/300 [1:26:49<1:50:11, 39.35s/ep][A

tin/rn18/el2nbest/hl/ipc50 w40 s42:  44%|████▍     | 133/300 [1:27:28<1:49:18, 39.27s/ep][A

tin/rn18/el2nbest/hl/ipc50 w40 s42:  45%|████▍     | 134/300 [1:28:07<1:48:18, 39.15s/ep][A

tin/rn18/el2nbest/hl/ipc50 w40 s42:  45%|████▌     | 135/300 [1:28:46<1:47:22, 39.05s/ep][A

tin/rn18/el2nbest/hl/ipc50 w40 s42:  45%|████▌     | 136/300 [1:29:25<1:46:52, 39.10s/ep][A

tin/rn18/el2nbest/hl/ipc50 w40 s42:  46%|████▌     | 137/300 [1:30:05<1:46:20, 39.15s/ep][A

tin/rn18/el2nbest/hl/ipc50 w40 s42:  46%|████▌     | 138/300 [1:30:43<1:45:25, 39.05s/ep][A

tin/rn18/el2nbest/hl/ipc50 w40 s42:  46%|████▋     | 139/300 [1:31:22<1:44:42, 39.02s/ep][A

tin/rn18/el2nbest/hl/ipc50 w40 s42:  47%|████▋     | 140/300 [1:32:01<1:44:06, 39.04s/ep][A

tin/rn18/el2nbest/hl/ipc50 w40 s42:  47%|████▋     | 141/300 [1:32:41<1:43:45, 39.15s/ep][A

tin/rn18/el2nbest/hl/ipc50 w40 s42:  47%|████▋     | 142/300 [1:33:20<1:43:08, 39.17s/ep][A

tin/rn18/el2nbest/hl/ipc50 w40 s42:  48%|████▊     | 143/300 [1:34:00<1:42:55, 39.34s/ep][A

tin/rn18/el2nbest/hl/ipc50 w40 s42:  48%|████▊     | 144/300 [1:34:39<1:42:07, 39.28s/ep][A

tin/rn18/el2nbest/hl/ipc50 w40 s42:  48%|████▊     | 145/300 [1:35:18<1:41:41, 39.36s/ep][A

tin/rn18/el2nbest/hl/ipc50 w40 s42:  49%|████▊     | 146/300 [1:35:58<1:41:07, 39.40s/ep][A

tin/rn18/el2nbest/hl/ipc50 w40 s42:  49%|████▉     | 147/300 [1:36:38<1:40:44, 39.51s/ep][A

tin/rn18/el2nbest/hl/ipc50 w40 s42:  49%|████▉     | 148/300 [1:37:17<1:40:04, 39.51s/ep][A

tin/rn18/el2nbest/hl/ipc50 w40 s42:  50%|████▉     | 149/300 [1:37:57<1:39:35, 39.57s/ep][A

tin/rn18/el2nbest/hl/ipc50 w40 s42:  50%|█████     | 150/300 [1:38:36<1:38:44, 39.49s/ep][A

tin/rn18/el2nbest/hl/ipc50 w40 s42:  50%|█████     | 151/300 [1:39:16<1:38:07, 39.52s/ep][A

tin/rn18/el2nbest/hl/ipc50 w40 s42:  51%|█████     | 152/300 [1:39:55<1:37:16, 39.43s/ep][A

tin/rn18/el2nbest/hl/ipc50 w40 s42:  51%|█████     | 153/300 [1:40:35<1:36:50, 39.53s/ep][A

tin/rn18/el2nbest/hl/ipc50 w40 s42:  51%|█████▏    | 154/300 [1:41:14<1:35:55, 39.42s/ep][A

tin/rn18/el2nbest/hl/ipc50 w40 s42:  52%|█████▏    | 155/300 [1:41:53<1:35:20, 39.45s/ep][A

tin/rn18/el2nbest/hl/ipc50 w40 s42:  52%|█████▏    | 156/300 [1:42:33<1:35:02, 39.60s/ep][A

tin/rn18/el2nbest/hl/ipc50 w40 s42:  52%|█████▏    | 157/300 [1:43:13<1:34:26, 39.63s/ep][A

tin/rn18/el2nbest/hl/ipc50 w40 s42:  53%|█████▎    | 158/300 [1:43:53<1:33:43, 39.60s/ep][A

tin/rn18/el2nbest/hl/ipc50 w40 s42:  53%|█████▎    | 159/300 [1:44:32<1:32:43, 39.46s/ep][A

tin/rn18/el2nbest/hl/ipc50 w40 s42:  53%|█████▎    | 160/300 [1:45:11<1:32:07, 39.48s/ep][A

tin/rn18/el2nbest/hl/ipc50 w40 s42:  54%|█████▎    | 161/300 [1:45:51<1:31:21, 39.44s/ep][A

tin/rn18/el2nbest/hl/ipc50 w40 s42:  54%|█████▍    | 162/300 [1:46:30<1:30:29, 39.34s/ep][A

tin/rn18/el2nbest/hl/ipc50 w40 s42:  54%|█████▍    | 163/300 [1:47:09<1:29:42, 39.29s/ep][A

tin/rn18/el2nbest/hl/ipc50 w40 s42:  55%|█████▍    | 164/300 [1:47:48<1:29:01, 39.27s/ep][A

tin/rn18/el2nbest/hl/ipc50 w40 s42:  55%|█████▌    | 165/300 [1:48:28<1:28:32, 39.35s/ep][A

tin/rn18/el2nbest/hl/ipc50 w40 s42:  55%|█████▌    | 166/300 [1:49:07<1:28:00, 39.41s/ep][A

tin/rn18/el2nbest/hl/ipc50 w40 s42:  56%|█████▌    | 167/300 [1:49:46<1:27:14, 39.36s/ep][A

tin/rn18/el2nbest/hl/ipc50 w40 s42:  56%|█████▌    | 168/300 [1:50:26<1:26:34, 39.35s/ep][A

tin/rn18/el2nbest/hl/ipc50 w40 s42:  56%|█████▋    | 169/300 [1:51:05<1:25:58, 39.38s/ep][A

tin/rn18/el2nbest/hl/ipc50 w40 s42:  57%|█████▋    | 170/300 [1:51:45<1:25:30, 39.47s/ep][A

tin/rn18/el2nbest/hl/ipc50 w40 s42:  57%|█████▋    | 171/300 [1:52:24<1:24:48, 39.45s/ep][A

tin/rn18/el2nbest/hl/ipc50 w40 s42:  57%|█████▋    | 172/300 [1:53:04<1:24:09, 39.45s/ep][A

tin/rn18/el2nbest/hl/ipc50 w40 s42:  58%|█████▊    | 173/300 [1:53:43<1:23:35, 39.50s/ep][A

tin/rn18/el2nbest/hl/ipc50 w40 s42:  58%|█████▊    | 174/300 [1:54:22<1:22:40, 39.37s/ep][A

tin/rn18/el2nbest/hl/ipc50 w40 s42:  58%|█████▊    | 175/300 [1:55:02<1:22:06, 39.41s/ep][A

tin/rn18/el2nbest/hl/ipc50 w40 s42:  59%|█████▊    | 176/300 [1:55:41<1:21:23, 39.38s/ep][A

tin/rn18/el2nbest/hl/ipc50 w40 s42:  59%|█████▉    | 177/300 [1:56:21<1:20:40, 39.35s/ep][A

tin/rn18/el2nbest/hl/ipc50 w40 s42:  59%|█████▉    | 178/300 [1:57:00<1:20:16, 39.48s/ep][A

tin/rn18/el2nbest/hl/ipc50 w40 s42:  60%|█████▉    | 179/300 [1:57:40<1:19:46, 39.56s/ep][A

tin/rn18/el2nbest/hl/ipc50 w40 s42:  60%|██████    | 180/300 [1:58:19<1:19:01, 39.51s/ep][A

tin/rn18/el2nbest/hl/ipc50 w40 s42:  60%|██████    | 181/300 [1:58:58<1:18:04, 39.36s/ep][A

tin/rn18/el2nbest/hl/ipc50 w40 s42:  61%|██████    | 182/300 [1:59:38<1:17:31, 39.42s/ep][A

tin/rn18/el2nbest/hl/ipc50 w40 s42:  61%|██████    | 183/300 [2:00:18<1:17:01, 39.50s/ep][A

tin/rn18/el2nbest/hl/ipc50 w40 s42:  61%|██████▏   | 184/300 [2:00:57<1:16:22, 39.51s/ep][A

tin/rn18/el2nbest/hl/ipc50 w40 s42:  62%|██████▏   | 185/300 [2:01:36<1:15:32, 39.41s/ep][A

tin/rn18/el2nbest/hl/ipc50 w40 s42:  62%|██████▏   | 186/300 [2:02:16<1:15:03, 39.50s/ep][A

tin/rn18/el2nbest/hl/ipc50 w40 s42:  62%|██████▏   | 187/300 [2:02:56<1:14:31, 39.57s/ep][A

tin/rn18/el2nbest/hl/ipc50 w40 s42:  63%|██████▎   | 188/300 [2:03:35<1:13:29, 39.37s/ep][A

tin/rn18/el2nbest/hl/ipc50 w40 s42:  63%|██████▎   | 189/300 [2:04:14<1:12:33, 39.22s/ep][A

tin/rn18/el2nbest/hl/ipc50 w40 s42:  63%|██████▎   | 190/300 [2:04:53<1:12:05, 39.32s/ep][A

tin/rn18/el2nbest/hl/ipc50 w40 s42:  64%|██████▎   | 191/300 [2:05:33<1:11:38, 39.44s/ep][A

tin/rn18/el2nbest/hl/ipc50 w40 s42:  64%|██████▍   | 192/300 [2:06:12<1:11:03, 39.47s/ep][A

tin/rn18/el2nbest/hl/ipc50 w40 s42:  64%|██████▍   | 193/300 [2:06:52<1:10:28, 39.52s/ep][A

tin/rn18/el2nbest/hl/ipc50 w40 s42:  65%|██████▍   | 194/300 [2:07:32<1:09:51, 39.54s/ep][A

tin/rn18/el2nbest/hl/ipc50 w40 s42:  65%|██████▌   | 195/300 [2:08:11<1:09:05, 39.48s/ep][A

tin/rn18/el2nbest/hl/ipc50 w40 s42:  65%|██████▌   | 196/300 [2:08:51<1:08:26, 39.49s/ep][A

tin/rn18/el2nbest/hl/ipc50 w40 s42:  66%|██████▌   | 197/300 [2:09:30<1:07:42, 39.44s/ep][A

tin/rn18/el2nbest/hl/ipc50 w40 s42:  66%|██████▌   | 198/300 [2:10:10<1:07:13, 39.54s/ep][A

tin/rn18/el2nbest/hl/ipc50 w40 s42:  66%|██████▋   | 199/300 [2:10:49<1:06:25, 39.46s/ep][A

tin/rn18/el2nbest/hl/ipc50 w40 s42:  67%|██████▋   | 200/300 [2:11:28<1:05:46, 39.47s/ep][A

tin/rn18/el2nbest/hl/ipc50 w40 s42:  67%|██████▋   | 201/300 [2:12:08<1:05:00, 39.40s/ep][A

tin/rn18/el2nbest/hl/ipc50 w40 s42:  67%|██████▋   | 202/300 [2:12:47<1:04:23, 39.42s/ep][A

tin/rn18/el2nbest/hl/ipc50 w40 s42:  68%|██████▊   | 203/300 [2:13:27<1:03:45, 39.44s/ep][A

tin/rn18/el2nbest/hl/ipc50 w40 s42:  68%|██████▊   | 204/300 [2:14:06<1:03:03, 39.41s/ep][A

tin/rn18/el2nbest/hl/ipc50 w40 s42:  68%|██████▊   | 205/300 [2:14:45<1:02:16, 39.33s/ep][A

tin/rn18/el2nbest/hl/ipc50 w40 s42:  69%|██████▊   | 206/300 [2:15:25<1:01:46, 39.44s/ep][A

tin/rn18/el2nbest/hl/ipc50 w40 s42:  69%|██████▉   | 207/300 [2:16:04<1:00:59, 39.35s/ep][A

tin/rn18/el2nbest/hl/ipc50 w40 s42:  69%|██████▉   | 208/300 [2:16:43<1:00:25, 39.40s/ep][A

tin/rn18/el2nbest/hl/ipc50 w40 s42:  70%|██████▉   | 209/300 [2:17:23<59:52, 39.48s/ep]  [A

tin/rn18/el2nbest/hl/ipc50 w40 s42:  70%|███████   | 210/300 [2:18:03<59:24, 39.60s/ep][A

tin/rn18/el2nbest/hl/ipc50 w40 s42:  70%|███████   | 211/300 [2:18:42<58:34, 39.49s/ep][A

tin/rn18/el2nbest/hl/ipc50 w40 s42:  71%|███████   | 212/300 [2:19:22<57:50, 39.44s/ep][A

tin/rn18/el2nbest/hl/ipc50 w40 s42:  71%|███████   | 213/300 [2:20:01<57:02, 39.34s/ep][A

tin/rn18/el2nbest/hl/ipc50 w40 s42:  71%|███████▏  | 214/300 [2:20:39<56:07, 39.16s/ep][A

tin/rn18/el2nbest/hl/ipc50 w40 s42:  72%|███████▏  | 215/300 [2:21:18<55:23, 39.10s/ep][A

tin/rn18/el2nbest/hl/ipc50 w40 s42:  72%|███████▏  | 216/300 [2:21:57<54:33, 38.97s/ep][A

tin/rn18/el2nbest/hl/ipc50 w40 s42:  72%|███████▏  | 217/300 [2:22:37<54:07, 39.13s/ep][A

tin/rn18/el2nbest/hl/ipc50 w40 s42:  73%|███████▎  | 218/300 [2:23:16<53:30, 39.16s/ep][A

tin/rn18/el2nbest/hl/ipc50 w40 s42:  73%|███████▎  | 219/300 [2:23:55<52:49, 39.13s/ep][A

tin/rn18/el2nbest/hl/ipc50 w40 s42:  73%|███████▎  | 220/300 [2:24:34<52:04, 39.06s/ep][A

tin/rn18/el2nbest/hl/ipc50 w40 s42:  74%|███████▎  | 221/300 [2:25:13<51:31, 39.14s/ep][A

tin/rn18/el2nbest/hl/ipc50 w40 s42:  74%|███████▍  | 222/300 [2:25:52<50:52, 39.14s/ep][A

tin/rn18/el2nbest/hl/ipc50 w40 s42:  74%|███████▍  | 223/300 [2:26:31<50:16, 39.17s/ep][A

tin/rn18/el2nbest/hl/ipc50 w40 s42:  75%|███████▍  | 224/300 [2:27:11<49:37, 39.18s/ep][A

tin/rn18/el2nbest/hl/ipc50 w40 s42:  75%|███████▌  | 225/300 [2:27:50<49:04, 39.26s/ep][A

tin/rn18/el2nbest/hl/ipc50 w40 s42:  75%|███████▌  | 226/300 [2:28:30<48:30, 39.32s/ep][A

tin/rn18/el2nbest/hl/ipc50 w40 s42:  76%|███████▌  | 227/300 [2:29:09<47:56, 39.40s/ep][A

tin/rn18/el2nbest/hl/ipc50 w40 s42:  76%|███████▌  | 228/300 [2:29:48<47:12, 39.34s/ep][A

tin/rn18/el2nbest/hl/ipc50 w40 s42:  76%|███████▋  | 229/300 [2:30:27<46:27, 39.26s/ep][A

tin/rn18/el2nbest/hl/ipc50 w40 s42:  77%|███████▋  | 230/300 [2:31:06<45:44, 39.20s/ep][A

tin/rn18/el2nbest/hl/ipc50 w40 s42:  77%|███████▋  | 231/300 [2:31:46<45:09, 39.27s/ep][A

tin/rn18/el2nbest/hl/ipc50 w40 s42:  77%|███████▋  | 232/300 [2:32:26<44:40, 39.42s/ep][A

tin/rn18/el2nbest/hl/ipc50 w40 s42:  78%|███████▊  | 233/300 [2:33:05<44:09, 39.54s/ep][A

tin/rn18/el2nbest/hl/ipc50 w40 s42:  78%|███████▊  | 234/300 [2:33:45<43:20, 39.40s/ep][A

tin/rn18/el2nbest/hl/ipc50 w40 s42:  78%|███████▊  | 235/300 [2:34:24<42:41, 39.41s/ep][A

tin/rn18/el2nbest/hl/ipc50 w40 s42:  79%|███████▊  | 236/300 [2:35:03<41:59, 39.37s/ep][A

tin/rn18/el2nbest/hl/ipc50 w40 s42:  79%|███████▉  | 237/300 [2:35:43<41:19, 39.35s/ep][A

tin/rn18/el2nbest/hl/ipc50 w40 s42:  79%|███████▉  | 238/300 [2:36:22<40:40, 39.36s/ep][A

tin/rn18/el2nbest/hl/ipc50 w40 s42:  80%|███████▉  | 239/300 [2:37:01<40:03, 39.40s/ep][A

tin/rn18/el2nbest/hl/ipc50 w40 s42:  80%|████████  | 240/300 [2:37:41<39:18, 39.31s/ep][A

tin/rn18/el2nbest/hl/ipc50 w40 s42:  80%|████████  | 241/300 [2:38:20<38:43, 39.37s/ep][A

tin/rn18/el2nbest/hl/ipc50 w40 s42:  81%|████████  | 242/300 [2:38:59<38:02, 39.36s/ep][A

tin/rn18/el2nbest/hl/ipc50 w40 s42:  81%|████████  | 243/300 [2:39:39<37:26, 39.41s/ep][A

tin/rn18/el2nbest/hl/ipc50 w40 s42:  81%|████████▏ | 244/300 [2:40:19<36:52, 39.51s/ep][A

tin/rn18/el2nbest/hl/ipc50 w40 s42:  82%|████████▏ | 245/300 [2:40:58<36:16, 39.57s/ep][A

tin/rn18/el2nbest/hl/ipc50 w40 s42:  82%|████████▏ | 246/300 [2:41:38<35:35, 39.55s/ep][A

tin/rn18/el2nbest/hl/ipc50 w40 s42:  82%|████████▏ | 247/300 [2:42:18<34:59, 39.61s/ep][A

tin/rn18/el2nbest/hl/ipc50 w40 s42:  83%|████████▎ | 248/300 [2:42:58<34:24, 39.70s/ep][A

tin/rn18/el2nbest/hl/ipc50 w40 s42:  83%|████████▎ | 249/300 [2:43:37<33:44, 39.70s/ep][A

tin/rn18/el2nbest/hl/ipc50 w40 s42:  83%|████████▎ | 250/300 [2:44:17<33:03, 39.66s/ep][A

tin/rn18/el2nbest/hl/ipc50 w40 s42:  84%|████████▎ | 251/300 [2:44:57<32:27, 39.75s/ep][A

tin/rn18/el2nbest/hl/ipc50 w40 s42:  84%|████████▍ | 252/300 [2:45:36<31:47, 39.74s/ep][A

tin/rn18/el2nbest/hl/ipc50 w40 s42:  84%|████████▍ | 253/300 [2:46:16<31:10, 39.80s/ep][A

tin/rn18/el2nbest/hl/ipc50 w40 s42:  85%|████████▍ | 254/300 [2:46:56<30:29, 39.77s/ep][A

tin/rn18/el2nbest/hl/ipc50 w40 s42:  85%|████████▌ | 255/300 [2:47:35<29:41, 39.60s/ep][A

tin/rn18/el2nbest/hl/ipc50 w40 s42:  85%|████████▌ | 256/300 [2:48:15<29:03, 39.62s/ep][A

tin/rn18/el2nbest/hl/ipc50 w40 s42:  86%|████████▌ | 257/300 [2:48:55<28:27, 39.70s/ep][A

tin/rn18/el2nbest/hl/ipc50 w40 s42:  86%|████████▌ | 258/300 [2:49:35<27:50, 39.78s/ep][A

tin/rn18/el2nbest/hl/ipc50 w40 s42:  86%|████████▋ | 259/300 [2:50:15<27:13, 39.83s/ep][A

tin/rn18/el2nbest/hl/ipc50 w40 s42:  87%|████████▋ | 260/300 [2:50:54<26:29, 39.73s/ep][A

tin/rn18/el2nbest/hl/ipc50 w40 s42:  87%|████████▋ | 261/300 [2:51:34<25:51, 39.77s/ep][A

tin/rn18/el2nbest/hl/ipc50 w40 s42:  87%|████████▋ | 262/300 [2:52:14<25:14, 39.85s/ep][A

tin/rn18/el2nbest/hl/ipc50 w40 s42:  88%|████████▊ | 263/300 [2:52:54<24:30, 39.73s/ep][A

tin/rn18/el2nbest/hl/ipc50 w40 s42:  88%|████████▊ | 264/300 [2:53:34<23:52, 39.80s/ep][A

tin/rn18/el2nbest/hl/ipc50 w40 s42:  88%|████████▊ | 265/300 [2:54:14<23:14, 39.86s/ep][A

tin/rn18/el2nbest/hl/ipc50 w40 s42:  89%|████████▊ | 266/300 [2:54:53<22:35, 39.86s/ep][A

tin/rn18/el2nbest/hl/ipc50 w40 s42:  89%|████████▉ | 267/300 [2:55:33<21:55, 39.88s/ep][A

tin/rn18/el2nbest/hl/ipc50 w40 s42:  89%|████████▉ | 268/300 [2:56:13<21:17, 39.92s/ep][A

tin/rn18/el2nbest/hl/ipc50 w40 s42:  90%|████████▉ | 269/300 [2:56:54<20:39, 39.98s/ep][A

tin/rn18/el2nbest/hl/ipc50 w40 s42:  90%|█████████ | 270/300 [2:57:33<19:57, 39.90s/ep][A

tin/rn18/el2nbest/hl/ipc50 w40 s42:  90%|█████████ | 271/300 [2:58:13<19:16, 39.87s/ep][A

tin/rn18/el2nbest/hl/ipc50 w40 s42:  91%|█████████ | 272/300 [2:58:53<18:33, 39.76s/ep][A

tin/rn18/el2nbest/hl/ipc50 w40 s42:  91%|█████████ | 273/300 [2:59:32<17:54, 39.78s/ep][A

tin/rn18/el2nbest/hl/ipc50 w40 s42:  91%|█████████▏| 274/300 [3:00:12<17:16, 39.85s/ep][A

tin/rn18/el2nbest/hl/ipc50 w40 s42:  92%|█████████▏| 275/300 [3:00:52<16:36, 39.87s/ep][A

tin/rn18/el2nbest/hl/ipc50 w40 s42:  92%|█████████▏| 276/300 [3:01:32<15:56, 39.84s/ep][A

tin/rn18/el2nbest/hl/ipc50 w40 s42:  92%|█████████▏| 277/300 [3:02:12<15:15, 39.81s/ep][A

tin/rn18/el2nbest/hl/ipc50 w40 s42:  93%|█████████▎| 278/300 [3:02:51<14:33, 39.72s/ep][A

tin/rn18/el2nbest/hl/ipc50 w40 s42:  93%|█████████▎| 279/300 [3:03:31<13:55, 39.78s/ep][A

tin/rn18/el2nbest/hl/ipc50 w40 s42:  93%|█████████▎| 280/300 [3:04:11<13:14, 39.72s/ep][A

tin/rn18/el2nbest/hl/ipc50 w40 s42:  94%|█████████▎| 281/300 [3:04:50<12:33, 39.65s/ep][A

tin/rn18/el2nbest/hl/ipc50 w40 s42:  94%|█████████▍| 282/300 [3:05:30<11:53, 39.66s/ep][A

tin/rn18/el2nbest/hl/ipc50 w40 s42:  94%|█████████▍| 283/300 [3:06:10<11:14, 39.67s/ep][A

tin/rn18/el2nbest/hl/ipc50 w40 s42:  95%|█████████▍| 284/300 [3:06:49<10:35, 39.71s/ep][A

tin/rn18/el2nbest/hl/ipc50 w40 s42:  95%|█████████▌| 285/300 [3:07:29<09:55, 39.71s/ep][A

tin/rn18/el2nbest/hl/ipc50 w40 s42:  95%|█████████▌| 286/300 [3:08:09<09:17, 39.79s/ep][A

tin/rn18/el2nbest/hl/ipc50 w40 s42:  96%|█████████▌| 287/300 [3:08:49<08:36, 39.73s/ep][A

tin/rn18/el2nbest/hl/ipc50 w40 s42:  96%|█████████▌| 288/300 [3:09:29<07:56, 39.74s/ep][A

tin/rn18/el2nbest/hl/ipc50 w40 s42:  96%|█████████▋| 289/300 [3:10:09<07:18, 39.83s/ep][A

tin/rn18/el2nbest/hl/ipc50 w40 s42:  97%|█████████▋| 290/300 [3:10:48<06:38, 39.86s/ep][A

tin/rn18/el2nbest/hl/ipc50 w40 s42:  97%|█████████▋| 291/300 [3:11:28<05:57, 39.77s/ep][A

tin/rn18/el2nbest/hl/ipc50 w40 s42:  97%|█████████▋| 292/300 [3:12:08<05:17, 39.71s/ep][A

tin/rn18/el2nbest/hl/ipc50 w40 s42:  98%|█████████▊| 293/300 [3:12:47<04:38, 39.75s/ep][A

tin/rn18/el2nbest/hl/ipc50 w40 s42:  98%|█████████▊| 294/300 [3:13:27<03:58, 39.79s/ep][A

tin/rn18/el2nbest/hl/ipc50 w40 s42:  98%|█████████▊| 295/300 [3:14:07<03:18, 39.71s/ep][A

tin/rn18/el2nbest/hl/ipc50 w40 s42:  99%|█████████▊| 296/300 [3:14:47<02:38, 39.74s/ep][A

tin/rn18/el2nbest/hl/ipc50 w40 s42:  99%|█████████▉| 297/300 [3:15:27<01:59, 39.78s/ep][A

tin/rn18/el2nbest/hl/ipc50 w40 s42:  99%|█████████▉| 298/300 [3:16:06<01:19, 39.79s/ep][A

tin/rn18/el2nbest/hl/ipc50 w40 s42: 100%|█████████▉| 299/300 [3:16:46<00:39, 39.77s/ep][A

tin/rn18/el2nbest/hl/ipc50 w40 s42: 100%|██████████| 300/300 [3:17:26<00:00, 39.87s/ep][A

                                                                                       [A[cell] tin/rn18/el2nbest/hl/ipc50 window 40%: 15.21%  (11859s)


tin/rn18/el2nbest/hl/ipc50 w50 s42:   0%|          | 0/300 [00:00<?, ?ep/s][A

tin/rn18/el2nbest/hl/ipc50 w50 s42:   0%|          | 1/300 [00:39<3:15:42, 39.27s/ep][A

tin/rn18/el2nbest/hl/ipc50 w50 s42:   1%|          | 2/300 [01:19<3:16:31, 39.57s/ep][A

tin/rn18/el2nbest/hl/ipc50 w50 s42:   1%|          | 3/300 [01:58<3:16:34, 39.71s/ep][A

tin/rn18/el2nbest/hl/ipc50 w50 s42:   1%|▏         | 4/300 [02:39<3:16:40, 39.87s/ep][A

tin/rn18/el2nbest/hl/ipc50 w50 s42:   2%|▏         | 5/300 [03:19<3:16:13, 39.91s/ep][A

tin/rn18/el2nbest/hl/ipc50 w50 s42:   2%|▏         | 6/300 [03:58<3:15:26, 39.89s/ep][A

tin/rn18/el2nbest/hl/ipc50 w50 s42:   2%|▏         | 7/300 [04:38<3:15:01, 39.94s/ep][A

tin/rn18/el2nbest/hl/ipc50 w50 s42:   3%|▎         | 8/300 [05:18<3:14:17, 39.92s/ep][A

tin/rn18/el2nbest/hl/ipc50 w50 s42:   3%|▎         | 9/300 [05:58<3:13:40, 39.93s/ep][A

tin/rn18/el2nbest/hl/ipc50 w50 s42:   3%|▎         | 10/300 [06:38<3:13:01, 39.94s/ep][A

tin/rn18/el2nbest/hl/ipc50 w50 s42:   4%|▎         | 11/300 [07:18<3:12:18, 39.93s/ep][A

tin/rn18/el2nbest/hl/ipc50 w50 s42:   4%|▍         | 12/300 [07:58<3:11:41, 39.94s/ep][A

tin/rn18/el2nbest/hl/ipc50 w50 s42:   4%|▍         | 13/300 [08:38<3:10:41, 39.87s/ep][A

tin/rn18/el2nbest/hl/ipc50 w50 s42:   5%|▍         | 14/300 [09:18<3:10:04, 39.88s/ep][A

tin/rn18/el2nbest/hl/ipc50 w50 s42:   5%|▌         | 15/300 [09:57<3:09:16, 39.85s/ep][A

tin/rn18/el2nbest/hl/ipc50 w50 s42:   5%|▌         | 16/300 [10:37<3:08:39, 39.86s/ep][A

tin/rn18/el2nbest/hl/ipc50 w50 s42:   6%|▌         | 17/300 [11:17<3:07:55, 39.84s/ep][A

tin/rn18/el2nbest/hl/ipc50 w50 s42:   6%|▌         | 18/300 [11:57<3:07:24, 39.87s/ep][A

tin/rn18/el2nbest/hl/ipc50 w50 s42:   6%|▋         | 19/300 [12:37<3:06:43, 39.87s/ep][A

tin/rn18/el2nbest/hl/ipc50 w50 s42:   7%|▋         | 20/300 [13:17<3:05:44, 39.80s/ep][A

tin/rn18/el2nbest/hl/ipc50 w50 s42:   7%|▋         | 21/300 [13:56<3:05:10, 39.82s/ep][A

tin/rn18/el2nbest/hl/ipc50 w50 s42:   7%|▋         | 22/300 [14:36<3:04:15, 39.77s/ep][A

tin/rn18/el2nbest/hl/ipc50 w50 s42:   8%|▊         | 23/300 [15:16<3:03:57, 39.85s/ep][A

tin/rn18/el2nbest/hl/ipc50 w50 s42:   8%|▊         | 24/300 [15:56<3:03:20, 39.86s/ep][A

tin/rn18/el2nbest/hl/ipc50 w50 s42:   8%|▊         | 25/300 [16:36<3:02:35, 39.84s/ep][A

tin/rn18/el2nbest/hl/ipc50 w50 s42:   9%|▊         | 26/300 [17:16<3:01:51, 39.82s/ep][A

tin/rn18/el2nbest/hl/ipc50 w50 s42:   9%|▉         | 27/300 [17:55<3:01:14, 39.83s/ep][A

tin/rn18/el2nbest/hl/ipc50 w50 s42:   9%|▉         | 28/300 [18:35<3:00:31, 39.82s/ep][A

tin/rn18/el2nbest/hl/ipc50 w50 s42:  10%|▉         | 29/300 [19:15<2:59:09, 39.67s/ep][A

tin/rn18/el2nbest/hl/ipc50 w50 s42:  10%|█         | 30/300 [19:54<2:58:31, 39.67s/ep][A

tin/rn18/el2nbest/hl/ipc50 w50 s42:  10%|█         | 31/300 [20:34<2:57:25, 39.58s/ep][A

tin/rn18/el2nbest/hl/ipc50 w50 s42:  11%|█         | 32/300 [21:14<2:57:23, 39.72s/ep][A

tin/rn18/el2nbest/hl/ipc50 w50 s42:  11%|█         | 33/300 [21:53<2:56:53, 39.75s/ep][A

tin/rn18/el2nbest/hl/ipc50 w50 s42:  11%|█▏        | 34/300 [22:33<2:56:01, 39.71s/ep][A

tin/rn18/el2nbest/hl/ipc50 w50 s42:  12%|█▏        | 35/300 [23:13<2:55:25, 39.72s/ep][A

tin/rn18/el2nbest/hl/ipc50 w50 s42:  12%|█▏        | 36/300 [23:53<2:54:55, 39.76s/ep][A

tin/rn18/el2nbest/hl/ipc50 w50 s42:  12%|█▏        | 37/300 [24:32<2:53:58, 39.69s/ep][A

tin/rn18/el2nbest/hl/ipc50 w50 s42:  13%|█▎        | 38/300 [25:12<2:53:32, 39.74s/ep][A

tin/rn18/el2nbest/hl/ipc50 w50 s42:  13%|█▎        | 39/300 [25:52<2:52:43, 39.71s/ep][A

tin/rn18/el2nbest/hl/ipc50 w50 s42:  13%|█▎        | 40/300 [26:31<2:52:00, 39.69s/ep][A

tin/rn18/el2nbest/hl/ipc50 w50 s42:  14%|█▎        | 41/300 [27:11<2:51:10, 39.65s/ep][A

tin/rn18/el2nbest/hl/ipc50 w50 s42:  14%|█▍        | 42/300 [27:51<2:50:43, 39.71s/ep][A

tin/rn18/el2nbest/hl/ipc50 w50 s42:  14%|█▍        | 43/300 [28:31<2:50:14, 39.75s/ep][A

tin/rn18/el2nbest/hl/ipc50 w50 s42:  15%|█▍        | 44/300 [29:10<2:49:46, 39.79s/ep][A

tin/rn18/el2nbest/hl/ipc50 w50 s42:  15%|█▌        | 45/300 [29:50<2:49:18, 39.84s/ep][A

tin/rn18/el2nbest/hl/ipc50 w50 s42:  15%|█▌        | 46/300 [30:30<2:48:18, 39.76s/ep][A

tin/rn18/el2nbest/hl/ipc50 w50 s42:  16%|█▌        | 47/300 [31:10<2:47:34, 39.74s/ep][A

tin/rn18/el2nbest/hl/ipc50 w50 s42:  16%|█▌        | 48/300 [31:49<2:46:53, 39.74s/ep][A

tin/rn18/el2nbest/hl/ipc50 w50 s42:  16%|█▋        | 49/300 [32:29<2:46:28, 39.80s/ep][A

tin/rn18/el2nbest/hl/ipc50 w50 s42:  17%|█▋        | 50/300 [33:09<2:45:56, 39.83s/ep][A

tin/rn18/el2nbest/hl/ipc50 w50 s42:  17%|█▋        | 51/300 [33:49<2:44:44, 39.70s/ep][A

tin/rn18/el2nbest/hl/ipc50 w50 s42:  17%|█▋        | 52/300 [34:28<2:44:11, 39.72s/ep][A

tin/rn18/el2nbest/hl/ipc50 w50 s42:  18%|█▊        | 53/300 [35:08<2:43:53, 39.81s/ep][A

tin/rn18/el2nbest/hl/ipc50 w50 s42:  18%|█▊        | 54/300 [35:48<2:42:54, 39.74s/ep][A

tin/rn18/el2nbest/hl/ipc50 w50 s42:  18%|█▊        | 55/300 [36:28<2:42:00, 39.68s/ep][A

tin/rn18/el2nbest/hl/ipc50 w50 s42:  19%|█▊        | 56/300 [37:07<2:41:23, 39.69s/ep][A

tin/rn18/el2nbest/hl/ipc50 w50 s42:  19%|█▉        | 57/300 [37:47<2:40:45, 39.69s/ep][A

tin/rn18/el2nbest/hl/ipc50 w50 s42:  19%|█▉        | 58/300 [38:27<2:40:09, 39.71s/ep][A

tin/rn18/el2nbest/hl/ipc50 w50 s42:  20%|█▉        | 59/300 [39:06<2:39:14, 39.65s/ep][A

tin/rn18/el2nbest/hl/ipc50 w50 s42:  20%|██        | 60/300 [39:46<2:38:35, 39.65s/ep][A

tin/rn18/el2nbest/hl/ipc50 w50 s42:  20%|██        | 61/300 [40:26<2:38:20, 39.75s/ep][A

tin/rn18/el2nbest/hl/ipc50 w50 s42:  21%|██        | 62/300 [41:05<2:37:14, 39.64s/ep][A

tin/rn18/el2nbest/hl/ipc50 w50 s42:  21%|██        | 63/300 [41:45<2:36:57, 39.74s/ep][A

tin/rn18/el2nbest/hl/ipc50 w50 s42:  21%|██▏       | 64/300 [42:25<2:36:17, 39.73s/ep][A

tin/rn18/el2nbest/hl/ipc50 w50 s42:  22%|██▏       | 65/300 [43:05<2:35:37, 39.73s/ep][A

tin/rn18/el2nbest/hl/ipc50 w50 s42:  22%|██▏       | 66/300 [43:44<2:34:43, 39.67s/ep][A

tin/rn18/el2nbest/hl/ipc50 w50 s42:  22%|██▏       | 67/300 [44:24<2:33:50, 39.62s/ep][A

tin/rn18/el2nbest/hl/ipc50 w50 s42:  23%|██▎       | 68/300 [45:03<2:33:01, 39.58s/ep][A

tin/rn18/el2nbest/hl/ipc50 w50 s42:  23%|██▎       | 69/300 [45:43<2:32:35, 39.63s/ep][A

tin/rn18/el2nbest/hl/ipc50 w50 s42:  23%|██▎       | 70/300 [46:22<2:31:37, 39.55s/ep][A

tin/rn18/el2nbest/hl/ipc50 w50 s42:  24%|██▎       | 71/300 [47:02<2:30:56, 39.55s/ep][A

tin/rn18/el2nbest/hl/ipc50 w50 s42:  24%|██▍       | 72/300 [47:41<2:30:22, 39.57s/ep][A

tin/rn18/el2nbest/hl/ipc50 w50 s42:  24%|██▍       | 73/300 [48:21<2:29:47, 39.59s/ep][A

tin/rn18/el2nbest/hl/ipc50 w50 s42:  25%|██▍       | 74/300 [49:01<2:29:13, 39.62s/ep][A

tin/rn18/el2nbest/hl/ipc50 w50 s42:  25%|██▌       | 75/300 [49:40<2:28:27, 39.59s/ep][A

tin/rn18/el2nbest/hl/ipc50 w50 s42:  25%|██▌       | 76/300 [50:20<2:27:40, 39.56s/ep][A

tin/rn18/el2nbest/hl/ipc50 w50 s42:  26%|██▌       | 77/300 [50:59<2:26:40, 39.46s/ep][A

tin/rn18/el2nbest/hl/ipc50 w50 s42:  26%|██▌       | 78/300 [51:38<2:25:48, 39.41s/ep][A

tin/rn18/el2nbest/hl/ipc50 w50 s42:  26%|██▋       | 79/300 [52:18<2:25:16, 39.44s/ep][A

tin/rn18/el2nbest/hl/ipc50 w50 s42:  27%|██▋       | 80/300 [52:58<2:24:55, 39.53s/ep][A

tin/rn18/el2nbest/hl/ipc50 w50 s42:  27%|██▋       | 81/300 [53:37<2:24:20, 39.55s/ep][A

tin/rn18/el2nbest/hl/ipc50 w50 s42:  27%|██▋       | 82/300 [54:16<2:23:09, 39.40s/ep][A

tin/rn18/el2nbest/hl/ipc50 w50 s42:  28%|██▊       | 83/300 [54:56<2:22:35, 39.43s/ep][A

tin/rn18/el2nbest/hl/ipc50 w50 s42:  28%|██▊       | 84/300 [55:35<2:22:07, 39.48s/ep][A

tin/rn18/el2nbest/hl/ipc50 w50 s42:  28%|██▊       | 85/300 [56:15<2:21:38, 39.53s/ep][A

tin/rn18/el2nbest/hl/ipc50 w50 s42:  29%|██▊       | 86/300 [56:54<2:20:48, 39.48s/ep][A

tin/rn18/el2nbest/hl/ipc50 w50 s42:  29%|██▉       | 87/300 [57:34<2:19:59, 39.43s/ep][A

tin/rn18/el2nbest/hl/ipc50 w50 s42:  29%|██▉       | 88/300 [58:13<2:19:33, 39.50s/ep][A

tin/rn18/el2nbest/hl/ipc50 w50 s42:  30%|██▉       | 89/300 [58:53<2:19:08, 39.57s/ep][A

tin/rn18/el2nbest/hl/ipc50 w50 s42:  30%|███       | 90/300 [59:33<2:18:54, 39.69s/ep][A

tin/rn18/el2nbest/hl/ipc50 w50 s42:  30%|███       | 91/300 [1:00:13<2:18:19, 39.71s/ep][A

tin/rn18/el2nbest/hl/ipc50 w50 s42:  31%|███       | 92/300 [1:00:53<2:17:53, 39.78s/ep][A

tin/rn18/el2nbest/hl/ipc50 w50 s42:  31%|███       | 93/300 [1:01:32<2:16:25, 39.54s/ep][A

tin/rn18/el2nbest/hl/ipc50 w50 s42:  31%|███▏      | 94/300 [1:02:11<2:15:35, 39.49s/ep][A

tin/rn18/el2nbest/hl/ipc50 w50 s42:  32%|███▏      | 95/300 [1:02:51<2:15:16, 39.59s/ep][A

tin/rn18/el2nbest/hl/ipc50 w50 s42:  32%|███▏      | 96/300 [1:03:31<2:14:54, 39.68s/ep][A

tin/rn18/el2nbest/hl/ipc50 w50 s42:  32%|███▏      | 97/300 [1:04:10<2:14:11, 39.66s/ep][A

tin/rn18/el2nbest/hl/ipc50 w50 s42:  33%|███▎      | 98/300 [1:04:50<2:13:28, 39.65s/ep][A

tin/rn18/el2nbest/hl/ipc50 w50 s42:  33%|███▎      | 99/300 [1:05:30<2:12:44, 39.63s/ep][A

tin/rn18/el2nbest/hl/ipc50 w50 s42:  33%|███▎      | 100/300 [1:06:09<2:11:50, 39.55s/ep][A

tin/rn18/el2nbest/hl/ipc50 w50 s42:  34%|███▎      | 101/300 [1:06:48<2:11:12, 39.56s/ep][A

tin/rn18/el2nbest/hl/ipc50 w50 s42:  34%|███▍      | 102/300 [1:07:28<2:10:22, 39.51s/ep][A

tin/rn18/el2nbest/hl/ipc50 w50 s42:  34%|███▍      | 103/300 [1:08:07<2:09:38, 39.48s/ep][A

tin/rn18/el2nbest/hl/ipc50 w50 s42:  35%|███▍      | 104/300 [1:08:47<2:09:10, 39.54s/ep][A

tin/rn18/el2nbest/hl/ipc50 w50 s42:  35%|███▌      | 105/300 [1:09:27<2:08:46, 39.63s/ep][A

tin/rn18/el2nbest/hl/ipc50 w50 s42:  35%|███▌      | 106/300 [1:10:06<2:08:09, 39.63s/ep][A

tin/rn18/el2nbest/hl/ipc50 w50 s42:  36%|███▌      | 107/300 [1:10:46<2:07:07, 39.52s/ep][A

tin/rn18/el2nbest/hl/ipc50 w50 s42:  36%|███▌      | 108/300 [1:11:25<2:06:25, 39.51s/ep][A

tin/rn18/el2nbest/hl/ipc50 w50 s42:  36%|███▋      | 109/300 [1:12:05<2:05:55, 39.56s/ep][A

tin/rn18/el2nbest/hl/ipc50 w50 s42:  37%|███▋      | 110/300 [1:12:45<2:05:34, 39.65s/ep][A

tin/rn18/el2nbest/hl/ipc50 w50 s42:  37%|███▋      | 111/300 [1:13:24<2:04:56, 39.66s/ep][A

tin/rn18/el2nbest/hl/ipc50 w50 s42:  37%|███▋      | 112/300 [1:14:04<2:04:23, 39.70s/ep][A

tin/rn18/el2nbest/hl/ipc50 w50 s42:  38%|███▊      | 113/300 [1:14:44<2:03:44, 39.70s/ep][A

tin/rn18/el2nbest/hl/ipc50 w50 s42:  38%|███▊      | 114/300 [1:15:24<2:03:10, 39.73s/ep][A

tin/rn18/el2nbest/hl/ipc50 w50 s42:  38%|███▊      | 115/300 [1:16:03<2:02:28, 39.72s/ep][A

tin/rn18/el2nbest/hl/ipc50 w50 s42:  39%|███▊      | 116/300 [1:16:43<2:01:31, 39.63s/ep][A

tin/rn18/el2nbest/hl/ipc50 w50 s42:  39%|███▉      | 117/300 [1:17:23<2:01:12, 39.74s/ep][A

tin/rn18/el2nbest/hl/ipc50 w50 s42:  39%|███▉      | 118/300 [1:18:03<2:00:45, 39.81s/ep][A

tin/rn18/el2nbest/hl/ipc50 w50 s42:  40%|███▉      | 119/300 [1:18:43<2:00:21, 39.90s/ep][A

tin/rn18/el2nbest/hl/ipc50 w50 s42:  40%|████      | 120/300 [1:19:23<1:59:41, 39.90s/ep][A

tin/rn18/el2nbest/hl/ipc50 w50 s42:  40%|████      | 121/300 [1:20:03<1:59:08, 39.93s/ep][A

tin/rn18/el2nbest/hl/ipc50 w50 s42:  41%|████      | 122/300 [1:20:43<1:58:29, 39.94s/ep][A

tin/rn18/el2nbest/hl/ipc50 w50 s42:  41%|████      | 123/300 [1:21:23<1:57:59, 39.99s/ep][A

tin/rn18/el2nbest/hl/ipc50 w50 s42:  41%|████▏     | 124/300 [1:22:03<1:57:14, 39.97s/ep][A

tin/rn18/el2nbest/hl/ipc50 w50 s42:  42%|████▏     | 125/300 [1:22:43<1:56:32, 39.96s/ep][A

tin/rn18/el2nbest/hl/ipc50 w50 s42:  42%|████▏     | 126/300 [1:23:23<1:55:43, 39.90s/ep][A

tin/rn18/el2nbest/hl/ipc50 w50 s42:  42%|████▏     | 127/300 [1:24:02<1:55:05, 39.91s/ep][A

tin/rn18/el2nbest/hl/ipc50 w50 s42:  43%|████▎     | 128/300 [1:24:43<1:54:36, 39.98s/ep][A

tin/rn18/el2nbest/hl/ipc50 w50 s42:  43%|████▎     | 129/300 [1:25:23<1:54:04, 40.03s/ep][A

tin/rn18/el2nbest/hl/ipc50 w50 s42:  43%|████▎     | 130/300 [1:26:03<1:53:30, 40.06s/ep][A

tin/rn18/el2nbest/hl/ipc50 w50 s42:  44%|████▎     | 131/300 [1:26:43<1:52:54, 40.09s/ep][A

tin/rn18/el2nbest/hl/ipc50 w50 s42:  44%|████▍     | 132/300 [1:27:23<1:52:17, 40.10s/ep][A

tin/rn18/el2nbest/hl/ipc50 w50 s42:  44%|████▍     | 133/300 [1:28:03<1:51:36, 40.10s/ep][A

tin/rn18/el2nbest/hl/ipc50 w50 s42:  45%|████▍     | 134/300 [1:28:43<1:50:47, 40.05s/ep][A

tin/rn18/el2nbest/hl/ipc50 w50 s42:  45%|████▌     | 135/300 [1:29:23<1:50:04, 40.03s/ep][A

tin/rn18/el2nbest/hl/ipc50 w50 s42:  45%|████▌     | 136/300 [1:30:03<1:49:30, 40.06s/ep][A

tin/rn18/el2nbest/hl/ipc50 w50 s42:  46%|████▌     | 137/300 [1:30:43<1:48:42, 40.02s/ep][A

tin/rn18/el2nbest/hl/ipc50 w50 s42:  46%|████▌     | 138/300 [1:31:23<1:48:00, 40.00s/ep][A

tin/rn18/el2nbest/hl/ipc50 w50 s42:  46%|████▋     | 139/300 [1:32:03<1:47:26, 40.04s/ep][A

tin/rn18/el2nbest/hl/ipc50 w50 s42:  47%|████▋     | 140/300 [1:32:43<1:46:51, 40.07s/ep][A

tin/rn18/el2nbest/hl/ipc50 w50 s42:  47%|████▋     | 141/300 [1:33:24<1:46:14, 40.09s/ep][A

tin/rn18/el2nbest/hl/ipc50 w50 s42:  47%|████▋     | 142/300 [1:34:04<1:45:27, 40.05s/ep][A

tin/rn18/el2nbest/hl/ipc50 w50 s42:  48%|████▊     | 143/300 [1:34:43<1:44:42, 40.01s/ep][A

tin/rn18/el2nbest/hl/ipc50 w50 s42:  48%|████▊     | 144/300 [1:35:24<1:44:04, 40.03s/ep][A

tin/rn18/el2nbest/hl/ipc50 w50 s42:  48%|████▊     | 145/300 [1:36:04<1:43:24, 40.03s/ep][A

tin/rn18/el2nbest/hl/ipc50 w50 s42:  49%|████▊     | 146/300 [1:36:43<1:42:38, 39.99s/ep][A

tin/rn18/el2nbest/hl/ipc50 w50 s42:  49%|████▉     | 147/300 [1:37:24<1:42:06, 40.04s/ep][A

tin/rn18/el2nbest/hl/ipc50 w50 s42:  49%|████▉     | 148/300 [1:38:04<1:41:30, 40.07s/ep][A

tin/rn18/el2nbest/hl/ipc50 w50 s42:  50%|████▉     | 149/300 [1:38:44<1:40:53, 40.09s/ep][A

tin/rn18/el2nbest/hl/ipc50 w50 s42:  50%|█████     | 150/300 [1:39:24<1:40:12, 40.08s/ep][A

tin/rn18/el2nbest/hl/ipc50 w50 s42:  50%|█████     | 151/300 [1:40:04<1:39:20, 40.00s/ep][A

tin/rn18/el2nbest/hl/ipc50 w50 s42:  51%|█████     | 152/300 [1:40:44<1:38:46, 40.05s/ep][A

tin/rn18/el2nbest/hl/ipc50 w50 s42:  51%|█████     | 153/300 [1:41:24<1:38:01, 40.01s/ep][A

tin/rn18/el2nbest/hl/ipc50 w50 s42:  51%|█████▏    | 154/300 [1:42:04<1:37:26, 40.04s/ep][A

tin/rn18/el2nbest/hl/ipc50 w50 s42:  52%|█████▏    | 155/300 [1:42:44<1:36:51, 40.08s/ep][A

tin/rn18/el2nbest/hl/ipc50 w50 s42:  52%|█████▏    | 156/300 [1:43:24<1:36:14, 40.10s/ep][A

tin/rn18/el2nbest/hl/ipc50 w50 s42:  52%|█████▏    | 157/300 [1:44:04<1:35:35, 40.11s/ep][A

tin/rn18/el2nbest/hl/ipc50 w50 s42:  53%|█████▎    | 158/300 [1:44:45<1:34:56, 40.12s/ep][A

tin/rn18/el2nbest/hl/ipc50 w50 s42:  53%|█████▎    | 159/300 [1:45:25<1:34:14, 40.10s/ep][A

tin/rn18/el2nbest/hl/ipc50 w50 s42:  53%|█████▎    | 160/300 [1:46:05<1:33:30, 40.07s/ep][A

tin/rn18/el2nbest/hl/ipc50 w50 s42:  54%|█████▎    | 161/300 [1:46:45<1:32:50, 40.07s/ep][A

tin/rn18/el2nbest/hl/ipc50 w50 s42:  54%|█████▍    | 162/300 [1:47:25<1:32:07, 40.06s/ep][A

tin/rn18/el2nbest/hl/ipc50 w50 s42:  54%|█████▍    | 163/300 [1:48:05<1:31:30, 40.08s/ep][A

tin/rn18/el2nbest/hl/ipc50 w50 s42:  55%|█████▍    | 164/300 [1:48:45<1:30:42, 40.02s/ep][A

tin/rn18/el2nbest/hl/ipc50 w50 s42:  55%|█████▌    | 165/300 [1:49:25<1:30:01, 40.01s/ep][A

tin/rn18/el2nbest/hl/ipc50 w50 s42:  55%|█████▌    | 166/300 [1:50:05<1:29:26, 40.05s/ep][A

tin/rn18/el2nbest/hl/ipc50 w50 s42:  56%|█████▌    | 167/300 [1:50:45<1:28:30, 39.93s/ep][A

tin/rn18/el2nbest/hl/ipc50 w50 s42:  56%|█████▌    | 168/300 [1:51:24<1:27:47, 39.90s/ep][A

tin/rn18/el2nbest/hl/ipc50 w50 s42:  56%|█████▋    | 169/300 [1:52:04<1:27:15, 39.97s/ep][A

tin/rn18/el2nbest/hl/ipc50 w50 s42:  57%|█████▋    | 170/300 [1:52:44<1:26:34, 39.96s/ep][A

tin/rn18/el2nbest/hl/ipc50 w50 s42:  57%|█████▋    | 171/300 [1:53:25<1:26:02, 40.02s/ep][A

tin/rn18/el2nbest/hl/ipc50 w50 s42:  57%|█████▋    | 172/300 [1:54:05<1:25:26, 40.05s/ep][A

tin/rn18/el2nbest/hl/ipc50 w50 s42:  58%|█████▊    | 173/300 [1:54:45<1:24:49, 40.08s/ep][A

tin/rn18/el2nbest/hl/ipc50 w50 s42:  58%|█████▊    | 174/300 [1:55:25<1:24:09, 40.08s/ep][A

tin/rn18/el2nbest/hl/ipc50 w50 s42:  58%|█████▊    | 175/300 [1:56:05<1:23:24, 40.03s/ep][A

tin/rn18/el2nbest/hl/ipc50 w50 s42:  59%|█████▊    | 176/300 [1:56:45<1:22:43, 40.03s/ep][A

tin/rn18/el2nbest/hl/ipc50 w50 s42:  59%|█████▉    | 177/300 [1:57:25<1:21:59, 40.00s/ep][A

tin/rn18/el2nbest/hl/ipc50 w50 s42:  59%|█████▉    | 178/300 [1:58:05<1:21:14, 39.95s/ep][A

tin/rn18/el2nbest/hl/ipc50 w50 s42:  60%|█████▉    | 179/300 [1:58:45<1:20:37, 39.98s/ep][A

tin/rn18/el2nbest/hl/ipc50 w50 s42:  60%|██████    | 180/300 [1:59:25<1:20:02, 40.02s/ep][A

tin/rn18/el2nbest/hl/ipc50 w50 s42:  60%|██████    | 181/300 [2:00:05<1:19:18, 39.99s/ep][A

tin/rn18/el2nbest/hl/ipc50 w50 s42:  61%|██████    | 182/300 [2:00:45<1:18:37, 39.98s/ep][A

tin/rn18/el2nbest/hl/ipc50 w50 s42:  61%|██████    | 183/300 [2:01:25<1:17:53, 39.95s/ep][A

tin/rn18/el2nbest/hl/ipc50 w50 s42:  61%|██████▏   | 184/300 [2:02:05<1:17:15, 39.96s/ep][A

tin/rn18/el2nbest/hl/ipc50 w50 s42:  62%|██████▏   | 185/300 [2:02:44<1:16:34, 39.95s/ep][A

tin/rn18/el2nbest/hl/ipc50 w50 s42:  62%|██████▏   | 186/300 [2:03:24<1:15:52, 39.93s/ep][A

tin/rn18/el2nbest/hl/ipc50 w50 s42:  62%|██████▏   | 187/300 [2:04:04<1:15:12, 39.93s/ep][A

tin/rn18/el2nbest/hl/ipc50 w50 s42:  63%|██████▎   | 188/300 [2:04:44<1:14:34, 39.95s/ep][A

tin/rn18/el2nbest/hl/ipc50 w50 s42:  63%|██████▎   | 189/300 [2:05:24<1:13:59, 39.99s/ep][A

tin/rn18/el2nbest/hl/ipc50 w50 s42:  63%|██████▎   | 190/300 [2:06:04<1:13:18, 39.99s/ep][A

tin/rn18/el2nbest/hl/ipc50 w50 s42:  64%|██████▎   | 191/300 [2:06:44<1:12:40, 40.01s/ep][A

tin/rn18/el2nbest/hl/ipc50 w50 s42:  64%|██████▍   | 192/300 [2:07:24<1:12:01, 40.01s/ep][A

tin/rn18/el2nbest/hl/ipc50 w50 s42:  64%|██████▍   | 193/300 [2:08:04<1:11:17, 39.98s/ep][A

tin/rn18/el2nbest/hl/ipc50 w50 s42:  65%|██████▍   | 194/300 [2:08:44<1:10:38, 39.98s/ep][A

tin/rn18/el2nbest/hl/ipc50 w50 s42:  65%|██████▌   | 195/300 [2:09:24<1:09:50, 39.91s/ep][A

tin/rn18/el2nbest/hl/ipc50 w50 s42:  65%|██████▌   | 196/300 [2:10:04<1:09:10, 39.91s/ep][A

tin/rn18/el2nbest/hl/ipc50 w50 s42:  66%|██████▌   | 197/300 [2:10:44<1:08:36, 39.97s/ep][A

tin/rn18/el2nbest/hl/ipc50 w50 s42:  66%|██████▌   | 198/300 [2:11:24<1:07:51, 39.91s/ep][A

tin/rn18/el2nbest/hl/ipc50 w50 s42:  66%|██████▋   | 199/300 [2:12:04<1:07:12, 39.92s/ep][A

tin/rn18/el2nbest/hl/ipc50 w50 s42:  67%|██████▋   | 200/300 [2:12:43<1:06:23, 39.83s/ep][A

tin/rn18/el2nbest/hl/ipc50 w50 s42:  67%|██████▋   | 201/300 [2:13:23<1:05:49, 39.89s/ep][A

tin/rn18/el2nbest/hl/ipc50 w50 s42:  67%|██████▋   | 202/300 [2:14:03<1:05:12, 39.92s/ep][A

tin/rn18/el2nbest/hl/ipc50 w50 s42:  68%|██████▊   | 203/300 [2:14:43<1:04:28, 39.88s/ep][A

tin/rn18/el2nbest/hl/ipc50 w50 s42:  68%|██████▊   | 204/300 [2:15:23<1:03:51, 39.91s/ep][A

tin/rn18/el2nbest/hl/ipc50 w50 s42:  68%|██████▊   | 205/300 [2:16:03<1:03:13, 39.93s/ep][A

tin/rn18/el2nbest/hl/ipc50 w50 s42:  69%|██████▊   | 206/300 [2:16:43<1:02:36, 39.96s/ep][A

tin/rn18/el2nbest/hl/ipc50 w50 s42:  69%|██████▉   | 207/300 [2:17:23<1:01:58, 39.98s/ep][A

tin/rn18/el2nbest/hl/ipc50 w50 s42:  69%|██████▉   | 208/300 [2:18:03<1:01:23, 40.04s/ep][A

tin/rn18/el2nbest/hl/ipc50 w50 s42:  70%|██████▉   | 209/300 [2:18:43<1:00:40, 40.00s/ep][A

tin/rn18/el2nbest/hl/ipc50 w50 s42:  70%|███████   | 210/300 [2:19:23<59:55, 39.95s/ep]  [A

tin/rn18/el2nbest/hl/ipc50 w50 s42:  70%|███████   | 211/300 [2:20:03<59:18, 39.98s/ep][A

tin/rn18/el2nbest/hl/ipc50 w50 s42:  71%|███████   | 212/300 [2:20:43<58:42, 40.03s/ep][A

tin/rn18/el2nbest/hl/ipc50 w50 s42:  71%|███████   | 213/300 [2:21:23<58:05, 40.06s/ep][A

tin/rn18/el2nbest/hl/ipc50 w50 s42:  71%|███████▏  | 214/300 [2:22:04<57:27, 40.09s/ep][A

tin/rn18/el2nbest/hl/ipc50 w50 s42:  72%|███████▏  | 215/300 [2:22:44<56:47, 40.09s/ep][A

tin/rn18/el2nbest/hl/ipc50 w50 s42:  72%|███████▏  | 216/300 [2:23:24<56:03, 40.04s/ep][A

tin/rn18/el2nbest/hl/ipc50 w50 s42:  72%|███████▏  | 217/300 [2:24:04<55:20, 40.01s/ep][A

tin/rn18/el2nbest/hl/ipc50 w50 s42:  73%|███████▎  | 218/300 [2:24:44<54:40, 40.00s/ep][A

tin/rn18/el2nbest/hl/ipc50 w50 s42:  73%|███████▎  | 219/300 [2:25:23<53:55, 39.95s/ep][A

tin/rn18/el2nbest/hl/ipc50 w50 s42:  73%|███████▎  | 220/300 [2:26:03<53:16, 39.96s/ep][A

tin/rn18/el2nbest/hl/ipc50 w50 s42:  74%|███████▎  | 221/300 [2:26:43<52:37, 39.97s/ep][A

tin/rn18/el2nbest/hl/ipc50 w50 s42:  74%|███████▍  | 222/300 [2:27:23<51:56, 39.96s/ep][A

tin/rn18/el2nbest/hl/ipc50 w50 s42:  74%|███████▍  | 223/300 [2:28:03<51:16, 39.95s/ep][A

tin/rn18/el2nbest/hl/ipc50 w50 s42:  75%|███████▍  | 224/300 [2:28:43<50:31, 39.89s/ep][A

tin/rn18/el2nbest/hl/ipc50 w50 s42:  75%|███████▌  | 225/300 [2:29:23<49:47, 39.84s/ep][A

tin/rn18/el2nbest/hl/ipc50 w50 s42:  75%|███████▌  | 226/300 [2:30:02<49:05, 39.80s/ep][A

tin/rn18/el2nbest/hl/ipc50 w50 s42:  76%|███████▌  | 227/300 [2:30:42<48:28, 39.85s/ep][A

tin/rn18/el2nbest/hl/ipc50 w50 s42:  76%|███████▌  | 228/300 [2:31:22<47:46, 39.81s/ep][A

tin/rn18/el2nbest/hl/ipc50 w50 s42:  76%|███████▋  | 229/300 [2:32:02<47:09, 39.85s/ep][A

tin/rn18/el2nbest/hl/ipc50 w50 s42:  77%|███████▋  | 230/300 [2:32:42<46:31, 39.88s/ep][A

tin/rn18/el2nbest/hl/ipc50 w50 s42:  77%|███████▋  | 231/300 [2:33:22<45:55, 39.93s/ep][A

tin/rn18/el2nbest/hl/ipc50 w50 s42:  77%|███████▋  | 232/300 [2:34:02<45:15, 39.93s/ep][A

tin/rn18/el2nbest/hl/ipc50 w50 s42:  78%|███████▊  | 233/300 [2:34:42<44:32, 39.88s/ep][A

tin/rn18/el2nbest/hl/ipc50 w50 s42:  78%|███████▊  | 234/300 [2:35:22<43:52, 39.88s/ep][A

tin/rn18/el2nbest/hl/ipc50 w50 s42:  78%|███████▊  | 235/300 [2:36:02<43:15, 39.93s/ep][A

tin/rn18/el2nbest/hl/ipc50 w50 s42:  79%|███████▊  | 236/300 [2:36:42<42:35, 39.93s/ep][A

tin/rn18/el2nbest/hl/ipc50 w50 s42:  79%|███████▉  | 237/300 [2:37:22<41:55, 39.93s/ep][A

tin/rn18/el2nbest/hl/ipc50 w50 s42:  79%|███████▉  | 238/300 [2:38:01<41:14, 39.91s/ep][A

tin/rn18/el2nbest/hl/ipc50 w50 s42:  80%|███████▉  | 239/300 [2:38:41<40:36, 39.94s/ep][A

tin/rn18/el2nbest/hl/ipc50 w50 s42:  80%|████████  | 240/300 [2:39:21<39:54, 39.91s/ep][A

tin/rn18/el2nbest/hl/ipc50 w50 s42:  80%|████████  | 241/300 [2:40:01<39:16, 39.94s/ep][A

tin/rn18/el2nbest/hl/ipc50 w50 s42:  81%|████████  | 242/300 [2:40:41<38:36, 39.94s/ep][A

tin/rn18/el2nbest/hl/ipc50 w50 s42:  81%|████████  | 243/300 [2:41:21<37:59, 40.00s/ep][A

tin/rn18/el2nbest/hl/ipc50 w50 s42:  81%|████████▏ | 244/300 [2:42:01<37:18, 39.98s/ep][A

tin/rn18/el2nbest/hl/ipc50 w50 s42:  82%|████████▏ | 245/300 [2:42:41<36:41, 40.03s/ep][A

tin/rn18/el2nbest/hl/ipc50 w50 s42:  82%|████████▏ | 246/300 [2:43:21<35:57, 39.95s/ep][A

tin/rn18/el2nbest/hl/ipc50 w50 s42:  82%|████████▏ | 247/300 [2:44:01<35:16, 39.93s/ep][A

tin/rn18/el2nbest/hl/ipc50 w50 s42:  83%|████████▎ | 248/300 [2:44:41<34:40, 40.01s/ep][A

tin/rn18/el2nbest/hl/ipc50 w50 s42:  83%|████████▎ | 249/300 [2:45:21<34:02, 40.04s/ep][A

tin/rn18/el2nbest/hl/ipc50 w50 s42:  83%|████████▎ | 250/300 [2:46:01<33:22, 40.06s/ep][A

tin/rn18/el2nbest/hl/ipc50 w50 s42:  84%|████████▎ | 251/300 [2:46:41<32:36, 39.94s/ep][A

tin/rn18/el2nbest/hl/ipc50 w50 s42:  84%|████████▍ | 252/300 [2:47:21<31:58, 39.97s/ep][A

tin/rn18/el2nbest/hl/ipc50 w50 s42:  84%|████████▍ | 253/300 [2:48:01<31:21, 40.02s/ep][A

tin/rn18/el2nbest/hl/ipc50 w50 s42:  85%|████████▍ | 254/300 [2:48:41<30:42, 40.06s/ep][A

tin/rn18/el2nbest/hl/ipc50 w50 s42:  85%|████████▌ | 255/300 [2:49:22<30:03, 40.09s/ep][A

tin/rn18/el2nbest/hl/ipc50 w50 s42:  85%|████████▌ | 256/300 [2:50:02<29:21, 40.04s/ep][A

tin/rn18/el2nbest/hl/ipc50 w50 s42:  86%|████████▌ | 257/300 [2:50:41<28:37, 39.95s/ep][A

tin/rn18/el2nbest/hl/ipc50 w50 s42:  86%|████████▌ | 258/300 [2:51:21<28:00, 40.00s/ep][A

tin/rn18/el2nbest/hl/ipc50 w50 s42:  86%|████████▋ | 259/300 [2:52:01<27:18, 39.97s/ep][A

tin/rn18/el2nbest/hl/ipc50 w50 s42:  87%|████████▋ | 260/300 [2:52:41<26:38, 39.97s/ep][A

tin/rn18/el2nbest/hl/ipc50 w50 s42:  87%|████████▋ | 261/300 [2:53:21<25:58, 39.96s/ep][A

tin/rn18/el2nbest/hl/ipc50 w50 s42:  87%|████████▋ | 262/300 [2:54:01<25:19, 39.99s/ep][A

tin/rn18/el2nbest/hl/ipc50 w50 s42:  88%|████████▊ | 263/300 [2:54:41<24:39, 40.00s/ep][A

tin/rn18/el2nbest/hl/ipc50 w50 s42:  88%|████████▊ | 264/300 [2:55:21<24:01, 40.04s/ep][A

tin/rn18/el2nbest/hl/ipc50 w50 s42:  88%|████████▊ | 265/300 [2:56:02<23:22, 40.07s/ep][A

tin/rn18/el2nbest/hl/ipc50 w50 s42:  89%|████████▊ | 266/300 [2:56:42<22:43, 40.09s/ep][A

tin/rn18/el2nbest/hl/ipc50 w50 s42:  89%|████████▉ | 267/300 [2:57:22<22:03, 40.11s/ep][A

tin/rn18/el2nbest/hl/ipc50 w50 s42:  89%|████████▉ | 268/300 [2:58:02<21:23, 40.12s/ep][A

tin/rn18/el2nbest/hl/ipc50 w50 s42:  90%|████████▉ | 269/300 [2:58:42<20:43, 40.11s/ep][A

tin/rn18/el2nbest/hl/ipc50 w50 s42:  90%|█████████ | 270/300 [2:59:22<20:02, 40.08s/ep][A

tin/rn18/el2nbest/hl/ipc50 w50 s42:  90%|█████████ | 271/300 [3:00:02<19:22, 40.09s/ep][A

tin/rn18/el2nbest/hl/ipc50 w50 s42:  91%|█████████ | 272/300 [3:00:42<18:43, 40.11s/ep][A

tin/rn18/el2nbest/hl/ipc50 w50 s42:  91%|█████████ | 273/300 [3:01:23<18:03, 40.12s/ep][A

tin/rn18/el2nbest/hl/ipc50 w50 s42:  91%|█████████▏| 274/300 [3:02:03<17:23, 40.12s/ep][A

tin/rn18/el2nbest/hl/ipc50 w50 s42:  92%|█████████▏| 275/300 [3:02:43<16:43, 40.13s/ep][A

tin/rn18/el2nbest/hl/ipc50 w50 s42:  92%|█████████▏| 276/300 [3:03:23<16:03, 40.13s/ep][A

tin/rn18/el2nbest/hl/ipc50 w50 s42:  92%|█████████▏| 277/300 [3:04:03<15:21, 40.07s/ep][A

tin/rn18/el2nbest/hl/ipc50 w50 s42:  93%|█████████▎| 278/300 [3:04:43<14:42, 40.10s/ep][A

tin/rn18/el2nbest/hl/ipc50 w50 s42:  93%|█████████▎| 279/300 [3:05:23<14:02, 40.11s/ep][A

tin/rn18/el2nbest/hl/ipc50 w50 s42:  93%|█████████▎| 280/300 [3:06:03<13:22, 40.11s/ep][A

tin/rn18/el2nbest/hl/ipc50 w50 s42:  94%|█████████▎| 281/300 [3:06:43<12:42, 40.13s/ep][A

tin/rn18/el2nbest/hl/ipc50 w50 s42:  94%|█████████▍| 282/300 [3:07:24<12:02, 40.13s/ep][A

tin/rn18/el2nbest/hl/ipc50 w50 s42:  94%|█████████▍| 283/300 [3:08:03<11:21, 40.07s/ep][A

tin/rn18/el2nbest/hl/ipc50 w50 s42:  95%|█████████▍| 284/300 [3:08:44<10:41, 40.09s/ep][A

tin/rn18/el2nbest/hl/ipc50 w50 s42:  95%|█████████▌| 285/300 [3:09:24<10:01, 40.11s/ep][A

tin/rn18/el2nbest/hl/ipc50 w50 s42:  95%|█████████▌| 286/300 [3:10:04<09:21, 40.10s/ep][A

tin/rn18/el2nbest/hl/ipc50 w50 s42:  96%|█████████▌| 287/300 [3:10:44<08:40, 40.06s/ep][A

tin/rn18/el2nbest/hl/ipc50 w50 s42:  96%|█████████▌| 288/300 [3:11:24<08:00, 40.03s/ep][A

tin/rn18/el2nbest/hl/ipc50 w50 s42:  96%|█████████▋| 289/300 [3:12:04<07:20, 40.06s/ep][A

tin/rn18/el2nbest/hl/ipc50 w50 s42:  97%|█████████▋| 290/300 [3:12:44<06:40, 40.08s/ep][A

tin/rn18/el2nbest/hl/ipc50 w50 s42:  97%|█████████▋| 291/300 [3:13:24<06:00, 40.04s/ep][A

tin/rn18/el2nbest/hl/ipc50 w50 s42:  97%|█████████▋| 292/300 [3:14:04<05:20, 40.02s/ep][A

tin/rn18/el2nbest/hl/ipc50 w50 s42:  98%|█████████▊| 293/300 [3:14:44<04:40, 40.05s/ep][A

tin/rn18/el2nbest/hl/ipc50 w50 s42:  98%|█████████▊| 294/300 [3:15:24<04:00, 40.08s/ep][A

tin/rn18/el2nbest/hl/ipc50 w50 s42:  98%|█████████▊| 295/300 [3:16:04<03:20, 40.03s/ep][A

tin/rn18/el2nbest/hl/ipc50 w50 s42:  99%|█████████▊| 296/300 [3:16:44<02:39, 39.99s/ep][A

tin/rn18/el2nbest/hl/ipc50 w50 s42:  99%|█████████▉| 297/300 [3:17:24<01:59, 39.99s/ep][A

tin/rn18/el2nbest/hl/ipc50 w50 s42:  99%|█████████▉| 298/300 [3:18:04<01:20, 40.04s/ep][A

tin/rn18/el2nbest/hl/ipc50 w50 s42: 100%|█████████▉| 299/300 [3:18:44<00:40, 40.06s/ep][A

tin/rn18/el2nbest/hl/ipc50 w50 s42: 100%|██████████| 300/300 [3:19:24<00:00, 40.04s/ep][A

                                                                                       [A[cell] tin/rn18/el2nbest/hl/ipc50 window 50%: 19.30%  (11977s)


tin/rn18/el2nbest/hl/ipc50 w60 s42:   0%|          | 0/300 [00:00<?, ?ep/s][A

tin/rn18/el2nbest/hl/ipc50 w60 s42:   0%|          | 1/300 [00:39<3:18:54, 39.91s/ep][A

tin/rn18/el2nbest/hl/ipc50 w60 s42:   1%|          | 2/300 [01:20<3:18:49, 40.03s/ep][A

tin/rn18/el2nbest/hl/ipc50 w60 s42:   1%|          | 3/300 [02:00<3:18:24, 40.08s/ep][A

tin/rn18/el2nbest/hl/ipc50 w60 s42:   1%|▏         | 4/300 [02:40<3:17:51, 40.10s/ep][A

tin/rn18/el2nbest/hl/ipc50 w60 s42:   2%|▏         | 5/300 [03:20<3:17:14, 40.12s/ep][A

tin/rn18/el2nbest/hl/ipc50 w60 s42:   2%|▏         | 6/300 [04:00<3:16:37, 40.13s/ep][A

tin/rn18/el2nbest/hl/ipc50 w60 s42:   2%|▏         | 7/300 [04:40<3:15:58, 40.13s/ep][A

tin/rn18/el2nbest/hl/ipc50 w60 s42:   3%|▎         | 8/300 [05:20<3:15:11, 40.11s/ep][A

tin/rn18/el2nbest/hl/ipc50 w60 s42:   3%|▎         | 9/300 [06:00<3:14:23, 40.08s/ep][A

tin/rn18/el2nbest/hl/ipc50 w60 s42:   3%|▎         | 10/300 [06:40<3:13:45, 40.09s/ep][A

tin/rn18/el2nbest/hl/ipc50 w60 s42:   4%|▎         | 11/300 [07:21<3:13:12, 40.11s/ep][A

tin/rn18/el2nbest/hl/ipc50 w60 s42:   4%|▍         | 12/300 [08:01<3:12:33, 40.12s/ep][A

tin/rn18/el2nbest/hl/ipc50 w60 s42:   4%|▍         | 13/300 [08:41<3:11:36, 40.06s/ep][A

tin/rn18/el2nbest/hl/ipc50 w60 s42:   5%|▍         | 14/300 [09:21<3:10:48, 40.03s/ep][A

tin/rn18/el2nbest/hl/ipc50 w60 s42:   5%|▌         | 15/300 [10:00<3:09:53, 39.98s/ep][A

tin/rn18/el2nbest/hl/ipc50 w60 s42:   5%|▌         | 16/300 [10:40<3:09:17, 39.99s/ep][A

tin/rn18/el2nbest/hl/ipc50 w60 s42:   6%|▌         | 17/300 [11:21<3:08:49, 40.03s/ep][A

tin/rn18/el2nbest/hl/ipc50 w60 s42:   6%|▌         | 18/300 [12:01<3:08:18, 40.07s/ep][A

tin/rn18/el2nbest/hl/ipc50 w60 s42:   6%|▋         | 19/300 [12:41<3:07:27, 40.03s/ep][A

tin/rn18/el2nbest/hl/ipc50 w60 s42:   7%|▋         | 20/300 [13:21<3:06:40, 40.00s/ep][A

tin/rn18/el2nbest/hl/ipc50 w60 s42:   7%|▋         | 21/300 [14:01<3:06:11, 40.04s/ep][A

tin/rn18/el2nbest/hl/ipc50 w60 s42:   7%|▋         | 22/300 [14:41<3:05:35, 40.06s/ep][A

tin/rn18/el2nbest/hl/ipc50 w60 s42:   8%|▊         | 23/300 [15:21<3:04:49, 40.04s/ep][A

tin/rn18/el2nbest/hl/ipc50 w60 s42:   8%|▊         | 24/300 [16:01<3:04:18, 40.07s/ep][A

tin/rn18/el2nbest/hl/ipc50 w60 s42:   8%|▊         | 25/300 [16:41<3:03:44, 40.09s/ep][A

tin/rn18/el2nbest/hl/ipc50 w60 s42:   9%|▊         | 26/300 [17:21<3:03:10, 40.11s/ep][A

tin/rn18/el2nbest/hl/ipc50 w60 s42:   9%|▉         | 27/300 [18:01<3:02:31, 40.12s/ep][A

tin/rn18/el2nbest/hl/ipc50 w60 s42:   9%|▉         | 28/300 [18:42<3:01:53, 40.12s/ep][A

tin/rn18/el2nbest/hl/ipc50 w60 s42:  10%|▉         | 29/300 [19:22<3:01:14, 40.13s/ep][A

tin/rn18/el2nbest/hl/ipc50 w60 s42:  10%|█         | 30/300 [20:02<3:00:27, 40.10s/ep][A

tin/rn18/el2nbest/hl/ipc50 w60 s42:  10%|█         | 31/300 [20:41<2:59:18, 39.99s/ep][A

tin/rn18/el2nbest/hl/ipc50 w60 s42:  11%|█         | 32/300 [21:22<2:58:41, 40.01s/ep][A

tin/rn18/el2nbest/hl/ipc50 w60 s42:  11%|█         | 33/300 [22:02<2:58:12, 40.05s/ep][A

tin/rn18/el2nbest/hl/ipc50 w60 s42:  11%|█▏        | 34/300 [22:42<2:57:38, 40.07s/ep][A

tin/rn18/el2nbest/hl/ipc50 w60 s42:  12%|█▏        | 35/300 [23:22<2:56:47, 40.03s/ep][A

tin/rn18/el2nbest/hl/ipc50 w60 s42:  12%|█▏        | 36/300 [24:02<2:55:56, 39.99s/ep][A

tin/rn18/el2nbest/hl/ipc50 w60 s42:  12%|█▏        | 37/300 [24:42<2:55:15, 39.98s/ep][A

tin/rn18/el2nbest/hl/ipc50 w60 s42:  13%|█▎        | 38/300 [25:21<2:54:18, 39.92s/ep][A

tin/rn18/el2nbest/hl/ipc50 w60 s42:  13%|█▎        | 39/300 [26:01<2:53:54, 39.98s/ep][A

tin/rn18/el2nbest/hl/ipc50 w60 s42:  13%|█▎        | 40/300 [26:42<2:53:28, 40.03s/ep][A

tin/rn18/el2nbest/hl/ipc50 w60 s42:  14%|█▎        | 41/300 [27:22<2:52:49, 40.04s/ep][A

tin/rn18/el2nbest/hl/ipc50 w60 s42:  14%|█▍        | 42/300 [28:02<2:52:05, 40.02s/ep][A

tin/rn18/el2nbest/hl/ipc50 w60 s42:  14%|█▍        | 43/300 [28:42<2:51:22, 40.01s/ep][A

tin/rn18/el2nbest/hl/ipc50 w60 s42:  15%|█▍        | 44/300 [29:22<2:50:52, 40.05s/ep][A

tin/rn18/el2nbest/hl/ipc50 w60 s42:  15%|█▌        | 45/300 [30:02<2:50:17, 40.07s/ep][A

tin/rn18/el2nbest/hl/ipc50 w60 s42:  15%|█▌        | 46/300 [30:42<2:49:45, 40.10s/ep][A

tin/rn18/el2nbest/hl/ipc50 w60 s42:  16%|█▌        | 47/300 [31:22<2:49:07, 40.11s/ep][A

tin/rn18/el2nbest/hl/ipc50 w60 s42:  16%|█▌        | 48/300 [32:02<2:48:29, 40.12s/ep][A

tin/rn18/el2nbest/hl/ipc50 w60 s42:  16%|█▋        | 49/300 [32:43<2:48:01, 40.16s/ep][A

tin/rn18/el2nbest/hl/ipc50 w60 s42:  17%|█▋        | 50/300 [33:23<2:47:33, 40.21s/ep][A

tin/rn18/el2nbest/hl/ipc50 w60 s42:  17%|█▋        | 51/300 [34:03<2:46:53, 40.22s/ep][A

tin/rn18/el2nbest/hl/ipc50 w60 s42:  17%|█▋        | 52/300 [34:43<2:46:13, 40.22s/ep][A

tin/rn18/el2nbest/hl/ipc50 w60 s42:  18%|█▊        | 53/300 [35:24<2:45:35, 40.22s/ep][A

tin/rn18/el2nbest/hl/ipc50 w60 s42:  18%|█▊        | 54/300 [36:04<2:45:01, 40.25s/ep][A

tin/rn18/el2nbest/hl/ipc50 w60 s42:  18%|█▊        | 55/300 [36:44<2:44:27, 40.28s/ep][A

tin/rn18/el2nbest/hl/ipc50 w60 s42:  19%|█▊        | 56/300 [37:25<2:43:52, 40.30s/ep][A

tin/rn18/el2nbest/hl/ipc50 w60 s42:  19%|█▉        | 57/300 [38:05<2:43:16, 40.31s/ep][A

tin/rn18/el2nbest/hl/ipc50 w60 s42:  19%|█▉        | 58/300 [38:45<2:42:36, 40.31s/ep][A

tin/rn18/el2nbest/hl/ipc50 w60 s42:  20%|█▉        | 59/300 [39:25<2:41:36, 40.23s/ep][A

tin/rn18/el2nbest/hl/ipc50 w60 s42:  20%|██        | 60/300 [40:06<2:41:00, 40.25s/ep][A

tin/rn18/el2nbest/hl/ipc50 w60 s42:  20%|██        | 61/300 [40:46<2:40:28, 40.29s/ep][A

tin/rn18/el2nbest/hl/ipc50 w60 s42:  21%|██        | 62/300 [41:26<2:39:50, 40.30s/ep][A

tin/rn18/el2nbest/hl/ipc50 w60 s42:  21%|██        | 63/300 [42:06<2:39:04, 40.27s/ep][A

tin/rn18/el2nbest/hl/ipc50 w60 s42:  21%|██▏       | 64/300 [42:47<2:38:22, 40.27s/ep][A

tin/rn18/el2nbest/hl/ipc50 w60 s42:  22%|██▏       | 65/300 [43:27<2:37:39, 40.25s/ep][A

tin/rn18/el2nbest/hl/ipc50 w60 s42:  22%|██▏       | 66/300 [44:07<2:36:48, 40.21s/ep][A

tin/rn18/el2nbest/hl/ipc50 w60 s42:  22%|██▏       | 67/300 [44:47<2:36:07, 40.20s/ep][A

tin/rn18/el2nbest/hl/ipc50 w60 s42:  23%|██▎       | 68/300 [45:27<2:35:26, 40.20s/ep][A

tin/rn18/el2nbest/hl/ipc50 w60 s42:  23%|██▎       | 69/300 [46:08<2:34:36, 40.16s/ep][A

tin/rn18/el2nbest/hl/ipc50 w60 s42:  23%|██▎       | 70/300 [46:48<2:33:57, 40.16s/ep][A

tin/rn18/el2nbest/hl/ipc50 w60 s42:  24%|██▎       | 71/300 [47:28<2:33:26, 40.20s/ep][A

tin/rn18/el2nbest/hl/ipc50 w60 s42:  24%|██▍       | 72/300 [48:08<2:32:53, 40.24s/ep][A

tin/rn18/el2nbest/hl/ipc50 w60 s42:  24%|██▍       | 73/300 [48:49<2:32:17, 40.25s/ep][A

tin/rn18/el2nbest/hl/ipc50 w60 s42:  25%|██▍       | 74/300 [49:29<2:31:40, 40.27s/ep][A

tin/rn18/el2nbest/hl/ipc50 w60 s42:  25%|██▌       | 75/300 [50:09<2:30:55, 40.25s/ep][A

tin/rn18/el2nbest/hl/ipc50 w60 s42:  25%|██▌       | 76/300 [50:49<2:30:14, 40.25s/ep][A

tin/rn18/el2nbest/hl/ipc50 w60 s42:  26%|██▌       | 77/300 [51:30<2:29:37, 40.26s/ep][A

tin/rn18/el2nbest/hl/ipc50 w60 s42:  26%|██▌       | 78/300 [52:10<2:28:59, 40.27s/ep][A

tin/rn18/el2nbest/hl/ipc50 w60 s42:  26%|██▋       | 79/300 [52:50<2:28:22, 40.28s/ep][A

tin/rn18/el2nbest/hl/ipc50 w60 s42:  27%|██▋       | 80/300 [53:31<2:27:46, 40.30s/ep][A

tin/rn18/el2nbest/hl/ipc50 w60 s42:  27%|██▋       | 81/300 [54:11<2:27:14, 40.34s/ep][A

tin/rn18/el2nbest/hl/ipc50 w60 s42:  27%|██▋       | 82/300 [54:51<2:26:32, 40.33s/ep][A

tin/rn18/el2nbest/hl/ipc50 w60 s42:  28%|██▊       | 83/300 [55:32<2:25:54, 40.34s/ep][A

tin/rn18/el2nbest/hl/ipc50 w60 s42:  28%|██▊       | 84/300 [56:12<2:25:08, 40.32s/ep][A

tin/rn18/el2nbest/hl/ipc50 w60 s42:  28%|██▊       | 85/300 [56:52<2:24:29, 40.32s/ep][A

tin/rn18/el2nbest/hl/ipc50 w60 s42:  29%|██▊       | 86/300 [57:33<2:23:51, 40.33s/ep][A

tin/rn18/el2nbest/hl/ipc50 w60 s42:  29%|██▉       | 87/300 [58:13<2:23:09, 40.33s/ep][A

tin/rn18/el2nbest/hl/ipc50 w60 s42:  29%|██▉       | 88/300 [58:53<2:22:31, 40.34s/ep][A

tin/rn18/el2nbest/hl/ipc50 w60 s42:  30%|██▉       | 89/300 [59:34<2:21:50, 40.33s/ep][A

tin/rn18/el2nbest/hl/ipc50 w60 s42:  30%|███       | 90/300 [1:00:14<2:21:14, 40.36s/ep][A

tin/rn18/el2nbest/hl/ipc50 w60 s42:  30%|███       | 91/300 [1:00:54<2:20:38, 40.37s/ep][A

tin/rn18/el2nbest/hl/ipc50 w60 s42:  31%|███       | 92/300 [1:01:35<2:19:52, 40.35s/ep][A

tin/rn18/el2nbest/hl/ipc50 w60 s42:  31%|███       | 93/300 [1:02:15<2:19:10, 40.34s/ep][A

tin/rn18/el2nbest/hl/ipc50 w60 s42:  31%|███▏      | 94/300 [1:02:55<2:18:22, 40.31s/ep][A

tin/rn18/el2nbest/hl/ipc50 w60 s42:  32%|███▏      | 95/300 [1:03:36<2:17:43, 40.31s/ep][A

tin/rn18/el2nbest/hl/ipc50 w60 s42:  32%|███▏      | 96/300 [1:04:16<2:16:59, 40.29s/ep][A

tin/rn18/el2nbest/hl/ipc50 w60 s42:  32%|███▏      | 97/300 [1:04:56<2:16:22, 40.31s/ep][A

tin/rn18/el2nbest/hl/ipc50 w60 s42:  33%|███▎      | 98/300 [1:05:37<2:15:42, 40.31s/ep][A

tin/rn18/el2nbest/hl/ipc50 w60 s42:  33%|███▎      | 99/300 [1:06:17<2:15:13, 40.36s/ep][A

tin/rn18/el2nbest/hl/ipc50 w60 s42:  33%|███▎      | 100/300 [1:06:57<2:14:33, 40.37s/ep][A

tin/rn18/el2nbest/hl/ipc50 w60 s42:  34%|███▎      | 101/300 [1:07:38<2:14:03, 40.42s/ep][A

tin/rn18/el2nbest/hl/ipc50 w60 s42:  34%|███▍      | 102/300 [1:08:18<2:13:21, 40.41s/ep][A

tin/rn18/el2nbest/hl/ipc50 w60 s42:  34%|███▍      | 103/300 [1:08:59<2:12:38, 40.40s/ep][A

tin/rn18/el2nbest/hl/ipc50 w60 s42:  35%|███▍      | 104/300 [1:09:39<2:11:57, 40.40s/ep][A

tin/rn18/el2nbest/hl/ipc50 w60 s42:  35%|███▌      | 105/300 [1:10:19<2:11:12, 40.37s/ep][A

tin/rn18/el2nbest/hl/ipc50 w60 s42:  35%|███▌      | 106/300 [1:11:00<2:10:28, 40.35s/ep][A

tin/rn18/el2nbest/hl/ipc50 w60 s42:  36%|███▌      | 107/300 [1:11:40<2:09:36, 40.29s/ep][A

tin/rn18/el2nbest/hl/ipc50 w60 s42:  36%|███▌      | 108/300 [1:12:20<2:08:54, 40.28s/ep][A

tin/rn18/el2nbest/hl/ipc50 w60 s42:  36%|███▋      | 109/300 [1:13:00<2:08:07, 40.25s/ep][A

tin/rn18/el2nbest/hl/ipc50 w60 s42:  37%|███▋      | 110/300 [1:13:41<2:07:33, 40.28s/ep][A

tin/rn18/el2nbest/hl/ipc50 w60 s42:  37%|███▋      | 111/300 [1:14:21<2:06:51, 40.27s/ep][A

tin/rn18/el2nbest/hl/ipc50 w60 s42:  37%|███▋      | 112/300 [1:15:01<2:06:12, 40.28s/ep][A

tin/rn18/el2nbest/hl/ipc50 w60 s42:  38%|███▊      | 113/300 [1:15:41<2:05:26, 40.25s/ep][A

tin/rn18/el2nbest/hl/ipc50 w60 s42:  38%|███▊      | 114/300 [1:16:22<2:04:45, 40.25s/ep][A

tin/rn18/el2nbest/hl/ipc50 w60 s42:  38%|███▊      | 115/300 [1:17:02<2:04:07, 40.26s/ep][A

tin/rn18/el2nbest/hl/ipc50 w60 s42:  39%|███▊      | 116/300 [1:17:42<2:03:26, 40.26s/ep][A

tin/rn18/el2nbest/hl/ipc50 w60 s42:  39%|███▉      | 117/300 [1:18:22<2:02:45, 40.25s/ep][A

tin/rn18/el2nbest/hl/ipc50 w60 s42:  39%|███▉      | 118/300 [1:19:03<2:02:05, 40.25s/ep][A

tin/rn18/el2nbest/hl/ipc50 w60 s42:  40%|███▉      | 119/300 [1:19:43<2:01:31, 40.28s/ep][A

tin/rn18/el2nbest/hl/ipc50 w60 s42:  40%|████      | 120/300 [1:20:23<2:00:52, 40.29s/ep][A

tin/rn18/el2nbest/hl/ipc50 w60 s42:  40%|████      | 121/300 [1:21:04<2:00:19, 40.33s/ep][A

tin/rn18/el2nbest/hl/ipc50 w60 s42:  41%|████      | 122/300 [1:21:44<1:59:41, 40.34s/ep][A

tin/rn18/el2nbest/hl/ipc50 w60 s42:  41%|████      | 123/300 [1:22:25<1:59:05, 40.37s/ep][A

tin/rn18/el2nbest/hl/ipc50 w60 s42:  41%|████▏     | 124/300 [1:23:05<1:58:26, 40.38s/ep][A

tin/rn18/el2nbest/hl/ipc50 w60 s42:  42%|████▏     | 125/300 [1:23:45<1:57:50, 40.40s/ep][A

tin/rn18/el2nbest/hl/ipc50 w60 s42:  42%|████▏     | 126/300 [1:24:26<1:57:13, 40.42s/ep][A

tin/rn18/el2nbest/hl/ipc50 w60 s42:  42%|████▏     | 127/300 [1:25:06<1:56:37, 40.45s/ep][A

tin/rn18/el2nbest/hl/ipc50 w60 s42:  43%|████▎     | 128/300 [1:25:47<1:56:02, 40.48s/ep][A

tin/rn18/el2nbest/hl/ipc50 w60 s42:  43%|████▎     | 129/300 [1:26:27<1:55:24, 40.50s/ep][A

tin/rn18/el2nbest/hl/ipc50 w60 s42:  43%|████▎     | 130/300 [1:27:08<1:54:48, 40.52s/ep][A

tin/rn18/el2nbest/hl/ipc50 w60 s42:  44%|████▎     | 131/300 [1:27:49<1:54:07, 40.52s/ep][A

tin/rn18/el2nbest/hl/ipc50 w60 s42:  44%|████▍     | 132/300 [1:28:29<1:53:23, 40.50s/ep][A

tin/rn18/el2nbest/hl/ipc50 w60 s42:  44%|████▍     | 133/300 [1:29:09<1:52:40, 40.48s/ep][A

tin/rn18/el2nbest/hl/ipc50 w60 s42:  45%|████▍     | 134/300 [1:29:50<1:51:56, 40.46s/ep][A

tin/rn18/el2nbest/hl/ipc50 w60 s42:  45%|████▌     | 135/300 [1:30:30<1:51:19, 40.48s/ep][A

tin/rn18/el2nbest/hl/ipc50 w60 s42:  45%|████▌     | 136/300 [1:31:11<1:50:34, 40.45s/ep][A

tin/rn18/el2nbest/hl/ipc50 w60 s42:  46%|████▌     | 137/300 [1:31:51<1:49:51, 40.44s/ep][A

tin/rn18/el2nbest/hl/ipc50 w60 s42:  46%|████▌     | 138/300 [1:32:32<1:49:10, 40.44s/ep][A

tin/rn18/el2nbest/hl/ipc50 w60 s42:  46%|████▋     | 139/300 [1:33:12<1:48:30, 40.44s/ep][A

tin/rn18/el2nbest/hl/ipc50 w60 s42:  47%|████▋     | 140/300 [1:33:52<1:47:50, 40.44s/ep][A

tin/rn18/el2nbest/hl/ipc50 w60 s42:  47%|████▋     | 141/300 [1:34:33<1:47:13, 40.46s/ep][A

tin/rn18/el2nbest/hl/ipc50 w60 s42:  47%|████▋     | 142/300 [1:35:14<1:46:37, 40.49s/ep][A

tin/rn18/el2nbest/hl/ipc50 w60 s42:  48%|████▊     | 143/300 [1:35:54<1:45:56, 40.49s/ep][A

tin/rn18/el2nbest/hl/ipc50 w60 s42:  48%|████▊     | 144/300 [1:36:35<1:45:18, 40.51s/ep][A

tin/rn18/el2nbest/hl/ipc50 w60 s42:  48%|████▊     | 145/300 [1:37:15<1:44:37, 40.50s/ep][A

tin/rn18/el2nbest/hl/ipc50 w60 s42:  49%|████▊     | 146/300 [1:37:56<1:44:08, 40.57s/ep][A

tin/rn18/el2nbest/hl/ipc50 w60 s42:  49%|████▉     | 147/300 [1:38:36<1:43:29, 40.59s/ep][A

tin/rn18/el2nbest/hl/ipc50 w60 s42:  49%|████▉     | 148/300 [1:39:17<1:42:57, 40.64s/ep][A

tin/rn18/el2nbest/hl/ipc50 w60 s42:  50%|████▉     | 149/300 [1:39:58<1:42:18, 40.65s/ep][A

tin/rn18/el2nbest/hl/ipc50 w60 s42:  50%|█████     | 150/300 [1:40:39<1:41:39, 40.66s/ep][A

tin/rn18/el2nbest/hl/ipc50 w60 s42:  50%|█████     | 151/300 [1:41:19<1:40:55, 40.64s/ep][A

tin/rn18/el2nbest/hl/ipc50 w60 s42:  51%|█████     | 152/300 [1:42:00<1:40:15, 40.65s/ep][A

tin/rn18/el2nbest/hl/ipc50 w60 s42:  51%|█████     | 153/300 [1:42:40<1:39:32, 40.63s/ep][A

tin/rn18/el2nbest/hl/ipc50 w60 s42:  51%|█████▏    | 154/300 [1:43:21<1:38:52, 40.64s/ep][A

tin/rn18/el2nbest/hl/ipc50 w60 s42:  52%|█████▏    | 155/300 [1:44:02<1:38:14, 40.65s/ep][A

tin/rn18/el2nbest/hl/ipc50 w60 s42:  52%|█████▏    | 156/300 [1:44:42<1:37:36, 40.67s/ep][A

tin/rn18/el2nbest/hl/ipc50 w60 s42:  52%|█████▏    | 157/300 [1:45:23<1:36:50, 40.63s/ep][A

tin/rn18/el2nbest/hl/ipc50 w60 s42:  53%|█████▎    | 158/300 [1:46:04<1:36:10, 40.64s/ep][A

tin/rn18/el2nbest/hl/ipc50 w60 s42:  53%|█████▎    | 159/300 [1:46:44<1:35:31, 40.65s/ep][A

tin/rn18/el2nbest/hl/ipc50 w60 s42:  53%|█████▎    | 160/300 [1:47:25<1:34:52, 40.66s/ep][A

tin/rn18/el2nbest/hl/ipc50 w60 s42:  54%|█████▎    | 161/300 [1:48:06<1:34:09, 40.65s/ep][A

tin/rn18/el2nbest/hl/ipc50 w60 s42:  54%|█████▍    | 162/300 [1:48:46<1:33:33, 40.68s/ep][A

tin/rn18/el2nbest/hl/ipc50 w60 s42:  54%|█████▍    | 163/300 [1:49:27<1:32:55, 40.70s/ep][A

tin/rn18/el2nbest/hl/ipc50 w60 s42:  55%|█████▍    | 164/300 [1:50:08<1:32:12, 40.68s/ep][A

tin/rn18/el2nbest/hl/ipc50 w60 s42:  55%|█████▌    | 165/300 [1:50:49<1:31:37, 40.72s/ep][A

tin/rn18/el2nbest/hl/ipc50 w60 s42:  55%|█████▌    | 166/300 [1:51:29<1:31:00, 40.75s/ep][A

tin/rn18/el2nbest/hl/ipc50 w60 s42:  56%|█████▌    | 167/300 [1:52:10<1:30:27, 40.81s/ep][A

tin/rn18/el2nbest/hl/ipc50 w60 s42:  56%|█████▌    | 168/300 [1:52:51<1:29:54, 40.87s/ep][A

tin/rn18/el2nbest/hl/ipc50 w60 s42:  56%|█████▋    | 169/300 [1:53:32<1:29:14, 40.87s/ep][A

tin/rn18/el2nbest/hl/ipc50 w60 s42:  57%|█████▋    | 170/300 [1:54:13<1:28:38, 40.91s/ep][A

tin/rn18/el2nbest/hl/ipc50 w60 s42:  57%|█████▋    | 171/300 [1:54:54<1:28:04, 40.96s/ep][A

tin/rn18/el2nbest/hl/ipc50 w60 s42:  57%|█████▋    | 172/300 [1:55:35<1:27:26, 40.99s/ep][A

tin/rn18/el2nbest/hl/ipc50 w60 s42:  58%|█████▊    | 173/300 [1:56:16<1:26:47, 41.01s/ep][A

tin/rn18/el2nbest/hl/ipc50 w60 s42:  58%|█████▊    | 174/300 [1:56:57<1:26:05, 40.99s/ep][A

tin/rn18/el2nbest/hl/ipc50 w60 s42:  58%|█████▊    | 175/300 [1:57:38<1:25:22, 40.98s/ep][A

tin/rn18/el2nbest/hl/ipc50 w60 s42:  59%|█████▊    | 176/300 [1:58:19<1:24:39, 40.96s/ep][A

tin/rn18/el2nbest/hl/ipc50 w60 s42:  59%|█████▉    | 177/300 [1:59:00<1:23:54, 40.93s/ep][A

tin/rn18/el2nbest/hl/ipc50 w60 s42:  59%|█████▉    | 178/300 [1:59:41<1:23:09, 40.90s/ep][A

tin/rn18/el2nbest/hl/ipc50 w60 s42:  60%|█████▉    | 179/300 [2:00:22<1:22:23, 40.85s/ep][A

tin/rn18/el2nbest/hl/ipc50 w60 s42:  60%|██████    | 180/300 [2:01:03<1:21:41, 40.85s/ep][A

tin/rn18/el2nbest/hl/ipc50 w60 s42:  60%|██████    | 181/300 [2:01:43<1:20:54, 40.80s/ep][A

tin/rn18/el2nbest/hl/ipc50 w60 s42:  61%|██████    | 182/300 [2:02:24<1:20:08, 40.75s/ep][A

tin/rn18/el2nbest/hl/ipc50 w60 s42:  61%|██████    | 183/300 [2:03:04<1:19:24, 40.72s/ep][A

tin/rn18/el2nbest/hl/ipc50 w60 s42:  61%|██████▏   | 184/300 [2:03:45<1:18:46, 40.74s/ep][A

tin/rn18/el2nbest/hl/ipc50 w60 s42:  62%|██████▏   | 185/300 [2:04:26<1:18:11, 40.80s/ep][A

tin/rn18/el2nbest/hl/ipc50 w60 s42:  62%|██████▏   | 186/300 [2:05:07<1:17:35, 40.84s/ep][A

tin/rn18/el2nbest/hl/ipc50 w60 s42:  62%|██████▏   | 187/300 [2:05:48<1:16:57, 40.86s/ep][A

tin/rn18/el2nbest/hl/ipc50 w60 s42:  63%|██████▎   | 188/300 [2:06:29<1:16:20, 40.90s/ep][A

tin/rn18/el2nbest/hl/ipc50 w60 s42:  63%|██████▎   | 189/300 [2:07:10<1:15:43, 40.93s/ep][A

tin/rn18/el2nbest/hl/ipc50 w60 s42:  63%|██████▎   | 190/300 [2:07:51<1:15:05, 40.96s/ep][A

tin/rn18/el2nbest/hl/ipc50 w60 s42:  64%|██████▎   | 191/300 [2:08:32<1:14:31, 41.02s/ep][A

tin/rn18/el2nbest/hl/ipc50 w60 s42:  64%|██████▍   | 192/300 [2:09:13<1:13:54, 41.06s/ep][A

tin/rn18/el2nbest/hl/ipc50 w60 s42:  64%|██████▍   | 193/300 [2:09:55<1:13:16, 41.09s/ep][A

tin/rn18/el2nbest/hl/ipc50 w60 s42:  65%|██████▍   | 194/300 [2:10:36<1:12:42, 41.15s/ep][A

tin/rn18/el2nbest/hl/ipc50 w60 s42:  65%|██████▌   | 195/300 [2:11:17<1:12:05, 41.19s/ep][A

tin/rn18/el2nbest/hl/ipc50 w60 s42:  65%|██████▌   | 196/300 [2:11:58<1:11:21, 41.17s/ep][A

tin/rn18/el2nbest/hl/ipc50 w60 s42:  66%|██████▌   | 197/300 [2:12:39<1:10:39, 41.16s/ep][A

tin/rn18/el2nbest/hl/ipc50 w60 s42:  66%|██████▌   | 198/300 [2:13:20<1:09:56, 41.14s/ep][A

tin/rn18/el2nbest/hl/ipc50 w60 s42:  66%|██████▋   | 199/300 [2:14:02<1:09:17, 41.17s/ep][A

tin/rn18/el2nbest/hl/ipc50 w60 s42:  67%|██████▋   | 200/300 [2:14:43<1:08:35, 41.16s/ep][A

tin/rn18/el2nbest/hl/ipc50 w60 s42:  67%|██████▋   | 201/300 [2:15:24<1:07:56, 41.18s/ep][A

tin/rn18/el2nbest/hl/ipc50 w60 s42:  67%|██████▋   | 202/300 [2:16:05<1:07:13, 41.16s/ep][A

tin/rn18/el2nbest/hl/ipc50 w60 s42:  68%|██████▊   | 203/300 [2:16:46<1:06:29, 41.13s/ep][A

tin/rn18/el2nbest/hl/ipc50 w60 s42:  68%|██████▊   | 204/300 [2:17:27<1:05:45, 41.09s/ep][A

tin/rn18/el2nbest/hl/ipc50 w60 s42:  68%|██████▊   | 205/300 [2:18:08<1:05:05, 41.11s/ep][A

tin/rn18/el2nbest/hl/ipc50 w60 s42:  69%|██████▊   | 206/300 [2:18:50<1:04:28, 41.15s/ep][A

tin/rn18/el2nbest/hl/ipc50 w60 s42:  69%|██████▉   | 207/300 [2:19:31<1:03:49, 41.17s/ep][A

tin/rn18/el2nbest/hl/ipc50 w60 s42:  69%|██████▉   | 208/300 [2:20:12<1:03:09, 41.19s/ep][A

tin/rn18/el2nbest/hl/ipc50 w60 s42:  70%|██████▉   | 209/300 [2:20:53<1:02:29, 41.20s/ep][A

tin/rn18/el2nbest/hl/ipc50 w60 s42:  70%|███████   | 210/300 [2:21:35<1:01:49, 41.22s/ep][A

tin/rn18/el2nbest/hl/ipc50 w60 s42:  70%|███████   | 211/300 [2:22:16<1:01:13, 41.28s/ep][A

tin/rn18/el2nbest/hl/ipc50 w60 s42:  71%|███████   | 212/300 [2:22:57<1:00:35, 41.31s/ep][A

tin/rn18/el2nbest/hl/ipc50 w60 s42:  71%|███████   | 213/300 [2:23:39<59:58, 41.36s/ep]  [A

tin/rn18/el2nbest/hl/ipc50 w60 s42:  71%|███████▏  | 214/300 [2:24:20<59:19, 41.39s/ep][A

tin/rn18/el2nbest/hl/ipc50 w60 s42:  72%|███████▏  | 215/300 [2:25:02<58:37, 41.38s/ep][A

tin/rn18/el2nbest/hl/ipc50 w60 s42:  72%|███████▏  | 216/300 [2:25:43<57:54, 41.36s/ep][A

tin/rn18/el2nbest/hl/ipc50 w60 s42:  72%|███████▏  | 217/300 [2:26:24<57:10, 41.34s/ep][A

tin/rn18/el2nbest/hl/ipc50 w60 s42:  73%|███████▎  | 218/300 [2:27:05<56:24, 41.28s/ep][A

tin/rn18/el2nbest/hl/ipc50 w60 s42:  73%|███████▎  | 219/300 [2:27:47<55:39, 41.23s/ep][A

tin/rn18/el2nbest/hl/ipc50 w60 s42:  73%|███████▎  | 220/300 [2:28:28<54:56, 41.21s/ep][A

tin/rn18/el2nbest/hl/ipc50 w60 s42:  74%|███████▎  | 221/300 [2:29:09<54:15, 41.21s/ep][A

tin/rn18/el2nbest/hl/ipc50 w60 s42:  74%|███████▍  | 222/300 [2:29:50<53:33, 41.20s/ep][A

tin/rn18/el2nbest/hl/ipc50 w60 s42:  74%|███████▍  | 223/300 [2:30:31<52:47, 41.14s/ep][A

tin/rn18/el2nbest/hl/ipc50 w60 s42:  75%|███████▍  | 224/300 [2:31:12<52:04, 41.11s/ep][A

tin/rn18/el2nbest/hl/ipc50 w60 s42:  75%|███████▌  | 225/300 [2:31:53<51:23, 41.12s/ep][A

tin/rn18/el2nbest/hl/ipc50 w60 s42:  75%|███████▌  | 226/300 [2:32:34<50:44, 41.15s/ep][A

tin/rn18/el2nbest/hl/ipc50 w60 s42:  76%|███████▌  | 227/300 [2:33:16<50:04, 41.15s/ep][A

tin/rn18/el2nbest/hl/ipc50 w60 s42:  76%|███████▌  | 228/300 [2:33:57<49:23, 41.17s/ep][A

tin/rn18/el2nbest/hl/ipc50 w60 s42:  76%|███████▋  | 229/300 [2:34:38<48:44, 41.19s/ep][A

tin/rn18/el2nbest/hl/ipc50 w60 s42:  77%|███████▋  | 230/300 [2:35:19<48:04, 41.20s/ep][A

tin/rn18/el2nbest/hl/ipc50 w60 s42:  77%|███████▋  | 231/300 [2:36:00<47:21, 41.19s/ep][A

tin/rn18/el2nbest/hl/ipc50 w60 s42:  77%|███████▋  | 232/300 [2:36:42<46:41, 41.20s/ep][A

tin/rn18/el2nbest/hl/ipc50 w60 s42:  78%|███████▊  | 233/300 [2:37:23<46:03, 41.25s/ep][A

tin/rn18/el2nbest/hl/ipc50 w60 s42:  78%|███████▊  | 234/300 [2:38:05<45:27, 41.33s/ep][A

tin/rn18/el2nbest/hl/ipc50 w60 s42:  78%|███████▊  | 235/300 [2:38:46<44:45, 41.32s/ep][A

tin/rn18/el2nbest/hl/ipc50 w60 s42:  79%|███████▊  | 236/300 [2:39:27<44:04, 41.31s/ep][A

tin/rn18/el2nbest/hl/ipc50 w60 s42:  79%|███████▉  | 237/300 [2:40:09<43:25, 41.35s/ep][A

tin/rn18/el2nbest/hl/ipc50 w60 s42:  79%|███████▉  | 238/300 [2:40:50<42:44, 41.36s/ep][A

tin/rn18/el2nbest/hl/ipc50 w60 s42:  80%|███████▉  | 239/300 [2:41:31<42:03, 41.37s/ep][A

tin/rn18/el2nbest/hl/ipc50 w60 s42:  80%|████████  | 240/300 [2:42:13<41:23, 41.38s/ep][A

tin/rn18/el2nbest/hl/ipc50 w60 s42:  80%|████████  | 241/300 [2:42:54<40:37, 41.32s/ep][A

tin/rn18/el2nbest/hl/ipc50 w60 s42:  81%|████████  | 242/300 [2:43:35<39:56, 41.31s/ep][A

tin/rn18/el2nbest/hl/ipc50 w60 s42:  81%|████████  | 243/300 [2:44:16<39:12, 41.27s/ep][A

tin/rn18/el2nbest/hl/ipc50 w60 s42:  81%|████████▏ | 244/300 [2:44:58<38:30, 41.27s/ep][A

tin/rn18/el2nbest/hl/ipc50 w60 s42:  82%|████████▏ | 245/300 [2:45:39<37:47, 41.22s/ep][A

tin/rn18/el2nbest/hl/ipc50 w60 s42:  82%|████████▏ | 246/300 [2:46:20<37:05, 41.22s/ep][A

tin/rn18/el2nbest/hl/ipc50 w60 s42:  82%|████████▏ | 247/300 [2:47:01<36:24, 41.21s/ep][A

tin/rn18/el2nbest/hl/ipc50 w60 s42:  83%|████████▎ | 248/300 [2:47:43<35:45, 41.25s/ep][A

tin/rn18/el2nbest/hl/ipc50 w60 s42:  83%|████████▎ | 249/300 [2:48:24<35:05, 41.29s/ep][A

tin/rn18/el2nbest/hl/ipc50 w60 s42:  83%|████████▎ | 250/300 [2:49:06<34:29, 41.39s/ep][A

tin/rn18/el2nbest/hl/ipc50 w60 s42:  84%|████████▎ | 251/300 [2:49:47<33:50, 41.44s/ep][A

tin/rn18/el2nbest/hl/ipc50 w60 s42:  84%|████████▍ | 252/300 [2:50:29<33:12, 41.52s/ep][A

tin/rn18/el2nbest/hl/ipc50 w60 s42:  84%|████████▍ | 253/300 [2:51:10<32:33, 41.57s/ep][A

tin/rn18/el2nbest/hl/ipc50 w60 s42:  85%|████████▍ | 254/300 [2:51:52<31:52, 41.58s/ep][A

tin/rn18/el2nbest/hl/ipc50 w60 s42:  85%|████████▌ | 255/300 [2:52:34<31:10, 41.57s/ep][A

tin/rn18/el2nbest/hl/ipc50 w60 s42:  85%|████████▌ | 256/300 [2:53:15<30:31, 41.62s/ep][A

tin/rn18/el2nbest/hl/ipc50 w60 s42:  86%|████████▌ | 257/300 [2:53:57<29:52, 41.69s/ep][A

tin/rn18/el2nbest/hl/ipc50 w60 s42:  86%|████████▌ | 258/300 [2:54:39<29:11, 41.69s/ep][A

tin/rn18/el2nbest/hl/ipc50 w60 s42:  86%|████████▋ | 259/300 [2:55:21<28:31, 41.73s/ep][A

tin/rn18/el2nbest/hl/ipc50 w60 s42:  87%|████████▋ | 260/300 [2:56:02<27:46, 41.66s/ep][A

tin/rn18/el2nbest/hl/ipc50 w60 s42:  87%|████████▋ | 261/300 [2:56:44<27:02, 41.60s/ep][A

tin/rn18/el2nbest/hl/ipc50 w60 s42:  87%|████████▋ | 262/300 [2:57:25<26:21, 41.61s/ep][A

tin/rn18/el2nbest/hl/ipc50 w60 s42:  88%|████████▊ | 263/300 [2:58:07<25:38, 41.59s/ep][A

tin/rn18/el2nbest/hl/ipc50 w60 s42:  88%|████████▊ | 264/300 [2:58:48<24:55, 41.54s/ep][A

tin/rn18/el2nbest/hl/ipc50 w60 s42:  88%|████████▊ | 265/300 [2:59:30<24:10, 41.46s/ep][A

tin/rn18/el2nbest/hl/ipc50 w60 s42:  89%|████████▊ | 266/300 [3:00:11<23:28, 41.43s/ep][A

tin/rn18/el2nbest/hl/ipc50 w60 s42:  89%|████████▉ | 267/300 [3:00:52<22:46, 41.40s/ep][A

tin/rn18/el2nbest/hl/ipc50 w60 s42:  89%|████████▉ | 268/300 [3:01:34<22:03, 41.37s/ep][A

tin/rn18/el2nbest/hl/ipc50 w60 s42:  90%|████████▉ | 269/300 [3:02:15<21:20, 41.29s/ep][A

tin/rn18/el2nbest/hl/ipc50 w60 s42:  90%|█████████ | 270/300 [3:02:56<20:37, 41.24s/ep][A

tin/rn18/el2nbest/hl/ipc50 w60 s42:  90%|█████████ | 271/300 [3:03:37<19:56, 41.26s/ep][A

tin/rn18/el2nbest/hl/ipc50 w60 s42:  91%|█████████ | 272/300 [3:04:19<19:17, 41.34s/ep][A

tin/rn18/el2nbest/hl/ipc50 w60 s42:  91%|█████████ | 273/300 [3:05:00<18:39, 41.47s/ep][A

tin/rn18/el2nbest/hl/ipc50 w60 s42:  91%|█████████▏| 274/300 [3:05:42<18:01, 41.58s/ep][A

tin/rn18/el2nbest/hl/ipc50 w60 s42:  92%|█████████▏| 275/300 [3:06:24<17:21, 41.64s/ep][A

tin/rn18/el2nbest/hl/ipc50 w60 s42:  92%|█████████▏| 276/300 [3:07:06<16:39, 41.63s/ep][A

tin/rn18/el2nbest/hl/ipc50 w60 s42:  92%|█████████▏| 277/300 [3:07:47<15:57, 41.62s/ep][A

tin/rn18/el2nbest/hl/ipc50 w60 s42:  93%|█████████▎| 278/300 [3:08:29<15:17, 41.70s/ep][A

tin/rn18/el2nbest/hl/ipc50 w60 s42:  93%|█████████▎| 279/300 [3:09:11<14:36, 41.74s/ep][A

tin/rn18/el2nbest/hl/ipc50 w60 s42:  93%|█████████▎| 280/300 [3:09:53<13:53, 41.69s/ep][A

tin/rn18/el2nbest/hl/ipc50 w60 s42:  94%|█████████▎| 281/300 [3:10:34<13:12, 41.69s/ep][A

tin/rn18/el2nbest/hl/ipc50 w60 s42:  94%|█████████▍| 282/300 [3:11:16<12:29, 41.66s/ep][A

tin/rn18/el2nbest/hl/ipc50 w60 s42:  94%|█████████▍| 283/300 [3:11:58<11:48, 41.69s/ep][A

tin/rn18/el2nbest/hl/ipc50 w60 s42:  95%|█████████▍| 284/300 [3:12:39<11:07, 41.73s/ep][A

tin/rn18/el2nbest/hl/ipc50 w60 s42:  95%|█████████▌| 285/300 [3:13:21<10:26, 41.74s/ep][A

tin/rn18/el2nbest/hl/ipc50 w60 s42:  95%|█████████▌| 286/300 [3:14:03<09:44, 41.74s/ep][A

tin/rn18/el2nbest/hl/ipc50 w60 s42:  96%|█████████▌| 287/300 [3:14:44<09:02, 41.70s/ep][A

tin/rn18/el2nbest/hl/ipc50 w60 s42:  96%|█████████▌| 288/300 [3:15:26<08:19, 41.62s/ep][A

tin/rn18/el2nbest/hl/ipc50 w60 s42:  96%|█████████▋| 289/300 [3:16:07<07:37, 41.57s/ep][A

tin/rn18/el2nbest/hl/ipc50 w60 s42:  97%|█████████▋| 290/300 [3:16:49<06:55, 41.54s/ep][A

tin/rn18/el2nbest/hl/ipc50 w60 s42:  97%|█████████▋| 291/300 [3:17:30<06:13, 41.50s/ep][A

tin/rn18/el2nbest/hl/ipc50 w60 s42:  97%|█████████▋| 292/300 [3:18:12<05:32, 41.55s/ep][A

tin/rn18/el2nbest/hl/ipc50 w60 s42:  98%|█████████▊| 293/300 [3:18:54<04:51, 41.63s/ep][A

tin/rn18/el2nbest/hl/ipc50 w60 s42:  98%|█████████▊| 294/300 [3:19:36<04:10, 41.72s/ep][A

tin/rn18/el2nbest/hl/ipc50 w60 s42:  98%|█████████▊| 295/300 [3:20:18<03:28, 41.77s/ep][A

tin/rn18/el2nbest/hl/ipc50 w60 s42:  99%|█████████▊| 296/300 [3:20:59<02:47, 41.81s/ep][A

tin/rn18/el2nbest/hl/ipc50 w60 s42:  99%|█████████▉| 297/300 [3:21:41<02:05, 41.75s/ep][A

tin/rn18/el2nbest/hl/ipc50 w60 s42:  99%|█████████▉| 298/300 [3:22:23<01:23, 41.81s/ep][A

tin/rn18/el2nbest/hl/ipc50 w60 s42: 100%|█████████▉| 299/300 [3:23:05<00:41, 41.86s/ep][A

tin/rn18/el2nbest/hl/ipc50 w60 s42: 100%|██████████| 300/300 [3:23:47<00:00, 41.93s/ep][A

                                                                                       [A[cell] tin/rn18/el2nbest/hl/ipc50 window 60%: 21.51%  (12242s)


tin/rn18/el2nbest/hl/ipc50 w70 s42:   0%|          | 0/300 [00:00<?, ?ep/s][A

tin/rn18/el2nbest/hl/ipc50 w70 s42:   0%|          | 1/300 [00:41<3:27:01, 41.54s/ep][A

tin/rn18/el2nbest/hl/ipc50 w70 s42:   1%|          | 2/300 [01:23<3:26:39, 41.61s/ep][A

tin/rn18/el2nbest/hl/ipc50 w70 s42:   1%|          | 3/300 [02:04<3:26:01, 41.62s/ep][A

tin/rn18/el2nbest/hl/ipc50 w70 s42:   1%|▏         | 4/300 [02:46<3:25:26, 41.64s/ep][A

tin/rn18/el2nbest/hl/ipc50 w70 s42:   2%|▏         | 5/300 [03:28<3:24:39, 41.63s/ep][A

tin/rn18/el2nbest/hl/ipc50 w70 s42:   2%|▏         | 6/300 [04:09<3:23:39, 41.56s/ep][A

tin/rn18/el2nbest/hl/ipc50 w70 s42:   2%|▏         | 7/300 [04:50<3:22:46, 41.52s/ep][A

tin/rn18/el2nbest/hl/ipc50 w70 s42:   3%|▎         | 8/300 [05:32<3:22:30, 41.61s/ep][A

tin/rn18/el2nbest/hl/ipc50 w70 s42:   3%|▎         | 9/300 [06:14<3:22:04, 41.67s/ep][A

tin/rn18/el2nbest/hl/ipc50 w70 s42:   3%|▎         | 10/300 [06:56<3:21:45, 41.74s/ep][A

tin/rn18/el2nbest/hl/ipc50 w70 s42:   4%|▎         | 11/300 [07:38<3:21:19, 41.80s/ep][A

tin/rn18/el2nbest/hl/ipc50 w70 s42:   4%|▍         | 12/300 [08:20<3:20:38, 41.80s/ep][A

tin/rn18/el2nbest/hl/ipc50 w70 s42:   4%|▍         | 13/300 [09:01<3:19:49, 41.78s/ep][A

tin/rn18/el2nbest/hl/ipc50 w70 s42:   5%|▍         | 14/300 [09:43<3:18:59, 41.75s/ep][A

tin/rn18/el2nbest/hl/ipc50 w70 s42:   5%|▌         | 15/300 [10:25<3:18:12, 41.73s/ep][A

tin/rn18/el2nbest/hl/ipc50 w70 s42:   5%|▌         | 16/300 [11:06<3:17:20, 41.69s/ep][A

tin/rn18/el2nbest/hl/ipc50 w70 s42:   6%|▌         | 17/300 [11:48<3:16:23, 41.64s/ep][A

tin/rn18/el2nbest/hl/ipc50 w70 s42:   6%|▌         | 18/300 [12:30<3:15:48, 41.66s/ep][A

tin/rn18/el2nbest/hl/ipc50 w70 s42:   6%|▋         | 19/300 [13:11<3:14:56, 41.62s/ep][A

tin/rn18/el2nbest/hl/ipc50 w70 s42:   7%|▋         | 20/300 [13:53<3:14:03, 41.58s/ep][A

tin/rn18/el2nbest/hl/ipc50 w70 s42:   7%|▋         | 21/300 [14:34<3:12:59, 41.50s/ep][A

tin/rn18/el2nbest/hl/ipc50 w70 s42:   7%|▋         | 22/300 [15:15<3:12:11, 41.48s/ep][A

tin/rn18/el2nbest/hl/ipc50 w70 s42:   8%|▊         | 23/300 [15:57<3:11:14, 41.42s/ep][A

tin/rn18/el2nbest/hl/ipc50 w70 s42:   8%|▊         | 24/300 [16:38<3:10:34, 41.43s/ep][A

tin/rn18/el2nbest/hl/ipc50 w70 s42:   8%|▊         | 25/300 [17:20<3:09:54, 41.44s/ep][A

tin/rn18/el2nbest/hl/ipc50 w70 s42:   9%|▊         | 26/300 [18:02<3:09:58, 41.60s/ep][A

tin/rn18/el2nbest/hl/ipc50 w70 s42:   9%|▉         | 27/300 [18:44<3:09:47, 41.71s/ep][A

tin/rn18/el2nbest/hl/ipc50 w70 s42:   9%|▉         | 28/300 [19:26<3:09:51, 41.88s/ep][A

tin/rn18/el2nbest/hl/ipc50 w70 s42:  10%|▉         | 29/300 [20:08<3:09:24, 41.94s/ep][A

tin/rn18/el2nbest/hl/ipc50 w70 s42:  10%|█         | 30/300 [20:50<3:08:55, 41.98s/ep][A

tin/rn18/el2nbest/hl/ipc50 w70 s42:  10%|█         | 31/300 [21:32<3:08:04, 41.95s/ep][A

tin/rn18/el2nbest/hl/ipc50 w70 s42:  11%|█         | 32/300 [22:14<3:07:06, 41.89s/ep][A

tin/rn18/el2nbest/hl/ipc50 w70 s42:  11%|█         | 33/300 [22:55<3:06:03, 41.81s/ep][A

tin/rn18/el2nbest/hl/ipc50 w70 s42:  11%|█▏        | 34/300 [23:37<3:05:17, 41.80s/ep][A

tin/rn18/el2nbest/hl/ipc50 w70 s42:  12%|█▏        | 35/300 [24:19<3:04:34, 41.79s/ep][A

tin/rn18/el2nbest/hl/ipc50 w70 s42:  12%|█▏        | 36/300 [25:00<3:03:25, 41.69s/ep][A

tin/rn18/el2nbest/hl/ipc50 w70 s42:  12%|█▏        | 37/300 [25:42<3:02:45, 41.69s/ep][A

tin/rn18/el2nbest/hl/ipc50 w70 s42:  13%|█▎        | 38/300 [26:23<3:01:44, 41.62s/ep][A

tin/rn18/el2nbest/hl/ipc50 w70 s42:  13%|█▎        | 39/300 [27:05<3:00:40, 41.53s/ep][A

tin/rn18/el2nbest/hl/ipc50 w70 s42:  13%|█▎        | 40/300 [27:46<2:59:33, 41.44s/ep][A

tin/rn18/el2nbest/hl/ipc50 w70 s42:  14%|█▎        | 41/300 [28:27<2:59:02, 41.48s/ep][A

tin/rn18/el2nbest/hl/ipc50 w70 s42:  14%|█▍        | 42/300 [29:09<2:58:37, 41.54s/ep][A

tin/rn18/el2nbest/hl/ipc50 w70 s42:  14%|█▍        | 43/300 [29:51<2:58:07, 41.58s/ep][A

tin/rn18/el2nbest/hl/ipc50 w70 s42:  15%|█▍        | 44/300 [30:33<2:57:47, 41.67s/ep][A

tin/rn18/el2nbest/hl/ipc50 w70 s42:  15%|█▌        | 45/300 [31:15<2:57:30, 41.77s/ep][A

tin/rn18/el2nbest/hl/ipc50 w70 s42:  15%|█▌        | 46/300 [31:57<2:56:57, 41.80s/ep][A

tin/rn18/el2nbest/hl/ipc50 w70 s42:  16%|█▌        | 47/300 [32:38<2:56:07, 41.77s/ep][A

tin/rn18/el2nbest/hl/ipc50 w70 s42:  16%|█▌        | 48/300 [33:20<2:55:41, 41.83s/ep][A

tin/rn18/el2nbest/hl/ipc50 w70 s42:  16%|█▋        | 49/300 [34:02<2:55:07, 41.86s/ep][A

tin/rn18/el2nbest/hl/ipc50 w70 s42:  17%|█▋        | 50/300 [34:44<2:54:38, 41.91s/ep][A

tin/rn18/el2nbest/hl/ipc50 w70 s42:  17%|█▋        | 51/300 [35:26<2:53:43, 41.86s/ep][A

tin/rn18/el2nbest/hl/ipc50 w70 s42:  17%|█▋        | 52/300 [36:08<2:53:03, 41.87s/ep][A

tin/rn18/el2nbest/hl/ipc50 w70 s42:  18%|█▊        | 53/300 [36:50<2:52:04, 41.80s/ep][A

tin/rn18/el2nbest/hl/ipc50 w70 s42:  18%|█▊        | 54/300 [37:31<2:51:07, 41.74s/ep][A

tin/rn18/el2nbest/hl/ipc50 w70 s42:  18%|█▊        | 55/300 [38:13<2:50:18, 41.71s/ep][A

tin/rn18/el2nbest/hl/ipc50 w70 s42:  19%|█▊        | 56/300 [38:54<2:49:22, 41.65s/ep][A

tin/rn18/el2nbest/hl/ipc50 w70 s42:  19%|█▉        | 57/300 [39:36<2:48:34, 41.62s/ep][A

tin/rn18/el2nbest/hl/ipc50 w70 s42:  19%|█▉        | 58/300 [40:17<2:47:47, 41.60s/ep][A

tin/rn18/el2nbest/hl/ipc50 w70 s42:  20%|█▉        | 59/300 [40:59<2:47:09, 41.62s/ep][A

tin/rn18/el2nbest/hl/ipc50 w70 s42:  20%|██        | 60/300 [41:41<2:46:38, 41.66s/ep][A

tin/rn18/el2nbest/hl/ipc50 w70 s42:  20%|██        | 61/300 [42:23<2:46:14, 41.74s/ep][A

tin/rn18/el2nbest/hl/ipc50 w70 s42:  21%|██        | 62/300 [43:05<2:45:56, 41.83s/ep][A

tin/rn18/el2nbest/hl/ipc50 w70 s42:  21%|██        | 63/300 [43:47<2:45:27, 41.89s/ep][A

tin/rn18/el2nbest/hl/ipc50 w70 s42:  21%|██▏       | 64/300 [44:29<2:45:00, 41.95s/ep][A

tin/rn18/el2nbest/hl/ipc50 w70 s42:  22%|██▏       | 65/300 [45:11<2:44:28, 41.99s/ep][A

tin/rn18/el2nbest/hl/ipc50 w70 s42:  22%|██▏       | 66/300 [45:53<2:44:00, 42.05s/ep][A

tin/rn18/el2nbest/hl/ipc50 w70 s42:  22%|██▏       | 67/300 [46:35<2:43:31, 42.11s/ep][A

tin/rn18/el2nbest/hl/ipc50 w70 s42:  23%|██▎       | 68/300 [47:18<2:42:53, 42.13s/ep][A

tin/rn18/el2nbest/hl/ipc50 w70 s42:  23%|██▎       | 69/300 [48:00<2:42:00, 42.08s/ep][A

tin/rn18/el2nbest/hl/ipc50 w70 s42:  23%|██▎       | 70/300 [48:41<2:41:10, 42.05s/ep][A

tin/rn18/el2nbest/hl/ipc50 w70 s42:  24%|██▎       | 71/300 [49:23<2:40:08, 41.96s/ep][A

tin/rn18/el2nbest/hl/ipc50 w70 s42:  24%|██▍       | 72/300 [50:05<2:39:13, 41.90s/ep][A

tin/rn18/el2nbest/hl/ipc50 w70 s42:  24%|██▍       | 73/300 [50:46<2:37:58, 41.75s/ep][A

tin/rn18/el2nbest/hl/ipc50 w70 s42:  25%|██▍       | 74/300 [51:28<2:37:10, 41.73s/ep][A

tin/rn18/el2nbest/hl/ipc50 w70 s42:  25%|██▌       | 75/300 [52:10<2:36:19, 41.69s/ep][A

tin/rn18/el2nbest/hl/ipc50 w70 s42:  25%|██▌       | 76/300 [52:52<2:36:06, 41.81s/ep][A

tin/rn18/el2nbest/hl/ipc50 w70 s42:  26%|██▌       | 77/300 [53:34<2:35:41, 41.89s/ep][A

tin/rn18/el2nbest/hl/ipc50 w70 s42:  26%|██▌       | 78/300 [54:16<2:35:26, 42.01s/ep][A

tin/rn18/el2nbest/hl/ipc50 w70 s42:  26%|██▋       | 79/300 [54:59<2:35:13, 42.14s/ep][A

tin/rn18/el2nbest/hl/ipc50 w70 s42:  27%|██▋       | 80/300 [55:42<2:35:21, 42.37s/ep][A

tin/rn18/el2nbest/hl/ipc50 w70 s42:  27%|██▋       | 81/300 [56:24<2:35:12, 42.52s/ep][A

tin/rn18/el2nbest/hl/ipc50 w70 s42:  27%|██▋       | 82/300 [57:07<2:34:42, 42.58s/ep][A

tin/rn18/el2nbest/hl/ipc50 w70 s42:  28%|██▊       | 83/300 [57:50<2:34:06, 42.61s/ep][A

tin/rn18/el2nbest/hl/ipc50 w70 s42:  28%|██▊       | 84/300 [58:32<2:33:29, 42.64s/ep][A

tin/rn18/el2nbest/hl/ipc50 w70 s42:  28%|██▊       | 85/300 [59:15<2:32:23, 42.53s/ep][A

tin/rn18/el2nbest/hl/ipc50 w70 s42:  29%|██▊       | 86/300 [59:57<2:31:39, 42.52s/ep][A

tin/rn18/el2nbest/hl/ipc50 w70 s42:  29%|██▉       | 87/300 [1:00:40<2:31:08, 42.58s/ep][A

tin/rn18/el2nbest/hl/ipc50 w70 s42:  29%|██▉       | 88/300 [1:01:23<2:30:37, 42.63s/ep][A

tin/rn18/el2nbest/hl/ipc50 w70 s42:  30%|██▉       | 89/300 [1:02:06<2:30:08, 42.70s/ep][A

tin/rn18/el2nbest/hl/ipc50 w70 s42:  30%|███       | 90/300 [1:02:49<2:29:50, 42.81s/ep][A

tin/rn18/el2nbest/hl/ipc50 w70 s42:  30%|███       | 91/300 [1:03:32<2:30:00, 43.06s/ep][A

tin/rn18/el2nbest/hl/ipc50 w70 s42:  31%|███       | 92/300 [1:04:16<2:29:40, 43.18s/ep][A

tin/rn18/el2nbest/hl/ipc50 w70 s42:  31%|███       | 93/300 [1:04:59<2:29:29, 43.33s/ep][A

tin/rn18/el2nbest/hl/ipc50 w70 s42:  31%|███▏      | 94/300 [1:05:43<2:28:51, 43.36s/ep][A

tin/rn18/el2nbest/hl/ipc50 w70 s42:  32%|███▏      | 95/300 [1:06:26<2:27:59, 43.31s/ep][A

tin/rn18/el2nbest/hl/ipc50 w70 s42:  32%|███▏      | 96/300 [1:07:09<2:26:54, 43.21s/ep][A

tin/rn18/el2nbest/hl/ipc50 w70 s42:  32%|███▏      | 97/300 [1:07:52<2:25:59, 43.15s/ep][A

tin/rn18/el2nbest/hl/ipc50 w70 s42:  33%|███▎      | 98/300 [1:08:35<2:25:12, 43.13s/ep][A

tin/rn18/el2nbest/hl/ipc50 w70 s42:  33%|███▎      | 99/300 [1:09:18<2:24:16, 43.07s/ep][A

tin/rn18/el2nbest/hl/ipc50 w70 s42:  33%|███▎      | 100/300 [1:10:01<2:23:36, 43.08s/ep][A

tin/rn18/el2nbest/hl/ipc50 w70 s42:  34%|███▎      | 101/300 [1:10:44<2:22:41, 43.02s/ep][A

tin/rn18/el2nbest/hl/ipc50 w70 s42:  34%|███▍      | 102/300 [1:11:27<2:21:44, 42.95s/ep][A

tin/rn18/el2nbest/hl/ipc50 w70 s42:  34%|███▍      | 103/300 [1:12:10<2:20:54, 42.92s/ep][A

tin/rn18/el2nbest/hl/ipc50 w70 s42:  35%|███▍      | 104/300 [1:12:53<2:20:09, 42.90s/ep][A

tin/rn18/el2nbest/hl/ipc50 w70 s42:  35%|███▌      | 105/300 [1:13:35<2:19:22, 42.89s/ep][A

tin/rn18/el2nbest/hl/ipc50 w70 s42:  35%|███▌      | 106/300 [1:14:18<2:18:34, 42.86s/ep][A

tin/rn18/el2nbest/hl/ipc50 w70 s42:  36%|███▌      | 107/300 [1:15:01<2:17:36, 42.78s/ep][A

tin/rn18/el2nbest/hl/ipc50 w70 s42:  36%|███▌      | 108/300 [1:15:43<2:16:38, 42.70s/ep][A

tin/rn18/el2nbest/hl/ipc50 w70 s42:  36%|███▋      | 109/300 [1:16:26<2:15:32, 42.58s/ep][A

tin/rn18/el2nbest/hl/ipc50 w70 s42:  37%|███▋      | 110/300 [1:17:08<2:14:35, 42.50s/ep][A

tin/rn18/el2nbest/hl/ipc50 w70 s42:  37%|███▋      | 111/300 [1:17:50<2:13:48, 42.48s/ep][A

tin/rn18/el2nbest/hl/ipc50 w70 s42:  37%|███▋      | 112/300 [1:18:33<2:13:04, 42.47s/ep][A

tin/rn18/el2nbest/hl/ipc50 w70 s42:  38%|███▊      | 113/300 [1:19:15<2:12:24, 42.48s/ep][A

tin/rn18/el2nbest/hl/ipc50 w70 s42:  38%|███▊      | 114/300 [1:19:58<2:11:37, 42.46s/ep][A

tin/rn18/el2nbest/hl/ipc50 w70 s42:  38%|███▊      | 115/300 [1:20:40<2:11:08, 42.53s/ep][A

tin/rn18/el2nbest/hl/ipc50 w70 s42:  39%|███▊      | 116/300 [1:21:23<2:10:32, 42.57s/ep][A

tin/rn18/el2nbest/hl/ipc50 w70 s42:  39%|███▉      | 117/300 [1:22:06<2:10:05, 42.65s/ep][A

tin/rn18/el2nbest/hl/ipc50 w70 s42:  39%|███▉      | 118/300 [1:22:49<2:09:21, 42.65s/ep][A

tin/rn18/el2nbest/hl/ipc50 w70 s42:  40%|███▉      | 119/300 [1:23:31<2:08:45, 42.68s/ep][A

tin/rn18/el2nbest/hl/ipc50 w70 s42:  40%|████      | 120/300 [1:24:14<2:08:06, 42.70s/ep][A

tin/rn18/el2nbest/hl/ipc50 w70 s42:  40%|████      | 121/300 [1:24:57<2:07:17, 42.66s/ep][A

tin/rn18/el2nbest/hl/ipc50 w70 s42:  41%|████      | 122/300 [1:25:39<2:06:20, 42.59s/ep][A

tin/rn18/el2nbest/hl/ipc50 w70 s42:  41%|████      | 123/300 [1:26:22<2:05:35, 42.57s/ep][A

tin/rn18/el2nbest/hl/ipc50 w70 s42:  41%|████▏     | 124/300 [1:27:04<2:04:59, 42.61s/ep][A

tin/rn18/el2nbest/hl/ipc50 w70 s42:  42%|████▏     | 125/300 [1:27:47<2:04:25, 42.66s/ep][A

tin/rn18/el2nbest/hl/ipc50 w70 s42:  42%|████▏     | 126/300 [1:28:30<2:03:44, 42.67s/ep][A

tin/rn18/el2nbest/hl/ipc50 w70 s42:  42%|████▏     | 127/300 [1:29:12<2:02:59, 42.66s/ep][A

tin/rn18/el2nbest/hl/ipc50 w70 s42:  43%|████▎     | 128/300 [1:29:55<2:02:23, 42.70s/ep][A

tin/rn18/el2nbest/hl/ipc50 w70 s42:  43%|████▎     | 129/300 [1:30:38<2:01:59, 42.80s/ep][A

tin/rn18/el2nbest/hl/ipc50 w70 s42:  43%|████▎     | 130/300 [1:31:22<2:01:44, 42.97s/ep][A

tin/rn18/el2nbest/hl/ipc50 w70 s42:  44%|████▎     | 131/300 [1:32:05<2:01:21, 43.09s/ep][A

tin/rn18/el2nbest/hl/ipc50 w70 s42:  44%|████▍     | 132/300 [1:32:49<2:01:05, 43.24s/ep][A

tin/rn18/el2nbest/hl/ipc50 w70 s42:  44%|████▍     | 133/300 [1:33:32<2:00:24, 43.26s/ep][A

tin/rn18/el2nbest/hl/ipc50 w70 s42:  45%|████▍     | 134/300 [1:34:15<1:59:53, 43.34s/ep][A

tin/rn18/el2nbest/hl/ipc50 w70 s42:  45%|████▌     | 135/300 [1:34:59<1:59:00, 43.28s/ep][A

tin/rn18/el2nbest/hl/ipc50 w70 s42:  45%|████▌     | 136/300 [1:35:42<1:58:15, 43.26s/ep][A

tin/rn18/el2nbest/hl/ipc50 w70 s42:  46%|████▌     | 137/300 [1:36:25<1:57:46, 43.35s/ep][A

tin/rn18/el2nbest/hl/ipc50 w70 s42:  46%|████▌     | 138/300 [1:37:09<1:57:00, 43.34s/ep][A

tin/rn18/el2nbest/hl/ipc50 w70 s42:  46%|████▋     | 139/300 [1:37:52<1:56:24, 43.38s/ep][A

tin/rn18/el2nbest/hl/ipc50 w70 s42:  47%|████▋     | 140/300 [1:38:36<1:55:55, 43.47s/ep][A

tin/rn18/el2nbest/hl/ipc50 w70 s42:  47%|████▋     | 141/300 [1:39:19<1:55:10, 43.46s/ep][A

tin/rn18/el2nbest/hl/ipc50 w70 s42:  47%|████▋     | 142/300 [1:40:03<1:54:23, 43.44s/ep][A

tin/rn18/el2nbest/hl/ipc50 w70 s42:  48%|████▊     | 143/300 [1:40:46<1:53:23, 43.34s/ep][A

tin/rn18/el2nbest/hl/ipc50 w70 s42:  48%|████▊     | 144/300 [1:41:29<1:52:20, 43.21s/ep][A

tin/rn18/el2nbest/hl/ipc50 w70 s42:  48%|████▊     | 145/300 [1:42:12<1:51:32, 43.18s/ep][A

tin/rn18/el2nbest/hl/ipc50 w70 s42:  49%|████▊     | 146/300 [1:42:54<1:50:31, 43.06s/ep][A

tin/rn18/el2nbest/hl/ipc50 w70 s42:  49%|████▉     | 147/300 [1:43:37<1:49:38, 42.99s/ep][A

tin/rn18/el2nbest/hl/ipc50 w70 s42:  49%|████▉     | 148/300 [1:44:20<1:48:45, 42.93s/ep][A

tin/rn18/el2nbest/hl/ipc50 w70 s42:  50%|████▉     | 149/300 [1:45:03<1:48:00, 42.92s/ep][A

tin/rn18/el2nbest/hl/ipc50 w70 s42:  50%|█████     | 150/300 [1:45:46<1:47:23, 42.96s/ep][A

tin/rn18/el2nbest/hl/ipc50 w70 s42:  50%|█████     | 151/300 [1:46:29<1:46:41, 42.96s/ep][A

tin/rn18/el2nbest/hl/ipc50 w70 s42:  51%|█████     | 152/300 [1:47:12<1:46:06, 43.01s/ep][A

tin/rn18/el2nbest/hl/ipc50 w70 s42:  51%|█████     | 153/300 [1:47:55<1:45:20, 43.00s/ep][A

tin/rn18/el2nbest/hl/ipc50 w70 s42:  51%|█████▏    | 154/300 [1:48:38<1:44:32, 42.96s/ep][A

tin/rn18/el2nbest/hl/ipc50 w70 s42:  52%|█████▏    | 155/300 [1:49:21<1:43:51, 42.97s/ep][A

tin/rn18/el2nbest/hl/ipc50 w70 s42:  52%|█████▏    | 156/300 [1:50:04<1:43:08, 42.97s/ep][A

tin/rn18/el2nbest/hl/ipc50 w70 s42:  52%|█████▏    | 157/300 [1:50:47<1:42:33, 43.03s/ep][A

tin/rn18/el2nbest/hl/ipc50 w70 s42:  53%|█████▎    | 158/300 [1:51:30<1:41:59, 43.10s/ep][A

tin/rn18/el2nbest/hl/ipc50 w70 s42:  53%|█████▎    | 159/300 [1:52:14<1:41:20, 43.12s/ep][A

tin/rn18/el2nbest/hl/ipc50 w70 s42:  53%|█████▎    | 160/300 [1:52:57<1:40:36, 43.12s/ep][A

tin/rn18/el2nbest/hl/ipc50 w70 s42:  54%|█████▎    | 161/300 [1:53:40<1:39:58, 43.15s/ep][A

tin/rn18/el2nbest/hl/ipc50 w70 s42:  54%|█████▍    | 162/300 [1:54:23<1:39:19, 43.19s/ep][A

tin/rn18/el2nbest/hl/ipc50 w70 s42:  54%|█████▍    | 163/300 [1:55:06<1:38:37, 43.19s/ep][A

tin/rn18/el2nbest/hl/ipc50 w70 s42:  55%|█████▍    | 164/300 [1:55:49<1:37:47, 43.14s/ep][A

tin/rn18/el2nbest/hl/ipc50 w70 s42:  55%|█████▌    | 165/300 [1:56:32<1:36:53, 43.06s/ep][A

tin/rn18/el2nbest/hl/ipc50 w70 s42:  55%|█████▌    | 166/300 [1:57:15<1:36:08, 43.05s/ep][A

tin/rn18/el2nbest/hl/ipc50 w70 s42:  56%|█████▌    | 167/300 [1:57:58<1:35:18, 43.00s/ep][A

tin/rn18/el2nbest/hl/ipc50 w70 s42:  56%|█████▌    | 168/300 [1:58:41<1:34:34, 42.99s/ep][A

tin/rn18/el2nbest/hl/ipc50 w70 s42:  56%|█████▋    | 169/300 [1:59:25<1:34:05, 43.10s/ep][A

tin/rn18/el2nbest/hl/ipc50 w70 s42:  57%|█████▋    | 170/300 [2:00:08<1:33:34, 43.19s/ep][A

tin/rn18/el2nbest/hl/ipc50 w70 s42:  57%|█████▋    | 171/300 [2:00:51<1:32:40, 43.10s/ep][A

tin/rn18/el2nbest/hl/ipc50 w70 s42:  57%|█████▋    | 172/300 [2:01:34<1:31:54, 43.08s/ep][A

tin/rn18/el2nbest/hl/ipc50 w70 s42:  58%|█████▊    | 173/300 [2:02:17<1:31:05, 43.03s/ep][A

tin/rn18/el2nbest/hl/ipc50 w70 s42:  58%|█████▊    | 174/300 [2:03:00<1:30:32, 43.12s/ep][A

tin/rn18/el2nbest/hl/ipc50 w70 s42:  58%|█████▊    | 175/300 [2:03:43<1:29:56, 43.17s/ep][A

tin/rn18/el2nbest/hl/ipc50 w70 s42:  59%|█████▊    | 176/300 [2:04:27<1:29:15, 43.19s/ep][A

tin/rn18/el2nbest/hl/ipc50 w70 s42:  59%|█████▉    | 177/300 [2:05:10<1:28:33, 43.20s/ep][A

tin/rn18/el2nbest/hl/ipc50 w70 s42:  59%|█████▉    | 178/300 [2:05:53<1:27:48, 43.18s/ep][A

tin/rn18/el2nbest/hl/ipc50 w70 s42:  60%|█████▉    | 179/300 [2:06:36<1:26:53, 43.09s/ep][A

tin/rn18/el2nbest/hl/ipc50 w70 s42:  60%|██████    | 180/300 [2:07:19<1:26:08, 43.07s/ep][A

tin/rn18/el2nbest/hl/ipc50 w70 s42:  60%|██████    | 181/300 [2:08:02<1:25:21, 43.04s/ep][A

tin/rn18/el2nbest/hl/ipc50 w70 s42:  61%|██████    | 182/300 [2:08:45<1:24:35, 43.02s/ep][A

tin/rn18/el2nbest/hl/ipc50 w70 s42:  61%|██████    | 183/300 [2:09:28<1:23:55, 43.04s/ep][A

tin/rn18/el2nbest/hl/ipc50 w70 s42:  61%|██████▏   | 184/300 [2:10:11<1:23:14, 43.05s/ep][A

tin/rn18/el2nbest/hl/ipc50 w70 s42:  62%|██████▏   | 185/300 [2:10:54<1:22:31, 43.05s/ep][A

tin/rn18/el2nbest/hl/ipc50 w70 s42:  62%|██████▏   | 186/300 [2:11:37<1:21:44, 43.02s/ep][A

tin/rn18/el2nbest/hl/ipc50 w70 s42:  62%|██████▏   | 187/300 [2:12:20<1:21:13, 43.13s/ep][A

tin/rn18/el2nbest/hl/ipc50 w70 s42:  63%|██████▎   | 188/300 [2:13:04<1:20:50, 43.30s/ep][A

tin/rn18/el2nbest/hl/ipc50 w70 s42:  63%|██████▎   | 189/300 [2:13:48<1:20:31, 43.53s/ep][A

tin/rn18/el2nbest/hl/ipc50 w70 s42:  63%|██████▎   | 190/300 [2:14:32<1:20:06, 43.70s/ep][A

tin/rn18/el2nbest/hl/ipc50 w70 s42:  64%|██████▎   | 191/300 [2:15:16<1:19:34, 43.80s/ep][A

tin/rn18/el2nbest/hl/ipc50 w70 s42:  64%|██████▍   | 192/300 [2:16:01<1:19:05, 43.94s/ep][A

tin/rn18/el2nbest/hl/ipc50 w70 s42:  64%|██████▍   | 193/300 [2:16:45<1:18:23, 43.96s/ep][A

tin/rn18/el2nbest/hl/ipc50 w70 s42:  65%|██████▍   | 194/300 [2:17:28<1:17:34, 43.91s/ep][A

tin/rn18/el2nbest/hl/ipc50 w70 s42:  65%|██████▌   | 195/300 [2:18:12<1:16:50, 43.91s/ep][A

tin/rn18/el2nbest/hl/ipc50 w70 s42:  65%|██████▌   | 196/300 [2:18:56<1:16:14, 43.99s/ep][A

tin/rn18/el2nbest/hl/ipc50 w70 s42:  66%|██████▌   | 197/300 [2:19:40<1:15:23, 43.92s/ep][A

tin/rn18/el2nbest/hl/ipc50 w70 s42:  66%|██████▌   | 198/300 [2:20:24<1:14:25, 43.78s/ep][A

tin/rn18/el2nbest/hl/ipc50 w70 s42:  66%|██████▋   | 199/300 [2:21:07<1:13:29, 43.66s/ep][A

tin/rn18/el2nbest/hl/ipc50 w70 s42:  67%|██████▋   | 200/300 [2:21:51<1:12:51, 43.71s/ep][A

tin/rn18/el2nbest/hl/ipc50 w70 s42:  67%|██████▋   | 201/300 [2:22:35<1:12:12, 43.76s/ep][A

tin/rn18/el2nbest/hl/ipc50 w70 s42:  67%|██████▋   | 202/300 [2:23:18<1:11:18, 43.66s/ep][A

tin/rn18/el2nbest/hl/ipc50 w70 s42:  68%|██████▊   | 203/300 [2:24:02<1:10:27, 43.58s/ep][A

tin/rn18/el2nbest/hl/ipc50 w70 s42:  68%|██████▊   | 204/300 [2:24:45<1:09:36, 43.51s/ep][A

tin/rn18/el2nbest/hl/ipc50 w70 s42:  68%|██████▊   | 205/300 [2:25:28<1:08:46, 43.43s/ep][A

tin/rn18/el2nbest/hl/ipc50 w70 s42:  69%|██████▊   | 206/300 [2:26:11<1:07:56, 43.37s/ep][A

tin/rn18/el2nbest/hl/ipc50 w70 s42:  69%|██████▉   | 207/300 [2:26:54<1:07:05, 43.28s/ep][A

tin/rn18/el2nbest/hl/ipc50 w70 s42:  69%|██████▉   | 208/300 [2:27:37<1:06:06, 43.11s/ep][A

tin/rn18/el2nbest/hl/ipc50 w70 s42:  70%|██████▉   | 209/300 [2:28:20<1:05:17, 43.05s/ep][A

tin/rn18/el2nbest/hl/ipc50 w70 s42:  70%|███████   | 210/300 [2:29:03<1:04:44, 43.16s/ep][A

tin/rn18/el2nbest/hl/ipc50 w70 s42:  70%|███████   | 211/300 [2:29:47<1:04:22, 43.40s/ep][A

tin/rn18/el2nbest/hl/ipc50 w70 s42:  71%|███████   | 212/300 [2:30:32<1:04:03, 43.68s/ep][A

tin/rn18/el2nbest/hl/ipc50 w70 s42:  71%|███████   | 213/300 [2:31:16<1:03:35, 43.85s/ep][A

tin/rn18/el2nbest/hl/ipc50 w70 s42:  71%|███████▏  | 214/300 [2:32:00<1:03:06, 44.03s/ep][A

tin/rn18/el2nbest/hl/ipc50 w70 s42:  72%|███████▏  | 215/300 [2:32:45<1:02:39, 44.23s/ep][A

tin/rn18/el2nbest/hl/ipc50 w70 s42:  72%|███████▏  | 216/300 [2:33:30<1:02:01, 44.31s/ep][A

tin/rn18/el2nbest/hl/ipc50 w70 s42:  72%|███████▏  | 217/300 [2:34:14<1:01:15, 44.29s/ep][A

tin/rn18/el2nbest/hl/ipc50 w70 s42:  73%|███████▎  | 218/300 [2:34:58<1:00:26, 44.23s/ep][A

tin/rn18/el2nbest/hl/ipc50 w70 s42:  73%|███████▎  | 219/300 [2:35:42<59:39, 44.19s/ep]  [A

tin/rn18/el2nbest/hl/ipc50 w70 s42:  73%|███████▎  | 220/300 [2:36:26<58:54, 44.18s/ep][A

tin/rn18/el2nbest/hl/ipc50 w70 s42:  74%|███████▎  | 221/300 [2:37:10<58:03, 44.09s/ep][A

tin/rn18/el2nbest/hl/ipc50 w70 s42:  74%|███████▍  | 222/300 [2:37:52<56:37, 43.55s/ep][A

tin/rn18/el2nbest/hl/ipc50 w70 s42:  74%|███████▍  | 223/300 [2:38:34<55:14, 43.05s/ep][A

tin/rn18/el2nbest/hl/ipc50 w70 s42:  75%|███████▍  | 224/300 [2:39:17<54:13, 42.81s/ep][A

tin/rn18/el2nbest/hl/ipc50 w70 s42:  75%|███████▌  | 225/300 [2:39:59<53:26, 42.75s/ep][A

tin/rn18/el2nbest/hl/ipc50 w70 s42:  75%|███████▌  | 226/300 [2:40:42<52:42, 42.74s/ep][A

tin/rn18/el2nbest/hl/ipc50 w70 s42:  76%|███████▌  | 227/300 [2:41:25<51:58, 42.72s/ep][A

tin/rn18/el2nbest/hl/ipc50 w70 s42:  76%|███████▌  | 228/300 [2:42:07<51:18, 42.76s/ep][A

tin/rn18/el2nbest/hl/ipc50 w70 s42:  76%|███████▋  | 229/300 [2:42:50<50:38, 42.79s/ep][A

tin/rn18/el2nbest/hl/ipc50 w70 s42:  77%|███████▋  | 230/300 [2:43:33<49:59, 42.85s/ep][A

tin/rn18/el2nbest/hl/ipc50 w70 s42:  77%|███████▋  | 231/300 [2:44:16<49:14, 42.82s/ep][A

tin/rn18/el2nbest/hl/ipc50 w70 s42:  77%|███████▋  | 232/300 [2:44:59<48:31, 42.82s/ep][A

tin/rn18/el2nbest/hl/ipc50 w70 s42:  78%|███████▊  | 233/300 [2:45:42<47:50, 42.84s/ep][A

tin/rn18/el2nbest/hl/ipc50 w70 s42:  78%|███████▊  | 234/300 [2:46:25<47:07, 42.83s/ep][A

tin/rn18/el2nbest/hl/ipc50 w70 s42:  78%|███████▊  | 235/300 [2:47:08<46:28, 42.90s/ep][A

tin/rn18/el2nbest/hl/ipc50 w70 s42:  79%|███████▊  | 236/300 [2:47:51<45:48, 42.95s/ep][A

tin/rn18/el2nbest/hl/ipc50 w70 s42:  79%|███████▉  | 237/300 [2:48:34<45:13, 43.08s/ep][A

tin/rn18/el2nbest/hl/ipc50 w70 s42:  79%|███████▉  | 238/300 [2:49:17<44:35, 43.15s/ep][A

tin/rn18/el2nbest/hl/ipc50 w70 s42:  80%|███████▉  | 239/300 [2:50:01<43:53, 43.17s/ep][A

tin/rn18/el2nbest/hl/ipc50 w70 s42:  80%|████████  | 240/300 [2:50:44<43:09, 43.16s/ep][A

tin/rn18/el2nbest/hl/ipc50 w70 s42:  80%|████████  | 241/300 [2:51:27<42:20, 43.06s/ep][A

tin/rn18/el2nbest/hl/ipc50 w70 s42:  81%|████████  | 242/300 [2:52:09<41:32, 42.98s/ep][A

tin/rn18/el2nbest/hl/ipc50 w70 s42:  81%|████████  | 243/300 [2:52:52<40:50, 43.00s/ep][A

tin/rn18/el2nbest/hl/ipc50 w70 s42:  81%|████████▏ | 244/300 [2:53:35<40:10, 43.04s/ep][A

tin/rn18/el2nbest/hl/ipc50 w70 s42:  82%|████████▏ | 245/300 [2:54:19<39:27, 43.05s/ep][A

tin/rn18/el2nbest/hl/ipc50 w70 s42:  82%|████████▏ | 246/300 [2:55:02<38:47, 43.10s/ep][A

tin/rn18/el2nbest/hl/ipc50 w70 s42:  82%|████████▏ | 247/300 [2:55:45<38:01, 43.04s/ep][A

tin/rn18/el2nbest/hl/ipc50 w70 s42:  83%|████████▎ | 248/300 [2:56:28<37:15, 42.98s/ep][A

tin/rn18/el2nbest/hl/ipc50 w70 s42:  83%|████████▎ | 249/300 [2:57:10<36:28, 42.91s/ep][A

tin/rn18/el2nbest/hl/ipc50 w70 s42:  83%|████████▎ | 250/300 [2:57:53<35:47, 42.96s/ep][A

tin/rn18/el2nbest/hl/ipc50 w70 s42:  84%|████████▎ | 251/300 [2:58:37<35:08, 43.04s/ep][A

tin/rn18/el2nbest/hl/ipc50 w70 s42:  84%|████████▍ | 252/300 [2:59:20<34:27, 43.07s/ep][A

tin/rn18/el2nbest/hl/ipc50 w70 s42:  84%|████████▍ | 253/300 [3:00:03<33:46, 43.12s/ep][A

tin/rn18/el2nbest/hl/ipc50 w70 s42:  85%|████████▍ | 254/300 [3:00:46<33:04, 43.14s/ep][A

tin/rn18/el2nbest/hl/ipc50 w70 s42:  85%|████████▌ | 255/300 [3:01:30<32:24, 43.21s/ep][A

tin/rn18/el2nbest/hl/ipc50 w70 s42:  85%|████████▌ | 256/300 [3:02:13<31:45, 43.32s/ep][A

tin/rn18/el2nbest/hl/ipc50 w70 s42:  86%|████████▌ | 257/300 [3:02:57<31:05, 43.38s/ep][A

tin/rn18/el2nbest/hl/ipc50 w70 s42:  86%|████████▌ | 258/300 [3:03:41<30:28, 43.54s/ep][A

tin/rn18/el2nbest/hl/ipc50 w70 s42:  86%|████████▋ | 259/300 [3:04:24<29:49, 43.66s/ep][A

tin/rn18/el2nbest/hl/ipc50 w70 s42:  87%|████████▋ | 260/300 [3:05:08<29:06, 43.67s/ep][A

tin/rn18/el2nbest/hl/ipc50 w70 s42:  87%|████████▋ | 261/300 [3:05:52<28:23, 43.67s/ep][A

tin/rn18/el2nbest/hl/ipc50 w70 s42:  87%|████████▋ | 262/300 [3:06:35<27:38, 43.65s/ep][A

tin/rn18/el2nbest/hl/ipc50 w70 s42:  88%|████████▊ | 263/300 [3:07:19<26:52, 43.57s/ep][A

tin/rn18/el2nbest/hl/ipc50 w70 s42:  88%|████████▊ | 264/300 [3:08:02<26:05, 43.49s/ep][A

tin/rn18/el2nbest/hl/ipc50 w70 s42:  88%|████████▊ | 265/300 [3:08:45<25:18, 43.39s/ep][A

tin/rn18/el2nbest/hl/ipc50 w70 s42:  89%|████████▊ | 266/300 [3:09:29<24:34, 43.36s/ep][A

tin/rn18/el2nbest/hl/ipc50 w70 s42:  89%|████████▉ | 267/300 [3:10:12<23:51, 43.39s/ep][A

tin/rn18/el2nbest/hl/ipc50 w70 s42:  89%|████████▉ | 268/300 [3:10:56<23:10, 43.46s/ep][A

tin/rn18/el2nbest/hl/ipc50 w70 s42:  90%|████████▉ | 269/300 [3:11:39<22:26, 43.45s/ep][A

tin/rn18/el2nbest/hl/ipc50 w70 s42:  90%|█████████ | 270/300 [3:12:23<21:45, 43.53s/ep][A

tin/rn18/el2nbest/hl/ipc50 w70 s42:  90%|█████████ | 271/300 [3:13:06<21:02, 43.54s/ep][A

tin/rn18/el2nbest/hl/ipc50 w70 s42:  91%|█████████ | 272/300 [3:13:50<20:17, 43.47s/ep][A

tin/rn18/el2nbest/hl/ipc50 w70 s42:  91%|█████████ | 273/300 [3:14:33<19:31, 43.39s/ep][A

tin/rn18/el2nbest/hl/ipc50 w70 s42:  91%|█████████▏| 274/300 [3:15:16<18:46, 43.34s/ep][A

tin/rn18/el2nbest/hl/ipc50 w70 s42:  92%|█████████▏| 275/300 [3:15:59<18:03, 43.32s/ep][A

tin/rn18/el2nbest/hl/ipc50 w70 s42:  92%|█████████▏| 276/300 [3:16:42<17:18, 43.26s/ep][A

tin/rn18/el2nbest/hl/ipc50 w70 s42:  92%|█████████▏| 277/300 [3:17:25<16:33, 43.18s/ep][A

tin/rn18/el2nbest/hl/ipc50 w70 s42:  93%|█████████▎| 278/300 [3:18:09<15:49, 43.18s/ep][A

tin/rn18/el2nbest/hl/ipc50 w70 s42:  93%|█████████▎| 279/300 [3:18:52<15:06, 43.16s/ep][A

tin/rn18/el2nbest/hl/ipc50 w70 s42:  93%|█████████▎| 280/300 [3:19:35<14:22, 43.14s/ep][A

tin/rn18/el2nbest/hl/ipc50 w70 s42:  94%|█████████▎| 281/300 [3:20:18<13:39, 43.14s/ep][A

tin/rn18/el2nbest/hl/ipc50 w70 s42:  94%|█████████▍| 282/300 [3:21:01<12:55, 43.11s/ep][A

tin/rn18/el2nbest/hl/ipc50 w70 s42:  94%|█████████▍| 283/300 [3:21:44<12:12, 43.08s/ep][A

tin/rn18/el2nbest/hl/ipc50 w70 s42:  95%|█████████▍| 284/300 [3:22:27<11:28, 43.04s/ep][A

tin/rn18/el2nbest/hl/ipc50 w70 s42:  95%|█████████▌| 285/300 [3:23:10<10:46, 43.09s/ep][A

tin/rn18/el2nbest/hl/ipc50 w70 s42:  95%|█████████▌| 286/300 [3:23:53<10:03, 43.12s/ep][A

tin/rn18/el2nbest/hl/ipc50 w70 s42:  96%|█████████▌| 287/300 [3:24:37<09:21, 43.19s/ep][A

tin/rn18/el2nbest/hl/ipc50 w70 s42:  96%|█████████▌| 288/300 [3:25:20<08:38, 43.23s/ep][A

tin/rn18/el2nbest/hl/ipc50 w70 s42:  96%|█████████▋| 289/300 [3:26:04<07:56, 43.34s/ep][A

tin/rn18/el2nbest/hl/ipc50 w70 s42:  97%|█████████▋| 290/300 [3:26:48<07:15, 43.51s/ep][A

tin/rn18/el2nbest/hl/ipc50 w70 s42:  97%|█████████▋| 291/300 [3:27:31<06:31, 43.46s/ep][A

tin/rn18/el2nbest/hl/ipc50 w70 s42:  97%|█████████▋| 292/300 [3:28:14<05:47, 43.48s/ep][A

tin/rn18/el2nbest/hl/ipc50 w70 s42:  98%|█████████▊| 293/300 [3:28:58<05:04, 43.49s/ep][A

tin/rn18/el2nbest/hl/ipc50 w70 s42:  98%|█████████▊| 294/300 [3:29:41<04:20, 43.42s/ep][A

tin/rn18/el2nbest/hl/ipc50 w70 s42:  98%|█████████▊| 295/300 [3:30:25<03:37, 43.40s/ep][A

tin/rn18/el2nbest/hl/ipc50 w70 s42:  99%|█████████▊| 296/300 [3:31:08<02:53, 43.33s/ep][A

tin/rn18/el2nbest/hl/ipc50 w70 s42:  99%|█████████▉| 297/300 [3:31:51<02:09, 43.28s/ep][A

tin/rn18/el2nbest/hl/ipc50 w70 s42:  99%|█████████▉| 298/300 [3:32:34<01:26, 43.13s/ep][A

tin/rn18/el2nbest/hl/ipc50 w70 s42: 100%|█████████▉| 299/300 [3:33:17<00:43, 43.10s/ep][A

tin/rn18/el2nbest/hl/ipc50 w70 s42: 100%|██████████| 300/300 [3:34:00<00:00, 43.09s/ep][A

                                                                                       [A[cell] tin/rn18/el2nbest/hl/ipc50 window 70%: 24.19%  (12855s)


tin/rn18/el2nbest/hl/ipc50 w80 s42:   0%|          | 0/300 [00:00<?, ?ep/s][A

tin/rn18/el2nbest/hl/ipc50 w80 s42:   0%|          | 1/300 [00:42<3:32:36, 42.67s/ep][A

tin/rn18/el2nbest/hl/ipc50 w80 s42:   1%|          | 2/300 [01:25<3:33:00, 42.89s/ep][A

tin/rn18/el2nbest/hl/ipc50 w80 s42:   1%|          | 3/300 [02:08<3:33:04, 43.04s/ep][A

tin/rn18/el2nbest/hl/ipc50 w80 s42:   1%|▏         | 4/300 [02:52<3:33:00, 43.18s/ep][A

tin/rn18/el2nbest/hl/ipc50 w80 s42:   2%|▏         | 5/300 [03:35<3:33:07, 43.35s/ep][A

tin/rn18/el2nbest/hl/ipc50 w80 s42:   2%|▏         | 6/300 [04:19<3:32:43, 43.41s/ep][A

tin/rn18/el2nbest/hl/ipc50 w80 s42:   2%|▏         | 7/300 [05:03<3:32:11, 43.45s/ep][A

tin/rn18/el2nbest/hl/ipc50 w80 s42:   3%|▎         | 8/300 [05:46<3:31:20, 43.43s/ep][A

tin/rn18/el2nbest/hl/ipc50 w80 s42:   3%|▎         | 9/300 [06:29<3:30:30, 43.40s/ep][A

tin/rn18/el2nbest/hl/ipc50 w80 s42:   3%|▎         | 10/300 [07:13<3:30:11, 43.49s/ep][A

tin/rn18/el2nbest/hl/ipc50 w80 s42:   4%|▎         | 11/300 [07:56<3:29:21, 43.47s/ep][A

tin/rn18/el2nbest/hl/ipc50 w80 s42:   4%|▍         | 12/300 [08:40<3:28:13, 43.38s/ep][A

tin/rn18/el2nbest/hl/ipc50 w80 s42:   4%|▍         | 13/300 [09:23<3:27:28, 43.37s/ep][A

tin/rn18/el2nbest/hl/ipc50 w80 s42:   5%|▍         | 14/300 [10:06<3:26:25, 43.30s/ep][A

tin/rn18/el2nbest/hl/ipc50 w80 s42:   5%|▌         | 15/300 [10:49<3:25:14, 43.21s/ep][A

tin/rn18/el2nbest/hl/ipc50 w80 s42:   5%|▌         | 16/300 [11:32<3:24:17, 43.16s/ep][A

tin/rn18/el2nbest/hl/ipc50 w80 s42:   6%|▌         | 17/300 [12:15<3:23:32, 43.15s/ep][A

tin/rn18/el2nbest/hl/ipc50 w80 s42:   6%|▌         | 18/300 [12:58<3:22:36, 43.11s/ep][A

tin/rn18/el2nbest/hl/ipc50 w80 s42:   6%|▋         | 19/300 [13:41<3:21:55, 43.12s/ep][A

tin/rn18/el2nbest/hl/ipc50 w80 s42:   7%|▋         | 20/300 [14:25<3:21:16, 43.13s/ep][A

tin/rn18/el2nbest/hl/ipc50 w80 s42:   7%|▋         | 21/300 [15:08<3:20:46, 43.18s/ep][A

tin/rn18/el2nbest/hl/ipc50 w80 s42:   7%|▋         | 22/300 [15:51<3:20:08, 43.19s/ep][A

tin/rn18/el2nbest/hl/ipc50 w80 s42:   8%|▊         | 23/300 [16:34<3:19:30, 43.21s/ep][A

tin/rn18/el2nbest/hl/ipc50 w80 s42:   8%|▊         | 24/300 [17:17<3:18:38, 43.18s/ep][A

tin/rn18/el2nbest/hl/ipc50 w80 s42:   8%|▊         | 25/300 [18:00<3:17:39, 43.13s/ep][A

tin/rn18/el2nbest/hl/ipc50 w80 s42:   9%|▊         | 26/300 [18:44<3:17:15, 43.19s/ep][A

tin/rn18/el2nbest/hl/ipc50 w80 s42:   9%|▉         | 27/300 [19:27<3:16:34, 43.20s/ep][A

tin/rn18/el2nbest/hl/ipc50 w80 s42:   9%|▉         | 28/300 [20:10<3:15:56, 43.22s/ep][A

tin/rn18/el2nbest/hl/ipc50 w80 s42:  10%|▉         | 29/300 [20:53<3:15:00, 43.18s/ep][A

tin/rn18/el2nbest/hl/ipc50 w80 s42:  10%|█         | 30/300 [21:36<3:13:56, 43.10s/ep][A

tin/rn18/el2nbest/hl/ipc50 w80 s42:  10%|█         | 31/300 [22:19<3:13:16, 43.11s/ep][A

tin/rn18/el2nbest/hl/ipc50 w80 s42:  11%|█         | 32/300 [23:02<3:12:10, 43.02s/ep][A

tin/rn18/el2nbest/hl/ipc50 w80 s42:  11%|█         | 33/300 [23:45<3:11:20, 43.00s/ep][A

tin/rn18/el2nbest/hl/ipc50 w80 s42:  11%|█▏        | 34/300 [24:28<3:10:44, 43.02s/ep][A

tin/rn18/el2nbest/hl/ipc50 w80 s42:  12%|█▏        | 35/300 [25:11<3:10:13, 43.07s/ep][A

tin/rn18/el2nbest/hl/ipc50 w80 s42:  12%|█▏        | 36/300 [25:55<3:10:28, 43.29s/ep][A

tin/rn18/el2nbest/hl/ipc50 w80 s42:  12%|█▏        | 37/300 [26:39<3:10:55, 43.56s/ep][A

tin/rn18/el2nbest/hl/ipc50 w80 s42:  13%|█▎        | 38/300 [27:24<3:11:11, 43.78s/ep][A

tin/rn18/el2nbest/hl/ipc50 w80 s42:  13%|█▎        | 39/300 [28:08<3:11:29, 44.02s/ep][A

tin/rn18/el2nbest/hl/ipc50 w80 s42:  13%|█▎        | 40/300 [28:53<3:11:20, 44.16s/ep][A

tin/rn18/el2nbest/hl/ipc50 w80 s42:  14%|█▎        | 41/300 [29:37<3:10:50, 44.21s/ep][A

tin/rn18/el2nbest/hl/ipc50 w80 s42:  14%|█▍        | 42/300 [30:21<3:09:58, 44.18s/ep][A

tin/rn18/el2nbest/hl/ipc50 w80 s42:  14%|█▍        | 43/300 [31:05<3:09:09, 44.16s/ep][A

tin/rn18/el2nbest/hl/ipc50 w80 s42:  15%|█▍        | 44/300 [31:49<3:08:20, 44.14s/ep][A

tin/rn18/el2nbest/hl/ipc50 w80 s42:  15%|█▌        | 45/300 [32:34<3:07:56, 44.22s/ep][A

tin/rn18/el2nbest/hl/ipc50 w80 s42:  15%|█▌        | 46/300 [33:19<3:07:52, 44.38s/ep][A

tin/rn18/el2nbest/hl/ipc50 w80 s42:  16%|█▌        | 47/300 [34:03<3:07:41, 44.51s/ep][A

tin/rn18/el2nbest/hl/ipc50 w80 s42:  16%|█▌        | 48/300 [34:48<3:06:41, 44.45s/ep][A

tin/rn18/el2nbest/hl/ipc50 w80 s42:  16%|█▋        | 49/300 [35:32<3:06:00, 44.46s/ep][A

tin/rn18/el2nbest/hl/ipc50 w80 s42:  17%|█▋        | 50/300 [36:17<3:05:34, 44.54s/ep][A

tin/rn18/el2nbest/hl/ipc50 w80 s42:  17%|█▋        | 51/300 [37:01<3:04:09, 44.38s/ep][A

tin/rn18/el2nbest/hl/ipc50 w80 s42:  17%|█▋        | 52/300 [37:45<3:02:52, 44.24s/ep][A

tin/rn18/el2nbest/hl/ipc50 w80 s42:  18%|█▊        | 53/300 [38:29<3:01:57, 44.20s/ep][A

tin/rn18/el2nbest/hl/ipc50 w80 s42:  18%|█▊        | 54/300 [39:13<3:01:09, 44.19s/ep][A

tin/rn18/el2nbest/hl/ipc50 w80 s42:  18%|█▊        | 55/300 [39:57<3:00:11, 44.13s/ep][A

tin/rn18/el2nbest/hl/ipc50 w80 s42:  19%|█▊        | 56/300 [40:41<2:58:47, 43.97s/ep][A

tin/rn18/el2nbest/hl/ipc50 w80 s42:  19%|█▉        | 57/300 [41:24<2:57:22, 43.80s/ep][A

tin/rn18/el2nbest/hl/ipc50 w80 s42:  19%|█▉        | 58/300 [42:07<2:56:02, 43.65s/ep][A

tin/rn18/el2nbest/hl/ipc50 w80 s42:  20%|█▉        | 59/300 [42:51<2:54:46, 43.51s/ep][A

tin/rn18/el2nbest/hl/ipc50 w80 s42:  20%|██        | 60/300 [43:34<2:53:57, 43.49s/ep][A

tin/rn18/el2nbest/hl/ipc50 w80 s42:  20%|██        | 61/300 [44:17<2:52:59, 43.43s/ep][A

tin/rn18/el2nbest/hl/ipc50 w80 s42:  21%|██        | 62/300 [45:01<2:52:10, 43.41s/ep][A

tin/rn18/el2nbest/hl/ipc50 w80 s42:  21%|██        | 63/300 [45:44<2:51:25, 43.40s/ep][A

tin/rn18/el2nbest/hl/ipc50 w80 s42:  21%|██▏       | 64/300 [46:27<2:50:36, 43.37s/ep][A

tin/rn18/el2nbest/hl/ipc50 w80 s42:  22%|██▏       | 65/300 [47:11<2:50:09, 43.45s/ep][A

tin/rn18/el2nbest/hl/ipc50 w80 s42:  22%|██▏       | 66/300 [47:55<2:49:59, 43.59s/ep][A

tin/rn18/el2nbest/hl/ipc50 w80 s42:  22%|██▏       | 67/300 [48:39<2:49:21, 43.61s/ep][A

tin/rn18/el2nbest/hl/ipc50 w80 s42:  23%|██▎       | 68/300 [49:22<2:48:27, 43.57s/ep][A

tin/rn18/el2nbest/hl/ipc50 w80 s42:  23%|██▎       | 69/300 [50:06<2:47:40, 43.55s/ep][A

tin/rn18/el2nbest/hl/ipc50 w80 s42:  23%|██▎       | 70/300 [50:49<2:47:06, 43.59s/ep][A

tin/rn18/el2nbest/hl/ipc50 w80 s42:  24%|██▎       | 71/300 [51:33<2:46:43, 43.68s/ep][A

tin/rn18/el2nbest/hl/ipc50 w80 s42:  24%|██▍       | 72/300 [52:17<2:46:06, 43.71s/ep][A

tin/rn18/el2nbest/hl/ipc50 w80 s42:  24%|██▍       | 73/300 [53:00<2:45:16, 43.68s/ep][A

tin/rn18/el2nbest/hl/ipc50 w80 s42:  25%|██▍       | 74/300 [53:44<2:44:12, 43.59s/ep][A

tin/rn18/el2nbest/hl/ipc50 w80 s42:  25%|██▌       | 75/300 [54:27<2:43:10, 43.51s/ep][A

tin/rn18/el2nbest/hl/ipc50 w80 s42:  25%|██▌       | 76/300 [55:10<2:42:02, 43.41s/ep][A

tin/rn18/el2nbest/hl/ipc50 w80 s42:  26%|██▌       | 77/300 [55:54<2:41:34, 43.47s/ep][A

tin/rn18/el2nbest/hl/ipc50 w80 s42:  26%|██▌       | 78/300 [56:37<2:40:48, 43.46s/ep][A

tin/rn18/el2nbest/hl/ipc50 w80 s42:  26%|██▋       | 79/300 [57:21<2:40:15, 43.51s/ep][A

tin/rn18/el2nbest/hl/ipc50 w80 s42:  27%|██▋       | 80/300 [58:04<2:39:25, 43.48s/ep][A

tin/rn18/el2nbest/hl/ipc50 w80 s42:  27%|██▋       | 81/300 [58:48<2:38:23, 43.40s/ep][A

tin/rn18/el2nbest/hl/ipc50 w80 s42:  27%|██▋       | 82/300 [59:31<2:37:28, 43.34s/ep][A

tin/rn18/el2nbest/hl/ipc50 w80 s42:  28%|██▊       | 83/300 [1:00:14<2:36:40, 43.32s/ep][A

tin/rn18/el2nbest/hl/ipc50 w80 s42:  28%|██▊       | 84/300 [1:00:57<2:35:44, 43.26s/ep][A

tin/rn18/el2nbest/hl/ipc50 w80 s42:  28%|██▊       | 85/300 [1:01:41<2:35:14, 43.32s/ep][A

tin/rn18/el2nbest/hl/ipc50 w80 s42:  29%|██▊       | 86/300 [1:02:24<2:34:34, 43.34s/ep][A

tin/rn18/el2nbest/hl/ipc50 w80 s42:  29%|██▉       | 87/300 [1:03:07<2:33:27, 43.23s/ep][A

tin/rn18/el2nbest/hl/ipc50 w80 s42:  29%|██▉       | 88/300 [1:03:50<2:32:45, 43.23s/ep][A

tin/rn18/el2nbest/hl/ipc50 w80 s42:  30%|██▉       | 89/300 [1:04:34<2:32:10, 43.27s/ep][A

tin/rn18/el2nbest/hl/ipc50 w80 s42:  30%|███       | 90/300 [1:05:17<2:31:08, 43.18s/ep][A

tin/rn18/el2nbest/hl/ipc50 w80 s42:  30%|███       | 91/300 [1:06:00<2:30:08, 43.10s/ep][A

tin/rn18/el2nbest/hl/ipc50 w80 s42:  31%|███       | 92/300 [1:06:43<2:29:17, 43.07s/ep][A

tin/rn18/el2nbest/hl/ipc50 w80 s42:  31%|███       | 93/300 [1:07:26<2:28:33, 43.06s/ep][A

tin/rn18/el2nbest/hl/ipc50 w80 s42:  31%|███▏      | 94/300 [1:08:09<2:27:48, 43.05s/ep][A

tin/rn18/el2nbest/hl/ipc50 w80 s42:  32%|███▏      | 95/300 [1:08:52<2:27:05, 43.05s/ep][A

tin/rn18/el2nbest/hl/ipc50 w80 s42:  32%|███▏      | 96/300 [1:09:35<2:26:43, 43.16s/ep][A

tin/rn18/el2nbest/hl/ipc50 w80 s42:  32%|███▏      | 97/300 [1:10:18<2:26:09, 43.20s/ep][A

tin/rn18/el2nbest/hl/ipc50 w80 s42:  33%|███▎      | 98/300 [1:11:02<2:25:26, 43.20s/ep][A

tin/rn18/el2nbest/hl/ipc50 w80 s42:  33%|███▎      | 99/300 [1:11:45<2:24:53, 43.25s/ep][A

tin/rn18/el2nbest/hl/ipc50 w80 s42:  33%|███▎      | 100/300 [1:12:28<2:24:13, 43.27s/ep][A

tin/rn18/el2nbest/hl/ipc50 w80 s42:  34%|███▎      | 101/300 [1:13:11<2:23:27, 43.25s/ep][A

tin/rn18/el2nbest/hl/ipc50 w80 s42:  34%|███▍      | 102/300 [1:13:55<2:22:44, 43.26s/ep][A

tin/rn18/el2nbest/hl/ipc50 w80 s42:  34%|███▍      | 103/300 [1:14:38<2:22:04, 43.27s/ep][A

tin/rn18/el2nbest/hl/ipc50 w80 s42:  35%|███▍      | 104/300 [1:15:21<2:21:11, 43.22s/ep][A

tin/rn18/el2nbest/hl/ipc50 w80 s42:  35%|███▌      | 105/300 [1:16:04<2:20:29, 43.23s/ep][A

tin/rn18/el2nbest/hl/ipc50 w80 s42:  35%|███▌      | 106/300 [1:16:48<2:19:40, 43.20s/ep][A

tin/rn18/el2nbest/hl/ipc50 w80 s42:  36%|███▌      | 107/300 [1:17:31<2:19:01, 43.22s/ep][A

tin/rn18/el2nbest/hl/ipc50 w80 s42:  36%|███▌      | 108/300 [1:18:14<2:17:59, 43.12s/ep][A

tin/rn18/el2nbest/hl/ipc50 w80 s42:  36%|███▋      | 109/300 [1:18:56<2:16:53, 43.00s/ep][A

tin/rn18/el2nbest/hl/ipc50 w80 s42:  37%|███▋      | 110/300 [1:19:39<2:15:39, 42.84s/ep][A

tin/rn18/el2nbest/hl/ipc50 w80 s42:  37%|███▋      | 111/300 [1:20:21<2:14:22, 42.66s/ep][A

tin/rn18/el2nbest/hl/ipc50 w80 s42:  37%|███▋      | 112/300 [1:21:04<2:13:29, 42.60s/ep][A

tin/rn18/el2nbest/hl/ipc50 w80 s42:  38%|███▊      | 113/300 [1:21:46<2:12:48, 42.61s/ep][A

tin/rn18/el2nbest/hl/ipc50 w80 s42:  38%|███▊      | 114/300 [1:22:29<2:12:23, 42.71s/ep][A

tin/rn18/el2nbest/hl/ipc50 w80 s42:  38%|███▊      | 115/300 [1:23:12<2:11:55, 42.78s/ep][A

tin/rn18/el2nbest/hl/ipc50 w80 s42:  39%|███▊      | 116/300 [1:23:55<2:11:23, 42.84s/ep][A

tin/rn18/el2nbest/hl/ipc50 w80 s42:  39%|███▉      | 117/300 [1:24:38<2:10:46, 42.88s/ep][A

tin/rn18/el2nbest/hl/ipc50 w80 s42:  39%|███▉      | 118/300 [1:25:21<2:09:44, 42.77s/ep][A

tin/rn18/el2nbest/hl/ipc50 w80 s42:  40%|███▉      | 119/300 [1:26:03<2:09:04, 42.79s/ep][A

tin/rn18/el2nbest/hl/ipc50 w80 s42:  40%|████      | 120/300 [1:26:46<2:08:16, 42.76s/ep][A

tin/rn18/el2nbest/hl/ipc50 w80 s42:  40%|████      | 121/300 [1:27:29<2:07:27, 42.72s/ep][A

tin/rn18/el2nbest/hl/ipc50 w80 s42:  41%|████      | 122/300 [1:28:11<2:06:44, 42.72s/ep][A

tin/rn18/el2nbest/hl/ipc50 w80 s42:  41%|████      | 123/300 [1:28:54<2:05:50, 42.66s/ep][A

tin/rn18/el2nbest/hl/ipc50 w80 s42:  41%|████▏     | 124/300 [1:29:36<2:04:49, 42.56s/ep][A

tin/rn18/el2nbest/hl/ipc50 w80 s42:  42%|████▏     | 125/300 [1:30:18<2:03:47, 42.44s/ep][A

tin/rn18/el2nbest/hl/ipc50 w80 s42:  42%|████▏     | 126/300 [1:31:01<2:03:01, 42.42s/ep][A

tin/rn18/el2nbest/hl/ipc50 w80 s42:  42%|████▏     | 127/300 [1:31:43<2:02:26, 42.46s/ep][A

tin/rn18/el2nbest/hl/ipc50 w80 s42:  43%|████▎     | 128/300 [1:32:26<2:01:57, 42.54s/ep][A

tin/rn18/el2nbest/hl/ipc50 w80 s42:  43%|████▎     | 129/300 [1:33:09<2:01:11, 42.52s/ep][A

tin/rn18/el2nbest/hl/ipc50 w80 s42:  43%|████▎     | 130/300 [1:33:51<2:00:38, 42.58s/ep][A

tin/rn18/el2nbest/hl/ipc50 w80 s42:  44%|████▎     | 131/300 [1:34:34<1:59:58, 42.60s/ep][A

tin/rn18/el2nbest/hl/ipc50 w80 s42:  44%|████▍     | 132/300 [1:35:17<1:59:16, 42.60s/ep][A

tin/rn18/el2nbest/hl/ipc50 w80 s42:  44%|████▍     | 133/300 [1:35:59<1:58:36, 42.62s/ep][A

tin/rn18/el2nbest/hl/ipc50 w80 s42:  45%|████▍     | 134/300 [1:36:42<1:57:58, 42.64s/ep][A

tin/rn18/el2nbest/hl/ipc50 w80 s42:  45%|████▌     | 135/300 [1:37:24<1:57:08, 42.60s/ep][A

tin/rn18/el2nbest/hl/ipc50 w80 s42:  45%|████▌     | 136/300 [1:38:07<1:56:25, 42.59s/ep][A

tin/rn18/el2nbest/hl/ipc50 w80 s42:  46%|████▌     | 137/300 [1:38:50<1:55:42, 42.59s/ep][A

tin/rn18/el2nbest/hl/ipc50 w80 s42:  46%|████▌     | 138/300 [1:39:32<1:54:49, 42.53s/ep][A

tin/rn18/el2nbest/hl/ipc50 w80 s42:  46%|████▋     | 139/300 [1:40:14<1:53:59, 42.48s/ep][A

tin/rn18/el2nbest/hl/ipc50 w80 s42:  47%|████▋     | 140/300 [1:40:57<1:53:09, 42.43s/ep][A

tin/rn18/el2nbest/hl/ipc50 w80 s42:  47%|████▋     | 141/300 [1:41:39<1:52:16, 42.37s/ep][A

tin/rn18/el2nbest/hl/ipc50 w80 s42:  47%|████▋     | 142/300 [1:42:21<1:51:26, 42.32s/ep][A

tin/rn18/el2nbest/hl/ipc50 w80 s42:  48%|████▊     | 143/300 [1:43:03<1:50:47, 42.34s/ep][A

tin/rn18/el2nbest/hl/ipc50 w80 s42:  48%|████▊     | 144/300 [1:43:46<1:49:56, 42.29s/ep][A

tin/rn18/el2nbest/hl/ipc50 w80 s42:  48%|████▊     | 145/300 [1:44:28<1:49:12, 42.27s/ep][A

tin/rn18/el2nbest/hl/ipc50 w80 s42:  49%|████▊     | 146/300 [1:45:10<1:48:35, 42.31s/ep][A

tin/rn18/el2nbest/hl/ipc50 w80 s42:  49%|████▉     | 147/300 [1:45:53<1:47:58, 42.34s/ep][A

tin/rn18/el2nbest/hl/ipc50 w80 s42:  49%|████▉     | 148/300 [1:46:35<1:47:11, 42.31s/ep][A

tin/rn18/el2nbest/hl/ipc50 w80 s42:  50%|████▉     | 149/300 [1:47:17<1:46:18, 42.24s/ep][A

tin/rn18/el2nbest/hl/ipc50 w80 s42:  50%|█████     | 150/300 [1:47:59<1:45:21, 42.14s/ep][A

tin/rn18/el2nbest/hl/ipc50 w80 s42:  50%|█████     | 151/300 [1:48:41<1:44:43, 42.17s/ep][A

tin/rn18/el2nbest/hl/ipc50 w80 s42:  51%|█████     | 152/300 [1:49:24<1:44:14, 42.26s/ep][A

tin/rn18/el2nbest/hl/ipc50 w80 s42:  51%|█████     | 153/300 [1:50:06<1:43:50, 42.38s/ep][A

tin/rn18/el2nbest/hl/ipc50 w80 s42:  51%|█████▏    | 154/300 [1:50:49<1:43:20, 42.47s/ep][A

tin/rn18/el2nbest/hl/ipc50 w80 s42:  52%|█████▏    | 155/300 [1:51:32<1:42:42, 42.50s/ep][A

tin/rn18/el2nbest/hl/ipc50 w80 s42:  52%|█████▏    | 156/300 [1:52:14<1:42:07, 42.55s/ep][A

tin/rn18/el2nbest/hl/ipc50 w80 s42:  52%|█████▏    | 157/300 [1:52:57<1:41:30, 42.59s/ep][A

tin/rn18/el2nbest/hl/ipc50 w80 s42:  53%|█████▎    | 158/300 [1:53:39<1:40:48, 42.59s/ep][A

tin/rn18/el2nbest/hl/ipc50 w80 s42:  53%|█████▎    | 159/300 [1:54:22<1:39:58, 42.54s/ep][A

tin/rn18/el2nbest/hl/ipc50 w80 s42:  53%|█████▎    | 160/300 [1:55:04<1:39:11, 42.51s/ep][A

tin/rn18/el2nbest/hl/ipc50 w80 s42:  54%|█████▎    | 161/300 [1:55:47<1:38:25, 42.49s/ep][A

tin/rn18/el2nbest/hl/ipc50 w80 s42:  54%|█████▍    | 162/300 [1:56:29<1:37:35, 42.43s/ep][A

tin/rn18/el2nbest/hl/ipc50 w80 s42:  54%|█████▍    | 163/300 [1:57:11<1:36:38, 42.33s/ep][A

tin/rn18/el2nbest/hl/ipc50 w80 s42:  55%|█████▍    | 164/300 [1:57:53<1:35:52, 42.30s/ep][A

tin/rn18/el2nbest/hl/ipc50 w80 s42:  55%|█████▌    | 165/300 [1:58:36<1:35:09, 42.29s/ep][A

tin/rn18/el2nbest/hl/ipc50 w80 s42:  55%|█████▌    | 166/300 [1:59:18<1:34:25, 42.28s/ep][A

tin/rn18/el2nbest/hl/ipc50 w80 s42:  56%|█████▌    | 167/300 [2:00:00<1:33:44, 42.29s/ep][A

tin/rn18/el2nbest/hl/ipc50 w80 s42:  56%|█████▌    | 168/300 [2:00:43<1:33:03, 42.30s/ep][A

tin/rn18/el2nbest/hl/ipc50 w80 s42:  56%|█████▋    | 169/300 [2:01:25<1:32:25, 42.33s/ep][A

tin/rn18/el2nbest/hl/ipc50 w80 s42:  57%|█████▋    | 170/300 [2:02:07<1:31:50, 42.39s/ep][A

tin/rn18/el2nbest/hl/ipc50 w80 s42:  57%|█████▋    | 171/300 [2:02:50<1:31:19, 42.48s/ep][A

tin/rn18/el2nbest/hl/ipc50 w80 s42:  57%|█████▋    | 172/300 [2:03:33<1:30:37, 42.48s/ep][A

tin/rn18/el2nbest/hl/ipc50 w80 s42:  58%|█████▊    | 173/300 [2:04:15<1:29:56, 42.49s/ep][A

tin/rn18/el2nbest/hl/ipc50 w80 s42:  58%|█████▊    | 174/300 [2:04:58<1:29:21, 42.55s/ep][A

tin/rn18/el2nbest/hl/ipc50 w80 s42:  58%|█████▊    | 175/300 [2:05:40<1:28:38, 42.55s/ep][A

tin/rn18/el2nbest/hl/ipc50 w80 s42:  59%|█████▊    | 176/300 [2:06:23<1:27:55, 42.55s/ep][A

tin/rn18/el2nbest/hl/ipc50 w80 s42:  59%|█████▉    | 177/300 [2:07:06<1:27:15, 42.56s/ep][A

tin/rn18/el2nbest/hl/ipc50 w80 s42:  59%|█████▉    | 178/300 [2:07:48<1:26:32, 42.56s/ep][A

tin/rn18/el2nbest/hl/ipc50 w80 s42:  60%|█████▉    | 179/300 [2:08:31<1:25:45, 42.52s/ep][A

tin/rn18/el2nbest/hl/ipc50 w80 s42:  60%|██████    | 180/300 [2:09:13<1:25:02, 42.52s/ep][A

tin/rn18/el2nbest/hl/ipc50 w80 s42:  60%|██████    | 181/300 [2:09:55<1:24:11, 42.45s/ep][A

tin/rn18/el2nbest/hl/ipc50 w80 s42:  61%|██████    | 182/300 [2:10:38<1:23:22, 42.40s/ep][A

tin/rn18/el2nbest/hl/ipc50 w80 s42:  61%|██████    | 183/300 [2:11:20<1:22:24, 42.26s/ep][A

tin/rn18/el2nbest/hl/ipc50 w80 s42:  61%|██████▏   | 184/300 [2:12:01<1:21:29, 42.15s/ep][A

tin/rn18/el2nbest/hl/ipc50 w80 s42:  62%|██████▏   | 185/300 [2:12:43<1:20:34, 42.04s/ep][A

tin/rn18/el2nbest/hl/ipc50 w80 s42:  62%|██████▏   | 186/300 [2:13:25<1:19:42, 41.95s/ep][A

tin/rn18/el2nbest/hl/ipc50 w80 s42:  62%|██████▏   | 187/300 [2:14:07<1:18:50, 41.87s/ep][A

tin/rn18/el2nbest/hl/ipc50 w80 s42:  63%|██████▎   | 188/300 [2:14:48<1:17:57, 41.76s/ep][A

tin/rn18/el2nbest/hl/ipc50 w80 s42:  63%|██████▎   | 189/300 [2:15:29<1:17:00, 41.63s/ep][A

tin/rn18/el2nbest/hl/ipc50 w80 s42:  63%|██████▎   | 190/300 [2:16:11<1:16:14, 41.59s/ep][A

tin/rn18/el2nbest/hl/ipc50 w80 s42:  64%|██████▎   | 191/300 [2:16:53<1:15:47, 41.72s/ep][A

tin/rn18/el2nbest/hl/ipc50 w80 s42:  64%|██████▍   | 192/300 [2:17:35<1:15:19, 41.85s/ep][A

tin/rn18/el2nbest/hl/ipc50 w80 s42:  64%|██████▍   | 193/300 [2:18:17<1:14:51, 41.98s/ep][A

tin/rn18/el2nbest/hl/ipc50 w80 s42:  65%|██████▍   | 194/300 [2:19:00<1:14:25, 42.12s/ep][A

tin/rn18/el2nbest/hl/ipc50 w80 s42:  65%|██████▌   | 195/300 [2:19:42<1:13:42, 42.12s/ep][A

tin/rn18/el2nbest/hl/ipc50 w80 s42:  65%|██████▌   | 196/300 [2:20:24<1:12:57, 42.09s/ep][A

tin/rn18/el2nbest/hl/ipc50 w80 s42:  66%|██████▌   | 197/300 [2:21:06<1:12:20, 42.14s/ep][A

tin/rn18/el2nbest/hl/ipc50 w80 s42:  66%|██████▌   | 198/300 [2:21:49<1:11:41, 42.17s/ep][A

tin/rn18/el2nbest/hl/ipc50 w80 s42:  66%|██████▋   | 199/300 [2:22:31<1:10:56, 42.14s/ep][A

tin/rn18/el2nbest/hl/ipc50 w80 s42:  67%|██████▋   | 200/300 [2:23:13<1:10:15, 42.15s/ep][A

tin/rn18/el2nbest/hl/ipc50 w80 s42:  67%|██████▋   | 201/300 [2:23:55<1:09:40, 42.23s/ep][A

tin/rn18/el2nbest/hl/ipc50 w80 s42:  67%|██████▋   | 202/300 [2:24:37<1:08:52, 42.17s/ep][A

tin/rn18/el2nbest/hl/ipc50 w80 s42:  68%|██████▊   | 203/300 [2:25:19<1:08:00, 42.07s/ep][A

tin/rn18/el2nbest/hl/ipc50 w80 s42:  68%|██████▊   | 204/300 [2:26:01<1:07:10, 41.98s/ep][A

tin/rn18/el2nbest/hl/ipc50 w80 s42:  68%|██████▊   | 205/300 [2:26:43<1:06:23, 41.93s/ep][A

tin/rn18/el2nbest/hl/ipc50 w80 s42:  69%|██████▊   | 206/300 [2:27:24<1:05:31, 41.83s/ep][A

tin/rn18/el2nbest/hl/ipc50 w80 s42:  69%|██████▉   | 207/300 [2:28:06<1:04:45, 41.78s/ep][A

tin/rn18/el2nbest/hl/ipc50 w80 s42:  69%|██████▉   | 208/300 [2:28:48<1:04:04, 41.78s/ep][A

tin/rn18/el2nbest/hl/ipc50 w80 s42:  70%|██████▉   | 209/300 [2:29:29<1:03:19, 41.75s/ep][A

tin/rn18/el2nbest/hl/ipc50 w80 s42:  70%|███████   | 210/300 [2:30:11<1:02:38, 41.76s/ep][A

tin/rn18/el2nbest/hl/ipc50 w80 s42:  70%|███████   | 211/300 [2:30:53<1:01:56, 41.75s/ep][A

tin/rn18/el2nbest/hl/ipc50 w80 s42:  71%|███████   | 212/300 [2:31:35<1:01:21, 41.83s/ep][A

tin/rn18/el2nbest/hl/ipc50 w80 s42:  71%|███████   | 213/300 [2:32:17<1:00:44, 41.89s/ep][A

tin/rn18/el2nbest/hl/ipc50 w80 s42:  71%|███████▏  | 214/300 [2:32:59<1:00:07, 41.95s/ep][A

tin/rn18/el2nbest/hl/ipc50 w80 s42:  72%|███████▏  | 215/300 [2:33:41<59:22, 41.92s/ep]  [A

tin/rn18/el2nbest/hl/ipc50 w80 s42:  72%|███████▏  | 216/300 [2:34:23<58:39, 41.90s/ep][A

tin/rn18/el2nbest/hl/ipc50 w80 s42:  72%|███████▏  | 217/300 [2:35:04<57:53, 41.84s/ep][A

tin/rn18/el2nbest/hl/ipc50 w80 s42:  73%|███████▎  | 218/300 [2:35:46<57:13, 41.88s/ep][A

tin/rn18/el2nbest/hl/ipc50 w80 s42:  73%|███████▎  | 219/300 [2:36:28<56:34, 41.91s/ep][A

tin/rn18/el2nbest/hl/ipc50 w80 s42:  73%|███████▎  | 220/300 [2:37:10<55:56, 41.95s/ep][A

tin/rn18/el2nbest/hl/ipc50 w80 s42:  74%|███████▎  | 221/300 [2:37:52<55:13, 41.94s/ep][A

tin/rn18/el2nbest/hl/ipc50 w80 s42:  74%|███████▍  | 222/300 [2:38:34<54:32, 41.96s/ep][A

tin/rn18/el2nbest/hl/ipc50 w80 s42:  74%|███████▍  | 223/300 [2:39:16<53:52, 41.98s/ep][A

tin/rn18/el2nbest/hl/ipc50 w80 s42:  75%|███████▍  | 224/300 [2:39:58<53:02, 41.88s/ep][A

tin/rn18/el2nbest/hl/ipc50 w80 s42:  75%|███████▌  | 225/300 [2:40:40<52:15, 41.80s/ep][A

tin/rn18/el2nbest/hl/ipc50 w80 s42:  75%|███████▌  | 226/300 [2:41:21<51:30, 41.76s/ep][A

tin/rn18/el2nbest/hl/ipc50 w80 s42:  76%|███████▌  | 227/300 [2:42:03<50:45, 41.71s/ep][A

tin/rn18/el2nbest/hl/ipc50 w80 s42:  76%|███████▌  | 228/300 [2:42:45<50:02, 41.70s/ep][A

tin/rn18/el2nbest/hl/ipc50 w80 s42:  76%|███████▋  | 229/300 [2:43:26<49:21, 41.71s/ep][A

tin/rn18/el2nbest/hl/ipc50 w80 s42:  77%|███████▋  | 230/300 [2:44:08<48:39, 41.71s/ep][A

tin/rn18/el2nbest/hl/ipc50 w80 s42:  77%|███████▋  | 231/300 [2:44:50<48:01, 41.76s/ep][A

tin/rn18/el2nbest/hl/ipc50 w80 s42:  77%|███████▋  | 232/300 [2:45:32<47:23, 41.81s/ep][A

tin/rn18/el2nbest/hl/ipc50 w80 s42:  78%|███████▊  | 233/300 [2:46:14<46:49, 41.93s/ep][A

tin/rn18/el2nbest/hl/ipc50 w80 s42:  78%|███████▊  | 234/300 [2:46:56<46:10, 41.97s/ep][A

tin/rn18/el2nbest/hl/ipc50 w80 s42:  78%|███████▊  | 235/300 [2:47:38<45:29, 41.99s/ep][A

tin/rn18/el2nbest/hl/ipc50 w80 s42:  79%|███████▊  | 236/300 [2:48:20<44:49, 42.03s/ep][A

tin/rn18/el2nbest/hl/ipc50 w80 s42:  79%|███████▉  | 237/300 [2:49:03<44:12, 42.11s/ep][A

tin/rn18/el2nbest/hl/ipc50 w80 s42:  79%|███████▉  | 238/300 [2:49:45<43:30, 42.11s/ep][A

tin/rn18/el2nbest/hl/ipc50 w80 s42:  80%|███████▉  | 239/300 [2:50:27<42:45, 42.05s/ep][A

tin/rn18/el2nbest/hl/ipc50 w80 s42:  80%|████████  | 240/300 [2:51:09<42:04, 42.07s/ep][A

tin/rn18/el2nbest/hl/ipc50 w80 s42:  80%|████████  | 241/300 [2:51:51<41:20, 42.04s/ep][A

tin/rn18/el2nbest/hl/ipc50 w80 s42:  81%|████████  | 242/300 [2:52:32<40:34, 41.98s/ep][A

tin/rn18/el2nbest/hl/ipc50 w80 s42:  81%|████████  | 243/300 [2:53:14<39:52, 41.97s/ep][A

tin/rn18/el2nbest/hl/ipc50 w80 s42:  81%|████████▏ | 244/300 [2:53:57<39:12, 42.01s/ep][A

tin/rn18/el2nbest/hl/ipc50 w80 s42:  82%|████████▏ | 245/300 [2:54:39<38:31, 42.04s/ep][A

tin/rn18/el2nbest/hl/ipc50 w80 s42:  82%|████████▏ | 246/300 [2:55:20<37:46, 41.97s/ep][A

tin/rn18/el2nbest/hl/ipc50 w80 s42:  82%|████████▏ | 247/300 [2:56:02<37:04, 41.98s/ep][A

tin/rn18/el2nbest/hl/ipc50 w80 s42:  83%|████████▎ | 248/300 [2:56:44<36:22, 41.98s/ep][A

tin/rn18/el2nbest/hl/ipc50 w80 s42:  83%|████████▎ | 249/300 [2:57:27<35:43, 42.02s/ep][A

tin/rn18/el2nbest/hl/ipc50 w80 s42:  83%|████████▎ | 250/300 [2:58:09<35:03, 42.08s/ep][A

tin/rn18/el2nbest/hl/ipc50 w80 s42:  84%|████████▎ | 251/300 [2:58:51<34:23, 42.11s/ep][A

tin/rn18/el2nbest/hl/ipc50 w80 s42:  84%|████████▍ | 252/300 [2:59:33<33:44, 42.19s/ep][A

tin/rn18/el2nbest/hl/ipc50 w80 s42:  84%|████████▍ | 253/300 [3:00:16<33:04, 42.22s/ep][A

tin/rn18/el2nbest/hl/ipc50 w80 s42:  85%|████████▍ | 254/300 [3:00:58<32:21, 42.20s/ep][A

tin/rn18/el2nbest/hl/ipc50 w80 s42:  85%|████████▌ | 255/300 [3:01:40<31:38, 42.20s/ep][A

tin/rn18/el2nbest/hl/ipc50 w80 s42:  85%|████████▌ | 256/300 [3:02:22<30:53, 42.12s/ep][A

tin/rn18/el2nbest/hl/ipc50 w80 s42:  86%|████████▌ | 257/300 [3:03:04<30:08, 42.06s/ep][A

tin/rn18/el2nbest/hl/ipc50 w80 s42:  86%|████████▌ | 258/300 [3:03:46<29:25, 42.03s/ep][A

tin/rn18/el2nbest/hl/ipc50 w80 s42:  86%|████████▋ | 259/300 [3:04:28<28:43, 42.04s/ep][A

tin/rn18/el2nbest/hl/ipc50 w80 s42:  87%|████████▋ | 260/300 [3:05:10<28:04, 42.12s/ep][A

tin/rn18/el2nbest/hl/ipc50 w80 s42:  87%|████████▋ | 261/300 [3:05:52<27:21, 42.09s/ep][A

tin/rn18/el2nbest/hl/ipc50 w80 s42:  87%|████████▋ | 262/300 [3:06:34<26:41, 42.15s/ep][A

tin/rn18/el2nbest/hl/ipc50 w80 s42:  88%|████████▊ | 263/300 [3:07:16<25:58, 42.11s/ep][A

tin/rn18/el2nbest/hl/ipc50 w80 s42:  88%|████████▊ | 264/300 [3:07:59<25:16, 42.12s/ep][A

tin/rn18/el2nbest/hl/ipc50 w80 s42:  88%|████████▊ | 265/300 [3:08:41<24:32, 42.08s/ep][A

tin/rn18/el2nbest/hl/ipc50 w80 s42:  89%|████████▊ | 266/300 [3:09:23<23:50, 42.06s/ep][A

tin/rn18/el2nbest/hl/ipc50 w80 s42:  89%|████████▉ | 267/300 [3:10:05<23:06, 42.02s/ep][A

tin/rn18/el2nbest/hl/ipc50 w80 s42:  89%|████████▉ | 268/300 [3:10:47<22:26, 42.08s/ep][A

tin/rn18/el2nbest/hl/ipc50 w80 s42:  90%|████████▉ | 269/300 [3:11:29<21:44, 42.09s/ep][A

tin/rn18/el2nbest/hl/ipc50 w80 s42:  90%|█████████ | 270/300 [3:12:11<21:02, 42.08s/ep][A

tin/rn18/el2nbest/hl/ipc50 w80 s42:  90%|█████████ | 271/300 [3:12:53<20:20, 42.10s/ep][A

tin/rn18/el2nbest/hl/ipc50 w80 s42:  91%|█████████ | 272/300 [3:13:35<19:37, 42.06s/ep][A

tin/rn18/el2nbest/hl/ipc50 w80 s42:  91%|█████████ | 273/300 [3:14:17<18:52, 41.96s/ep][A

tin/rn18/el2nbest/hl/ipc50 w80 s42:  91%|█████████▏| 274/300 [3:14:59<18:10, 41.93s/ep][A

tin/rn18/el2nbest/hl/ipc50 w80 s42:  92%|█████████▏| 275/300 [3:15:41<17:28, 41.94s/ep][A

tin/rn18/el2nbest/hl/ipc50 w80 s42:  92%|█████████▏| 276/300 [3:16:23<16:47, 41.98s/ep][A

tin/rn18/el2nbest/hl/ipc50 w80 s42:  92%|█████████▏| 277/300 [3:17:05<16:05, 41.99s/ep][A

tin/rn18/el2nbest/hl/ipc50 w80 s42:  93%|█████████▎| 278/300 [3:17:47<15:23, 41.97s/ep][A

tin/rn18/el2nbest/hl/ipc50 w80 s42:  93%|█████████▎| 279/300 [3:18:29<14:41, 41.99s/ep][A

tin/rn18/el2nbest/hl/ipc50 w80 s42:  93%|█████████▎| 280/300 [3:19:11<14:01, 42.08s/ep][A

tin/rn18/el2nbest/hl/ipc50 w80 s42:  94%|█████████▎| 281/300 [3:19:53<13:20, 42.15s/ep][A

tin/rn18/el2nbest/hl/ipc50 w80 s42:  94%|█████████▍| 282/300 [3:20:36<12:40, 42.25s/ep][A

tin/rn18/el2nbest/hl/ipc50 w80 s42:  94%|█████████▍| 283/300 [3:21:18<11:58, 42.27s/ep][A

tin/rn18/el2nbest/hl/ipc50 w80 s42:  95%|█████████▍| 284/300 [3:22:01<11:17, 42.36s/ep][A

tin/rn18/el2nbest/hl/ipc50 w80 s42:  95%|█████████▌| 285/300 [3:22:43<10:36, 42.44s/ep][A

tin/rn18/el2nbest/hl/ipc50 w80 s42:  95%|█████████▌| 286/300 [3:23:26<09:55, 42.53s/ep][A

tin/rn18/el2nbest/hl/ipc50 w80 s42:  96%|█████████▌| 287/300 [3:24:08<09:12, 42.51s/ep][A

tin/rn18/el2nbest/hl/ipc50 w80 s42:  96%|█████████▌| 288/300 [3:24:51<08:30, 42.52s/ep][A

tin/rn18/el2nbest/hl/ipc50 w80 s42:  96%|█████████▋| 289/300 [3:25:33<07:47, 42.49s/ep][A

tin/rn18/el2nbest/hl/ipc50 w80 s42:  97%|█████████▋| 290/300 [3:26:16<07:04, 42.46s/ep][A

tin/rn18/el2nbest/hl/ipc50 w80 s42:  97%|█████████▋| 291/300 [3:26:58<06:21, 42.38s/ep][A

tin/rn18/el2nbest/hl/ipc50 w80 s42:  97%|█████████▋| 292/300 [3:27:40<05:38, 42.32s/ep][A

tin/rn18/el2nbest/hl/ipc50 w80 s42:  98%|█████████▊| 293/300 [3:28:22<04:55, 42.22s/ep][A

tin/rn18/el2nbest/hl/ipc50 w80 s42:  98%|█████████▊| 294/300 [3:29:04<04:12, 42.14s/ep][A

tin/rn18/el2nbest/hl/ipc50 w80 s42:  98%|█████████▊| 295/300 [3:29:46<03:30, 42.11s/ep][A

tin/rn18/el2nbest/hl/ipc50 w80 s42:  99%|█████████▊| 296/300 [3:30:28<02:48, 42.08s/ep][A

tin/rn18/el2nbest/hl/ipc50 w80 s42:  99%|█████████▉| 297/300 [3:31:10<02:06, 42.08s/ep][A

tin/rn18/el2nbest/hl/ipc50 w80 s42:  99%|█████████▉| 298/300 [3:31:52<01:24, 42.04s/ep][A

tin/rn18/el2nbest/hl/ipc50 w80 s42: 100%|█████████▉| 299/300 [3:32:34<00:42, 42.05s/ep][A

tin/rn18/el2nbest/hl/ipc50 w80 s42: 100%|██████████| 300/300 [3:33:16<00:00, 42.08s/ep][A

                                                                                       [A[cell] tin/rn18/el2nbest/hl/ipc50 window 80%: 25.51%  (12811s)


tin/rn18/el2nbest/hl/ipc50 w90 s42:   0%|          | 0/300 [00:00<?, ?ep/s][A

tin/rn18/el2nbest/hl/ipc50 w90 s42:   0%|          | 1/300 [00:41<3:27:48, 41.70s/ep][A

tin/rn18/el2nbest/hl/ipc50 w90 s42:   1%|          | 2/300 [01:23<3:28:08, 41.91s/ep][A

tin/rn18/el2nbest/hl/ipc50 w90 s42:   1%|          | 3/300 [02:05<3:27:37, 41.94s/ep][A

tin/rn18/el2nbest/hl/ipc50 w90 s42:   1%|▏         | 4/300 [02:47<3:27:19, 42.03s/ep][A

tin/rn18/el2nbest/hl/ipc50 w90 s42:   2%|▏         | 5/300 [03:30<3:27:11, 42.14s/ep][A

tin/rn18/el2nbest/hl/ipc50 w90 s42:   2%|▏         | 6/300 [04:12<3:27:18, 42.31s/ep][A

tin/rn18/el2nbest/hl/ipc50 w90 s42:   2%|▏         | 7/300 [04:55<3:26:53, 42.37s/ep][A

tin/rn18/el2nbest/hl/ipc50 w90 s42:   3%|▎         | 8/300 [05:37<3:26:16, 42.39s/ep][A

tin/rn18/el2nbest/hl/ipc50 w90 s42:   3%|▎         | 9/300 [06:19<3:25:17, 42.33s/ep][A

tin/rn18/el2nbest/hl/ipc50 w90 s42:   3%|▎         | 10/300 [07:02<3:24:22, 42.28s/ep][A

tin/rn18/el2nbest/hl/ipc50 w90 s42:   4%|▎         | 11/300 [07:44<3:23:38, 42.28s/ep][A

tin/rn18/el2nbest/hl/ipc50 w90 s42:   4%|▍         | 12/300 [08:26<3:23:00, 42.29s/ep][A

tin/rn18/el2nbest/hl/ipc50 w90 s42:   4%|▍         | 13/300 [09:09<3:22:16, 42.29s/ep][A

tin/rn18/el2nbest/hl/ipc50 w90 s42:   5%|▍         | 14/300 [09:51<3:21:40, 42.31s/ep][A

tin/rn18/el2nbest/hl/ipc50 w90 s42:   5%|▌         | 15/300 [10:33<3:20:35, 42.23s/ep][A

tin/rn18/el2nbest/hl/ipc50 w90 s42:   5%|▌         | 16/300 [11:15<3:20:08, 42.28s/ep][A

tin/rn18/el2nbest/hl/ipc50 w90 s42:   6%|▌         | 17/300 [11:58<3:19:27, 42.29s/ep][A

tin/rn18/el2nbest/hl/ipc50 w90 s42:   6%|▌         | 18/300 [12:40<3:19:09, 42.37s/ep][A

tin/rn18/el2nbest/hl/ipc50 w90 s42:   6%|▋         | 19/300 [13:23<3:18:21, 42.35s/ep][A

tin/rn18/el2nbest/hl/ipc50 w90 s42:   7%|▋         | 20/300 [14:05<3:17:38, 42.35s/ep][A

tin/rn18/el2nbest/hl/ipc50 w90 s42:   7%|▋         | 21/300 [14:48<3:17:25, 42.46s/ep][A

tin/rn18/el2nbest/hl/ipc50 w90 s42:   7%|▋         | 22/300 [15:30<3:17:00, 42.52s/ep][A

tin/rn18/el2nbest/hl/ipc50 w90 s42:   8%|▊         | 23/300 [16:13<3:16:21, 42.53s/ep][A

tin/rn18/el2nbest/hl/ipc50 w90 s42:   8%|▊         | 24/300 [16:55<3:15:36, 42.52s/ep][A

tin/rn18/el2nbest/hl/ipc50 w90 s42:   8%|▊         | 25/300 [17:38<3:14:38, 42.47s/ep][A

tin/rn18/el2nbest/hl/ipc50 w90 s42:   9%|▊         | 26/300 [18:20<3:13:57, 42.47s/ep][A

tin/rn18/el2nbest/hl/ipc50 w90 s42:   9%|▉         | 27/300 [19:03<3:13:15, 42.47s/ep][A

tin/rn18/el2nbest/hl/ipc50 w90 s42:   9%|▉         | 28/300 [19:45<3:12:35, 42.48s/ep][A

tin/rn18/el2nbest/hl/ipc50 w90 s42:  10%|▉         | 29/300 [20:28<3:11:49, 42.47s/ep][A

tin/rn18/el2nbest/hl/ipc50 w90 s42:  10%|█         | 30/300 [21:10<3:10:41, 42.38s/ep][A

tin/rn18/el2nbest/hl/ipc50 w90 s42:  10%|█         | 31/300 [21:52<3:09:32, 42.28s/ep][A

tin/rn18/el2nbest/hl/ipc50 w90 s42:  11%|█         | 32/300 [22:34<3:08:53, 42.29s/ep][A

tin/rn18/el2nbest/hl/ipc50 w90 s42:  11%|█         | 33/300 [23:16<3:08:16, 42.31s/ep][A

tin/rn18/el2nbest/hl/ipc50 w90 s42:  11%|█▏        | 34/300 [23:59<3:07:39, 42.33s/ep][A

tin/rn18/el2nbest/hl/ipc50 w90 s42:  12%|█▏        | 35/300 [24:41<3:07:13, 42.39s/ep][A

tin/rn18/el2nbest/hl/ipc50 w90 s42:  12%|█▏        | 36/300 [25:24<3:06:36, 42.41s/ep][A

tin/rn18/el2nbest/hl/ipc50 w90 s42:  12%|█▏        | 37/300 [26:06<3:05:58, 42.43s/ep][A

tin/rn18/el2nbest/hl/ipc50 w90 s42:  13%|█▎        | 38/300 [26:49<3:05:13, 42.42s/ep][A

tin/rn18/el2nbest/hl/ipc50 w90 s42:  13%|█▎        | 39/300 [27:31<3:04:47, 42.48s/ep][A

tin/rn18/el2nbest/hl/ipc50 w90 s42:  13%|█▎        | 40/300 [28:14<3:04:14, 42.52s/ep][A

tin/rn18/el2nbest/hl/ipc50 w90 s42:  14%|█▎        | 41/300 [28:56<3:03:38, 42.54s/ep][A

tin/rn18/el2nbest/hl/ipc50 w90 s42:  14%|█▍        | 42/300 [29:39<3:02:41, 42.49s/ep][A

tin/rn18/el2nbest/hl/ipc50 w90 s42:  14%|█▍        | 43/300 [30:21<3:01:43, 42.42s/ep][A

tin/rn18/el2nbest/hl/ipc50 w90 s42:  15%|█▍        | 44/300 [31:04<3:01:01, 42.43s/ep][A

tin/rn18/el2nbest/hl/ipc50 w90 s42:  15%|█▌        | 45/300 [31:46<3:00:14, 42.41s/ep][A

tin/rn18/el2nbest/hl/ipc50 w90 s42:  15%|█▌        | 46/300 [32:28<2:59:39, 42.44s/ep][A

tin/rn18/el2nbest/hl/ipc50 w90 s42:  16%|█▌        | 47/300 [33:11<2:58:55, 42.43s/ep][A

tin/rn18/el2nbest/hl/ipc50 w90 s42:  16%|█▌        | 48/300 [33:53<2:58:07, 42.41s/ep][A

tin/rn18/el2nbest/hl/ipc50 w90 s42:  16%|█▋        | 49/300 [34:36<2:57:25, 42.41s/ep][A

tin/rn18/el2nbest/hl/ipc50 w90 s42:  17%|█▋        | 50/300 [35:18<2:56:50, 42.44s/ep][A

tin/rn18/el2nbest/hl/ipc50 w90 s42:  17%|█▋        | 51/300 [36:00<2:55:53, 42.38s/ep][A

tin/rn18/el2nbest/hl/ipc50 w90 s42:  17%|█▋        | 52/300 [36:43<2:54:55, 42.32s/ep][A

tin/rn18/el2nbest/hl/ipc50 w90 s42:  18%|█▊        | 53/300 [37:25<2:54:05, 42.29s/ep][A

tin/rn18/el2nbest/hl/ipc50 w90 s42:  18%|█▊        | 54/300 [38:07<2:53:01, 42.20s/ep][A

tin/rn18/el2nbest/hl/ipc50 w90 s42:  18%|█▊        | 55/300 [38:48<2:51:37, 42.03s/ep][A

tin/rn18/el2nbest/hl/ipc50 w90 s42:  19%|█▊        | 56/300 [39:30<2:50:43, 41.98s/ep][A

tin/rn18/el2nbest/hl/ipc50 w90 s42:  19%|█▉        | 57/300 [40:12<2:49:49, 41.93s/ep][A

tin/rn18/el2nbest/hl/ipc50 w90 s42:  19%|█▉        | 58/300 [40:54<2:48:57, 41.89s/ep][A

tin/rn18/el2nbest/hl/ipc50 w90 s42:  20%|█▉        | 59/300 [41:36<2:48:09, 41.87s/ep][A

tin/rn18/el2nbest/hl/ipc50 w90 s42:  20%|██        | 60/300 [42:18<2:47:26, 41.86s/ep][A

tin/rn18/el2nbest/hl/ipc50 w90 s42:  20%|██        | 61/300 [42:59<2:46:40, 41.85s/ep][A

tin/rn18/el2nbest/hl/ipc50 w90 s42:  21%|██        | 62/300 [43:41<2:46:09, 41.89s/ep][A

tin/rn18/el2nbest/hl/ipc50 w90 s42:  21%|██        | 63/300 [44:24<2:45:52, 41.99s/ep][A

tin/rn18/el2nbest/hl/ipc50 w90 s42:  21%|██▏       | 64/300 [45:06<2:45:23, 42.05s/ep][A

tin/rn18/el2nbest/hl/ipc50 w90 s42:  22%|██▏       | 65/300 [45:48<2:45:05, 42.15s/ep][A

tin/rn18/el2nbest/hl/ipc50 w90 s42:  22%|██▏       | 66/300 [46:30<2:44:16, 42.12s/ep][A

tin/rn18/el2nbest/hl/ipc50 w90 s42:  22%|██▏       | 67/300 [47:12<2:43:19, 42.06s/ep][A

tin/rn18/el2nbest/hl/ipc50 w90 s42:  23%|██▎       | 68/300 [47:54<2:42:06, 41.93s/ep][A

tin/rn18/el2nbest/hl/ipc50 w90 s42:  23%|██▎       | 69/300 [48:35<2:41:04, 41.84s/ep][A

tin/rn18/el2nbest/hl/ipc50 w90 s42:  23%|██▎       | 70/300 [49:17<2:40:08, 41.78s/ep][A

tin/rn18/el2nbest/hl/ipc50 w90 s42:  24%|██▎       | 71/300 [49:58<2:38:55, 41.64s/ep][A

tin/rn18/el2nbest/hl/ipc50 w90 s42:  24%|██▍       | 72/300 [50:40<2:37:52, 41.55s/ep][A

tin/rn18/el2nbest/hl/ipc50 w90 s42:  24%|██▍       | 73/300 [51:21<2:36:55, 41.48s/ep][A

tin/rn18/el2nbest/hl/ipc50 w90 s42:  25%|██▍       | 74/300 [52:02<2:36:03, 41.43s/ep][A

tin/rn18/el2nbest/hl/ipc50 w90 s42:  25%|██▌       | 75/300 [52:44<2:35:42, 41.52s/ep][A

tin/rn18/el2nbest/hl/ipc50 w90 s42:  25%|██▌       | 76/300 [53:26<2:35:38, 41.69s/ep][A

tin/rn18/el2nbest/hl/ipc50 w90 s42:  26%|██▌       | 77/300 [54:09<2:35:48, 41.92s/ep][A

tin/rn18/el2nbest/hl/ipc50 w90 s42:  26%|██▌       | 78/300 [54:51<2:35:35, 42.05s/ep][A

tin/rn18/el2nbest/hl/ipc50 w90 s42:  26%|██▋       | 79/300 [55:33<2:34:49, 42.03s/ep][A

tin/rn18/el2nbest/hl/ipc50 w90 s42:  27%|██▋       | 80/300 [56:14<2:32:33, 41.61s/ep][A

tin/rn18/el2nbest/hl/ipc50 w90 s42:  27%|██▋       | 81/300 [56:54<2:30:49, 41.32s/ep][A

tin/rn18/el2nbest/hl/ipc50 w90 s42:  27%|██▋       | 82/300 [57:35<2:29:35, 41.17s/ep][A

tin/rn18/el2nbest/hl/ipc50 w90 s42:  28%|██▊       | 83/300 [58:16<2:28:41, 41.11s/ep][A

tin/rn18/el2nbest/hl/ipc50 w90 s42:  28%|██▊       | 84/300 [58:57<2:27:56, 41.10s/ep][A

tin/rn18/el2nbest/hl/ipc50 w90 s42:  28%|██▊       | 85/300 [59:38<2:27:22, 41.13s/ep][A

tin/rn18/el2nbest/hl/ipc50 w90 s42:  29%|██▊       | 86/300 [1:00:20<2:27:02, 41.22s/ep][A

tin/rn18/el2nbest/hl/ipc50 w90 s42:  29%|██▉       | 87/300 [1:01:01<2:26:32, 41.28s/ep][A

tin/rn18/el2nbest/hl/ipc50 w90 s42:  29%|██▉       | 88/300 [1:01:43<2:26:16, 41.40s/ep][A

tin/rn18/el2nbest/hl/ipc50 w90 s42:  30%|██▉       | 89/300 [1:02:25<2:26:00, 41.52s/ep][A

tin/rn18/el2nbest/hl/ipc50 w90 s42:  30%|███       | 90/300 [1:03:06<2:25:43, 41.64s/ep][A

tin/rn18/el2nbest/hl/ipc50 w90 s42:  30%|███       | 91/300 [1:03:48<2:25:14, 41.70s/ep][A

tin/rn18/el2nbest/hl/ipc50 w90 s42:  31%|███       | 92/300 [1:04:30<2:24:29, 41.68s/ep][A

tin/rn18/el2nbest/hl/ipc50 w90 s42:  31%|███       | 93/300 [1:05:12<2:23:57, 41.73s/ep][A

tin/rn18/el2nbest/hl/ipc50 w90 s42:  31%|███▏      | 94/300 [1:05:54<2:23:24, 41.77s/ep][A

tin/rn18/el2nbest/hl/ipc50 w90 s42:  32%|███▏      | 95/300 [1:06:35<2:22:46, 41.79s/ep][A

tin/rn18/el2nbest/hl/ipc50 w90 s42:  32%|███▏      | 96/300 [1:07:17<2:21:58, 41.76s/ep][A

tin/rn18/el2nbest/hl/ipc50 w90 s42:  32%|███▏      | 97/300 [1:07:59<2:21:23, 41.79s/ep][A

tin/rn18/el2nbest/hl/ipc50 w90 s42:  33%|███▎      | 98/300 [1:08:41<2:20:54, 41.85s/ep][A

tin/rn18/el2nbest/hl/ipc50 w90 s42:  33%|███▎      | 99/300 [1:09:23<2:20:27, 41.93s/ep][A

tin/rn18/el2nbest/hl/ipc50 w90 s42:  33%|███▎      | 100/300 [1:10:05<2:19:51, 41.96s/ep][A

tin/rn18/el2nbest/hl/ipc50 w90 s42:  34%|███▎      | 101/300 [1:10:47<2:18:52, 41.87s/ep][A

tin/rn18/el2nbest/hl/ipc50 w90 s42:  34%|███▍      | 102/300 [1:11:28<2:17:42, 41.73s/ep][A

tin/rn18/el2nbest/hl/ipc50 w90 s42:  34%|███▍      | 103/300 [1:12:10<2:17:01, 41.73s/ep][A

tin/rn18/el2nbest/hl/ipc50 w90 s42:  35%|███▍      | 104/300 [1:12:51<2:16:06, 41.67s/ep][A

tin/rn18/el2nbest/hl/ipc50 w90 s42:  35%|███▌      | 105/300 [1:13:33<2:15:23, 41.66s/ep][A

tin/rn18/el2nbest/hl/ipc50 w90 s42:  35%|███▌      | 106/300 [1:14:15<2:14:42, 41.66s/ep][A

tin/rn18/el2nbest/hl/ipc50 w90 s42:  36%|███▌      | 107/300 [1:14:56<2:13:57, 41.64s/ep][A

tin/rn18/el2nbest/hl/ipc50 w90 s42:  36%|███▌      | 108/300 [1:15:38<2:13:25, 41.69s/ep][A

tin/rn18/el2nbest/hl/ipc50 w90 s42:  36%|███▋      | 109/300 [1:16:20<2:12:52, 41.74s/ep][A

tin/rn18/el2nbest/hl/ipc50 w90 s42:  37%|███▋      | 110/300 [1:17:02<2:12:11, 41.74s/ep][A

tin/rn18/el2nbest/hl/ipc50 w90 s42:  37%|███▋      | 111/300 [1:17:44<2:11:30, 41.75s/ep][A

tin/rn18/el2nbest/hl/ipc50 w90 s42:  37%|███▋      | 112/300 [1:18:25<2:10:31, 41.66s/ep][A

tin/rn18/el2nbest/hl/ipc50 w90 s42:  38%|███▊      | 113/300 [1:19:07<2:09:51, 41.67s/ep][A

tin/rn18/el2nbest/hl/ipc50 w90 s42:  38%|███▊      | 114/300 [1:19:49<2:09:20, 41.72s/ep][A

tin/rn18/el2nbest/hl/ipc50 w90 s42:  38%|███▊      | 115/300 [1:20:31<2:08:54, 41.81s/ep][A

tin/rn18/el2nbest/hl/ipc50 w90 s42:  39%|███▊      | 116/300 [1:21:12<2:08:18, 41.84s/ep][A

tin/rn18/el2nbest/hl/ipc50 w90 s42:  39%|███▉      | 117/300 [1:21:54<2:07:41, 41.87s/ep][A

tin/rn18/el2nbest/hl/ipc50 w90 s42:  39%|███▉      | 118/300 [1:22:36<2:07:08, 41.92s/ep][A

tin/rn18/el2nbest/hl/ipc50 w90 s42:  40%|███▉      | 119/300 [1:23:18<2:06:28, 41.93s/ep][A

tin/rn18/el2nbest/hl/ipc50 w90 s42:  40%|████      | 120/300 [1:24:00<2:05:40, 41.89s/ep][A

tin/rn18/el2nbest/hl/ipc50 w90 s42:  40%|████      | 121/300 [1:24:42<2:04:49, 41.84s/ep][A

tin/rn18/el2nbest/hl/ipc50 w90 s42:  41%|████      | 122/300 [1:25:24<2:03:57, 41.78s/ep][A

tin/rn18/el2nbest/hl/ipc50 w90 s42:  41%|████      | 123/300 [1:26:05<2:03:06, 41.73s/ep][A

tin/rn18/el2nbest/hl/ipc50 w90 s42:  41%|████▏     | 124/300 [1:26:47<2:02:17, 41.69s/ep][A

tin/rn18/el2nbest/hl/ipc50 w90 s42:  42%|████▏     | 125/300 [1:27:28<2:01:33, 41.68s/ep][A

tin/rn18/el2nbest/hl/ipc50 w90 s42:  42%|████▏     | 126/300 [1:28:10<2:00:52, 41.68s/ep][A

tin/rn18/el2nbest/hl/ipc50 w90 s42:  42%|████▏     | 127/300 [1:28:52<2:00:13, 41.69s/ep][A

tin/rn18/el2nbest/hl/ipc50 w90 s42:  43%|████▎     | 128/300 [1:29:34<1:59:30, 41.69s/ep][A

tin/rn18/el2nbest/hl/ipc50 w90 s42:  43%|████▎     | 129/300 [1:30:15<1:59:01, 41.76s/ep][A

tin/rn18/el2nbest/hl/ipc50 w90 s42:  43%|████▎     | 130/300 [1:30:57<1:58:20, 41.77s/ep][A

tin/rn18/el2nbest/hl/ipc50 w90 s42:  44%|████▎     | 131/300 [1:31:39<1:57:52, 41.85s/ep][A

tin/rn18/el2nbest/hl/ipc50 w90 s42:  44%|████▍     | 132/300 [1:32:21<1:57:15, 41.88s/ep][A

tin/rn18/el2nbest/hl/ipc50 w90 s42:  44%|████▍     | 133/300 [1:33:03<1:56:32, 41.87s/ep][A

tin/rn18/el2nbest/hl/ipc50 w90 s42:  45%|████▍     | 134/300 [1:33:45<1:55:58, 41.92s/ep][A

tin/rn18/el2nbest/hl/ipc50 w90 s42:  45%|████▌     | 135/300 [1:34:27<1:55:11, 41.89s/ep][A

tin/rn18/el2nbest/hl/ipc50 w90 s42:  45%|████▌     | 136/300 [1:35:09<1:54:18, 41.82s/ep][A

tin/rn18/el2nbest/hl/ipc50 w90 s42:  46%|████▌     | 137/300 [1:35:50<1:53:27, 41.77s/ep][A

tin/rn18/el2nbest/hl/ipc50 w90 s42:  46%|████▌     | 138/300 [1:36:32<1:52:40, 41.73s/ep][A

tin/rn18/el2nbest/hl/ipc50 w90 s42:  46%|████▋     | 139/300 [1:37:13<1:51:46, 41.65s/ep][A

tin/rn18/el2nbest/hl/ipc50 w90 s42:  47%|████▋     | 140/300 [1:37:55<1:51:08, 41.68s/ep][A

tin/rn18/el2nbest/hl/ipc50 w90 s42:  47%|████▋     | 141/300 [1:38:37<1:50:38, 41.75s/ep][A

tin/rn18/el2nbest/hl/ipc50 w90 s42:  47%|████▋     | 142/300 [1:39:19<1:49:59, 41.77s/ep][A

tin/rn18/el2nbest/hl/ipc50 w90 s42:  48%|████▊     | 143/300 [1:40:01<1:49:21, 41.79s/ep][A

tin/rn18/el2nbest/hl/ipc50 w90 s42:  48%|████▊     | 144/300 [1:40:43<1:48:47, 41.84s/ep][A

tin/rn18/el2nbest/hl/ipc50 w90 s42:  48%|████▊     | 145/300 [1:41:24<1:48:05, 41.84s/ep][A

tin/rn18/el2nbest/hl/ipc50 w90 s42:  49%|████▊     | 146/300 [1:42:06<1:47:20, 41.82s/ep][A

tin/rn18/el2nbest/hl/ipc50 w90 s42:  49%|████▉     | 147/300 [1:42:48<1:46:35, 41.80s/ep][A

tin/rn18/el2nbest/hl/ipc50 w90 s42:  49%|████▉     | 148/300 [1:43:30<1:45:53, 41.80s/ep][A

tin/rn18/el2nbest/hl/ipc50 w90 s42:  50%|████▉     | 149/300 [1:44:12<1:45:17, 41.84s/ep][A

tin/rn18/el2nbest/hl/ipc50 w90 s42:  50%|█████     | 150/300 [1:44:54<1:44:46, 41.91s/ep][A

tin/rn18/el2nbest/hl/ipc50 w90 s42:  50%|█████     | 151/300 [1:45:36<1:44:11, 41.96s/ep][A

tin/rn18/el2nbest/hl/ipc50 w90 s42:  51%|█████     | 152/300 [1:46:18<1:43:45, 42.06s/ep][A

tin/rn18/el2nbest/hl/ipc50 w90 s42:  51%|█████     | 153/300 [1:47:00<1:43:04, 42.07s/ep][A

tin/rn18/el2nbest/hl/ipc50 w90 s42:  51%|█████▏    | 154/300 [1:47:42<1:42:16, 42.03s/ep][A

tin/rn18/el2nbest/hl/ipc50 w90 s42:  52%|█████▏    | 155/300 [1:48:24<1:41:36, 42.04s/ep][A

tin/rn18/el2nbest/hl/ipc50 w90 s42:  52%|█████▏    | 156/300 [1:49:06<1:40:44, 41.98s/ep][A

tin/rn18/el2nbest/hl/ipc50 w90 s42:  52%|█████▏    | 157/300 [1:49:48<1:40:06, 42.00s/ep][A

tin/rn18/el2nbest/hl/ipc50 w90 s42:  53%|█████▎    | 158/300 [1:50:30<1:39:30, 42.05s/ep][A

tin/rn18/el2nbest/hl/ipc50 w90 s42:  53%|█████▎    | 159/300 [1:51:12<1:38:45, 42.02s/ep][A

tin/rn18/el2nbest/hl/ipc50 w90 s42:  53%|█████▎    | 160/300 [1:51:54<1:38:04, 42.03s/ep][A

tin/rn18/el2nbest/hl/ipc50 w90 s42:  54%|█████▎    | 161/300 [1:52:36<1:37:18, 42.00s/ep][A

tin/rn18/el2nbest/hl/ipc50 w90 s42:  54%|█████▍    | 162/300 [1:53:18<1:36:34, 41.99s/ep][A

tin/rn18/el2nbest/hl/ipc50 w90 s42:  54%|█████▍    | 163/300 [1:54:00<1:35:51, 41.98s/ep][A

tin/rn18/el2nbest/hl/ipc50 w90 s42:  55%|█████▍    | 164/300 [1:54:42<1:35:04, 41.94s/ep][A

tin/rn18/el2nbest/hl/ipc50 w90 s42:  55%|█████▌    | 165/300 [1:55:24<1:34:10, 41.86s/ep][A

tin/rn18/el2nbest/hl/ipc50 w90 s42:  55%|█████▌    | 166/300 [1:56:05<1:33:23, 41.82s/ep][A

tin/rn18/el2nbest/hl/ipc50 w90 s42:  56%|█████▌    | 167/300 [1:56:47<1:32:39, 41.80s/ep][A

tin/rn18/el2nbest/hl/ipc50 w90 s42:  56%|█████▌    | 168/300 [1:57:29<1:32:01, 41.83s/ep][A

tin/rn18/el2nbest/hl/ipc50 w90 s42:  56%|█████▋    | 169/300 [1:58:11<1:31:23, 41.86s/ep][A

tin/rn18/el2nbest/hl/ipc50 w90 s42:  57%|█████▋    | 170/300 [1:58:53<1:30:53, 41.95s/ep][A

tin/rn18/el2nbest/hl/ipc50 w90 s42:  57%|█████▋    | 171/300 [1:59:35<1:30:09, 41.94s/ep][A

tin/rn18/el2nbest/hl/ipc50 w90 s42:  57%|█████▋    | 172/300 [2:00:17<1:29:19, 41.87s/ep][A

tin/rn18/el2nbest/hl/ipc50 w90 s42:  58%|█████▊    | 173/300 [2:00:58<1:28:23, 41.76s/ep][A

tin/rn18/el2nbest/hl/ipc50 w90 s42:  58%|█████▊    | 174/300 [2:01:40<1:27:36, 41.71s/ep][A

tin/rn18/el2nbest/hl/ipc50 w90 s42:  58%|█████▊    | 175/300 [2:02:22<1:26:59, 41.76s/ep][A

tin/rn18/el2nbest/hl/ipc50 w90 s42:  59%|█████▊    | 176/300 [2:03:03<1:26:17, 41.76s/ep][A

tin/rn18/el2nbest/hl/ipc50 w90 s42:  59%|█████▉    | 177/300 [2:03:45<1:25:38, 41.77s/ep][A

tin/rn18/el2nbest/hl/ipc50 w90 s42:  59%|█████▉    | 178/300 [2:04:27<1:25:11, 41.90s/ep][A

tin/rn18/el2nbest/hl/ipc50 w90 s42:  60%|█████▉    | 179/300 [2:05:09<1:24:32, 41.92s/ep][A

tin/rn18/el2nbest/hl/ipc50 w90 s42:  60%|██████    | 180/300 [2:05:52<1:23:55, 41.96s/ep][A

tin/rn18/el2nbest/hl/ipc50 w90 s42:  60%|██████    | 181/300 [2:06:34<1:23:15, 41.98s/ep][A

tin/rn18/el2nbest/hl/ipc50 w90 s42:  61%|██████    | 182/300 [2:07:16<1:22:36, 42.01s/ep][A

tin/rn18/el2nbest/hl/ipc50 w90 s42:  61%|██████    | 183/300 [2:07:58<1:21:56, 42.02s/ep][A

tin/rn18/el2nbest/hl/ipc50 w90 s42:  61%|██████▏   | 184/300 [2:08:40<1:21:15, 42.03s/ep][A

tin/rn18/el2nbest/hl/ipc50 w90 s42:  62%|██████▏   | 185/300 [2:09:22<1:20:36, 42.05s/ep][A

tin/rn18/el2nbest/hl/ipc50 w90 s42:  62%|██████▏   | 186/300 [2:10:04<1:19:50, 42.02s/ep][A

tin/rn18/el2nbest/hl/ipc50 w90 s42:  62%|██████▏   | 187/300 [2:10:46<1:19:00, 41.95s/ep][A

tin/rn18/el2nbest/hl/ipc50 w90 s42:  63%|██████▎   | 188/300 [2:11:27<1:18:11, 41.88s/ep][A

tin/rn18/el2nbest/hl/ipc50 w90 s42:  63%|██████▎   | 189/300 [2:12:09<1:17:22, 41.82s/ep][A

tin/rn18/el2nbest/hl/ipc50 w90 s42:  63%|██████▎   | 190/300 [2:12:51<1:16:40, 41.82s/ep][A

tin/rn18/el2nbest/hl/ipc50 w90 s42:  64%|██████▎   | 191/300 [2:13:33<1:15:58, 41.82s/ep][A

tin/rn18/el2nbest/hl/ipc50 w90 s42:  64%|██████▍   | 192/300 [2:14:15<1:15:19, 41.85s/ep][A

tin/rn18/el2nbest/hl/ipc50 w90 s42:  64%|██████▍   | 193/300 [2:14:57<1:14:47, 41.94s/ep][A

tin/rn18/el2nbest/hl/ipc50 w90 s42:  65%|██████▍   | 194/300 [2:15:39<1:14:09, 41.98s/ep][A

tin/rn18/el2nbest/hl/ipc50 w90 s42:  65%|██████▌   | 195/300 [2:16:21<1:13:31, 42.02s/ep][A

tin/rn18/el2nbest/hl/ipc50 w90 s42:  65%|██████▌   | 196/300 [2:17:03<1:12:48, 42.01s/ep][A

tin/rn18/el2nbest/hl/ipc50 w90 s42:  66%|██████▌   | 197/300 [2:17:45<1:12:07, 42.02s/ep][A

tin/rn18/el2nbest/hl/ipc50 w90 s42:  66%|██████▌   | 198/300 [2:18:27<1:11:25, 42.01s/ep][A

tin/rn18/el2nbest/hl/ipc50 w90 s42:  66%|██████▋   | 199/300 [2:19:09<1:10:56, 42.15s/ep][A

tin/rn18/el2nbest/hl/ipc50 w90 s42:  67%|██████▋   | 200/300 [2:19:52<1:10:25, 42.25s/ep][A

tin/rn18/el2nbest/hl/ipc50 w90 s42:  67%|██████▋   | 201/300 [2:20:34<1:09:41, 42.23s/ep][A

tin/rn18/el2nbest/hl/ipc50 w90 s42:  67%|██████▋   | 202/300 [2:21:16<1:08:50, 42.15s/ep][A

tin/rn18/el2nbest/hl/ipc50 w90 s42:  68%|██████▊   | 203/300 [2:21:58<1:08:13, 42.20s/ep][A

tin/rn18/el2nbest/hl/ipc50 w90 s42:  68%|██████▊   | 204/300 [2:22:40<1:07:26, 42.15s/ep][A

tin/rn18/el2nbest/hl/ipc50 w90 s42:  68%|██████▊   | 205/300 [2:23:23<1:06:50, 42.21s/ep][A

tin/rn18/el2nbest/hl/ipc50 w90 s42:  69%|██████▊   | 206/300 [2:24:05<1:06:14, 42.28s/ep][A

tin/rn18/el2nbest/hl/ipc50 w90 s42:  69%|██████▉   | 207/300 [2:24:48<1:05:37, 42.34s/ep][A

tin/rn18/el2nbest/hl/ipc50 w90 s42:  69%|██████▉   | 208/300 [2:25:30<1:05:00, 42.40s/ep][A

tin/rn18/el2nbest/hl/ipc50 w90 s42:  70%|██████▉   | 209/300 [2:26:13<1:04:20, 42.43s/ep][A

tin/rn18/el2nbest/hl/ipc50 w90 s42:  70%|███████   | 210/300 [2:26:55<1:03:35, 42.40s/ep][A

tin/rn18/el2nbest/hl/ipc50 w90 s42:  70%|███████   | 211/300 [2:27:37<1:02:49, 42.36s/ep][A

tin/rn18/el2nbest/hl/ipc50 w90 s42:  71%|███████   | 212/300 [2:28:19<1:01:58, 42.26s/ep][A

tin/rn18/el2nbest/hl/ipc50 w90 s42:  71%|███████   | 213/300 [2:29:01<1:01:06, 42.14s/ep][A

tin/rn18/el2nbest/hl/ipc50 w90 s42:  71%|███████▏  | 214/300 [2:29:43<1:00:22, 42.12s/ep][A

tin/rn18/el2nbest/hl/ipc50 w90 s42:  72%|███████▏  | 215/300 [2:30:25<59:44, 42.17s/ep]  [A

tin/rn18/el2nbest/hl/ipc50 w90 s42:  72%|███████▏  | 216/300 [2:31:08<59:04, 42.20s/ep][A

tin/rn18/el2nbest/hl/ipc50 w90 s42:  72%|███████▏  | 217/300 [2:31:50<58:28, 42.27s/ep][A

tin/rn18/el2nbest/hl/ipc50 w90 s42:  73%|███████▎  | 218/300 [2:32:32<57:41, 42.21s/ep][A

tin/rn18/el2nbest/hl/ipc50 w90 s42:  73%|███████▎  | 219/300 [2:33:15<57:04, 42.28s/ep][A

tin/rn18/el2nbest/hl/ipc50 w90 s42:  73%|███████▎  | 220/300 [2:33:57<56:29, 42.37s/ep][A

tin/rn18/el2nbest/hl/ipc50 w90 s42:  74%|███████▎  | 221/300 [2:34:40<55:53, 42.46s/ep][A

tin/rn18/el2nbest/hl/ipc50 w90 s42:  74%|███████▍  | 222/300 [2:35:22<55:11, 42.46s/ep][A

tin/rn18/el2nbest/hl/ipc50 w90 s42:  74%|███████▍  | 223/300 [2:36:05<54:33, 42.51s/ep][A

tin/rn18/el2nbest/hl/ipc50 w90 s42:  75%|███████▍  | 224/300 [2:36:47<53:49, 42.50s/ep][A

tin/rn18/el2nbest/hl/ipc50 w90 s42:  75%|███████▌  | 225/300 [2:37:30<53:08, 42.51s/ep][A

tin/rn18/el2nbest/hl/ipc50 w90 s42:  75%|███████▌  | 226/300 [2:38:12<52:23, 42.47s/ep][A

tin/rn18/el2nbest/hl/ipc50 w90 s42:  76%|███████▌  | 227/300 [2:38:55<51:35, 42.40s/ep][A

tin/rn18/el2nbest/hl/ipc50 w90 s42:  76%|███████▌  | 228/300 [2:39:37<50:46, 42.31s/ep][A

tin/rn18/el2nbest/hl/ipc50 w90 s42:  76%|███████▋  | 229/300 [2:40:19<49:58, 42.23s/ep][A

tin/rn18/el2nbest/hl/ipc50 w90 s42:  77%|███████▋  | 230/300 [2:41:01<49:08, 42.12s/ep][A

tin/rn18/el2nbest/hl/ipc50 w90 s42:  77%|███████▋  | 231/300 [2:41:42<48:19, 42.02s/ep][A

tin/rn18/el2nbest/hl/ipc50 w90 s42:  77%|███████▋  | 232/300 [2:42:24<47:35, 41.99s/ep][A

tin/rn18/el2nbest/hl/ipc50 w90 s42:  78%|███████▊  | 233/300 [2:43:07<46:59, 42.08s/ep][A

tin/rn18/el2nbest/hl/ipc50 w90 s42:  78%|███████▊  | 234/300 [2:43:49<46:22, 42.17s/ep][A

tin/rn18/el2nbest/hl/ipc50 w90 s42:  78%|███████▊  | 235/300 [2:44:31<45:45, 42.24s/ep][A

tin/rn18/el2nbest/hl/ipc50 w90 s42:  79%|███████▊  | 236/300 [2:45:14<45:06, 42.29s/ep][A

tin/rn18/el2nbest/hl/ipc50 w90 s42:  79%|███████▉  | 237/300 [2:45:56<44:28, 42.36s/ep][A

tin/rn18/el2nbest/hl/ipc50 w90 s42:  79%|███████▉  | 238/300 [2:46:39<43:48, 42.40s/ep][A

tin/rn18/el2nbest/hl/ipc50 w90 s42:  80%|███████▉  | 239/300 [2:47:21<43:05, 42.39s/ep][A

tin/rn18/el2nbest/hl/ipc50 w90 s42:  80%|████████  | 240/300 [2:48:04<42:23, 42.40s/ep][A

tin/rn18/el2nbest/hl/ipc50 w90 s42:  80%|████████  | 241/300 [2:48:46<41:41, 42.39s/ep][A

tin/rn18/el2nbest/hl/ipc50 w90 s42:  81%|████████  | 242/300 [2:49:28<41:00, 42.41s/ep][A

tin/rn18/el2nbest/hl/ipc50 w90 s42:  81%|████████  | 243/300 [2:50:11<40:18, 42.43s/ep][A

tin/rn18/el2nbest/hl/ipc50 w90 s42:  81%|████████▏ | 244/300 [2:50:53<39:34, 42.40s/ep][A

tin/rn18/el2nbest/hl/ipc50 w90 s42:  82%|████████▏ | 245/300 [2:51:36<38:51, 42.39s/ep][A

tin/rn18/el2nbest/hl/ipc50 w90 s42:  82%|████████▏ | 246/300 [2:52:18<38:10, 42.41s/ep][A

tin/rn18/el2nbest/hl/ipc50 w90 s42:  82%|████████▏ | 247/300 [2:53:00<37:25, 42.37s/ep][A

tin/rn18/el2nbest/hl/ipc50 w90 s42:  83%|████████▎ | 248/300 [2:53:43<36:40, 42.32s/ep][A

tin/rn18/el2nbest/hl/ipc50 w90 s42:  83%|████████▎ | 249/300 [2:54:25<35:57, 42.30s/ep][A

tin/rn18/el2nbest/hl/ipc50 w90 s42:  83%|████████▎ | 250/300 [2:55:07<35:11, 42.24s/ep][A

tin/rn18/el2nbest/hl/ipc50 w90 s42:  84%|████████▎ | 251/300 [2:55:49<34:25, 42.15s/ep][A

tin/rn18/el2nbest/hl/ipc50 w90 s42:  84%|████████▍ | 252/300 [2:56:31<33:40, 42.10s/ep][A

tin/rn18/el2nbest/hl/ipc50 w90 s42:  84%|████████▍ | 253/300 [2:57:13<32:59, 42.11s/ep][A

tin/rn18/el2nbest/hl/ipc50 w90 s42:  85%|████████▍ | 254/300 [2:57:55<32:11, 42.00s/ep][A

tin/rn18/el2nbest/hl/ipc50 w90 s42:  85%|████████▌ | 255/300 [2:58:37<31:30, 42.01s/ep][A

tin/rn18/el2nbest/hl/ipc50 w90 s42:  85%|████████▌ | 256/300 [2:59:19<30:52, 42.09s/ep][A

tin/rn18/el2nbest/hl/ipc50 w90 s42:  86%|████████▌ | 257/300 [3:00:02<30:15, 42.21s/ep][A

tin/rn18/el2nbest/hl/ipc50 w90 s42:  86%|████████▌ | 258/300 [3:00:44<29:34, 42.25s/ep][A

tin/rn18/el2nbest/hl/ipc50 w90 s42:  86%|████████▋ | 259/300 [3:01:27<28:57, 42.39s/ep][A

tin/rn18/el2nbest/hl/ipc50 w90 s42:  87%|████████▋ | 260/300 [3:02:09<28:20, 42.52s/ep][A

tin/rn18/el2nbest/hl/ipc50 w90 s42:  87%|████████▋ | 261/300 [3:02:52<27:40, 42.57s/ep][A

tin/rn18/el2nbest/hl/ipc50 w90 s42:  87%|████████▋ | 262/300 [3:03:35<26:57, 42.55s/ep][A

tin/rn18/el2nbest/hl/ipc50 w90 s42:  88%|████████▊ | 263/300 [3:04:17<26:13, 42.51s/ep][A

tin/rn18/el2nbest/hl/ipc50 w90 s42:  88%|████████▊ | 264/300 [3:04:59<25:28, 42.46s/ep][A

tin/rn18/el2nbest/hl/ipc50 w90 s42:  88%|████████▊ | 265/300 [3:05:42<24:45, 42.44s/ep][A

tin/rn18/el2nbest/hl/ipc50 w90 s42:  89%|████████▊ | 266/300 [3:06:24<24:00, 42.38s/ep][A

tin/rn18/el2nbest/hl/ipc50 w90 s42:  89%|████████▉ | 267/300 [3:07:06<23:14, 42.27s/ep][A

tin/rn18/el2nbest/hl/ipc50 w90 s42:  89%|████████▉ | 268/300 [3:07:48<22:31, 42.25s/ep][A

tin/rn18/el2nbest/hl/ipc50 w90 s42:  90%|████████▉ | 269/300 [3:08:30<21:49, 42.25s/ep][A

tin/rn18/el2nbest/hl/ipc50 w90 s42:  90%|█████████ | 270/300 [3:09:12<21:05, 42.17s/ep][A

tin/rn18/el2nbest/hl/ipc50 w90 s42:  90%|█████████ | 271/300 [3:09:54<20:20, 42.08s/ep][A

tin/rn18/el2nbest/hl/ipc50 w90 s42:  91%|█████████ | 272/300 [3:10:36<19:37, 42.05s/ep][A

tin/rn18/el2nbest/hl/ipc50 w90 s42:  91%|█████████ | 273/300 [3:11:18<18:54, 42.01s/ep][A

tin/rn18/el2nbest/hl/ipc50 w90 s42:  91%|█████████▏| 274/300 [3:12:00<18:12, 42.01s/ep][A

tin/rn18/el2nbest/hl/ipc50 w90 s42:  92%|█████████▏| 275/300 [3:12:42<17:30, 42.03s/ep][A

tin/rn18/el2nbest/hl/ipc50 w90 s42:  92%|█████████▏| 276/300 [3:13:24<16:49, 42.05s/ep][A

tin/rn18/el2nbest/hl/ipc50 w90 s42:  92%|█████████▏| 277/300 [3:14:07<16:08, 42.12s/ep][A

tin/rn18/el2nbest/hl/ipc50 w90 s42:  93%|█████████▎| 278/300 [3:14:49<15:27, 42.15s/ep][A

tin/rn18/el2nbest/hl/ipc50 w90 s42:  93%|█████████▎| 279/300 [3:15:31<14:44, 42.14s/ep][A

tin/rn18/el2nbest/hl/ipc50 w90 s42:  93%|█████████▎| 280/300 [3:16:13<14:01, 42.08s/ep][A

tin/rn18/el2nbest/hl/ipc50 w90 s42:  94%|█████████▎| 281/300 [3:16:55<13:19, 42.09s/ep][A

tin/rn18/el2nbest/hl/ipc50 w90 s42:  94%|█████████▍| 282/300 [3:17:37<12:38, 42.16s/ep][A

tin/rn18/el2nbest/hl/ipc50 w90 s42:  94%|█████████▍| 283/300 [3:18:20<11:58, 42.28s/ep][A

tin/rn18/el2nbest/hl/ipc50 w90 s42:  95%|█████████▍| 284/300 [3:19:02<11:17, 42.34s/ep][A

tin/rn18/el2nbest/hl/ipc50 w90 s42:  95%|█████████▌| 285/300 [3:19:45<10:35, 42.35s/ep][A

tin/rn18/el2nbest/hl/ipc50 w90 s42:  95%|█████████▌| 286/300 [3:20:27<09:52, 42.33s/ep][A

tin/rn18/el2nbest/hl/ipc50 w90 s42:  96%|█████████▌| 287/300 [3:21:09<09:10, 42.32s/ep][A

tin/rn18/el2nbest/hl/ipc50 w90 s42:  96%|█████████▌| 288/300 [3:21:52<08:28, 42.34s/ep][A

tin/rn18/el2nbest/hl/ipc50 w90 s42:  96%|█████████▋| 289/300 [3:22:34<07:45, 42.33s/ep][A

tin/rn18/el2nbest/hl/ipc50 w90 s42:  97%|█████████▋| 290/300 [3:23:16<07:03, 42.34s/ep][A

tin/rn18/el2nbest/hl/ipc50 w90 s42:  97%|█████████▋| 291/300 [3:23:59<06:21, 42.39s/ep][A

tin/rn18/el2nbest/hl/ipc50 w90 s42:  97%|█████████▋| 292/300 [3:24:41<05:38, 42.35s/ep][A

tin/rn18/el2nbest/hl/ipc50 w90 s42:  98%|█████████▊| 293/300 [3:25:24<04:56, 42.33s/ep][A

tin/rn18/el2nbest/hl/ipc50 w90 s42:  98%|█████████▊| 294/300 [3:26:06<04:13, 42.32s/ep][A

tin/rn18/el2nbest/hl/ipc50 w90 s42:  98%|█████████▊| 295/300 [3:26:48<03:31, 42.27s/ep][A

tin/rn18/el2nbest/hl/ipc50 w90 s42:  99%|█████████▊| 296/300 [3:27:30<02:48, 42.21s/ep][A

tin/rn18/el2nbest/hl/ipc50 w90 s42:  99%|█████████▉| 297/300 [3:28:12<02:06, 42.18s/ep][A

tin/rn18/el2nbest/hl/ipc50 w90 s42:  99%|█████████▉| 298/300 [3:28:54<01:24, 42.18s/ep][A

tin/rn18/el2nbest/hl/ipc50 w90 s42: 100%|█████████▉| 299/300 [3:29:36<00:42, 42.16s/ep][A

tin/rn18/el2nbest/hl/ipc50 w90 s42: 100%|██████████| 300/300 [3:30:19<00:00, 42.15s/ep][A

                                                                                       [A[cell] tin/rn18/el2nbest/hl/ipc50 window 90%: 26.15%  (12633s)


tin/rn18/el2nbest/hl/ipc50 s45:   0%|          | 0/300 [00:00<?, ?ep/s][A

tin/rn18/el2nbest/hl/ipc50 s45:   0%|          | 1/300 [00:41<3:27:49, 41.70s/ep][A

tin/rn18/el2nbest/hl/ipc50 s45:   1%|          | 2/300 [01:23<3:27:48, 41.84s/ep][A

tin/rn18/el2nbest/hl/ipc50 s45:   1%|          | 3/300 [02:05<3:27:23, 41.90s/ep][A

tin/rn18/el2nbest/hl/ipc50 s45:   1%|▏         | 4/300 [02:47<3:27:14, 42.01s/ep][A

tin/rn18/el2nbest/hl/ipc50 s45:   2%|▏         | 5/300 [03:29<3:26:35, 42.02s/ep][A

tin/rn18/el2nbest/hl/ipc50 s45:   2%|▏         | 6/300 [04:11<3:26:03, 42.05s/ep][A

tin/rn18/el2nbest/hl/ipc50 s45:   2%|▏         | 7/300 [04:54<3:25:31, 42.09s/ep][A

tin/rn18/el2nbest/hl/ipc50 s45:   3%|▎         | 8/300 [05:36<3:24:55, 42.11s/ep][A

tin/rn18/el2nbest/hl/ipc50 s45:   3%|▎         | 9/300 [06:18<3:24:16, 42.12s/ep][A

tin/rn18/el2nbest/hl/ipc50 s45:   3%|▎         | 10/300 [07:00<3:23:40, 42.14s/ep][A

tin/rn18/el2nbest/hl/ipc50 s45:   4%|▎         | 11/300 [07:42<3:22:45, 42.09s/ep][A

tin/rn18/el2nbest/hl/ipc50 s45:   4%|▍         | 12/300 [08:24<3:21:25, 41.96s/ep][A

tin/rn18/el2nbest/hl/ipc50 s45:   4%|▍         | 13/300 [09:04<3:18:42, 41.54s/ep][A

tin/rn18/el2nbest/hl/ipc50 s45:   5%|▍         | 14/300 [09:45<3:16:29, 41.22s/ep][A

tin/rn18/el2nbest/hl/ipc50 s45:   5%|▌         | 15/300 [10:25<3:15:00, 41.05s/ep][A

tin/rn18/el2nbest/hl/ipc50 s45:   5%|▌         | 16/300 [11:06<3:13:56, 40.97s/ep][A

tin/rn18/el2nbest/hl/ipc50 s45:   6%|▌         | 17/300 [11:47<3:13:05, 40.94s/ep][A

tin/rn18/el2nbest/hl/ipc50 s45:   6%|▌         | 18/300 [12:28<3:12:22, 40.93s/ep][A

tin/rn18/el2nbest/hl/ipc50 s45:   6%|▋         | 19/300 [13:09<3:11:56, 40.99s/ep][A

tin/rn18/el2nbest/hl/ipc50 s45:   7%|▋         | 20/300 [13:50<3:11:38, 41.07s/ep][A

tin/rn18/el2nbest/hl/ipc50 s45:   7%|▋         | 21/300 [14:32<3:11:28, 41.18s/ep][A

tin/rn18/el2nbest/hl/ipc50 s45:   7%|▋         | 22/300 [15:14<3:11:33, 41.34s/ep][A

tin/rn18/el2nbest/hl/ipc50 s45:   8%|▊         | 23/300 [15:56<3:11:56, 41.58s/ep][A

tin/rn18/el2nbest/hl/ipc50 s45:   8%|▊         | 24/300 [16:38<3:12:17, 41.80s/ep][A

tin/rn18/el2nbest/hl/ipc50 s45:   8%|▊         | 25/300 [17:20<3:12:02, 41.90s/ep][A

tin/rn18/el2nbest/hl/ipc50 s45:   9%|▊         | 26/300 [18:02<3:11:27, 41.93s/ep][A

tin/rn18/el2nbest/hl/ipc50 s45:   9%|▉         | 27/300 [18:44<3:10:47, 41.93s/ep][A

tin/rn18/el2nbest/hl/ipc50 s45:   9%|▉         | 28/300 [19:26<3:09:50, 41.88s/ep][A

tin/rn18/el2nbest/hl/ipc50 s45:  10%|▉         | 29/300 [20:08<3:08:54, 41.82s/ep][A

tin/rn18/el2nbest/hl/ipc50 s45:  10%|█         | 30/300 [20:49<3:08:12, 41.82s/ep][A

tin/rn18/el2nbest/hl/ipc50 s45:  10%|█         | 31/300 [21:31<3:07:46, 41.88s/ep][A

tin/rn18/el2nbest/hl/ipc50 s45:  11%|█         | 32/300 [22:13<3:07:18, 41.94s/ep][A

tin/rn18/el2nbest/hl/ipc50 s45:  11%|█         | 33/300 [22:55<3:06:44, 41.96s/ep][A

tin/rn18/el2nbest/hl/ipc50 s45:  11%|█▏        | 34/300 [23:37<3:05:50, 41.92s/ep][A

tin/rn18/el2nbest/hl/ipc50 s45:  12%|█▏        | 35/300 [24:19<3:04:57, 41.88s/ep][A

tin/rn18/el2nbest/hl/ipc50 s45:  12%|█▏        | 36/300 [25:01<3:04:13, 41.87s/ep][A

tin/rn18/el2nbest/hl/ipc50 s45:  12%|█▏        | 37/300 [25:43<3:03:19, 41.82s/ep][A

tin/rn18/el2nbest/hl/ipc50 s45:  13%|█▎        | 38/300 [26:24<3:02:31, 41.80s/ep][A

tin/rn18/el2nbest/hl/ipc50 s45:  13%|█▎        | 39/300 [27:06<3:01:47, 41.79s/ep][A

tin/rn18/el2nbest/hl/ipc50 s45:  13%|█▎        | 40/300 [27:48<3:01:15, 41.83s/ep][A

tin/rn18/el2nbest/hl/ipc50 s45:  14%|█▎        | 41/300 [28:30<3:00:39, 41.85s/ep][A

tin/rn18/el2nbest/hl/ipc50 s45:  14%|█▍        | 42/300 [29:12<3:00:01, 41.87s/ep][A

tin/rn18/el2nbest/hl/ipc50 s45:  14%|█▍        | 43/300 [29:54<2:59:16, 41.85s/ep][A

tin/rn18/el2nbest/hl/ipc50 s45:  15%|█▍        | 44/300 [30:36<2:58:44, 41.89s/ep][A

tin/rn18/el2nbest/hl/ipc50 s45:  15%|█▌        | 45/300 [31:18<2:58:21, 41.96s/ep][A

tin/rn18/el2nbest/hl/ipc50 s45:  15%|█▌        | 46/300 [32:00<2:57:28, 41.92s/ep][A

tin/rn18/el2nbest/hl/ipc50 s45:  16%|█▌        | 47/300 [32:42<2:57:17, 42.05s/ep][A

tin/rn18/el2nbest/hl/ipc50 s45:  16%|█▌        | 48/300 [33:24<2:56:50, 42.10s/ep][A

tin/rn18/el2nbest/hl/ipc50 s45:  16%|█▋        | 49/300 [34:07<2:56:29, 42.19s/ep][A

tin/rn18/el2nbest/hl/ipc50 s45:  17%|█▋        | 50/300 [34:49<2:55:55, 42.22s/ep][A

tin/rn18/el2nbest/hl/ipc50 s45:  17%|█▋        | 51/300 [35:31<2:55:10, 42.21s/ep][A

tin/rn18/el2nbest/hl/ipc50 s45:  17%|█▋        | 52/300 [36:13<2:54:26, 42.20s/ep][A

tin/rn18/el2nbest/hl/ipc50 s45:  18%|█▊        | 53/300 [36:55<2:53:46, 42.21s/ep][A

tin/rn18/el2nbest/hl/ipc50 s45:  18%|█▊        | 54/300 [37:38<2:53:04, 42.21s/ep][A

tin/rn18/el2nbest/hl/ipc50 s45:  18%|█▊        | 55/300 [38:20<2:52:16, 42.19s/ep][A

tin/rn18/el2nbest/hl/ipc50 s45:  19%|█▊        | 56/300 [39:02<2:51:50, 42.26s/ep][A

tin/rn18/el2nbest/hl/ipc50 s45:  19%|█▉        | 57/300 [39:45<2:51:12, 42.27s/ep][A

tin/rn18/el2nbest/hl/ipc50 s45:  19%|█▉        | 58/300 [40:27<2:50:20, 42.23s/ep][A

tin/rn18/el2nbest/hl/ipc50 s45:  20%|█▉        | 59/300 [41:09<2:49:19, 42.16s/ep][A

tin/rn18/el2nbest/hl/ipc50 s45:  20%|██        | 60/300 [41:50<2:48:05, 42.02s/ep][A

tin/rn18/el2nbest/hl/ipc50 s45:  20%|██        | 61/300 [42:32<2:46:51, 41.89s/ep][A

tin/rn18/el2nbest/hl/ipc50 s45:  21%|██        | 62/300 [43:14<2:45:46, 41.79s/ep][A

tin/rn18/el2nbest/hl/ipc50 s45:  21%|██        | 63/300 [43:55<2:44:58, 41.77s/ep][A

tin/rn18/el2nbest/hl/ipc50 s45:  21%|██▏       | 64/300 [44:37<2:43:59, 41.69s/ep][A

tin/rn18/el2nbest/hl/ipc50 s45:  22%|██▏       | 65/300 [45:18<2:43:09, 41.66s/ep][A

tin/rn18/el2nbest/hl/ipc50 s45:  22%|██▏       | 66/300 [46:00<2:42:32, 41.68s/ep][A

tin/rn18/el2nbest/hl/ipc50 s45:  22%|██▏       | 67/300 [46:41<2:41:32, 41.60s/ep][A

tin/rn18/el2nbest/hl/ipc50 s45:  23%|██▎       | 68/300 [47:23<2:40:24, 41.48s/ep][A

tin/rn18/el2nbest/hl/ipc50 s45:  23%|██▎       | 69/300 [48:04<2:39:39, 41.47s/ep][A

tin/rn18/el2nbest/hl/ipc50 s45:  23%|██▎       | 70/300 [48:45<2:38:49, 41.43s/ep][A

tin/rn18/el2nbest/hl/ipc50 s45:  24%|██▎       | 71/300 [49:27<2:38:01, 41.41s/ep][A

tin/rn18/el2nbest/hl/ipc50 s45:  24%|██▍       | 72/300 [50:08<2:37:13, 41.37s/ep][A

tin/rn18/el2nbest/hl/ipc50 s45:  24%|██▍       | 73/300 [50:49<2:36:29, 41.36s/ep][A

tin/rn18/el2nbest/hl/ipc50 s45:  25%|██▍       | 74/300 [51:31<2:36:00, 41.42s/ep][A

tin/rn18/el2nbest/hl/ipc50 s45:  25%|██▌       | 75/300 [52:12<2:35:12, 41.39s/ep][A

tin/rn18/el2nbest/hl/ipc50 s45:  25%|██▌       | 76/300 [52:53<2:34:13, 41.31s/ep][A

tin/rn18/el2nbest/hl/ipc50 s45:  26%|██▌       | 77/300 [53:35<2:33:21, 41.26s/ep][A

tin/rn18/el2nbest/hl/ipc50 s45:  26%|██▌       | 78/300 [54:16<2:32:23, 41.19s/ep][A

tin/rn18/el2nbest/hl/ipc50 s45:  26%|██▋       | 79/300 [54:57<2:31:33, 41.15s/ep][A

tin/rn18/el2nbest/hl/ipc50 s45:  27%|██▋       | 80/300 [55:38<2:31:00, 41.18s/ep][A

tin/rn18/el2nbest/hl/ipc50 s45:  27%|██▋       | 81/300 [56:19<2:30:13, 41.16s/ep][A

tin/rn18/el2nbest/hl/ipc50 s45:  27%|██▋       | 82/300 [57:00<2:29:28, 41.14s/ep][A

tin/rn18/el2nbest/hl/ipc50 s45:  28%|██▊       | 83/300 [57:41<2:28:38, 41.10s/ep][A

tin/rn18/el2nbest/hl/ipc50 s45:  28%|██▊       | 84/300 [58:22<2:27:46, 41.05s/ep][A

tin/rn18/el2nbest/hl/ipc50 s45:  28%|██▊       | 85/300 [59:03<2:26:58, 41.02s/ep][A

tin/rn18/el2nbest/hl/ipc50 s45:  29%|██▊       | 86/300 [59:44<2:26:11, 40.99s/ep][A

tin/rn18/el2nbest/hl/ipc50 s45:  29%|██▉       | 87/300 [1:00:25<2:25:28, 40.98s/ep][A

tin/rn18/el2nbest/hl/ipc50 s45:  29%|██▉       | 88/300 [1:01:06<2:24:52, 41.00s/ep][A

tin/rn18/el2nbest/hl/ipc50 s45:  30%|██▉       | 89/300 [1:01:47<2:24:22, 41.05s/ep][A

tin/rn18/el2nbest/hl/ipc50 s45:  30%|███       | 90/300 [1:02:28<2:23:51, 41.10s/ep][A

tin/rn18/el2nbest/hl/ipc50 s45:  30%|███       | 91/300 [1:03:09<2:23:12, 41.11s/ep][A

tin/rn18/el2nbest/hl/ipc50 s45:  31%|███       | 92/300 [1:03:51<2:22:32, 41.12s/ep][A

tin/rn18/el2nbest/hl/ipc50 s45:  31%|███       | 93/300 [1:04:32<2:21:54, 41.13s/ep][A

tin/rn18/el2nbest/hl/ipc50 s45:  31%|███▏      | 94/300 [1:05:13<2:21:26, 41.20s/ep][A

tin/rn18/el2nbest/hl/ipc50 s45:  32%|███▏      | 95/300 [1:05:54<2:20:49, 41.22s/ep][A

tin/rn18/el2nbest/hl/ipc50 s45:  32%|███▏      | 96/300 [1:06:36<2:20:18, 41.27s/ep][A

tin/rn18/el2nbest/hl/ipc50 s45:  32%|███▏      | 97/300 [1:07:17<2:19:33, 41.25s/ep][A

tin/rn18/el2nbest/hl/ipc50 s45:  33%|███▎      | 98/300 [1:07:58<2:18:45, 41.21s/ep][A

tin/rn18/el2nbest/hl/ipc50 s45:  33%|███▎      | 99/300 [1:08:39<2:18:00, 41.20s/ep][A

tin/rn18/el2nbest/hl/ipc50 s45:  33%|███▎      | 100/300 [1:09:21<2:17:28, 41.24s/ep][A

tin/rn18/el2nbest/hl/ipc50 s45:  34%|███▎      | 101/300 [1:10:02<2:16:52, 41.27s/ep][A

tin/rn18/el2nbest/hl/ipc50 s45:  34%|███▍      | 102/300 [1:10:44<2:16:29, 41.36s/ep][A

tin/rn18/el2nbest/hl/ipc50 s45:  34%|███▍      | 103/300 [1:11:25<2:15:49, 41.37s/ep][A

tin/rn18/el2nbest/hl/ipc50 s45:  35%|███▍      | 104/300 [1:12:06<2:15:08, 41.37s/ep][A

tin/rn18/el2nbest/hl/ipc50 s45:  35%|███▌      | 105/300 [1:12:48<2:14:26, 41.37s/ep][A

tin/rn18/el2nbest/hl/ipc50 s45:  35%|███▌      | 106/300 [1:13:29<2:13:46, 41.37s/ep][A

tin/rn18/el2nbest/hl/ipc50 s45:  36%|███▌      | 107/300 [1:14:10<2:13:07, 41.38s/ep][A

tin/rn18/el2nbest/hl/ipc50 s45:  36%|███▌      | 108/300 [1:14:52<2:12:32, 41.42s/ep][A

tin/rn18/el2nbest/hl/ipc50 s45:  36%|███▋      | 109/300 [1:15:33<2:11:58, 41.46s/ep][A

tin/rn18/el2nbest/hl/ipc50 s45:  37%|███▋      | 110/300 [1:16:15<2:11:21, 41.48s/ep][A

tin/rn18/el2nbest/hl/ipc50 s45:  37%|███▋      | 111/300 [1:16:57<2:10:53, 41.55s/ep][A

tin/rn18/el2nbest/hl/ipc50 s45:  37%|███▋      | 112/300 [1:17:38<2:10:21, 41.60s/ep][A

tin/rn18/el2nbest/hl/ipc50 s45:  38%|███▊      | 113/300 [1:18:20<2:10:00, 41.71s/ep][A

tin/rn18/el2nbest/hl/ipc50 s45:  38%|███▊      | 114/300 [1:19:02<2:09:11, 41.67s/ep][A

tin/rn18/el2nbest/hl/ipc50 s45:  38%|███▊      | 115/300 [1:19:44<2:08:21, 41.63s/ep][A

tin/rn18/el2nbest/hl/ipc50 s45:  39%|███▊      | 116/300 [1:20:25<2:07:48, 41.68s/ep][A

tin/rn18/el2nbest/hl/ipc50 s45:  39%|███▉      | 117/300 [1:21:07<2:07:08, 41.68s/ep][A

tin/rn18/el2nbest/hl/ipc50 s45:  39%|███▉      | 118/300 [1:21:49<2:06:31, 41.71s/ep][A

tin/rn18/el2nbest/hl/ipc50 s45:  40%|███▉      | 119/300 [1:22:31<2:05:57, 41.75s/ep][A

tin/rn18/el2nbest/hl/ipc50 s45:  40%|████      | 120/300 [1:23:12<2:05:09, 41.72s/ep][A

tin/rn18/el2nbest/hl/ipc50 s45:  40%|████      | 121/300 [1:23:54<2:04:24, 41.70s/ep][A

tin/rn18/el2nbest/hl/ipc50 s45:  41%|████      | 122/300 [1:24:35<2:03:29, 41.63s/ep][A

tin/rn18/el2nbest/hl/ipc50 s45:  41%|████      | 123/300 [1:25:17<2:02:48, 41.63s/ep][A

tin/rn18/el2nbest/hl/ipc50 s45:  41%|████▏     | 124/300 [1:25:59<2:02:03, 41.61s/ep][A

tin/rn18/el2nbest/hl/ipc50 s45:  42%|████▏     | 125/300 [1:26:40<2:01:32, 41.67s/ep][A

tin/rn18/el2nbest/hl/ipc50 s45:  42%|████▏     | 126/300 [1:27:22<2:01:04, 41.75s/ep][A

tin/rn18/el2nbest/hl/ipc50 s45:  42%|████▏     | 127/300 [1:28:04<2:00:14, 41.70s/ep][A

tin/rn18/el2nbest/hl/ipc50 s45:  43%|████▎     | 128/300 [1:28:46<1:59:27, 41.67s/ep][A

tin/rn18/el2nbest/hl/ipc50 s45:  43%|████▎     | 129/300 [1:29:27<1:58:47, 41.68s/ep][A

tin/rn18/el2nbest/hl/ipc50 s45:  43%|████▎     | 130/300 [1:30:09<1:57:48, 41.58s/ep][A

tin/rn18/el2nbest/hl/ipc50 s45:  44%|████▎     | 131/300 [1:30:50<1:56:53, 41.50s/ep][A

tin/rn18/el2nbest/hl/ipc50 s45:  44%|████▍     | 132/300 [1:31:31<1:55:49, 41.37s/ep][A

tin/rn18/el2nbest/hl/ipc50 s45:  44%|████▍     | 133/300 [1:32:12<1:54:58, 41.31s/ep][A

tin/rn18/el2nbest/hl/ipc50 s45:  45%|████▍     | 134/300 [1:32:53<1:54:15, 41.30s/ep][A

tin/rn18/el2nbest/hl/ipc50 s45:  45%|████▌     | 135/300 [1:33:35<1:53:31, 41.28s/ep][A

tin/rn18/el2nbest/hl/ipc50 s45:  45%|████▌     | 136/300 [1:34:16<1:52:59, 41.34s/ep][A

tin/rn18/el2nbest/hl/ipc50 s45:  46%|████▌     | 137/300 [1:34:58<1:52:28, 41.40s/ep][A

tin/rn18/el2nbest/hl/ipc50 s45:  46%|████▌     | 138/300 [1:35:39<1:51:52, 41.44s/ep][A

tin/rn18/el2nbest/hl/ipc50 s45:  46%|████▋     | 139/300 [1:36:21<1:51:20, 41.50s/ep][A

tin/rn18/el2nbest/hl/ipc50 s45:  47%|████▋     | 140/300 [1:37:03<1:50:48, 41.56s/ep][A

tin/rn18/el2nbest/hl/ipc50 s45:  47%|████▋     | 141/300 [1:37:44<1:50:11, 41.58s/ep][A

tin/rn18/el2nbest/hl/ipc50 s45:  47%|████▋     | 142/300 [1:38:26<1:49:37, 41.63s/ep][A

tin/rn18/el2nbest/hl/ipc50 s45:  48%|████▊     | 143/300 [1:39:08<1:49:17, 41.77s/ep][A

tin/rn18/el2nbest/hl/ipc50 s45:  48%|████▊     | 144/300 [1:39:50<1:48:31, 41.74s/ep][A

tin/rn18/el2nbest/hl/ipc50 s45:  48%|████▊     | 145/300 [1:40:31<1:47:52, 41.76s/ep][A

tin/rn18/el2nbest/hl/ipc50 s45:  49%|████▊     | 146/300 [1:41:13<1:47:09, 41.75s/ep][A

tin/rn18/el2nbest/hl/ipc50 s45:  49%|████▉     | 147/300 [1:41:55<1:46:22, 41.72s/ep][A

tin/rn18/el2nbest/hl/ipc50 s45:  49%|████▉     | 148/300 [1:42:36<1:45:26, 41.62s/ep][A

tin/rn18/el2nbest/hl/ipc50 s45:  50%|████▉     | 149/300 [1:43:18<1:44:44, 41.62s/ep][A

tin/rn18/el2nbest/hl/ipc50 s45:  50%|█████     | 150/300 [1:43:59<1:44:02, 41.62s/ep][A

tin/rn18/el2nbest/hl/ipc50 s45:  50%|█████     | 151/300 [1:44:41<1:43:14, 41.57s/ep][A

tin/rn18/el2nbest/hl/ipc50 s45:  51%|█████     | 152/300 [1:45:22<1:42:18, 41.48s/ep][A

tin/rn18/el2nbest/hl/ipc50 s45:  51%|█████     | 153/300 [1:46:03<1:41:22, 41.38s/ep][A

tin/rn18/el2nbest/hl/ipc50 s45:  51%|█████▏    | 154/300 [1:46:45<1:40:32, 41.32s/ep][A

tin/rn18/el2nbest/hl/ipc50 s45:  52%|█████▏    | 155/300 [1:47:26<1:39:59, 41.38s/ep][A

tin/rn18/el2nbest/hl/ipc50 s45:  52%|█████▏    | 156/300 [1:48:07<1:39:14, 41.35s/ep][A

tin/rn18/el2nbest/hl/ipc50 s45:  52%|█████▏    | 157/300 [1:48:48<1:38:24, 41.29s/ep][A

tin/rn18/el2nbest/hl/ipc50 s45:  53%|█████▎    | 158/300 [1:49:30<1:37:34, 41.23s/ep][A

tin/rn18/el2nbest/hl/ipc50 s45:  53%|█████▎    | 159/300 [1:50:11<1:36:50, 41.21s/ep][A

tin/rn18/el2nbest/hl/ipc50 s45:  53%|█████▎    | 160/300 [1:50:52<1:36:04, 41.17s/ep][A

tin/rn18/el2nbest/hl/ipc50 s45:  54%|█████▎    | 161/300 [1:51:33<1:35:30, 41.23s/ep][A

tin/rn18/el2nbest/hl/ipc50 s45:  54%|█████▍    | 162/300 [1:52:15<1:35:01, 41.32s/ep][A

tin/rn18/el2nbest/hl/ipc50 s45:  54%|█████▍    | 163/300 [1:52:56<1:34:33, 41.41s/ep][A

tin/rn18/el2nbest/hl/ipc50 s45:  55%|█████▍    | 164/300 [1:53:38<1:34:03, 41.49s/ep][A

tin/rn18/el2nbest/hl/ipc50 s45:  55%|█████▌    | 165/300 [1:54:20<1:33:28, 41.54s/ep][A

tin/rn18/el2nbest/hl/ipc50 s45:  55%|█████▌    | 166/300 [1:55:01<1:32:47, 41.55s/ep][A

tin/rn18/el2nbest/hl/ipc50 s45:  56%|█████▌    | 167/300 [1:55:43<1:32:06, 41.55s/ep][A

tin/rn18/el2nbest/hl/ipc50 s45:  56%|█████▌    | 168/300 [1:56:24<1:31:21, 41.53s/ep][A

tin/rn18/el2nbest/hl/ipc50 s45:  56%|█████▋    | 169/300 [1:57:06<1:30:39, 41.52s/ep][A

tin/rn18/el2nbest/hl/ipc50 s45:  57%|█████▋    | 170/300 [1:57:47<1:29:51, 41.47s/ep][A

tin/rn18/el2nbest/hl/ipc50 s45:  57%|█████▋    | 171/300 [1:58:29<1:29:16, 41.52s/ep][A

tin/rn18/el2nbest/hl/ipc50 s45:  57%|█████▋    | 172/300 [1:59:10<1:28:41, 41.57s/ep][A

tin/rn18/el2nbest/hl/ipc50 s45:  58%|█████▊    | 173/300 [1:59:52<1:28:05, 41.62s/ep][A

tin/rn18/el2nbest/hl/ipc50 s45:  58%|█████▊    | 174/300 [2:00:34<1:27:17, 41.57s/ep][A

tin/rn18/el2nbest/hl/ipc50 s45:  58%|█████▊    | 175/300 [2:01:15<1:26:27, 41.50s/ep][A

tin/rn18/el2nbest/hl/ipc50 s45:  59%|█████▊    | 176/300 [2:01:56<1:25:42, 41.48s/ep][A

tin/rn18/el2nbest/hl/ipc50 s45:  59%|█████▉    | 177/300 [2:02:38<1:24:57, 41.45s/ep][A

tin/rn18/el2nbest/hl/ipc50 s45:  59%|█████▉    | 178/300 [2:03:19<1:24:14, 41.43s/ep][A

tin/rn18/el2nbest/hl/ipc50 s45:  60%|█████▉    | 179/300 [2:04:01<1:23:35, 41.45s/ep][A

tin/rn18/el2nbest/hl/ipc50 s45:  60%|██████    | 180/300 [2:04:42<1:22:50, 41.42s/ep][A

tin/rn18/el2nbest/hl/ipc50 s45:  60%|██████    | 181/300 [2:05:23<1:21:59, 41.34s/ep][A

tin/rn18/el2nbest/hl/ipc50 s45:  61%|██████    | 182/300 [2:06:04<1:21:05, 41.23s/ep][A

tin/rn18/el2nbest/hl/ipc50 s45:  61%|██████    | 183/300 [2:06:45<1:20:18, 41.18s/ep][A

tin/rn18/el2nbest/hl/ipc50 s45:  61%|██████▏   | 184/300 [2:07:26<1:19:37, 41.19s/ep][A

tin/rn18/el2nbest/hl/ipc50 s45:  62%|██████▏   | 185/300 [2:08:07<1:18:51, 41.14s/ep][A

tin/rn18/el2nbest/hl/ipc50 s45:  62%|██████▏   | 186/300 [2:08:48<1:18:04, 41.09s/ep][A

tin/rn18/el2nbest/hl/ipc50 s45:  62%|██████▏   | 187/300 [2:09:29<1:17:20, 41.07s/ep][A

tin/rn18/el2nbest/hl/ipc50 s45:  63%|██████▎   | 188/300 [2:10:11<1:16:42, 41.10s/ep][A

tin/rn18/el2nbest/hl/ipc50 s45:  63%|██████▎   | 189/300 [2:10:52<1:16:00, 41.08s/ep][A

tin/rn18/el2nbest/hl/ipc50 s45:  63%|██████▎   | 190/300 [2:11:33<1:15:14, 41.04s/ep][A

tin/rn18/el2nbest/hl/ipc50 s45:  64%|██████▎   | 191/300 [2:12:14<1:14:36, 41.07s/ep][A

tin/rn18/el2nbest/hl/ipc50 s45:  64%|██████▍   | 192/300 [2:12:55<1:13:57, 41.09s/ep][A

tin/rn18/el2nbest/hl/ipc50 s45:  64%|██████▍   | 193/300 [2:13:36<1:13:20, 41.13s/ep][A

tin/rn18/el2nbest/hl/ipc50 s45:  65%|██████▍   | 194/300 [2:14:17<1:12:44, 41.18s/ep][A

tin/rn18/el2nbest/hl/ipc50 s45:  65%|██████▌   | 195/300 [2:14:59<1:12:02, 41.16s/ep][A

tin/rn18/el2nbest/hl/ipc50 s45:  65%|██████▌   | 196/300 [2:15:40<1:11:19, 41.15s/ep][A

tin/rn18/el2nbest/hl/ipc50 s45:  66%|██████▌   | 197/300 [2:16:21<1:10:33, 41.11s/ep][A

tin/rn18/el2nbest/hl/ipc50 s45:  66%|██████▌   | 198/300 [2:17:02<1:09:54, 41.12s/ep][A

tin/rn18/el2nbest/hl/ipc50 s45:  66%|██████▋   | 199/300 [2:17:43<1:09:11, 41.10s/ep][A

tin/rn18/el2nbest/hl/ipc50 s45:  67%|██████▋   | 200/300 [2:18:24<1:08:25, 41.05s/ep][A

tin/rn18/el2nbest/hl/ipc50 s45:  67%|██████▋   | 201/300 [2:19:05<1:07:35, 40.97s/ep][A

tin/rn18/el2nbest/hl/ipc50 s45:  67%|██████▋   | 202/300 [2:19:45<1:06:51, 40.93s/ep][A

tin/rn18/el2nbest/hl/ipc50 s45:  68%|██████▊   | 203/300 [2:20:26<1:06:07, 40.90s/ep][A

tin/rn18/el2nbest/hl/ipc50 s45:  68%|██████▊   | 204/300 [2:21:07<1:05:27, 40.91s/ep][A

tin/rn18/el2nbest/hl/ipc50 s45:  68%|██████▊   | 205/300 [2:21:48<1:04:48, 40.93s/ep][A

tin/rn18/el2nbest/hl/ipc50 s45:  69%|██████▊   | 206/300 [2:22:29<1:04:04, 40.89s/ep][A

tin/rn18/el2nbest/hl/ipc50 s45:  69%|██████▉   | 207/300 [2:23:10<1:03:23, 40.90s/ep][A

tin/rn18/el2nbest/hl/ipc50 s45:  69%|██████▉   | 208/300 [2:23:51<1:02:41, 40.89s/ep][A

tin/rn18/el2nbest/hl/ipc50 s45:  70%|██████▉   | 209/300 [2:24:31<1:01:57, 40.85s/ep][A

tin/rn18/el2nbest/hl/ipc50 s45:  70%|███████   | 210/300 [2:25:12<1:01:14, 40.83s/ep][A

tin/rn18/el2nbest/hl/ipc50 s45:  70%|███████   | 211/300 [2:25:53<1:00:38, 40.88s/ep][A

tin/rn18/el2nbest/hl/ipc50 s45:  71%|███████   | 212/300 [2:26:34<59:57, 40.88s/ep]  [A

tin/rn18/el2nbest/hl/ipc50 s45:  71%|███████   | 213/300 [2:27:15<59:14, 40.86s/ep][A

tin/rn18/el2nbest/hl/ipc50 s45:  71%|███████▏  | 214/300 [2:27:56<58:32, 40.84s/ep][A

tin/rn18/el2nbest/hl/ipc50 s45:  72%|███████▏  | 215/300 [2:28:37<57:53, 40.86s/ep][A

tin/rn18/el2nbest/hl/ipc50 s45:  72%|███████▏  | 216/300 [2:29:18<57:13, 40.88s/ep][A

tin/rn18/el2nbest/hl/ipc50 s45:  72%|███████▏  | 217/300 [2:29:59<56:36, 40.92s/ep][A

tin/rn18/el2nbest/hl/ipc50 s45:  73%|███████▎  | 218/300 [2:30:40<56:01, 40.99s/ep][A

tin/rn18/el2nbest/hl/ipc50 s45:  73%|███████▎  | 219/300 [2:31:21<55:28, 41.09s/ep][A

tin/rn18/el2nbest/hl/ipc50 s45:  73%|███████▎  | 220/300 [2:32:02<54:54, 41.18s/ep][A

tin/rn18/el2nbest/hl/ipc50 s45:  74%|███████▎  | 221/300 [2:32:44<54:16, 41.22s/ep][A

tin/rn18/el2nbest/hl/ipc50 s45:  74%|███████▍  | 222/300 [2:33:25<53:36, 41.24s/ep][A

tin/rn18/el2nbest/hl/ipc50 s45:  74%|███████▍  | 223/300 [2:34:06<52:55, 41.24s/ep][A

tin/rn18/el2nbest/hl/ipc50 s45:  75%|███████▍  | 224/300 [2:34:48<52:18, 41.29s/ep][A

tin/rn18/el2nbest/hl/ipc50 s45:  75%|███████▌  | 225/300 [2:35:29<51:35, 41.27s/ep][A

tin/rn18/el2nbest/hl/ipc50 s45:  75%|███████▌  | 226/300 [2:36:10<50:51, 41.23s/ep][A

tin/rn18/el2nbest/hl/ipc50 s45:  76%|███████▌  | 227/300 [2:36:51<50:07, 41.20s/ep][A

tin/rn18/el2nbest/hl/ipc50 s45:  76%|███████▌  | 228/300 [2:37:32<49:27, 41.22s/ep][A

tin/rn18/el2nbest/hl/ipc50 s45:  76%|███████▋  | 229/300 [2:38:14<48:50, 41.28s/ep][A

tin/rn18/el2nbest/hl/ipc50 s45:  77%|███████▋  | 230/300 [2:38:55<48:12, 41.32s/ep][A

tin/rn18/el2nbest/hl/ipc50 s45:  77%|███████▋  | 231/300 [2:39:37<47:28, 41.29s/ep][A

tin/rn18/el2nbest/hl/ipc50 s45:  77%|███████▋  | 232/300 [2:40:18<46:45, 41.26s/ep][A

tin/rn18/el2nbest/hl/ipc50 s45:  78%|███████▊  | 233/300 [2:40:59<46:00, 41.20s/ep][A

tin/rn18/el2nbest/hl/ipc50 s45:  78%|███████▊  | 234/300 [2:41:40<45:16, 41.15s/ep][A

tin/rn18/el2nbest/hl/ipc50 s45:  78%|███████▊  | 235/300 [2:42:21<44:33, 41.13s/ep][A

tin/rn18/el2nbest/hl/ipc50 s45:  79%|███████▊  | 236/300 [2:43:02<43:56, 41.19s/ep][A

tin/rn18/el2nbest/hl/ipc50 s45:  79%|███████▉  | 237/300 [2:43:43<43:11, 41.14s/ep][A

tin/rn18/el2nbest/hl/ipc50 s45:  79%|███████▉  | 238/300 [2:44:24<42:29, 41.12s/ep][A

tin/rn18/el2nbest/hl/ipc50 s45:  80%|███████▉  | 239/300 [2:45:05<41:48, 41.12s/ep][A

tin/rn18/el2nbest/hl/ipc50 s45:  80%|████████  | 240/300 [2:45:47<41:07, 41.12s/ep][A

tin/rn18/el2nbest/hl/ipc50 s45:  80%|████████  | 241/300 [2:46:28<40:28, 41.16s/ep][A

tin/rn18/el2nbest/hl/ipc50 s45:  81%|████████  | 242/300 [2:47:09<39:47, 41.16s/ep][A

tin/rn18/el2nbest/hl/ipc50 s45:  81%|████████  | 243/300 [2:47:50<39:07, 41.18s/ep][A

tin/rn18/el2nbest/hl/ipc50 s45:  81%|████████▏ | 244/300 [2:48:32<38:29, 41.25s/ep][A

tin/rn18/el2nbest/hl/ipc50 s45:  82%|████████▏ | 245/300 [2:49:13<37:51, 41.30s/ep][A

tin/rn18/el2nbest/hl/ipc50 s45:  82%|████████▏ | 246/300 [2:49:54<36:59, 41.09s/ep][A

tin/rn18/el2nbest/hl/ipc50 s45:  82%|████████▏ | 247/300 [2:50:34<36:01, 40.79s/ep][A

tin/rn18/el2nbest/hl/ipc50 s45:  83%|████████▎ | 248/300 [2:51:14<35:12, 40.63s/ep][A

tin/rn18/el2nbest/hl/ipc50 s45:  83%|████████▎ | 249/300 [2:51:54<34:26, 40.52s/ep][A

tin/rn18/el2nbest/hl/ipc50 s45:  83%|████████▎ | 250/300 [2:52:35<33:44, 40.49s/ep][A

tin/rn18/el2nbest/hl/ipc50 s45:  84%|████████▎ | 251/300 [2:53:15<33:03, 40.49s/ep][A

tin/rn18/el2nbest/hl/ipc50 s45:  84%|████████▍ | 252/300 [2:53:56<32:23, 40.50s/ep][A

tin/rn18/el2nbest/hl/ipc50 s45:  84%|████████▍ | 253/300 [2:54:36<31:43, 40.50s/ep][A

tin/rn18/el2nbest/hl/ipc50 s45:  85%|████████▍ | 254/300 [2:55:17<31:04, 40.54s/ep][A

tin/rn18/el2nbest/hl/ipc50 s45:  85%|████████▌ | 255/300 [2:55:58<30:27, 40.60s/ep][A

tin/rn18/el2nbest/hl/ipc50 s45:  85%|████████▌ | 256/300 [2:56:38<29:46, 40.61s/ep][A

tin/rn18/el2nbest/hl/ipc50 s45:  86%|████████▌ | 257/300 [2:57:19<29:07, 40.64s/ep][A

tin/rn18/el2nbest/hl/ipc50 s45:  86%|████████▌ | 258/300 [2:58:00<28:28, 40.68s/ep][A

tin/rn18/el2nbest/hl/ipc50 s45:  86%|████████▋ | 259/300 [2:58:40<27:48, 40.70s/ep][A

tin/rn18/el2nbest/hl/ipc50 s45:  87%|████████▋ | 260/300 [2:59:21<27:08, 40.72s/ep][A

tin/rn18/el2nbest/hl/ipc50 s45:  87%|████████▋ | 261/300 [3:00:02<26:30, 40.77s/ep][A

tin/rn18/el2nbest/hl/ipc50 s45:  87%|████████▋ | 262/300 [3:00:43<25:51, 40.82s/ep][A

tin/rn18/el2nbest/hl/ipc50 s45:  88%|████████▊ | 263/300 [3:01:24<25:11, 40.86s/ep][A

tin/rn18/el2nbest/hl/ipc50 s45:  88%|████████▊ | 264/300 [3:02:05<24:30, 40.86s/ep][A

tin/rn18/el2nbest/hl/ipc50 s45:  88%|████████▊ | 265/300 [3:02:46<23:51, 40.89s/ep][A

tin/rn18/el2nbest/hl/ipc50 s45:  89%|████████▊ | 266/300 [3:03:27<23:11, 40.94s/ep][A

tin/rn18/el2nbest/hl/ipc50 s45:  89%|████████▉ | 267/300 [3:04:08<22:31, 40.95s/ep][A

tin/rn18/el2nbest/hl/ipc50 s45:  89%|████████▉ | 268/300 [3:04:49<21:51, 40.98s/ep][A

tin/rn18/el2nbest/hl/ipc50 s45:  90%|████████▉ | 269/300 [3:05:30<21:10, 40.99s/ep][A

tin/rn18/el2nbest/hl/ipc50 s45:  90%|█████████ | 270/300 [3:06:11<20:29, 40.99s/ep][A

tin/rn18/el2nbest/hl/ipc50 s45:  90%|█████████ | 271/300 [3:06:52<19:48, 40.99s/ep][A

tin/rn18/el2nbest/hl/ipc50 s45:  91%|█████████ | 272/300 [3:07:33<19:07, 40.98s/ep][A

tin/rn18/el2nbest/hl/ipc50 s45:  91%|█████████ | 273/300 [3:08:14<18:26, 40.98s/ep][A

tin/rn18/el2nbest/hl/ipc50 s45:  91%|█████████▏| 274/300 [3:08:55<17:46, 41.01s/ep][A

tin/rn18/el2nbest/hl/ipc50 s45:  92%|█████████▏| 275/300 [3:09:36<17:03, 40.95s/ep][A

tin/rn18/el2nbest/hl/ipc50 s45:  92%|█████████▏| 276/300 [3:10:17<16:23, 40.96s/ep][A

tin/rn18/el2nbest/hl/ipc50 s45:  92%|█████████▏| 277/300 [3:10:58<15:42, 40.96s/ep][A

tin/rn18/el2nbest/hl/ipc50 s45:  93%|█████████▎| 278/300 [3:11:38<14:59, 40.89s/ep][A

tin/rn18/el2nbest/hl/ipc50 s45:  93%|█████████▎| 279/300 [3:12:19<14:17, 40.85s/ep][A

tin/rn18/el2nbest/hl/ipc50 s45:  93%|█████████▎| 280/300 [3:13:00<13:35, 40.77s/ep][A

tin/rn18/el2nbest/hl/ipc50 s45:  94%|█████████▎| 281/300 [3:13:40<12:53, 40.72s/ep][A

tin/rn18/el2nbest/hl/ipc50 s45:  94%|█████████▍| 282/300 [3:14:21<12:11, 40.65s/ep][A

tin/rn18/el2nbest/hl/ipc50 s45:  94%|█████████▍| 283/300 [3:15:01<11:30, 40.62s/ep][A

tin/rn18/el2nbest/hl/ipc50 s45:  95%|█████████▍| 284/300 [3:15:42<10:50, 40.64s/ep][A

tin/rn18/el2nbest/hl/ipc50 s45:  95%|█████████▌| 285/300 [3:16:23<10:10, 40.68s/ep][A

tin/rn18/el2nbest/hl/ipc50 s45:  95%|█████████▌| 286/300 [3:17:04<09:30, 40.75s/ep][A

tin/rn18/el2nbest/hl/ipc50 s45:  96%|█████████▌| 287/300 [3:17:45<08:50, 40.78s/ep][A

tin/rn18/el2nbest/hl/ipc50 s45:  96%|█████████▌| 288/300 [3:18:25<08:09, 40.76s/ep][A

tin/rn18/el2nbest/hl/ipc50 s45:  96%|█████████▋| 289/300 [3:19:06<07:28, 40.74s/ep][A

tin/rn18/el2nbest/hl/ipc50 s45:  97%|█████████▋| 290/300 [3:19:47<06:47, 40.74s/ep][A

tin/rn18/el2nbest/hl/ipc50 s45:  97%|█████████▋| 291/300 [3:20:28<06:07, 40.79s/ep][A

tin/rn18/el2nbest/hl/ipc50 s45:  97%|█████████▋| 292/300 [3:21:08<05:25, 40.74s/ep][A

tin/rn18/el2nbest/hl/ipc50 s45:  98%|█████████▊| 293/300 [3:21:49<04:44, 40.71s/ep][A

tin/rn18/el2nbest/hl/ipc50 s45:  98%|█████████▊| 294/300 [3:22:30<04:04, 40.71s/ep][A

tin/rn18/el2nbest/hl/ipc50 s45:  98%|█████████▊| 295/300 [3:23:10<03:23, 40.70s/ep][A

tin/rn18/el2nbest/hl/ipc50 s45:  99%|█████████▊| 296/300 [3:23:51<02:42, 40.71s/ep][A

tin/rn18/el2nbest/hl/ipc50 s45:  99%|█████████▉| 297/300 [3:24:32<02:02, 40.71s/ep][A

tin/rn18/el2nbest/hl/ipc50 s45:  99%|█████████▉| 298/300 [3:25:13<01:21, 40.74s/ep][A

tin/rn18/el2nbest/hl/ipc50 s45: 100%|█████████▉| 299/300 [3:25:53<00:40, 40.74s/ep][A

tin/rn18/el2nbest/hl/ipc50 s45: 100%|██████████| 300/300 [3:26:34<00:00, 40.78s/ep][A

                                                                                   [A[cell] tin/rn18/el2nbest/hl/ipc50 seed45: 25.83%  (12408s)


tin/rn18/el2nbest/hl/ipc50 s46:   0%|          | 0/300 [00:00<?, ?ep/s][A

tin/rn18/el2nbest/hl/ipc50 s46:   0%|          | 1/300 [00:40<3:22:04, 40.55s/ep][A

tin/rn18/el2nbest/hl/ipc50 s46:   1%|          | 2/300 [01:21<3:21:49, 40.63s/ep][A

tin/rn18/el2nbest/hl/ipc50 s46:   1%|          | 3/300 [02:01<3:21:01, 40.61s/ep][A

tin/rn18/el2nbest/hl/ipc50 s46:   1%|▏         | 4/300 [02:42<3:20:28, 40.64s/ep][A

tin/rn18/el2nbest/hl/ipc50 s46:   2%|▏         | 5/300 [03:23<3:19:42, 40.62s/ep][A

tin/rn18/el2nbest/hl/ipc50 s46:   2%|▏         | 6/300 [04:03<3:19:17, 40.67s/ep][A

tin/rn18/el2nbest/hl/ipc50 s46:   2%|▏         | 7/300 [04:44<3:18:47, 40.71s/ep][A

tin/rn18/el2nbest/hl/ipc50 s46:   3%|▎         | 8/300 [05:25<3:18:19, 40.75s/ep][A

tin/rn18/el2nbest/hl/ipc50 s46:   3%|▎         | 9/300 [06:06<3:17:33, 40.73s/ep][A

tin/rn18/el2nbest/hl/ipc50 s46:   3%|▎         | 10/300 [06:46<3:16:46, 40.71s/ep][A

tin/rn18/el2nbest/hl/ipc50 s46:   4%|▎         | 11/300 [07:27<3:15:53, 40.67s/ep][A

tin/rn18/el2nbest/hl/ipc50 s46:   4%|▍         | 12/300 [08:08<3:15:11, 40.66s/ep][A

tin/rn18/el2nbest/hl/ipc50 s46:   4%|▍         | 13/300 [08:48<3:14:38, 40.69s/ep][A

tin/rn18/el2nbest/hl/ipc50 s46:   5%|▍         | 14/300 [09:29<3:13:57, 40.69s/ep][A

tin/rn18/el2nbest/hl/ipc50 s46:   5%|▌         | 15/300 [10:10<3:13:14, 40.68s/ep][A

tin/rn18/el2nbest/hl/ipc50 s46:   5%|▌         | 16/300 [10:50<3:12:22, 40.64s/ep][A

tin/rn18/el2nbest/hl/ipc50 s46:   6%|▌         | 17/300 [11:31<3:11:36, 40.62s/ep][A

tin/rn18/el2nbest/hl/ipc50 s46:   6%|▌         | 18/300 [12:11<3:10:48, 40.60s/ep][A

tin/rn18/el2nbest/hl/ipc50 s46:   6%|▋         | 19/300 [12:52<3:09:58, 40.57s/ep][A

tin/rn18/el2nbest/hl/ipc50 s46:   7%|▋         | 20/300 [13:32<3:09:09, 40.53s/ep][A

tin/rn18/el2nbest/hl/ipc50 s46:   7%|▋         | 21/300 [14:13<3:08:36, 40.56s/ep][A

tin/rn18/el2nbest/hl/ipc50 s46:   7%|▋         | 22/300 [14:54<3:07:58, 40.57s/ep][A

tin/rn18/el2nbest/hl/ipc50 s46:   8%|▊         | 23/300 [15:34<3:07:21, 40.58s/ep][A

tin/rn18/el2nbest/hl/ipc50 s46:   8%|▊         | 24/300 [16:15<3:06:46, 40.60s/ep][A

tin/rn18/el2nbest/hl/ipc50 s46:   8%|▊         | 25/300 [16:55<3:06:10, 40.62s/ep][A

tin/rn18/el2nbest/hl/ipc50 s46:   9%|▊         | 26/300 [17:36<3:05:26, 40.61s/ep][A

tin/rn18/el2nbest/hl/ipc50 s46:   9%|▉         | 27/300 [18:17<3:04:46, 40.61s/ep][A

tin/rn18/el2nbest/hl/ipc50 s46:   9%|▉         | 28/300 [18:57<3:04:21, 40.67s/ep][A

tin/rn18/el2nbest/hl/ipc50 s46:  10%|▉         | 29/300 [19:38<3:03:51, 40.71s/ep][A

tin/rn18/el2nbest/hl/ipc50 s46:  10%|█         | 30/300 [20:19<3:03:18, 40.73s/ep][A

tin/rn18/el2nbest/hl/ipc50 s46:  10%|█         | 31/300 [21:00<3:02:44, 40.76s/ep][A

tin/rn18/el2nbest/hl/ipc50 s46:  11%|█         | 32/300 [21:41<3:02:10, 40.78s/ep][A

tin/rn18/el2nbest/hl/ipc50 s46:  11%|█         | 33/300 [22:22<3:01:38, 40.82s/ep][A

tin/rn18/el2nbest/hl/ipc50 s46:  11%|█▏        | 34/300 [23:02<3:01:02, 40.84s/ep][A

tin/rn18/el2nbest/hl/ipc50 s46:  12%|█▏        | 35/300 [23:43<3:00:04, 40.77s/ep][A

tin/rn18/el2nbest/hl/ipc50 s46:  12%|█▏        | 36/300 [24:24<2:59:27, 40.79s/ep][A

tin/rn18/el2nbest/hl/ipc50 s46:  12%|█▏        | 37/300 [25:05<2:58:50, 40.80s/ep][A

tin/rn18/el2nbest/hl/ipc50 s46:  13%|█▎        | 38/300 [25:46<2:58:07, 40.79s/ep][A

tin/rn18/el2nbest/hl/ipc50 s46:  13%|█▎        | 39/300 [26:26<2:57:21, 40.77s/ep][A

tin/rn18/el2nbest/hl/ipc50 s46:  13%|█▎        | 40/300 [27:07<2:56:31, 40.74s/ep][A

tin/rn18/el2nbest/hl/ipc50 s46:  14%|█▎        | 41/300 [27:48<2:55:46, 40.72s/ep][A

tin/rn18/el2nbest/hl/ipc50 s46:  14%|█▍        | 42/300 [28:28<2:54:55, 40.68s/ep][A

tin/rn18/el2nbest/hl/ipc50 s46:  14%|█▍        | 43/300 [29:09<2:54:26, 40.72s/ep][A

tin/rn18/el2nbest/hl/ipc50 s46:  15%|█▍        | 44/300 [29:50<2:53:36, 40.69s/ep][A

tin/rn18/el2nbest/hl/ipc50 s46:  15%|█▌        | 45/300 [30:30<2:52:55, 40.69s/ep][A

tin/rn18/el2nbest/hl/ipc50 s46:  15%|█▌        | 46/300 [31:11<2:52:19, 40.71s/ep][A

tin/rn18/el2nbest/hl/ipc50 s46:  16%|█▌        | 47/300 [31:52<2:51:45, 40.73s/ep][A

tin/rn18/el2nbest/hl/ipc50 s46:  16%|█▌        | 48/300 [32:32<2:50:57, 40.70s/ep][A

tin/rn18/el2nbest/hl/ipc50 s46:  16%|█▋        | 49/300 [33:13<2:50:13, 40.69s/ep][A

tin/rn18/el2nbest/hl/ipc50 s46:  17%|█▋        | 50/300 [33:54<2:49:24, 40.66s/ep][A

tin/rn18/el2nbest/hl/ipc50 s46:  17%|█▋        | 51/300 [34:34<2:48:42, 40.65s/ep][A

tin/rn18/el2nbest/hl/ipc50 s46:  17%|█▋        | 52/300 [35:15<2:48:01, 40.65s/ep][A

tin/rn18/el2nbest/hl/ipc50 s46:  18%|█▊        | 53/300 [35:56<2:47:24, 40.66s/ep][A

tin/rn18/el2nbest/hl/ipc50 s46:  18%|█▊        | 54/300 [36:36<2:46:41, 40.66s/ep][A

tin/rn18/el2nbest/hl/ipc50 s46:  18%|█▊        | 55/300 [37:17<2:45:43, 40.58s/ep][A

tin/rn18/el2nbest/hl/ipc50 s46:  19%|█▊        | 56/300 [37:57<2:44:59, 40.57s/ep][A

tin/rn18/el2nbest/hl/ipc50 s46:  19%|█▉        | 57/300 [38:38<2:44:10, 40.54s/ep][A

tin/rn18/el2nbest/hl/ipc50 s46:  19%|█▉        | 58/300 [39:18<2:43:27, 40.53s/ep][A

tin/rn18/el2nbest/hl/ipc50 s46:  20%|█▉        | 59/300 [39:59<2:42:38, 40.49s/ep][A

tin/rn18/el2nbest/hl/ipc50 s46:  20%|██        | 60/300 [40:39<2:41:59, 40.50s/ep][A

tin/rn18/el2nbest/hl/ipc50 s46:  20%|██        | 61/300 [41:20<2:41:16, 40.49s/ep][A

tin/rn18/el2nbest/hl/ipc50 s46:  21%|██        | 62/300 [42:00<2:40:32, 40.47s/ep][A

tin/rn18/el2nbest/hl/ipc50 s46:  21%|██        | 63/300 [42:40<2:39:45, 40.44s/ep][A

tin/rn18/el2nbest/hl/ipc50 s46:  21%|██▏       | 64/300 [43:21<2:39:04, 40.44s/ep][A

tin/rn18/el2nbest/hl/ipc50 s46:  22%|██▏       | 65/300 [44:01<2:38:27, 40.46s/ep][A

tin/rn18/el2nbest/hl/ipc50 s46:  22%|██▏       | 66/300 [44:42<2:37:50, 40.47s/ep][A

tin/rn18/el2nbest/hl/ipc50 s46:  22%|██▏       | 67/300 [45:22<2:37:02, 40.44s/ep][A

tin/rn18/el2nbest/hl/ipc50 s46:  23%|██▎       | 68/300 [46:03<2:36:18, 40.42s/ep][A

tin/rn18/el2nbest/hl/ipc50 s46:  23%|██▎       | 69/300 [46:43<2:35:34, 40.41s/ep][A

tin/rn18/el2nbest/hl/ipc50 s46:  23%|██▎       | 70/300 [47:24<2:35:00, 40.44s/ep][A

tin/rn18/el2nbest/hl/ipc50 s46:  24%|██▎       | 71/300 [48:04<2:34:21, 40.44s/ep][A

tin/rn18/el2nbest/hl/ipc50 s46:  24%|██▍       | 72/300 [48:45<2:33:47, 40.47s/ep][A

tin/rn18/el2nbest/hl/ipc50 s46:  24%|██▍       | 73/300 [49:25<2:33:07, 40.47s/ep][A

tin/rn18/el2nbest/hl/ipc50 s46:  25%|██▍       | 74/300 [50:06<2:32:37, 40.52s/ep][A

tin/rn18/el2nbest/hl/ipc50 s46:  25%|██▌       | 75/300 [50:46<2:32:17, 40.61s/ep][A

tin/rn18/el2nbest/hl/ipc50 s46:  25%|██▌       | 76/300 [51:27<2:31:55, 40.69s/ep][A

tin/rn18/el2nbest/hl/ipc50 s46:  26%|██▌       | 77/300 [52:08<2:31:25, 40.74s/ep][A

tin/rn18/el2nbest/hl/ipc50 s46:  26%|██▌       | 78/300 [52:49<2:30:43, 40.73s/ep][A

tin/rn18/el2nbest/hl/ipc50 s46:  26%|██▋       | 79/300 [53:30<2:30:11, 40.78s/ep][A

tin/rn18/el2nbest/hl/ipc50 s46:  27%|██▋       | 80/300 [54:10<2:29:26, 40.75s/ep][A

tin/rn18/el2nbest/hl/ipc50 s46:  27%|██▋       | 81/300 [54:51<2:28:33, 40.70s/ep][A

tin/rn18/el2nbest/hl/ipc50 s46:  27%|██▋       | 82/300 [55:32<2:27:45, 40.67s/ep][A

tin/rn18/el2nbest/hl/ipc50 s46:  28%|██▊       | 83/300 [56:12<2:26:55, 40.62s/ep][A

tin/rn18/el2nbest/hl/ipc50 s46:  28%|██▊       | 84/300 [56:53<2:26:02, 40.57s/ep][A

tin/rn18/el2nbest/hl/ipc50 s46:  28%|██▊       | 85/300 [57:33<2:25:11, 40.52s/ep][A

tin/rn18/el2nbest/hl/ipc50 s46:  29%|██▊       | 86/300 [58:13<2:24:23, 40.49s/ep][A

tin/rn18/el2nbest/hl/ipc50 s46:  29%|██▉       | 87/300 [58:54<2:23:42, 40.48s/ep][A

tin/rn18/el2nbest/hl/ipc50 s46:  29%|██▉       | 88/300 [59:34<2:23:00, 40.48s/ep][A

tin/rn18/el2nbest/hl/ipc50 s46:  30%|██▉       | 89/300 [1:00:15<2:22:25, 40.50s/ep][A

tin/rn18/el2nbest/hl/ipc50 s46:  30%|███       | 90/300 [1:00:55<2:21:43, 40.49s/ep][A

tin/rn18/el2nbest/hl/ipc50 s46:  30%|███       | 91/300 [1:01:36<2:21:07, 40.51s/ep][A

tin/rn18/el2nbest/hl/ipc50 s46:  31%|███       | 92/300 [1:02:16<2:20:26, 40.51s/ep][A

tin/rn18/el2nbest/hl/ipc50 s46:  31%|███       | 93/300 [1:02:57<2:19:49, 40.53s/ep][A

tin/rn18/el2nbest/hl/ipc50 s46:  31%|███▏      | 94/300 [1:03:38<2:19:08, 40.53s/ep][A

tin/rn18/el2nbest/hl/ipc50 s46:  32%|███▏      | 95/300 [1:04:18<2:18:25, 40.51s/ep][A

tin/rn18/el2nbest/hl/ipc50 s46:  32%|███▏      | 96/300 [1:04:58<2:17:42, 40.50s/ep][A

tin/rn18/el2nbest/hl/ipc50 s46:  32%|███▏      | 97/300 [1:05:39<2:17:03, 40.51s/ep][A

tin/rn18/el2nbest/hl/ipc50 s46:  33%|███▎      | 98/300 [1:06:20<2:16:22, 40.51s/ep][A

tin/rn18/el2nbest/hl/ipc50 s46:  33%|███▎      | 99/300 [1:07:00<2:15:46, 40.53s/ep][A

tin/rn18/el2nbest/hl/ipc50 s46:  33%|███▎      | 100/300 [1:07:41<2:15:14, 40.57s/ep][A

tin/rn18/el2nbest/hl/ipc50 s46:  34%|███▎      | 101/300 [1:08:21<2:14:35, 40.58s/ep][A

tin/rn18/el2nbest/hl/ipc50 s46:  34%|███▍      | 102/300 [1:09:02<2:13:56, 40.59s/ep][A

tin/rn18/el2nbest/hl/ipc50 s46:  34%|███▍      | 103/300 [1:09:43<2:13:13, 40.58s/ep][A

tin/rn18/el2nbest/hl/ipc50 s46:  35%|███▍      | 104/300 [1:10:23<2:12:45, 40.64s/ep][A

tin/rn18/el2nbest/hl/ipc50 s46:  35%|███▌      | 105/300 [1:11:04<2:12:13, 40.68s/ep][A

tin/rn18/el2nbest/hl/ipc50 s46:  35%|███▌      | 106/300 [1:11:45<2:11:38, 40.71s/ep][A

tin/rn18/el2nbest/hl/ipc50 s46:  36%|███▌      | 107/300 [1:12:26<2:10:56, 40.71s/ep][A

tin/rn18/el2nbest/hl/ipc50 s46:  36%|███▌      | 108/300 [1:13:06<2:10:17, 40.72s/ep][A

tin/rn18/el2nbest/hl/ipc50 s46:  36%|███▋      | 109/300 [1:13:47<2:09:36, 40.71s/ep][A

tin/rn18/el2nbest/hl/ipc50 s46:  37%|███▋      | 110/300 [1:14:28<2:09:01, 40.75s/ep][A

tin/rn18/el2nbest/hl/ipc50 s46:  37%|███▋      | 111/300 [1:15:09<2:08:18, 40.73s/ep][A

tin/rn18/el2nbest/hl/ipc50 s46:  37%|███▋      | 112/300 [1:15:49<2:07:27, 40.68s/ep][A

tin/rn18/el2nbest/hl/ipc50 s46:  38%|███▊      | 113/300 [1:16:30<2:06:41, 40.65s/ep][A

tin/rn18/el2nbest/hl/ipc50 s46:  38%|███▊      | 114/300 [1:17:10<2:06:03, 40.67s/ep][A

tin/rn18/el2nbest/hl/ipc50 s46:  38%|███▊      | 115/300 [1:17:51<2:05:20, 40.65s/ep][A

tin/rn18/el2nbest/hl/ipc50 s46:  39%|███▊      | 116/300 [1:18:31<2:04:28, 40.59s/ep][A

tin/rn18/el2nbest/hl/ipc50 s46:  39%|███▉      | 117/300 [1:19:12<2:03:46, 40.58s/ep][A

tin/rn18/el2nbest/hl/ipc50 s46:  39%|███▉      | 118/300 [1:19:52<2:02:57, 40.53s/ep][A

tin/rn18/el2nbest/hl/ipc50 s46:  40%|███▉      | 119/300 [1:20:33<2:02:08, 40.49s/ep][A

tin/rn18/el2nbest/hl/ipc50 s46:  40%|████      | 120/300 [1:21:13<2:01:28, 40.49s/ep][A

tin/rn18/el2nbest/hl/ipc50 s46:  40%|████      | 121/300 [1:21:54<2:00:51, 40.51s/ep][A

tin/rn18/el2nbest/hl/ipc50 s46:  41%|████      | 122/300 [1:22:34<2:00:07, 40.49s/ep][A

tin/rn18/el2nbest/hl/ipc50 s46:  41%|████      | 123/300 [1:23:15<1:59:32, 40.53s/ep][A

tin/rn18/el2nbest/hl/ipc50 s46:  41%|████▏     | 124/300 [1:23:55<1:58:53, 40.53s/ep][A

tin/rn18/el2nbest/hl/ipc50 s46:  42%|████▏     | 125/300 [1:24:36<1:58:15, 40.55s/ep][A

tin/rn18/el2nbest/hl/ipc50 s46:  42%|████▏     | 126/300 [1:25:17<1:57:33, 40.54s/ep][A

tin/rn18/el2nbest/hl/ipc50 s46:  42%|████▏     | 127/300 [1:25:57<1:56:52, 40.53s/ep][A

tin/rn18/el2nbest/hl/ipc50 s46:  43%|████▎     | 128/300 [1:26:37<1:56:04, 40.49s/ep][A

tin/rn18/el2nbest/hl/ipc50 s46:  43%|████▎     | 129/300 [1:27:18<1:55:16, 40.45s/ep][A

tin/rn18/el2nbest/hl/ipc50 s46:  43%|████▎     | 130/300 [1:27:58<1:54:34, 40.44s/ep][A

tin/rn18/el2nbest/hl/ipc50 s46:  44%|████▎     | 131/300 [1:28:39<1:53:52, 40.43s/ep][A

tin/rn18/el2nbest/hl/ipc50 s46:  44%|████▍     | 132/300 [1:29:19<1:53:08, 40.41s/ep][A

tin/rn18/el2nbest/hl/ipc50 s46:  44%|████▍     | 133/300 [1:29:59<1:52:31, 40.43s/ep][A

tin/rn18/el2nbest/hl/ipc50 s46:  45%|████▍     | 134/300 [1:30:40<1:51:53, 40.44s/ep][A

tin/rn18/el2nbest/hl/ipc50 s46:  45%|████▌     | 135/300 [1:31:20<1:51:14, 40.45s/ep][A

tin/rn18/el2nbest/hl/ipc50 s46:  45%|████▌     | 136/300 [1:32:01<1:50:34, 40.45s/ep][A

tin/rn18/el2nbest/hl/ipc50 s46:  46%|████▌     | 137/300 [1:32:41<1:49:50, 40.43s/ep][A

tin/rn18/el2nbest/hl/ipc50 s46:  46%|████▌     | 138/300 [1:33:22<1:49:06, 40.41s/ep][A

tin/rn18/el2nbest/hl/ipc50 s46:  46%|████▋     | 139/300 [1:34:02<1:48:25, 40.41s/ep][A

tin/rn18/el2nbest/hl/ipc50 s46:  47%|████▋     | 140/300 [1:34:42<1:47:41, 40.38s/ep][A

tin/rn18/el2nbest/hl/ipc50 s46:  47%|████▋     | 141/300 [1:35:23<1:46:56, 40.36s/ep][A

tin/rn18/el2nbest/hl/ipc50 s46:  47%|████▋     | 142/300 [1:36:03<1:46:17, 40.36s/ep][A

tin/rn18/el2nbest/hl/ipc50 s46:  48%|████▊     | 143/300 [1:36:43<1:45:31, 40.33s/ep][A

tin/rn18/el2nbest/hl/ipc50 s46:  48%|████▊     | 144/300 [1:37:24<1:44:52, 40.33s/ep][A

tin/rn18/el2nbest/hl/ipc50 s46:  48%|████▊     | 145/300 [1:38:04<1:44:12, 40.34s/ep][A

tin/rn18/el2nbest/hl/ipc50 s46:  49%|████▊     | 146/300 [1:38:44<1:43:30, 40.32s/ep][A

tin/rn18/el2nbest/hl/ipc50 s46:  49%|████▉     | 147/300 [1:39:25<1:42:52, 40.34s/ep][A

tin/rn18/el2nbest/hl/ipc50 s46:  49%|████▉     | 148/300 [1:40:05<1:42:07, 40.32s/ep][A

tin/rn18/el2nbest/hl/ipc50 s46:  50%|████▉     | 149/300 [1:40:45<1:41:24, 40.30s/ep][A

tin/rn18/el2nbest/hl/ipc50 s46:  50%|█████     | 150/300 [1:41:25<1:40:44, 40.29s/ep][A

tin/rn18/el2nbest/hl/ipc50 s46:  50%|█████     | 151/300 [1:42:06<1:40:07, 40.32s/ep][A

tin/rn18/el2nbest/hl/ipc50 s46:  51%|█████     | 152/300 [1:42:46<1:39:26, 40.31s/ep][A

tin/rn18/el2nbest/hl/ipc50 s46:  51%|█████     | 153/300 [1:43:27<1:38:49, 40.33s/ep][A

tin/rn18/el2nbest/hl/ipc50 s46:  51%|█████▏    | 154/300 [1:44:07<1:38:13, 40.36s/ep][A

tin/rn18/el2nbest/hl/ipc50 s46:  52%|█████▏    | 155/300 [1:44:47<1:37:39, 40.41s/ep][A

tin/rn18/el2nbest/hl/ipc50 s46:  52%|█████▏    | 156/300 [1:45:28<1:37:00, 40.42s/ep][A

tin/rn18/el2nbest/hl/ipc50 s46:  52%|█████▏    | 157/300 [1:46:08<1:36:21, 40.43s/ep][A

tin/rn18/el2nbest/hl/ipc50 s46:  53%|█████▎    | 158/300 [1:46:49<1:35:41, 40.43s/ep][A

tin/rn18/el2nbest/hl/ipc50 s46:  53%|█████▎    | 159/300 [1:47:29<1:34:57, 40.41s/ep][A

tin/rn18/el2nbest/hl/ipc50 s46:  53%|█████▎    | 160/300 [1:48:10<1:34:18, 40.42s/ep][A

tin/rn18/el2nbest/hl/ipc50 s46:  54%|█████▎    | 161/300 [1:48:50<1:33:34, 40.39s/ep][A

tin/rn18/el2nbest/hl/ipc50 s46:  54%|█████▍    | 162/300 [1:49:30<1:32:53, 40.39s/ep][A

tin/rn18/el2nbest/hl/ipc50 s46:  54%|█████▍    | 163/300 [1:50:11<1:32:08, 40.36s/ep][A

tin/rn18/el2nbest/hl/ipc50 s46:  55%|█████▍    | 164/300 [1:50:51<1:31:28, 40.35s/ep][A

tin/rn18/el2nbest/hl/ipc50 s46:  55%|█████▌    | 165/300 [1:51:31<1:30:48, 40.36s/ep][A

tin/rn18/el2nbest/hl/ipc50 s46:  55%|█████▌    | 166/300 [1:52:12<1:30:02, 40.31s/ep][A

tin/rn18/el2nbest/hl/ipc50 s46:  56%|█████▌    | 167/300 [1:52:52<1:29:24, 40.33s/ep][A

tin/rn18/el2nbest/hl/ipc50 s46:  56%|█████▌    | 168/300 [1:53:32<1:28:39, 40.30s/ep][A

tin/rn18/el2nbest/hl/ipc50 s46:  56%|█████▋    | 169/300 [1:54:13<1:28:02, 40.33s/ep][A

tin/rn18/el2nbest/hl/ipc50 s46:  57%|█████▋    | 170/300 [1:54:53<1:27:21, 40.32s/ep][A

tin/rn18/el2nbest/hl/ipc50 s46:  57%|█████▋    | 171/300 [1:55:33<1:26:39, 40.31s/ep][A

tin/rn18/el2nbest/hl/ipc50 s46:  57%|█████▋    | 172/300 [1:56:13<1:25:55, 40.28s/ep][A

tin/rn18/el2nbest/hl/ipc50 s46:  58%|█████▊    | 173/300 [1:56:54<1:25:17, 40.29s/ep][A

tin/rn18/el2nbest/hl/ipc50 s46:  58%|█████▊    | 174/300 [1:57:34<1:24:37, 40.30s/ep][A

tin/rn18/el2nbest/hl/ipc50 s46:  58%|█████▊    | 175/300 [1:58:14<1:23:58, 40.31s/ep][A

tin/rn18/el2nbest/hl/ipc50 s46:  59%|█████▊    | 176/300 [1:58:55<1:23:23, 40.35s/ep][A

tin/rn18/el2nbest/hl/ipc50 s46:  59%|█████▉    | 177/300 [1:59:35<1:22:49, 40.40s/ep][A

tin/rn18/el2nbest/hl/ipc50 s46:  59%|█████▉    | 178/300 [2:00:16<1:22:10, 40.41s/ep][A

tin/rn18/el2nbest/hl/ipc50 s46:  60%|█████▉    | 179/300 [2:00:56<1:21:22, 40.35s/ep][A

tin/rn18/el2nbest/hl/ipc50 s46:  60%|██████    | 180/300 [2:01:36<1:20:27, 40.23s/ep][A

tin/rn18/el2nbest/hl/ipc50 s46:  60%|██████    | 181/300 [2:02:16<1:19:36, 40.14s/ep][A

tin/rn18/el2nbest/hl/ipc50 s46:  61%|██████    | 182/300 [2:02:55<1:18:41, 40.01s/ep][A

tin/rn18/el2nbest/hl/ipc50 s46:  61%|██████    | 183/300 [2:03:35<1:17:59, 39.99s/ep][A

tin/rn18/el2nbest/hl/ipc50 s46:  61%|██████▏   | 184/300 [2:04:16<1:17:24, 40.04s/ep][A

tin/rn18/el2nbest/hl/ipc50 s46:  62%|██████▏   | 185/300 [2:04:56<1:16:48, 40.07s/ep][A

tin/rn18/el2nbest/hl/ipc50 s46:  62%|██████▏   | 186/300 [2:05:36<1:16:11, 40.10s/ep][A

tin/rn18/el2nbest/hl/ipc50 s46:  62%|██████▏   | 187/300 [2:06:16<1:15:32, 40.11s/ep][A

tin/rn18/el2nbest/hl/ipc50 s46:  63%|██████▎   | 188/300 [2:06:56<1:14:53, 40.12s/ep][A

tin/rn18/el2nbest/hl/ipc50 s46:  63%|██████▎   | 189/300 [2:07:36<1:14:17, 40.16s/ep][A

tin/rn18/el2nbest/hl/ipc50 s46:  63%|██████▎   | 190/300 [2:08:17<1:13:42, 40.20s/ep][A

tin/rn18/el2nbest/hl/ipc50 s46:  64%|██████▎   | 191/300 [2:08:57<1:13:03, 40.22s/ep][A

tin/rn18/el2nbest/hl/ipc50 s46:  64%|██████▍   | 192/300 [2:09:37<1:12:28, 40.26s/ep][A

tin/rn18/el2nbest/hl/ipc50 s46:  64%|██████▍   | 193/300 [2:10:18<1:11:50, 40.28s/ep][A

tin/rn18/el2nbest/hl/ipc50 s46:  65%|██████▍   | 194/300 [2:10:58<1:11:13, 40.31s/ep][A

tin/rn18/el2nbest/hl/ipc50 s46:  65%|██████▌   | 195/300 [2:11:39<1:10:39, 40.38s/ep][A

tin/rn18/el2nbest/hl/ipc50 s46:  65%|██████▌   | 196/300 [2:12:19<1:10:01, 40.40s/ep][A

tin/rn18/el2nbest/hl/ipc50 s46:  66%|██████▌   | 197/300 [2:12:59<1:09:22, 40.41s/ep][A

tin/rn18/el2nbest/hl/ipc50 s46:  66%|██████▌   | 198/300 [2:13:40<1:08:41, 40.40s/ep][A

tin/rn18/el2nbest/hl/ipc50 s46:  66%|██████▋   | 199/300 [2:14:20<1:08:00, 40.40s/ep][A

tin/rn18/el2nbest/hl/ipc50 s46:  67%|██████▋   | 200/300 [2:15:01<1:07:19, 40.39s/ep][A

tin/rn18/el2nbest/hl/ipc50 s46:  67%|██████▋   | 201/300 [2:15:41<1:06:36, 40.37s/ep][A

tin/rn18/el2nbest/hl/ipc50 s46:  67%|██████▋   | 202/300 [2:16:21<1:05:52, 40.33s/ep][A

tin/rn18/el2nbest/hl/ipc50 s46:  68%|██████▊   | 203/300 [2:17:02<1:05:15, 40.36s/ep][A

tin/rn18/el2nbest/hl/ipc50 s46:  68%|██████▊   | 204/300 [2:17:42<1:04:34, 40.36s/ep][A

tin/rn18/el2nbest/hl/ipc50 s46:  68%|██████▊   | 205/300 [2:18:22<1:03:54, 40.37s/ep][A

tin/rn18/el2nbest/hl/ipc50 s46:  69%|██████▊   | 206/300 [2:19:03<1:03:12, 40.35s/ep][A

tin/rn18/el2nbest/hl/ipc50 s46:  69%|██████▉   | 207/300 [2:19:43<1:02:33, 40.36s/ep][A

tin/rn18/el2nbest/hl/ipc50 s46:  69%|██████▉   | 208/300 [2:20:23<1:01:52, 40.36s/ep][A

tin/rn18/el2nbest/hl/ipc50 s46:  70%|██████▉   | 209/300 [2:21:04<1:01:11, 40.35s/ep][A

tin/rn18/el2nbest/hl/ipc50 s46:  70%|███████   | 210/300 [2:21:44<1:00:32, 40.36s/ep][A

tin/rn18/el2nbest/hl/ipc50 s46:  70%|███████   | 211/300 [2:22:25<59:55, 40.40s/ep]  [A

tin/rn18/el2nbest/hl/ipc50 s46:  71%|███████   | 212/300 [2:23:05<59:14, 40.39s/ep][A

tin/rn18/el2nbest/hl/ipc50 s46:  71%|███████   | 213/300 [2:23:45<58:34, 40.40s/ep][A

tin/rn18/el2nbest/hl/ipc50 s46:  71%|███████▏  | 214/300 [2:24:26<57:55, 40.42s/ep][A

tin/rn18/el2nbest/hl/ipc50 s46:  72%|███████▏  | 215/300 [2:25:06<57:14, 40.41s/ep][A

tin/rn18/el2nbest/hl/ipc50 s46:  72%|███████▏  | 216/300 [2:25:47<56:33, 40.40s/ep][A

tin/rn18/el2nbest/hl/ipc50 s46:  72%|███████▏  | 217/300 [2:26:27<55:50, 40.37s/ep][A

tin/rn18/el2nbest/hl/ipc50 s46:  73%|███████▎  | 218/300 [2:27:07<55:09, 40.36s/ep][A

tin/rn18/el2nbest/hl/ipc50 s46:  73%|███████▎  | 219/300 [2:27:47<54:23, 40.29s/ep][A

tin/rn18/el2nbest/hl/ipc50 s46:  73%|███████▎  | 220/300 [2:28:28<53:42, 40.28s/ep][A

tin/rn18/el2nbest/hl/ipc50 s46:  74%|███████▎  | 221/300 [2:29:08<53:03, 40.30s/ep][A

tin/rn18/el2nbest/hl/ipc50 s46:  74%|███████▍  | 222/300 [2:29:48<52:23, 40.30s/ep][A

tin/rn18/el2nbest/hl/ipc50 s46:  74%|███████▍  | 223/300 [2:30:29<51:43, 40.30s/ep][A

tin/rn18/el2nbest/hl/ipc50 s46:  75%|███████▍  | 224/300 [2:31:09<51:02, 40.29s/ep][A

tin/rn18/el2nbest/hl/ipc50 s46:  75%|███████▌  | 225/300 [2:31:49<50:22, 40.30s/ep][A

tin/rn18/el2nbest/hl/ipc50 s46:  75%|███████▌  | 226/300 [2:32:30<49:43, 40.32s/ep][A

tin/rn18/el2nbest/hl/ipc50 s46:  76%|███████▌  | 227/300 [2:33:10<49:02, 40.31s/ep][A

tin/rn18/el2nbest/hl/ipc50 s46:  76%|███████▌  | 228/300 [2:33:50<48:20, 40.28s/ep][A

tin/rn18/el2nbest/hl/ipc50 s46:  76%|███████▋  | 229/300 [2:34:30<47:40, 40.28s/ep][A

tin/rn18/el2nbest/hl/ipc50 s46:  77%|███████▋  | 230/300 [2:35:10<46:56, 40.23s/ep][A

tin/rn18/el2nbest/hl/ipc50 s46:  77%|███████▋  | 231/300 [2:35:51<46:17, 40.25s/ep][A

tin/rn18/el2nbest/hl/ipc50 s46:  77%|███████▋  | 232/300 [2:36:31<45:36, 40.25s/ep][A

tin/rn18/el2nbest/hl/ipc50 s46:  78%|███████▊  | 233/300 [2:37:11<44:54, 40.21s/ep][A

tin/rn18/el2nbest/hl/ipc50 s46:  78%|███████▊  | 234/300 [2:37:51<44:15, 40.24s/ep][A

tin/rn18/el2nbest/hl/ipc50 s46:  78%|███████▊  | 235/300 [2:38:32<43:36, 40.25s/ep][A

tin/rn18/el2nbest/hl/ipc50 s46:  79%|███████▊  | 236/300 [2:39:12<42:56, 40.26s/ep][A

tin/rn18/el2nbest/hl/ipc50 s46:  79%|███████▉  | 237/300 [2:39:52<42:17, 40.27s/ep][A

tin/rn18/el2nbest/hl/ipc50 s46:  79%|███████▉  | 238/300 [2:40:33<41:38, 40.29s/ep][A

tin/rn18/el2nbest/hl/ipc50 s46:  80%|███████▉  | 239/300 [2:41:13<40:59, 40.33s/ep][A

tin/rn18/el2nbest/hl/ipc50 s46:  80%|████████  | 240/300 [2:41:53<40:21, 40.36s/ep][A

tin/rn18/el2nbest/hl/ipc50 s46:  80%|████████  | 241/300 [2:42:34<39:42, 40.38s/ep][A

tin/rn18/el2nbest/hl/ipc50 s46:  81%|████████  | 242/300 [2:43:14<39:01, 40.37s/ep][A

tin/rn18/el2nbest/hl/ipc50 s46:  81%|████████  | 243/300 [2:43:55<38:20, 40.36s/ep][A

tin/rn18/el2nbest/hl/ipc50 s46:  81%|████████▏ | 244/300 [2:44:35<37:36, 40.30s/ep][A

tin/rn18/el2nbest/hl/ipc50 s46:  82%|████████▏ | 245/300 [2:45:15<36:57, 40.32s/ep][A

tin/rn18/el2nbest/hl/ipc50 s46:  82%|████████▏ | 246/300 [2:45:55<36:17, 40.33s/ep][A

tin/rn18/el2nbest/hl/ipc50 s46:  82%|████████▏ | 247/300 [2:46:36<35:35, 40.30s/ep][A

tin/rn18/el2nbest/hl/ipc50 s46:  83%|████████▎ | 248/300 [2:47:16<34:53, 40.27s/ep][A

tin/rn18/el2nbest/hl/ipc50 s46:  83%|████████▎ | 249/300 [2:47:56<34:14, 40.28s/ep][A

tin/rn18/el2nbest/hl/ipc50 s46:  83%|████████▎ | 250/300 [2:48:36<33:33, 40.28s/ep][A

tin/rn18/el2nbest/hl/ipc50 s46:  84%|████████▎ | 251/300 [2:49:17<32:53, 40.27s/ep][A

tin/rn18/el2nbest/hl/ipc50 s46:  84%|████████▍ | 252/300 [2:49:57<32:11, 40.23s/ep][A

tin/rn18/el2nbest/hl/ipc50 s46:  84%|████████▍ | 253/300 [2:50:37<31:30, 40.22s/ep][A

tin/rn18/el2nbest/hl/ipc50 s46:  85%|████████▍ | 254/300 [2:51:17<30:50, 40.22s/ep][A

tin/rn18/el2nbest/hl/ipc50 s46:  85%|████████▌ | 255/300 [2:51:58<30:10, 40.24s/ep][A

tin/rn18/el2nbest/hl/ipc50 s46:  85%|████████▌ | 256/300 [2:52:38<29:30, 40.25s/ep][A

tin/rn18/el2nbest/hl/ipc50 s46:  86%|████████▌ | 257/300 [2:53:18<28:51, 40.27s/ep][A

tin/rn18/el2nbest/hl/ipc50 s46:  86%|████████▌ | 258/300 [2:53:58<28:11, 40.26s/ep][A

tin/rn18/el2nbest/hl/ipc50 s46:  86%|████████▋ | 259/300 [2:54:39<27:30, 40.26s/ep][A

tin/rn18/el2nbest/hl/ipc50 s46:  87%|████████▋ | 260/300 [2:55:19<26:50, 40.26s/ep][A

tin/rn18/el2nbest/hl/ipc50 s46:  87%|████████▋ | 261/300 [2:55:59<26:10, 40.26s/ep][A

tin/rn18/el2nbest/hl/ipc50 s46:  87%|████████▋ | 262/300 [2:56:39<25:30, 40.27s/ep][A

tin/rn18/el2nbest/hl/ipc50 s46:  88%|████████▊ | 263/300 [2:57:20<24:48, 40.24s/ep][A

tin/rn18/el2nbest/hl/ipc50 s46:  88%|████████▊ | 264/300 [2:58:00<24:09, 40.26s/ep][A

tin/rn18/el2nbest/hl/ipc50 s46:  88%|████████▊ | 265/300 [2:58:40<23:28, 40.25s/ep][A

tin/rn18/el2nbest/hl/ipc50 s46:  89%|████████▊ | 266/300 [2:59:20<22:46, 40.20s/ep][A

tin/rn18/el2nbest/hl/ipc50 s46:  89%|████████▉ | 267/300 [3:00:01<22:07, 40.23s/ep][A

tin/rn18/el2nbest/hl/ipc50 s46:  89%|████████▉ | 268/300 [3:00:41<21:27, 40.24s/ep][A

tin/rn18/el2nbest/hl/ipc50 s46:  90%|████████▉ | 269/300 [3:01:21<20:47, 40.25s/ep][A

tin/rn18/el2nbest/hl/ipc50 s46:  90%|█████████ | 270/300 [3:02:01<20:06, 40.23s/ep][A

tin/rn18/el2nbest/hl/ipc50 s46:  90%|█████████ | 271/300 [3:02:42<19:27, 40.24s/ep][A

tin/rn18/el2nbest/hl/ipc50 s46:  91%|█████████ | 272/300 [3:03:22<18:46, 40.24s/ep][A

tin/rn18/el2nbest/hl/ipc50 s46:  91%|█████████ | 273/300 [3:04:02<18:06, 40.24s/ep][A

tin/rn18/el2nbest/hl/ipc50 s46:  91%|█████████▏| 274/300 [3:04:42<17:25, 40.23s/ep][A

tin/rn18/el2nbest/hl/ipc50 s46:  92%|█████████▏| 275/300 [3:05:22<16:45, 40.20s/ep][A

tin/rn18/el2nbest/hl/ipc50 s46:  92%|█████████▏| 276/300 [3:06:03<16:05, 40.23s/ep][A

tin/rn18/el2nbest/hl/ipc50 s46:  92%|█████████▏| 277/300 [3:06:43<15:24, 40.21s/ep][A

tin/rn18/el2nbest/hl/ipc50 s46:  93%|█████████▎| 278/300 [3:07:23<14:45, 40.25s/ep][A

tin/rn18/el2nbest/hl/ipc50 s46:  93%|█████████▎| 279/300 [3:08:03<14:04, 40.22s/ep][A

tin/rn18/el2nbest/hl/ipc50 s46:  93%|█████████▎| 280/300 [3:08:44<13:24, 40.24s/ep][A

tin/rn18/el2nbest/hl/ipc50 s46:  94%|█████████▎| 281/300 [3:09:24<12:44, 40.26s/ep][A

tin/rn18/el2nbest/hl/ipc50 s46:  94%|█████████▍| 282/300 [3:10:04<12:04, 40.25s/ep][A

tin/rn18/el2nbest/hl/ipc50 s46:  94%|█████████▍| 283/300 [3:10:44<11:24, 40.26s/ep][A

tin/rn18/el2nbest/hl/ipc50 s46:  95%|█████████▍| 284/300 [3:11:24<10:42, 40.18s/ep][A

tin/rn18/el2nbest/hl/ipc50 s46:  95%|█████████▌| 285/300 [3:12:05<10:02, 40.19s/ep][A

tin/rn18/el2nbest/hl/ipc50 s46:  95%|█████████▌| 286/300 [3:12:45<09:23, 40.22s/ep][A

tin/rn18/el2nbest/hl/ipc50 s46:  96%|█████████▌| 287/300 [3:13:25<08:42, 40.18s/ep][A

tin/rn18/el2nbest/hl/ipc50 s46:  96%|█████████▌| 288/300 [3:14:05<08:02, 40.20s/ep][A

tin/rn18/el2nbest/hl/ipc50 s46:  96%|█████████▋| 289/300 [3:14:45<07:22, 40.21s/ep][A

tin/rn18/el2nbest/hl/ipc50 s46:  97%|█████████▋| 290/300 [3:15:25<06:41, 40.15s/ep][A

tin/rn18/el2nbest/hl/ipc50 s46:  97%|█████████▋| 291/300 [3:16:06<06:01, 40.15s/ep][A

tin/rn18/el2nbest/hl/ipc50 s46:  97%|█████████▋| 292/300 [3:16:46<05:20, 40.12s/ep][A

tin/rn18/el2nbest/hl/ipc50 s46:  98%|█████████▊| 293/300 [3:17:26<04:40, 40.09s/ep][A

tin/rn18/el2nbest/hl/ipc50 s46:  98%|█████████▊| 294/300 [3:18:06<04:00, 40.11s/ep][A

tin/rn18/el2nbest/hl/ipc50 s46:  98%|█████████▊| 295/300 [3:18:46<03:20, 40.16s/ep][A

tin/rn18/el2nbest/hl/ipc50 s46:  99%|█████████▊| 296/300 [3:19:26<02:40, 40.19s/ep][A

tin/rn18/el2nbest/hl/ipc50 s46:  99%|█████████▉| 297/300 [3:20:06<02:00, 40.16s/ep][A

tin/rn18/el2nbest/hl/ipc50 s46:  99%|█████████▉| 298/300 [3:20:47<01:20, 40.14s/ep][A

tin/rn18/el2nbest/hl/ipc50 s46: 100%|█████████▉| 299/300 [3:21:27<00:40, 40.16s/ep][A

tin/rn18/el2nbest/hl/ipc50 s46: 100%|██████████| 300/300 [3:22:07<00:00, 40.15s/ep][A

                                                                                   [A[cell] tin/rn18/el2nbest/hl/ipc50 seed46: 25.80%  (12140s)

rn18-tin:  41%|████      | 11/27 [59:17:17<233:33:39, 52551.19s/cell, el2nbest/hl/ipc50]
rn18-tin:  41%|████      | 11/27 [59:17:17<233:33:39, 52551.19s/cell, cadprune/hl/ipc50][cell] tin/rn18/el2nbest/hl/ipc50: 25.81 +- 0.01 (window 90%)


tin/rn18/cadprune/hl/ipc50 s45:   0%|          | 0/300 [00:00<?, ?ep/s][A

tin/rn18/cadprune/hl/ipc50 s45:   0%|          | 1/300 [00:40<3:19:48, 40.10s/ep][A

tin/rn18/cadprune/hl/ipc50 s45:   1%|          | 2/300 [01:20<3:19:16, 40.12s/ep][A

tin/rn18/cadprune/hl/ipc50 s45:   1%|          | 3/300 [02:00<3:18:36, 40.12s/ep][A

tin/rn18/cadprune/hl/ipc50 s45:   1%|▏         | 4/300 [02:40<3:18:00, 40.14s/ep][A

tin/rn18/cadprune/hl/ipc50 s45:   2%|▏         | 5/300 [03:20<3:17:21, 40.14s/ep][A

tin/rn18/cadprune/hl/ipc50 s45:   2%|▏         | 6/300 [04:00<3:16:36, 40.12s/ep][A

tin/rn18/cadprune/hl/ipc50 s45:   2%|▏         | 7/300 [04:40<3:15:57, 40.13s/ep][A

tin/rn18/cadprune/hl/ipc50 s45:   3%|▎         | 8/300 [05:21<3:15:23, 40.15s/ep][A

tin/rn18/cadprune/hl/ipc50 s45:   3%|▎         | 9/300 [06:01<3:14:50, 40.17s/ep][A

tin/rn18/cadprune/hl/ipc50 s45:   3%|▎         | 10/300 [06:41<3:13:59, 40.14s/ep][A

tin/rn18/cadprune/hl/ipc50 s45:   4%|▎         | 11/300 [07:21<3:13:17, 40.13s/ep][A

tin/rn18/cadprune/hl/ipc50 s45:   4%|▍         | 12/300 [08:01<3:12:38, 40.14s/ep][A

tin/rn18/cadprune/hl/ipc50 s45:   4%|▍         | 13/300 [08:41<3:12:01, 40.14s/ep][A

tin/rn18/cadprune/hl/ipc50 s45:   5%|▍         | 14/300 [09:21<3:11:21, 40.14s/ep][A

tin/rn18/cadprune/hl/ipc50 s45:   5%|▌         | 15/300 [10:02<3:10:48, 40.17s/ep][A

tin/rn18/cadprune/hl/ipc50 s45:   5%|▌         | 16/300 [10:42<3:10:07, 40.17s/ep][A

tin/rn18/cadprune/hl/ipc50 s45:   6%|▌         | 17/300 [11:22<3:09:28, 40.17s/ep][A

tin/rn18/cadprune/hl/ipc50 s45:   6%|▌         | 18/300 [12:02<3:08:51, 40.18s/ep][A

tin/rn18/cadprune/hl/ipc50 s45:   6%|▋         | 19/300 [12:42<3:08:05, 40.16s/ep][A

tin/rn18/cadprune/hl/ipc50 s45:   7%|▋         | 20/300 [13:22<3:07:20, 40.14s/ep][A

tin/rn18/cadprune/hl/ipc50 s45:   7%|▋         | 21/300 [14:03<3:06:50, 40.18s/ep][A

tin/rn18/cadprune/hl/ipc50 s45:   7%|▋         | 22/300 [14:43<3:06:01, 40.15s/ep][A

tin/rn18/cadprune/hl/ipc50 s45:   8%|▊         | 23/300 [15:23<3:05:36, 40.20s/ep][A

tin/rn18/cadprune/hl/ipc50 s45:   8%|▊         | 24/300 [16:03<3:05:06, 40.24s/ep][A

tin/rn18/cadprune/hl/ipc50 s45:   8%|▊         | 25/300 [16:44<3:04:24, 40.23s/ep][A

tin/rn18/cadprune/hl/ipc50 s45:   9%|▊         | 26/300 [17:24<3:03:30, 40.19s/ep][A

tin/rn18/cadprune/hl/ipc50 s45:   9%|▉         | 27/300 [18:04<3:02:42, 40.16s/ep][A

tin/rn18/cadprune/hl/ipc50 s45:   9%|▉         | 28/300 [18:44<3:02:07, 40.17s/ep][A

tin/rn18/cadprune/hl/ipc50 s45:  10%|▉         | 29/300 [19:24<3:01:23, 40.16s/ep][A

tin/rn18/cadprune/hl/ipc50 s45:  10%|█         | 30/300 [20:04<3:00:48, 40.18s/ep][A

tin/rn18/cadprune/hl/ipc50 s45:  10%|█         | 31/300 [20:45<3:00:14, 40.20s/ep][A

tin/rn18/cadprune/hl/ipc50 s45:  11%|█         | 32/300 [21:25<2:59:36, 40.21s/ep][A

tin/rn18/cadprune/hl/ipc50 s45:  11%|█         | 33/300 [22:05<2:58:51, 40.19s/ep][A

tin/rn18/cadprune/hl/ipc50 s45:  11%|█▏        | 34/300 [22:45<2:58:10, 40.19s/ep][A

tin/rn18/cadprune/hl/ipc50 s45:  12%|█▏        | 35/300 [23:25<2:57:28, 40.18s/ep][A

tin/rn18/cadprune/hl/ipc50 s45:  12%|█▏        | 36/300 [24:06<2:56:47, 40.18s/ep][A

tin/rn18/cadprune/hl/ipc50 s45:  12%|█▏        | 37/300 [24:46<2:56:02, 40.16s/ep][A

tin/rn18/cadprune/hl/ipc50 s45:  13%|█▎        | 38/300 [25:26<2:55:33, 40.21s/ep][A

tin/rn18/cadprune/hl/ipc50 s45:  13%|█▎        | 39/300 [26:06<2:55:00, 40.23s/ep][A

tin/rn18/cadprune/hl/ipc50 s45:  13%|█▎        | 40/300 [26:46<2:54:15, 40.22s/ep][A

tin/rn18/cadprune/hl/ipc50 s45:  14%|█▎        | 41/300 [27:26<2:53:20, 40.16s/ep][A

tin/rn18/cadprune/hl/ipc50 s45:  14%|█▍        | 42/300 [28:07<2:52:38, 40.15s/ep][A

tin/rn18/cadprune/hl/ipc50 s45:  14%|█▍        | 43/300 [28:47<2:51:57, 40.15s/ep][A

tin/rn18/cadprune/hl/ipc50 s45:  15%|█▍        | 44/300 [29:27<2:51:15, 40.14s/ep][A

tin/rn18/cadprune/hl/ipc50 s45:  15%|█▌        | 45/300 [30:07<2:50:35, 40.14s/ep][A

tin/rn18/cadprune/hl/ipc50 s45:  15%|█▌        | 46/300 [30:47<2:50:07, 40.19s/ep][A

tin/rn18/cadprune/hl/ipc50 s45:  16%|█▌        | 47/300 [31:28<2:49:39, 40.23s/ep][A

tin/rn18/cadprune/hl/ipc50 s45:  16%|█▌        | 48/300 [32:08<2:48:59, 40.23s/ep][A

tin/rn18/cadprune/hl/ipc50 s45:  16%|█▋        | 49/300 [32:48<2:48:09, 40.20s/ep][A

tin/rn18/cadprune/hl/ipc50 s45:  17%|█▋        | 50/300 [33:28<2:47:23, 40.17s/ep][A

tin/rn18/cadprune/hl/ipc50 s45:  17%|█▋        | 51/300 [34:08<2:46:42, 40.17s/ep][A

tin/rn18/cadprune/hl/ipc50 s45:  17%|█▋        | 52/300 [34:48<2:45:59, 40.16s/ep][A

tin/rn18/cadprune/hl/ipc50 s45:  18%|█▊        | 53/300 [35:29<2:45:17, 40.15s/ep][A

tin/rn18/cadprune/hl/ipc50 s45:  18%|█▊        | 54/300 [36:09<2:44:31, 40.13s/ep][A

tin/rn18/cadprune/hl/ipc50 s45:  18%|█▊        | 55/300 [36:49<2:43:42, 40.09s/ep][A

tin/rn18/cadprune/hl/ipc50 s45:  19%|█▊        | 56/300 [37:29<2:43:06, 40.11s/ep][A

tin/rn18/cadprune/hl/ipc50 s45:  19%|█▉        | 57/300 [38:09<2:42:28, 40.12s/ep][A

tin/rn18/cadprune/hl/ipc50 s45:  19%|█▉        | 58/300 [38:49<2:41:49, 40.12s/ep][A

tin/rn18/cadprune/hl/ipc50 s45:  20%|█▉        | 59/300 [39:29<2:41:07, 40.12s/ep][A

tin/rn18/cadprune/hl/ipc50 s45:  20%|██        | 60/300 [40:09<2:40:33, 40.14s/ep][A

tin/rn18/cadprune/hl/ipc50 s45:  20%|██        | 61/300 [40:50<2:39:55, 40.15s/ep][A

tin/rn18/cadprune/hl/ipc50 s45:  21%|██        | 62/300 [41:30<2:39:12, 40.14s/ep][A

tin/rn18/cadprune/hl/ipc50 s45:  21%|██        | 63/300 [42:10<2:38:32, 40.14s/ep][A

tin/rn18/cadprune/hl/ipc50 s45:  21%|██▏       | 64/300 [42:50<2:37:52, 40.14s/ep][A

tin/rn18/cadprune/hl/ipc50 s45:  22%|██▏       | 65/300 [43:30<2:37:13, 40.14s/ep][A

tin/rn18/cadprune/hl/ipc50 s45:  22%|██▏       | 66/300 [44:10<2:36:29, 40.13s/ep][A

tin/rn18/cadprune/hl/ipc50 s45:  22%|██▏       | 67/300 [44:50<2:35:52, 40.14s/ep][A

tin/rn18/cadprune/hl/ipc50 s45:  23%|██▎       | 68/300 [45:30<2:35:13, 40.14s/ep][A

tin/rn18/cadprune/hl/ipc50 s45:  23%|██▎       | 69/300 [46:11<2:34:42, 40.18s/ep][A

tin/rn18/cadprune/hl/ipc50 s45:  23%|██▎       | 70/300 [46:51<2:33:50, 40.13s/ep][A

tin/rn18/cadprune/hl/ipc50 s45:  24%|██▎       | 71/300 [47:31<2:33:10, 40.13s/ep][A

tin/rn18/cadprune/hl/ipc50 s45:  24%|██▍       | 72/300 [48:11<2:32:38, 40.17s/ep][A

tin/rn18/cadprune/hl/ipc50 s45:  24%|██▍       | 73/300 [48:51<2:31:49, 40.13s/ep][A

tin/rn18/cadprune/hl/ipc50 s45:  25%|██▍       | 74/300 [49:31<2:31:08, 40.13s/ep][A

tin/rn18/cadprune/hl/ipc50 s45:  25%|██▌       | 75/300 [50:11<2:30:29, 40.13s/ep][A

tin/rn18/cadprune/hl/ipc50 s45:  25%|██▌       | 76/300 [50:52<2:29:49, 40.13s/ep][A

tin/rn18/cadprune/hl/ipc50 s45:  26%|██▌       | 77/300 [51:32<2:29:11, 40.14s/ep][A

tin/rn18/cadprune/hl/ipc50 s45:  26%|██▌       | 78/300 [52:12<2:28:18, 40.08s/ep][A

tin/rn18/cadprune/hl/ipc50 s45:  26%|██▋       | 79/300 [52:52<2:27:27, 40.03s/ep][A

tin/rn18/cadprune/hl/ipc50 s45:  27%|██▋       | 80/300 [53:32<2:26:53, 40.06s/ep][A

tin/rn18/cadprune/hl/ipc50 s45:  27%|██▋       | 81/300 [54:12<2:26:20, 40.09s/ep][A

tin/rn18/cadprune/hl/ipc50 s45:  27%|██▋       | 82/300 [54:52<2:25:42, 40.10s/ep][A

tin/rn18/cadprune/hl/ipc50 s45:  28%|██▊       | 83/300 [55:32<2:25:14, 40.16s/ep][A

tin/rn18/cadprune/hl/ipc50 s45:  28%|██▊       | 84/300 [56:12<2:24:24, 40.11s/ep][A

tin/rn18/cadprune/hl/ipc50 s45:  28%|██▊       | 85/300 [56:52<2:23:44, 40.12s/ep][A

tin/rn18/cadprune/hl/ipc50 s45:  29%|██▊       | 86/300 [57:33<2:23:07, 40.13s/ep][A

tin/rn18/cadprune/hl/ipc50 s45:  29%|██▉       | 87/300 [58:13<2:22:26, 40.12s/ep][A

tin/rn18/cadprune/hl/ipc50 s45:  29%|██▉       | 88/300 [58:53<2:21:46, 40.12s/ep][A

tin/rn18/cadprune/hl/ipc50 s45:  30%|██▉       | 89/300 [59:33<2:21:10, 40.14s/ep][A

tin/rn18/cadprune/hl/ipc50 s45:  30%|███       | 90/300 [1:00:13<2:20:29, 40.14s/ep][A

tin/rn18/cadprune/hl/ipc50 s45:  30%|███       | 91/300 [1:00:53<2:19:48, 40.14s/ep][A

tin/rn18/cadprune/hl/ipc50 s45:  31%|███       | 92/300 [1:01:33<2:19:08, 40.14s/ep][A

tin/rn18/cadprune/hl/ipc50 s45:  31%|███       | 93/300 [1:02:14<2:18:29, 40.14s/ep][A

tin/rn18/cadprune/hl/ipc50 s45:  31%|███▏      | 94/300 [1:02:54<2:17:48, 40.14s/ep][A

tin/rn18/cadprune/hl/ipc50 s45:  32%|███▏      | 95/300 [1:03:34<2:17:06, 40.13s/ep][A

tin/rn18/cadprune/hl/ipc50 s45:  32%|███▏      | 96/300 [1:04:14<2:16:29, 40.15s/ep][A

tin/rn18/cadprune/hl/ipc50 s45:  32%|███▏      | 97/300 [1:04:54<2:15:58, 40.19s/ep][A

tin/rn18/cadprune/hl/ipc50 s45:  33%|███▎      | 98/300 [1:05:35<2:15:21, 40.20s/ep][A

tin/rn18/cadprune/hl/ipc50 s45:  33%|███▎      | 99/300 [1:06:15<2:14:44, 40.22s/ep][A

tin/rn18/cadprune/hl/ipc50 s45:  33%|███▎      | 100/300 [1:06:55<2:14:00, 40.20s/ep][A

tin/rn18/cadprune/hl/ipc50 s45:  34%|███▎      | 101/300 [1:07:35<2:13:21, 40.21s/ep][A

tin/rn18/cadprune/hl/ipc50 s45:  34%|███▍      | 102/300 [1:08:15<2:12:44, 40.22s/ep][A

tin/rn18/cadprune/hl/ipc50 s45:  34%|███▍      | 103/300 [1:08:56<2:11:58, 40.19s/ep][A

tin/rn18/cadprune/hl/ipc50 s45:  35%|███▍      | 104/300 [1:09:36<2:11:18, 40.20s/ep][A

tin/rn18/cadprune/hl/ipc50 s45:  35%|███▌      | 105/300 [1:10:16<2:10:32, 40.17s/ep][A

tin/rn18/cadprune/hl/ipc50 s45:  35%|███▌      | 106/300 [1:10:56<2:09:58, 40.20s/ep][A

tin/rn18/cadprune/hl/ipc50 s45:  36%|███▌      | 107/300 [1:11:36<2:08:55, 40.08s/ep][A

tin/rn18/cadprune/hl/ipc50 s45:  36%|███▌      | 108/300 [1:12:15<2:07:23, 39.81s/ep][A

tin/rn18/cadprune/hl/ipc50 s45:  36%|███▋      | 109/300 [1:12:54<2:06:19, 39.68s/ep][A

tin/rn18/cadprune/hl/ipc50 s45:  37%|███▋      | 110/300 [1:13:34<2:05:45, 39.71s/ep][A

tin/rn18/cadprune/hl/ipc50 s45:  37%|███▋      | 111/300 [1:14:14<2:05:08, 39.73s/ep][A

tin/rn18/cadprune/hl/ipc50 s45:  37%|███▋      | 112/300 [1:14:54<2:04:51, 39.85s/ep][A

tin/rn18/cadprune/hl/ipc50 s45:  38%|███▊      | 113/300 [1:15:34<2:04:16, 39.88s/ep][A

tin/rn18/cadprune/hl/ipc50 s45:  38%|███▊      | 114/300 [1:16:14<2:03:51, 39.95s/ep][A

tin/rn18/cadprune/hl/ipc50 s45:  38%|███▊      | 115/300 [1:16:54<2:03:22, 40.01s/ep][A

tin/rn18/cadprune/hl/ipc50 s45:  39%|███▊      | 116/300 [1:17:35<2:02:49, 40.05s/ep][A

tin/rn18/cadprune/hl/ipc50 s45:  39%|███▉      | 117/300 [1:18:15<2:02:13, 40.08s/ep][A

tin/rn18/cadprune/hl/ipc50 s45:  39%|███▉      | 118/300 [1:18:55<2:01:37, 40.10s/ep][A

tin/rn18/cadprune/hl/ipc50 s45:  40%|███▉      | 119/300 [1:19:35<2:01:05, 40.14s/ep][A

tin/rn18/cadprune/hl/ipc50 s45:  40%|████      | 120/300 [1:20:15<2:00:20, 40.11s/ep][A

tin/rn18/cadprune/hl/ipc50 s45:  40%|████      | 121/300 [1:20:55<1:59:47, 40.16s/ep][A

tin/rn18/cadprune/hl/ipc50 s45:  41%|████      | 122/300 [1:21:36<1:59:11, 40.18s/ep][A

tin/rn18/cadprune/hl/ipc50 s45:  41%|████      | 123/300 [1:22:16<1:58:28, 40.16s/ep][A

tin/rn18/cadprune/hl/ipc50 s45:  41%|████▏     | 124/300 [1:22:56<1:57:51, 40.18s/ep][A

tin/rn18/cadprune/hl/ipc50 s45:  42%|████▏     | 125/300 [1:23:36<1:57:06, 40.15s/ep][A

tin/rn18/cadprune/hl/ipc50 s45:  42%|████▏     | 126/300 [1:24:16<1:56:25, 40.15s/ep][A

tin/rn18/cadprune/hl/ipc50 s45:  42%|████▏     | 127/300 [1:24:56<1:55:44, 40.14s/ep][A

tin/rn18/cadprune/hl/ipc50 s45:  43%|████▎     | 128/300 [1:25:36<1:55:03, 40.14s/ep][A

tin/rn18/cadprune/hl/ipc50 s45:  43%|████▎     | 129/300 [1:26:17<1:54:24, 40.15s/ep][A

tin/rn18/cadprune/hl/ipc50 s45:  43%|████▎     | 130/300 [1:26:57<1:53:44, 40.15s/ep][A

tin/rn18/cadprune/hl/ipc50 s45:  44%|████▎     | 131/300 [1:27:37<1:53:04, 40.14s/ep][A

tin/rn18/cadprune/hl/ipc50 s45:  44%|████▍     | 132/300 [1:28:17<1:52:30, 40.18s/ep][A

tin/rn18/cadprune/hl/ipc50 s45:  44%|████▍     | 133/300 [1:28:57<1:51:48, 40.17s/ep][A

tin/rn18/cadprune/hl/ipc50 s45:  45%|████▍     | 134/300 [1:29:37<1:51:00, 40.12s/ep][A

tin/rn18/cadprune/hl/ipc50 s45:  45%|████▌     | 135/300 [1:30:17<1:50:20, 40.13s/ep][A

tin/rn18/cadprune/hl/ipc50 s45:  45%|████▌     | 136/300 [1:30:58<1:49:48, 40.17s/ep][A

tin/rn18/cadprune/hl/ipc50 s45:  46%|████▌     | 137/300 [1:31:38<1:49:16, 40.23s/ep][A

tin/rn18/cadprune/hl/ipc50 s45:  46%|████▌     | 138/300 [1:32:18<1:48:38, 40.24s/ep][A

tin/rn18/cadprune/hl/ipc50 s45:  46%|████▋     | 139/300 [1:32:59<1:47:59, 40.25s/ep][A

tin/rn18/cadprune/hl/ipc50 s45:  47%|████▋     | 140/300 [1:33:39<1:47:21, 40.26s/ep][A

tin/rn18/cadprune/hl/ipc50 s45:  47%|████▋     | 141/300 [1:34:19<1:46:38, 40.24s/ep][A

tin/rn18/cadprune/hl/ipc50 s45:  47%|████▋     | 142/300 [1:34:59<1:46:02, 40.27s/ep][A

tin/rn18/cadprune/hl/ipc50 s45:  48%|████▊     | 143/300 [1:35:40<1:45:26, 40.30s/ep][A

tin/rn18/cadprune/hl/ipc50 s45:  48%|████▊     | 144/300 [1:36:20<1:44:44, 40.28s/ep][A

tin/rn18/cadprune/hl/ipc50 s45:  48%|████▊     | 145/300 [1:37:00<1:44:01, 40.27s/ep][A

tin/rn18/cadprune/hl/ipc50 s45:  49%|████▊     | 146/300 [1:37:41<1:43:22, 40.27s/ep][A

tin/rn18/cadprune/hl/ipc50 s45:  49%|████▉     | 147/300 [1:38:21<1:42:37, 40.25s/ep][A

tin/rn18/cadprune/hl/ipc50 s45:  49%|████▉     | 148/300 [1:39:01<1:42:01, 40.27s/ep][A

tin/rn18/cadprune/hl/ipc50 s45:  50%|████▉     | 149/300 [1:39:41<1:41:17, 40.25s/ep][A

tin/rn18/cadprune/hl/ipc50 s45:  50%|█████     | 150/300 [1:40:22<1:40:41, 40.27s/ep][A

tin/rn18/cadprune/hl/ipc50 s45:  50%|█████     | 151/300 [1:41:02<1:40:03, 40.29s/ep][A

tin/rn18/cadprune/hl/ipc50 s45:  51%|█████     | 152/300 [1:41:42<1:39:23, 40.30s/ep][A

tin/rn18/cadprune/hl/ipc50 s45:  51%|█████     | 153/300 [1:42:23<1:38:44, 40.30s/ep][A

tin/rn18/cadprune/hl/ipc50 s45:  51%|█████▏    | 154/300 [1:43:03<1:38:02, 40.29s/ep][A

tin/rn18/cadprune/hl/ipc50 s45:  52%|█████▏    | 155/300 [1:43:43<1:37:19, 40.27s/ep][A

tin/rn18/cadprune/hl/ipc50 s45:  52%|█████▏    | 156/300 [1:44:23<1:36:40, 40.28s/ep][A

tin/rn18/cadprune/hl/ipc50 s45:  52%|█████▏    | 157/300 [1:45:04<1:36:02, 40.30s/ep][A

tin/rn18/cadprune/hl/ipc50 s45:  53%|█████▎    | 158/300 [1:45:44<1:35:23, 40.30s/ep][A

tin/rn18/cadprune/hl/ipc50 s45:  53%|█████▎    | 159/300 [1:46:24<1:34:45, 40.32s/ep][A

tin/rn18/cadprune/hl/ipc50 s45:  53%|█████▎    | 160/300 [1:47:05<1:34:06, 40.33s/ep][A

tin/rn18/cadprune/hl/ipc50 s45:  54%|█████▎    | 161/300 [1:47:45<1:33:26, 40.33s/ep][A

tin/rn18/cadprune/hl/ipc50 s45:  54%|█████▍    | 162/300 [1:48:25<1:32:43, 40.31s/ep][A

tin/rn18/cadprune/hl/ipc50 s45:  54%|█████▍    | 163/300 [1:49:06<1:32:02, 40.31s/ep][A

tin/rn18/cadprune/hl/ipc50 s45:  55%|█████▍    | 164/300 [1:49:46<1:31:17, 40.28s/ep][A

tin/rn18/cadprune/hl/ipc50 s45:  55%|█████▌    | 165/300 [1:50:26<1:30:34, 40.25s/ep][A

tin/rn18/cadprune/hl/ipc50 s45:  55%|█████▌    | 166/300 [1:51:06<1:29:55, 40.26s/ep][A

tin/rn18/cadprune/hl/ipc50 s45:  56%|█████▌    | 167/300 [1:51:47<1:29:16, 40.28s/ep][A

tin/rn18/cadprune/hl/ipc50 s45:  56%|█████▌    | 168/300 [1:52:27<1:28:37, 40.29s/ep][A

tin/rn18/cadprune/hl/ipc50 s45:  56%|█████▋    | 169/300 [1:53:07<1:28:01, 40.32s/ep][A

tin/rn18/cadprune/hl/ipc50 s45:  57%|█████▋    | 170/300 [1:53:48<1:27:25, 40.35s/ep][A

tin/rn18/cadprune/hl/ipc50 s45:  57%|█████▋    | 171/300 [1:54:28<1:26:47, 40.37s/ep][A

tin/rn18/cadprune/hl/ipc50 s45:  57%|█████▋    | 172/300 [1:55:09<1:26:07, 40.37s/ep][A

tin/rn18/cadprune/hl/ipc50 s45:  58%|█████▊    | 173/300 [1:55:49<1:25:28, 40.38s/ep][A

tin/rn18/cadprune/hl/ipc50 s45:  58%|█████▊    | 174/300 [1:56:29<1:24:49, 40.39s/ep][A

tin/rn18/cadprune/hl/ipc50 s45:  58%|█████▊    | 175/300 [1:57:10<1:24:11, 40.41s/ep][A

tin/rn18/cadprune/hl/ipc50 s45:  59%|█████▊    | 176/300 [1:57:50<1:23:32, 40.42s/ep][A

tin/rn18/cadprune/hl/ipc50 s45:  59%|█████▉    | 177/300 [1:58:31<1:22:50, 40.41s/ep][A

tin/rn18/cadprune/hl/ipc50 s45:  59%|█████▉    | 178/300 [1:59:11<1:22:11, 40.42s/ep][A

tin/rn18/cadprune/hl/ipc50 s45:  60%|█████▉    | 179/300 [1:59:52<1:21:31, 40.42s/ep][A

tin/rn18/cadprune/hl/ipc50 s45:  60%|██████    | 180/300 [2:00:32<1:20:50, 40.42s/ep][A

tin/rn18/cadprune/hl/ipc50 s45:  60%|██████    | 181/300 [2:01:12<1:20:07, 40.40s/ep][A

tin/rn18/cadprune/hl/ipc50 s45:  61%|██████    | 182/300 [2:01:53<1:19:27, 40.40s/ep][A

tin/rn18/cadprune/hl/ipc50 s45:  61%|██████    | 183/300 [2:02:33<1:18:45, 40.39s/ep][A

tin/rn18/cadprune/hl/ipc50 s45:  61%|██████▏   | 184/300 [2:03:13<1:18:01, 40.36s/ep][A

tin/rn18/cadprune/hl/ipc50 s45:  62%|██████▏   | 185/300 [2:03:54<1:17:19, 40.34s/ep][A

tin/rn18/cadprune/hl/ipc50 s45:  62%|██████▏   | 186/300 [2:04:34<1:16:39, 40.35s/ep][A

tin/rn18/cadprune/hl/ipc50 s45:  62%|██████▏   | 187/300 [2:05:14<1:15:59, 40.35s/ep][A

tin/rn18/cadprune/hl/ipc50 s45:  63%|██████▎   | 188/300 [2:05:55<1:15:21, 40.37s/ep][A

tin/rn18/cadprune/hl/ipc50 s45:  63%|██████▎   | 189/300 [2:06:35<1:14:41, 40.37s/ep][A

tin/rn18/cadprune/hl/ipc50 s45:  63%|██████▎   | 190/300 [2:07:15<1:14:00, 40.37s/ep][A

tin/rn18/cadprune/hl/ipc50 s45:  64%|██████▎   | 191/300 [2:07:56<1:13:21, 40.38s/ep][A

tin/rn18/cadprune/hl/ipc50 s45:  64%|██████▍   | 192/300 [2:08:36<1:12:42, 40.39s/ep][A

tin/rn18/cadprune/hl/ipc50 s45:  64%|██████▍   | 193/300 [2:09:17<1:12:01, 40.39s/ep][A

tin/rn18/cadprune/hl/ipc50 s45:  65%|██████▍   | 194/300 [2:09:57<1:11:18, 40.36s/ep][A

tin/rn18/cadprune/hl/ipc50 s45:  65%|██████▌   | 195/300 [2:10:37<1:10:39, 40.37s/ep][A

tin/rn18/cadprune/hl/ipc50 s45:  65%|██████▌   | 196/300 [2:11:18<1:09:58, 40.37s/ep][A

tin/rn18/cadprune/hl/ipc50 s45:  66%|██████▌   | 197/300 [2:11:58<1:09:22, 40.41s/ep][A

tin/rn18/cadprune/hl/ipc50 s45:  66%|██████▌   | 198/300 [2:12:39<1:08:41, 40.41s/ep][A

tin/rn18/cadprune/hl/ipc50 s45:  66%|██████▋   | 199/300 [2:13:19<1:08:01, 40.41s/ep][A

tin/rn18/cadprune/hl/ipc50 s45:  67%|██████▋   | 200/300 [2:13:59<1:07:17, 40.38s/ep][A

tin/rn18/cadprune/hl/ipc50 s45:  67%|██████▋   | 201/300 [2:14:40<1:06:36, 40.37s/ep][A

tin/rn18/cadprune/hl/ipc50 s45:  67%|██████▋   | 202/300 [2:15:20<1:05:54, 40.35s/ep][A

tin/rn18/cadprune/hl/ipc50 s45:  68%|██████▊   | 203/300 [2:16:00<1:05:09, 40.31s/ep][A

tin/rn18/cadprune/hl/ipc50 s45:  68%|██████▊   | 204/300 [2:16:41<1:04:29, 40.30s/ep][A

tin/rn18/cadprune/hl/ipc50 s45:  68%|██████▊   | 205/300 [2:17:21<1:03:47, 40.29s/ep][A

tin/rn18/cadprune/hl/ipc50 s45:  69%|██████▊   | 206/300 [2:18:01<1:03:07, 40.30s/ep][A

tin/rn18/cadprune/hl/ipc50 s45:  69%|██████▉   | 207/300 [2:18:41<1:02:28, 40.30s/ep][A

tin/rn18/cadprune/hl/ipc50 s45:  69%|██████▉   | 208/300 [2:19:22<1:01:47, 40.30s/ep][A

tin/rn18/cadprune/hl/ipc50 s45:  70%|██████▉   | 209/300 [2:20:02<1:01:08, 40.31s/ep][A

tin/rn18/cadprune/hl/ipc50 s45:  70%|███████   | 210/300 [2:20:42<1:00:25, 40.29s/ep][A

tin/rn18/cadprune/hl/ipc50 s45:  70%|███████   | 211/300 [2:21:23<59:45, 40.29s/ep]  [A

tin/rn18/cadprune/hl/ipc50 s45:  71%|███████   | 212/300 [2:22:03<59:07, 40.32s/ep][A

tin/rn18/cadprune/hl/ipc50 s45:  71%|███████   | 213/300 [2:22:43<58:29, 40.33s/ep][A

tin/rn18/cadprune/hl/ipc50 s45:  71%|███████▏  | 214/300 [2:23:24<57:43, 40.28s/ep][A

tin/rn18/cadprune/hl/ipc50 s45:  72%|███████▏  | 215/300 [2:24:04<57:04, 40.29s/ep][A

tin/rn18/cadprune/hl/ipc50 s45:  72%|███████▏  | 216/300 [2:24:44<56:23, 40.28s/ep][A

tin/rn18/cadprune/hl/ipc50 s45:  72%|███████▏  | 217/300 [2:25:24<55:44, 40.29s/ep][A

tin/rn18/cadprune/hl/ipc50 s45:  73%|███████▎  | 218/300 [2:26:05<55:03, 40.29s/ep][A

tin/rn18/cadprune/hl/ipc50 s45:  73%|███████▎  | 219/300 [2:26:45<54:25, 40.31s/ep][A

tin/rn18/cadprune/hl/ipc50 s45:  73%|███████▎  | 220/300 [2:27:25<53:44, 40.31s/ep][A

tin/rn18/cadprune/hl/ipc50 s45:  74%|███████▎  | 221/300 [2:28:06<53:02, 40.29s/ep][A

tin/rn18/cadprune/hl/ipc50 s45:  74%|███████▍  | 222/300 [2:28:46<52:24, 40.32s/ep][A

tin/rn18/cadprune/hl/ipc50 s45:  74%|███████▍  | 223/300 [2:29:26<51:46, 40.34s/ep][A

tin/rn18/cadprune/hl/ipc50 s45:  75%|███████▍  | 224/300 [2:30:07<51:04, 40.33s/ep][A

tin/rn18/cadprune/hl/ipc50 s45:  75%|███████▌  | 225/300 [2:30:47<50:24, 40.32s/ep][A

tin/rn18/cadprune/hl/ipc50 s45:  75%|███████▌  | 226/300 [2:31:27<49:41, 40.30s/ep][A

tin/rn18/cadprune/hl/ipc50 s45:  76%|███████▌  | 227/300 [2:32:08<49:01, 40.30s/ep][A

tin/rn18/cadprune/hl/ipc50 s45:  76%|███████▌  | 228/300 [2:32:48<48:20, 40.29s/ep][A

tin/rn18/cadprune/hl/ipc50 s45:  76%|███████▋  | 229/300 [2:33:28<47:42, 40.31s/ep][A

tin/rn18/cadprune/hl/ipc50 s45:  77%|███████▋  | 230/300 [2:34:09<47:03, 40.33s/ep][A

tin/rn18/cadprune/hl/ipc50 s45:  77%|███████▋  | 231/300 [2:34:49<46:22, 40.33s/ep][A

tin/rn18/cadprune/hl/ipc50 s45:  77%|███████▋  | 232/300 [2:35:29<45:42, 40.33s/ep][A

tin/rn18/cadprune/hl/ipc50 s45:  78%|███████▊  | 233/300 [2:36:10<45:03, 40.35s/ep][A

tin/rn18/cadprune/hl/ipc50 s45:  78%|███████▊  | 234/300 [2:36:50<44:24, 40.37s/ep][A

tin/rn18/cadprune/hl/ipc50 s45:  78%|███████▊  | 235/300 [2:37:30<43:43, 40.37s/ep][A

tin/rn18/cadprune/hl/ipc50 s45:  79%|███████▊  | 236/300 [2:38:11<43:03, 40.37s/ep][A

tin/rn18/cadprune/hl/ipc50 s45:  79%|███████▉  | 237/300 [2:38:51<42:21, 40.33s/ep][A

tin/rn18/cadprune/hl/ipc50 s45:  79%|███████▉  | 238/300 [2:39:31<41:40, 40.33s/ep][A

tin/rn18/cadprune/hl/ipc50 s45:  80%|███████▉  | 239/300 [2:40:12<41:00, 40.33s/ep][A

tin/rn18/cadprune/hl/ipc50 s45:  80%|████████  | 240/300 [2:40:52<40:18, 40.31s/ep][A

tin/rn18/cadprune/hl/ipc50 s45:  80%|████████  | 241/300 [2:41:32<39:39, 40.33s/ep][A

tin/rn18/cadprune/hl/ipc50 s45:  81%|████████  | 242/300 [2:42:13<38:58, 40.32s/ep][A

tin/rn18/cadprune/hl/ipc50 s45:  81%|████████  | 243/300 [2:42:53<38:16, 40.30s/ep][A

tin/rn18/cadprune/hl/ipc50 s45:  81%|████████▏ | 244/300 [2:43:33<37:37, 40.31s/ep][A

tin/rn18/cadprune/hl/ipc50 s45:  82%|████████▏ | 245/300 [2:44:14<36:58, 40.34s/ep][A

tin/rn18/cadprune/hl/ipc50 s45:  82%|████████▏ | 246/300 [2:44:54<36:18, 40.35s/ep][A

tin/rn18/cadprune/hl/ipc50 s45:  82%|████████▏ | 247/300 [2:45:34<35:40, 40.38s/ep][A

tin/rn18/cadprune/hl/ipc50 s45:  83%|████████▎ | 248/300 [2:46:15<35:00, 40.39s/ep][A

tin/rn18/cadprune/hl/ipc50 s45:  83%|████████▎ | 249/300 [2:46:55<34:19, 40.38s/ep][A

tin/rn18/cadprune/hl/ipc50 s45:  83%|████████▎ | 250/300 [2:47:36<33:38, 40.37s/ep][A

tin/rn18/cadprune/hl/ipc50 s45:  84%|████████▎ | 251/300 [2:48:16<32:56, 40.33s/ep][A

tin/rn18/cadprune/hl/ipc50 s45:  84%|████████▍ | 252/300 [2:48:56<32:14, 40.30s/ep][A

tin/rn18/cadprune/hl/ipc50 s45:  84%|████████▍ | 253/300 [2:49:36<31:34, 40.31s/ep][A

tin/rn18/cadprune/hl/ipc50 s45:  85%|████████▍ | 254/300 [2:50:17<30:55, 40.35s/ep][A

tin/rn18/cadprune/hl/ipc50 s45:  85%|████████▌ | 255/300 [2:50:57<30:17, 40.38s/ep][A

tin/rn18/cadprune/hl/ipc50 s45:  85%|████████▌ | 256/300 [2:51:38<29:36, 40.38s/ep][A

tin/rn18/cadprune/hl/ipc50 s45:  86%|████████▌ | 257/300 [2:52:18<28:56, 40.38s/ep][A

tin/rn18/cadprune/hl/ipc50 s45:  86%|████████▌ | 258/300 [2:52:58<28:16, 40.38s/ep][A

tin/rn18/cadprune/hl/ipc50 s45:  86%|████████▋ | 259/300 [2:53:39<27:35, 40.38s/ep][A

tin/rn18/cadprune/hl/ipc50 s45:  87%|████████▋ | 260/300 [2:54:19<26:55, 40.38s/ep][A

tin/rn18/cadprune/hl/ipc50 s45:  87%|████████▋ | 261/300 [2:55:00<26:15, 40.40s/ep][A

tin/rn18/cadprune/hl/ipc50 s45:  87%|████████▋ | 262/300 [2:55:40<25:34, 40.38s/ep][A

tin/rn18/cadprune/hl/ipc50 s45:  88%|████████▊ | 263/300 [2:56:20<24:53, 40.37s/ep][A

tin/rn18/cadprune/hl/ipc50 s45:  88%|████████▊ | 264/300 [2:57:01<24:12, 40.36s/ep][A

tin/rn18/cadprune/hl/ipc50 s45:  88%|████████▊ | 265/300 [2:57:41<23:32, 40.35s/ep][A

tin/rn18/cadprune/hl/ipc50 s45:  89%|████████▊ | 266/300 [2:58:21<22:51, 40.34s/ep][A

tin/rn18/cadprune/hl/ipc50 s45:  89%|████████▉ | 267/300 [2:59:02<22:11, 40.34s/ep][A

tin/rn18/cadprune/hl/ipc50 s45:  89%|████████▉ | 268/300 [2:59:42<21:29, 40.31s/ep][A

tin/rn18/cadprune/hl/ipc50 s45:  90%|████████▉ | 269/300 [3:00:22<20:49, 40.31s/ep][A

tin/rn18/cadprune/hl/ipc50 s45:  90%|█████████ | 270/300 [3:01:02<20:09, 40.33s/ep][A

tin/rn18/cadprune/hl/ipc50 s45:  90%|█████████ | 271/300 [3:01:43<19:29, 40.34s/ep][A

tin/rn18/cadprune/hl/ipc50 s45:  91%|█████████ | 272/300 [3:02:23<18:48, 40.31s/ep][A

tin/rn18/cadprune/hl/ipc50 s45:  91%|█████████ | 273/300 [3:03:04<18:09, 40.34s/ep][A

tin/rn18/cadprune/hl/ipc50 s45:  91%|█████████▏| 274/300 [3:03:44<17:28, 40.32s/ep][A

tin/rn18/cadprune/hl/ipc50 s45:  92%|█████████▏| 275/300 [3:04:24<16:47, 40.31s/ep][A

tin/rn18/cadprune/hl/ipc50 s45:  92%|█████████▏| 276/300 [3:05:04<16:07, 40.33s/ep][A

tin/rn18/cadprune/hl/ipc50 s45:  92%|█████████▏| 277/300 [3:05:45<15:28, 40.35s/ep][A

tin/rn18/cadprune/hl/ipc50 s45:  93%|█████████▎| 278/300 [3:06:25<14:47, 40.34s/ep][A

tin/rn18/cadprune/hl/ipc50 s45:  93%|█████████▎| 279/300 [3:07:05<14:07, 40.34s/ep][A

tin/rn18/cadprune/hl/ipc50 s45:  93%|█████████▎| 280/300 [3:07:46<13:26, 40.34s/ep][A

tin/rn18/cadprune/hl/ipc50 s45:  94%|█████████▎| 281/300 [3:08:26<12:46, 40.32s/ep][A

tin/rn18/cadprune/hl/ipc50 s45:  94%|█████████▍| 282/300 [3:09:06<12:05, 40.33s/ep][A

tin/rn18/cadprune/hl/ipc50 s45:  94%|█████████▍| 283/300 [3:09:47<11:25, 40.35s/ep][A

tin/rn18/cadprune/hl/ipc50 s45:  95%|█████████▍| 284/300 [3:10:27<10:45, 40.35s/ep][A

tin/rn18/cadprune/hl/ipc50 s45:  95%|█████████▌| 285/300 [3:11:08<10:05, 40.34s/ep][A

tin/rn18/cadprune/hl/ipc50 s45:  95%|█████████▌| 286/300 [3:11:48<09:24, 40.32s/ep][A

tin/rn18/cadprune/hl/ipc50 s45:  96%|█████████▌| 287/300 [3:12:28<08:43, 40.31s/ep][A

tin/rn18/cadprune/hl/ipc50 s45:  96%|█████████▌| 288/300 [3:13:08<08:03, 40.27s/ep][A

tin/rn18/cadprune/hl/ipc50 s45:  96%|█████████▋| 289/300 [3:13:48<07:22, 40.26s/ep][A

tin/rn18/cadprune/hl/ipc50 s45:  97%|█████████▋| 290/300 [3:14:29<06:42, 40.25s/ep][A

tin/rn18/cadprune/hl/ipc50 s45:  97%|█████████▋| 291/300 [3:15:09<06:02, 40.26s/ep][A

tin/rn18/cadprune/hl/ipc50 s45:  97%|█████████▋| 292/300 [3:15:49<05:21, 40.25s/ep][A

tin/rn18/cadprune/hl/ipc50 s45:  98%|█████████▊| 293/300 [3:16:29<04:41, 40.24s/ep][A

tin/rn18/cadprune/hl/ipc50 s45:  98%|█████████▊| 294/300 [3:17:09<04:01, 40.17s/ep][A

tin/rn18/cadprune/hl/ipc50 s45:  98%|█████████▊| 295/300 [3:17:50<03:20, 40.19s/ep][A

tin/rn18/cadprune/hl/ipc50 s45:  99%|█████████▊| 296/300 [3:18:30<02:40, 40.21s/ep][A

tin/rn18/cadprune/hl/ipc50 s45:  99%|█████████▉| 297/300 [3:19:10<02:00, 40.23s/ep][A

tin/rn18/cadprune/hl/ipc50 s45:  99%|█████████▉| 298/300 [3:19:50<01:20, 40.20s/ep][A

tin/rn18/cadprune/hl/ipc50 s45: 100%|█████████▉| 299/300 [3:20:30<00:40, 40.18s/ep][A

tin/rn18/cadprune/hl/ipc50 s45: 100%|██████████| 300/300 [3:21:11<00:00, 40.17s/ep][A

                                                                                   [A[cell] tin/rn18/cadprune/hl/ipc50 seed45: 22.89%  (12084s)


tin/rn18/cadprune/hl/ipc50 s46:   0%|          | 0/300 [00:00<?, ?ep/s][A

tin/rn18/cadprune/hl/ipc50 s46:   0%|          | 1/300 [00:40<3:20:25, 40.22s/ep][A

tin/rn18/cadprune/hl/ipc50 s46:   1%|          | 2/300 [01:20<3:19:53, 40.25s/ep][A

tin/rn18/cadprune/hl/ipc50 s46:   1%|          | 3/300 [02:00<3:19:30, 40.30s/ep][A

tin/rn18/cadprune/hl/ipc50 s46:   1%|▏         | 4/300 [02:41<3:18:54, 40.32s/ep][A

tin/rn18/cadprune/hl/ipc50 s46:   2%|▏         | 5/300 [03:21<3:18:06, 40.29s/ep][A

tin/rn18/cadprune/hl/ipc50 s46:   2%|▏         | 6/300 [04:01<3:17:24, 40.29s/ep][A

tin/rn18/cadprune/hl/ipc50 s46:   2%|▏         | 7/300 [04:42<3:16:49, 40.30s/ep][A

tin/rn18/cadprune/hl/ipc50 s46:   3%|▎         | 8/300 [05:22<3:16:16, 40.33s/ep][A

tin/rn18/cadprune/hl/ipc50 s46:   3%|▎         | 9/300 [06:02<3:15:29, 40.31s/ep][A

tin/rn18/cadprune/hl/ipc50 s46:   3%|▎         | 10/300 [06:43<3:14:58, 40.34s/ep][A

tin/rn18/cadprune/hl/ipc50 s46:   4%|▎         | 11/300 [07:23<3:14:13, 40.32s/ep][A

tin/rn18/cadprune/hl/ipc50 s46:   4%|▍         | 12/300 [08:03<3:13:17, 40.27s/ep][A

tin/rn18/cadprune/hl/ipc50 s46:   4%|▍         | 13/300 [08:43<3:12:33, 40.26s/ep][A

tin/rn18/cadprune/hl/ipc50 s46:   5%|▍         | 14/300 [09:23<3:11:38, 40.20s/ep][A

tin/rn18/cadprune/hl/ipc50 s46:   5%|▌         | 15/300 [10:04<3:11:08, 40.24s/ep][A

tin/rn18/cadprune/hl/ipc50 s46:   5%|▌         | 16/300 [10:44<3:10:36, 40.27s/ep][A

tin/rn18/cadprune/hl/ipc50 s46:   6%|▌         | 17/300 [11:24<3:09:58, 40.28s/ep][A

tin/rn18/cadprune/hl/ipc50 s46:   6%|▌         | 18/300 [12:05<3:09:21, 40.29s/ep][A

tin/rn18/cadprune/hl/ipc50 s46:   6%|▋         | 19/300 [12:45<3:08:46, 40.31s/ep][A

tin/rn18/cadprune/hl/ipc50 s46:   7%|▋         | 20/300 [13:25<3:08:02, 40.29s/ep][A

tin/rn18/cadprune/hl/ipc50 s46:   7%|▋         | 21/300 [14:05<3:07:13, 40.26s/ep][A

tin/rn18/cadprune/hl/ipc50 s46:   7%|▋         | 22/300 [14:46<3:06:31, 40.26s/ep][A

tin/rn18/cadprune/hl/ipc50 s46:   8%|▊         | 23/300 [15:26<3:05:56, 40.28s/ep][A

tin/rn18/cadprune/hl/ipc50 s46:   8%|▊         | 24/300 [16:06<3:05:17, 40.28s/ep][A

tin/rn18/cadprune/hl/ipc50 s46:   8%|▊         | 25/300 [16:47<3:04:41, 40.30s/ep][A

tin/rn18/cadprune/hl/ipc50 s46:   9%|▊         | 26/300 [17:27<3:04:16, 40.35s/ep][A

tin/rn18/cadprune/hl/ipc50 s46:   9%|▉         | 27/300 [18:08<3:03:51, 40.41s/ep][A

tin/rn18/cadprune/hl/ipc50 s46:   9%|▉         | 28/300 [18:48<3:03:14, 40.42s/ep][A

tin/rn18/cadprune/hl/ipc50 s46:  10%|▉         | 29/300 [19:29<3:02:43, 40.46s/ep][A

tin/rn18/cadprune/hl/ipc50 s46:  10%|█         | 30/300 [20:09<3:02:17, 40.51s/ep][A

tin/rn18/cadprune/hl/ipc50 s46:  10%|█         | 31/300 [20:50<3:01:48, 40.55s/ep][A

tin/rn18/cadprune/hl/ipc50 s46:  11%|█         | 32/300 [21:30<3:01:08, 40.55s/ep][A

tin/rn18/cadprune/hl/ipc50 s46:  11%|█         | 33/300 [22:11<3:00:22, 40.54s/ep][A

tin/rn18/cadprune/hl/ipc50 s46:  11%|█▏        | 34/300 [22:51<2:59:40, 40.53s/ep][A

tin/rn18/cadprune/hl/ipc50 s46:  12%|█▏        | 35/300 [23:32<2:58:53, 40.50s/ep][A

tin/rn18/cadprune/hl/ipc50 s46:  12%|█▏        | 36/300 [24:12<2:58:07, 40.48s/ep][A

tin/rn18/cadprune/hl/ipc50 s46:  12%|█▏        | 37/300 [24:52<2:56:59, 40.38s/ep][A

tin/rn18/cadprune/hl/ipc50 s46:  13%|█▎        | 38/300 [25:33<2:55:56, 40.29s/ep][A

tin/rn18/cadprune/hl/ipc50 s46:  13%|█▎        | 39/300 [26:12<2:54:36, 40.14s/ep][A

tin/rn18/cadprune/hl/ipc50 s46:  13%|█▎        | 40/300 [26:53<2:53:56, 40.14s/ep][A

tin/rn18/cadprune/hl/ipc50 s46:  14%|█▎        | 41/300 [27:33<2:53:27, 40.18s/ep][A

tin/rn18/cadprune/hl/ipc50 s46:  14%|█▍        | 42/300 [28:13<2:52:49, 40.19s/ep][A

tin/rn18/cadprune/hl/ipc50 s46:  14%|█▍        | 43/300 [28:53<2:52:17, 40.23s/ep][A

tin/rn18/cadprune/hl/ipc50 s46:  15%|█▍        | 44/300 [29:34<2:51:47, 40.26s/ep][A

tin/rn18/cadprune/hl/ipc50 s46:  15%|█▌        | 45/300 [30:14<2:51:15, 40.30s/ep][A

tin/rn18/cadprune/hl/ipc50 s46:  15%|█▌        | 46/300 [30:54<2:50:45, 40.34s/ep][A

tin/rn18/cadprune/hl/ipc50 s46:  16%|█▌        | 47/300 [31:35<2:50:18, 40.39s/ep][A

tin/rn18/cadprune/hl/ipc50 s46:  16%|█▌        | 48/300 [32:15<2:49:44, 40.42s/ep][A

tin/rn18/cadprune/hl/ipc50 s46:  16%|█▋        | 49/300 [32:56<2:49:11, 40.44s/ep][A

tin/rn18/cadprune/hl/ipc50 s46:  17%|█▋        | 50/300 [33:37<2:48:42, 40.49s/ep][A

tin/rn18/cadprune/hl/ipc50 s46:  17%|█▋        | 51/300 [34:17<2:48:03, 40.50s/ep][A

tin/rn18/cadprune/hl/ipc50 s46:  17%|█▋        | 52/300 [34:58<2:47:24, 40.50s/ep][A

tin/rn18/cadprune/hl/ipc50 s46:  18%|█▊        | 53/300 [35:38<2:46:45, 40.51s/ep][A

tin/rn18/cadprune/hl/ipc50 s46:  18%|█▊        | 54/300 [36:19<2:46:08, 40.52s/ep][A

tin/rn18/cadprune/hl/ipc50 s46:  18%|█▊        | 55/300 [36:59<2:45:33, 40.54s/ep][A

tin/rn18/cadprune/hl/ipc50 s46:  19%|█▊        | 56/300 [37:40<2:45:02, 40.58s/ep][A

tin/rn18/cadprune/hl/ipc50 s46:  19%|█▉        | 57/300 [38:20<2:44:14, 40.55s/ep][A

tin/rn18/cadprune/hl/ipc50 s46:  19%|█▉        | 58/300 [39:01<2:43:45, 40.60s/ep][A

tin/rn18/cadprune/hl/ipc50 s46:  20%|█▉        | 59/300 [39:42<2:43:27, 40.70s/ep][A

tin/rn18/cadprune/hl/ipc50 s46:  20%|██        | 60/300 [40:23<2:42:54, 40.73s/ep][A

tin/rn18/cadprune/hl/ipc50 s46:  20%|██        | 61/300 [41:04<2:42:16, 40.74s/ep][A

tin/rn18/cadprune/hl/ipc50 s46:  21%|██        | 62/300 [41:44<2:41:44, 40.77s/ep][A

tin/rn18/cadprune/hl/ipc50 s46:  21%|██        | 63/300 [42:25<2:40:49, 40.72s/ep][A

tin/rn18/cadprune/hl/ipc50 s46:  21%|██▏       | 64/300 [43:06<2:39:53, 40.65s/ep][A

tin/rn18/cadprune/hl/ipc50 s46:  22%|██▏       | 65/300 [43:46<2:39:09, 40.64s/ep][A

tin/rn18/cadprune/hl/ipc50 s46:  22%|██▏       | 66/300 [44:27<2:38:22, 40.61s/ep][A

tin/rn18/cadprune/hl/ipc50 s46:  22%|██▏       | 67/300 [45:07<2:37:46, 40.63s/ep][A

tin/rn18/cadprune/hl/ipc50 s46:  23%|██▎       | 68/300 [45:48<2:37:05, 40.63s/ep][A

tin/rn18/cadprune/hl/ipc50 s46:  23%|██▎       | 69/300 [46:29<2:36:26, 40.64s/ep][A

tin/rn18/cadprune/hl/ipc50 s46:  23%|██▎       | 70/300 [47:09<2:35:56, 40.68s/ep][A

tin/rn18/cadprune/hl/ipc50 s46:  24%|██▎       | 71/300 [47:50<2:35:15, 40.68s/ep][A

tin/rn18/cadprune/hl/ipc50 s46:  24%|██▍       | 72/300 [48:31<2:34:45, 40.73s/ep][A

tin/rn18/cadprune/hl/ipc50 s46:  24%|██▍       | 73/300 [49:12<2:34:14, 40.77s/ep][A

tin/rn18/cadprune/hl/ipc50 s46:  25%|██▍       | 74/300 [49:53<2:33:50, 40.84s/ep][A

tin/rn18/cadprune/hl/ipc50 s46:  25%|██▌       | 75/300 [50:34<2:33:14, 40.87s/ep][A

tin/rn18/cadprune/hl/ipc50 s46:  25%|██▌       | 76/300 [51:15<2:32:42, 40.90s/ep][A

tin/rn18/cadprune/hl/ipc50 s46:  26%|██▌       | 77/300 [51:56<2:32:03, 40.91s/ep][A

tin/rn18/cadprune/hl/ipc50 s46:  26%|██▌       | 78/300 [52:37<2:31:24, 40.92s/ep][A

tin/rn18/cadprune/hl/ipc50 s46:  26%|██▋       | 79/300 [53:18<2:30:47, 40.94s/ep][A

tin/rn18/cadprune/hl/ipc50 s46:  27%|██▋       | 80/300 [53:59<2:30:16, 40.98s/ep][A

tin/rn18/cadprune/hl/ipc50 s46:  27%|██▋       | 81/300 [54:40<2:29:36, 40.99s/ep][A

tin/rn18/cadprune/hl/ipc50 s46:  27%|██▋       | 82/300 [55:21<2:28:54, 40.98s/ep][A

tin/rn18/cadprune/hl/ipc50 s46:  28%|██▊       | 83/300 [56:01<2:28:01, 40.93s/ep][A

tin/rn18/cadprune/hl/ipc50 s46:  28%|██▊       | 84/300 [56:42<2:27:21, 40.93s/ep][A

tin/rn18/cadprune/hl/ipc50 s46:  28%|██▊       | 85/300 [57:23<2:26:40, 40.93s/ep][A

tin/rn18/cadprune/hl/ipc50 s46:  29%|██▊       | 86/300 [58:04<2:25:59, 40.93s/ep][A

tin/rn18/cadprune/hl/ipc50 s46:  29%|██▉       | 87/300 [58:45<2:25:34, 41.01s/ep][A

tin/rn18/cadprune/hl/ipc50 s46:  29%|██▉       | 88/300 [59:27<2:25:03, 41.05s/ep][A

tin/rn18/cadprune/hl/ipc50 s46:  30%|██▉       | 89/300 [1:00:08<2:24:21, 41.05s/ep][A

tin/rn18/cadprune/hl/ipc50 s46:  30%|███       | 90/300 [1:00:49<2:23:45, 41.07s/ep][A

tin/rn18/cadprune/hl/ipc50 s46:  30%|███       | 91/300 [1:01:30<2:23:04, 41.07s/ep][A

tin/rn18/cadprune/hl/ipc50 s46:  31%|███       | 92/300 [1:02:11<2:22:34, 41.13s/ep][A

tin/rn18/cadprune/hl/ipc50 s46:  31%|███       | 93/300 [1:02:53<2:22:14, 41.23s/ep][A

tin/rn18/cadprune/hl/ipc50 s46:  31%|███▏      | 94/300 [1:03:34<2:21:47, 41.30s/ep][A

tin/rn18/cadprune/hl/ipc50 s46:  32%|███▏      | 95/300 [1:04:15<2:21:08, 41.31s/ep][A

tin/rn18/cadprune/hl/ipc50 s46:  32%|███▏      | 96/300 [1:04:57<2:20:18, 41.27s/ep][A

tin/rn18/cadprune/hl/ipc50 s46:  32%|███▏      | 97/300 [1:05:38<2:19:31, 41.24s/ep][A

tin/rn18/cadprune/hl/ipc50 s46:  33%|███▎      | 98/300 [1:06:19<2:18:47, 41.23s/ep][A

tin/rn18/cadprune/hl/ipc50 s46:  33%|███▎      | 99/300 [1:07:00<2:18:08, 41.24s/ep][A

tin/rn18/cadprune/hl/ipc50 s46:  33%|███▎      | 100/300 [1:07:41<2:17:16, 41.18s/ep][A

tin/rn18/cadprune/hl/ipc50 s46:  34%|███▎      | 101/300 [1:08:22<2:16:28, 41.15s/ep][A

tin/rn18/cadprune/hl/ipc50 s46:  34%|███▍      | 102/300 [1:09:03<2:15:41, 41.12s/ep][A

tin/rn18/cadprune/hl/ipc50 s46:  34%|███▍      | 103/300 [1:09:44<2:14:57, 41.10s/ep][A

tin/rn18/cadprune/hl/ipc50 s46:  35%|███▍      | 104/300 [1:10:26<2:14:17, 41.11s/ep][A

tin/rn18/cadprune/hl/ipc50 s46:  35%|███▌      | 105/300 [1:11:07<2:13:40, 41.13s/ep][A

tin/rn18/cadprune/hl/ipc50 s46:  35%|███▌      | 106/300 [1:11:48<2:12:49, 41.08s/ep][A

tin/rn18/cadprune/hl/ipc50 s46:  36%|███▌      | 107/300 [1:12:29<2:12:06, 41.07s/ep][A

tin/rn18/cadprune/hl/ipc50 s46:  36%|███▌      | 108/300 [1:13:10<2:11:18, 41.03s/ep][A

tin/rn18/cadprune/hl/ipc50 s46:  36%|███▋      | 109/300 [1:13:51<2:10:37, 41.04s/ep][A

tin/rn18/cadprune/hl/ipc50 s46:  37%|███▋      | 110/300 [1:14:32<2:09:57, 41.04s/ep][A

tin/rn18/cadprune/hl/ipc50 s46:  37%|███▋      | 111/300 [1:15:13<2:09:20, 41.06s/ep][A

tin/rn18/cadprune/hl/ipc50 s46:  37%|███▋      | 112/300 [1:15:54<2:08:40, 41.07s/ep][A

tin/rn18/cadprune/hl/ipc50 s46:  38%|███▊      | 113/300 [1:16:35<2:07:48, 41.01s/ep][A

tin/rn18/cadprune/hl/ipc50 s46:  38%|███▊      | 114/300 [1:17:16<2:07:01, 40.98s/ep][A

tin/rn18/cadprune/hl/ipc50 s46:  38%|███▊      | 115/300 [1:17:57<2:06:27, 41.02s/ep][A

tin/rn18/cadprune/hl/ipc50 s46:  39%|███▊      | 116/300 [1:18:38<2:05:51, 41.04s/ep][A

tin/rn18/cadprune/hl/ipc50 s46:  39%|███▉      | 117/300 [1:19:19<2:05:17, 41.08s/ep][A

tin/rn18/cadprune/hl/ipc50 s46:  39%|███▉      | 118/300 [1:20:00<2:04:52, 41.17s/ep][A

tin/rn18/cadprune/hl/ipc50 s46:  40%|███▉      | 119/300 [1:20:42<2:04:18, 41.21s/ep][A

tin/rn18/cadprune/hl/ipc50 s46:  40%|████      | 120/300 [1:21:23<2:03:40, 41.22s/ep][A

tin/rn18/cadprune/hl/ipc50 s46:  40%|████      | 121/300 [1:22:04<2:02:58, 41.22s/ep][A

tin/rn18/cadprune/hl/ipc50 s46:  41%|████      | 122/300 [1:22:45<2:02:11, 41.19s/ep][A

tin/rn18/cadprune/hl/ipc50 s46:  41%|████      | 123/300 [1:23:27<2:01:29, 41.18s/ep][A

tin/rn18/cadprune/hl/ipc50 s46:  41%|████▏     | 124/300 [1:24:08<2:00:43, 41.16s/ep][A

tin/rn18/cadprune/hl/ipc50 s46:  42%|████▏     | 125/300 [1:24:49<1:59:57, 41.13s/ep][A

tin/rn18/cadprune/hl/ipc50 s46:  42%|████▏     | 126/300 [1:25:30<1:59:17, 41.13s/ep][A

tin/rn18/cadprune/hl/ipc50 s46:  42%|████▏     | 127/300 [1:26:11<1:58:40, 41.16s/ep][A

tin/rn18/cadprune/hl/ipc50 s46:  43%|████▎     | 128/300 [1:26:52<1:58:01, 41.17s/ep][A

tin/rn18/cadprune/hl/ipc50 s46:  43%|████▎     | 129/300 [1:27:33<1:57:13, 41.13s/ep][A

tin/rn18/cadprune/hl/ipc50 s46:  43%|████▎     | 130/300 [1:28:14<1:56:25, 41.09s/ep][A

tin/rn18/cadprune/hl/ipc50 s46:  44%|████▎     | 131/300 [1:28:55<1:55:43, 41.08s/ep][A

tin/rn18/cadprune/hl/ipc50 s46:  44%|████▍     | 132/300 [1:29:36<1:55:01, 41.08s/ep][A

tin/rn18/cadprune/hl/ipc50 s46:  44%|████▍     | 133/300 [1:30:18<1:54:27, 41.12s/ep][A

tin/rn18/cadprune/hl/ipc50 s46:  45%|████▍     | 134/300 [1:30:59<1:53:52, 41.16s/ep][A

tin/rn18/cadprune/hl/ipc50 s46:  45%|████▌     | 135/300 [1:31:40<1:53:12, 41.17s/ep][A

tin/rn18/cadprune/hl/ipc50 s46:  45%|████▌     | 136/300 [1:32:21<1:52:32, 41.17s/ep][A

tin/rn18/cadprune/hl/ipc50 s46:  46%|████▌     | 137/300 [1:33:03<1:52:10, 41.29s/ep][A

tin/rn18/cadprune/hl/ipc50 s46:  46%|████▌     | 138/300 [1:33:45<1:51:53, 41.44s/ep][A

tin/rn18/cadprune/hl/ipc50 s46:  46%|████▋     | 139/300 [1:34:26<1:51:28, 41.54s/ep][A

tin/rn18/cadprune/hl/ipc50 s46:  47%|████▋     | 140/300 [1:35:08<1:51:04, 41.65s/ep][A

tin/rn18/cadprune/hl/ipc50 s46:  47%|████▋     | 141/300 [1:35:50<1:50:31, 41.71s/ep][A

tin/rn18/cadprune/hl/ipc50 s46:  47%|████▋     | 142/300 [1:36:32<1:50:04, 41.80s/ep][A

tin/rn18/cadprune/hl/ipc50 s46:  48%|████▊     | 143/300 [1:37:14<1:49:33, 41.87s/ep][A

tin/rn18/cadprune/hl/ipc50 s46:  48%|████▊     | 144/300 [1:37:56<1:48:57, 41.91s/ep][A

tin/rn18/cadprune/hl/ipc50 s46:  48%|████▊     | 145/300 [1:38:38<1:48:23, 41.96s/ep][A

tin/rn18/cadprune/hl/ipc50 s46:  49%|████▊     | 146/300 [1:39:20<1:47:39, 41.94s/ep][A

tin/rn18/cadprune/hl/ipc50 s46:  49%|████▉     | 147/300 [1:40:02<1:46:50, 41.90s/ep][A

tin/rn18/cadprune/hl/ipc50 s46:  49%|████▉     | 148/300 [1:40:44<1:46:00, 41.85s/ep][A

tin/rn18/cadprune/hl/ipc50 s46:  50%|████▉     | 149/300 [1:41:25<1:45:13, 41.81s/ep][A

tin/rn18/cadprune/hl/ipc50 s46:  50%|█████     | 150/300 [1:42:07<1:44:27, 41.78s/ep][A

tin/rn18/cadprune/hl/ipc50 s46:  50%|█████     | 151/300 [1:42:49<1:43:37, 41.73s/ep][A

tin/rn18/cadprune/hl/ipc50 s46:  51%|█████     | 152/300 [1:43:30<1:42:51, 41.70s/ep][A

tin/rn18/cadprune/hl/ipc50 s46:  51%|█████     | 153/300 [1:44:12<1:42:05, 41.67s/ep][A

tin/rn18/cadprune/hl/ipc50 s46:  51%|█████▏    | 154/300 [1:44:54<1:41:30, 41.72s/ep][A

tin/rn18/cadprune/hl/ipc50 s46:  52%|█████▏    | 155/300 [1:45:36<1:40:58, 41.78s/ep][A

tin/rn18/cadprune/hl/ipc50 s46:  52%|█████▏    | 156/300 [1:46:18<1:40:17, 41.79s/ep][A

tin/rn18/cadprune/hl/ipc50 s46:  52%|█████▏    | 157/300 [1:46:59<1:39:27, 41.73s/ep][A

tin/rn18/cadprune/hl/ipc50 s46:  53%|█████▎    | 158/300 [1:47:41<1:38:42, 41.71s/ep][A

tin/rn18/cadprune/hl/ipc50 s46:  53%|█████▎    | 159/300 [1:48:23<1:38:00, 41.71s/ep][A

tin/rn18/cadprune/hl/ipc50 s46:  53%|█████▎    | 160/300 [1:49:04<1:37:14, 41.68s/ep][A

tin/rn18/cadprune/hl/ipc50 s46:  54%|█████▎    | 161/300 [1:49:46<1:36:21, 41.59s/ep][A

tin/rn18/cadprune/hl/ipc50 s46:  54%|█████▍    | 162/300 [1:50:27<1:35:47, 41.65s/ep][A

tin/rn18/cadprune/hl/ipc50 s46:  54%|█████▍    | 163/300 [1:51:09<1:35:12, 41.69s/ep][A

tin/rn18/cadprune/hl/ipc50 s46:  55%|█████▍    | 164/300 [1:51:51<1:34:33, 41.71s/ep][A

tin/rn18/cadprune/hl/ipc50 s46:  55%|█████▌    | 165/300 [1:52:33<1:33:54, 41.74s/ep][A

tin/rn18/cadprune/hl/ipc50 s46:  55%|█████▌    | 166/300 [1:53:14<1:33:09, 41.71s/ep][A

tin/rn18/cadprune/hl/ipc50 s46:  56%|█████▌    | 167/300 [1:53:56<1:32:24, 41.69s/ep][A

tin/rn18/cadprune/hl/ipc50 s46:  56%|█████▌    | 168/300 [1:54:38<1:31:41, 41.68s/ep][A

tin/rn18/cadprune/hl/ipc50 s46:  56%|█████▋    | 169/300 [1:55:19<1:30:55, 41.65s/ep][A

tin/rn18/cadprune/hl/ipc50 s46:  57%|█████▋    | 170/300 [1:56:01<1:30:19, 41.69s/ep][A

tin/rn18/cadprune/hl/ipc50 s46:  57%|█████▋    | 171/300 [1:56:43<1:29:47, 41.76s/ep][A

tin/rn18/cadprune/hl/ipc50 s46:  57%|█████▋    | 172/300 [1:57:25<1:29:09, 41.80s/ep][A

tin/rn18/cadprune/hl/ipc50 s46:  58%|█████▊    | 173/300 [1:58:07<1:28:36, 41.86s/ep][A

tin/rn18/cadprune/hl/ipc50 s46:  58%|█████▊    | 174/300 [1:58:49<1:28:05, 41.95s/ep][A

tin/rn18/cadprune/hl/ipc50 s46:  58%|█████▊    | 175/300 [1:59:31<1:27:15, 41.88s/ep][A

tin/rn18/cadprune/hl/ipc50 s46:  59%|█████▊    | 176/300 [2:00:12<1:26:23, 41.80s/ep][A

tin/rn18/cadprune/hl/ipc50 s46:  59%|█████▉    | 177/300 [2:00:54<1:25:37, 41.77s/ep][A

tin/rn18/cadprune/hl/ipc50 s46:  59%|█████▉    | 178/300 [2:01:36<1:24:53, 41.75s/ep][A

tin/rn18/cadprune/hl/ipc50 s46:  60%|█████▉    | 179/300 [2:02:17<1:24:12, 41.76s/ep][A

tin/rn18/cadprune/hl/ipc50 s46:  60%|██████    | 180/300 [2:02:59<1:23:29, 41.75s/ep][A

tin/rn18/cadprune/hl/ipc50 s46:  60%|██████    | 181/300 [2:03:41<1:22:45, 41.73s/ep][A

tin/rn18/cadprune/hl/ipc50 s46:  61%|██████    | 182/300 [2:04:23<1:22:05, 41.74s/ep][A

tin/rn18/cadprune/hl/ipc50 s46:  61%|██████    | 183/300 [2:05:04<1:21:20, 41.71s/ep][A

tin/rn18/cadprune/hl/ipc50 s46:  61%|██████▏   | 184/300 [2:05:46<1:20:31, 41.65s/ep][A

tin/rn18/cadprune/hl/ipc50 s46:  62%|██████▏   | 185/300 [2:06:27<1:19:45, 41.61s/ep][A

tin/rn18/cadprune/hl/ipc50 s46:  62%|██████▏   | 186/300 [2:07:09<1:19:05, 41.63s/ep][A

tin/rn18/cadprune/hl/ipc50 s46:  62%|██████▏   | 187/300 [2:07:51<1:18:22, 41.62s/ep][A

tin/rn18/cadprune/hl/ipc50 s46:  63%|██████▎   | 188/300 [2:08:32<1:17:39, 41.60s/ep][A

tin/rn18/cadprune/hl/ipc50 s46:  63%|██████▎   | 189/300 [2:09:14<1:16:58, 41.61s/ep][A

tin/rn18/cadprune/hl/ipc50 s46:  63%|██████▎   | 190/300 [2:09:55<1:16:17, 41.61s/ep][A

tin/rn18/cadprune/hl/ipc50 s46:  64%|██████▎   | 191/300 [2:10:37<1:15:42, 41.68s/ep][A

tin/rn18/cadprune/hl/ipc50 s46:  64%|██████▍   | 192/300 [2:11:19<1:15:06, 41.73s/ep][A

tin/rn18/cadprune/hl/ipc50 s46:  64%|██████▍   | 193/300 [2:12:01<1:14:31, 41.79s/ep][A

tin/rn18/cadprune/hl/ipc50 s46:  65%|██████▍   | 194/300 [2:12:43<1:13:56, 41.86s/ep][A

tin/rn18/cadprune/hl/ipc50 s46:  65%|██████▌   | 195/300 [2:13:25<1:13:12, 41.83s/ep][A

tin/rn18/cadprune/hl/ipc50 s46:  65%|██████▌   | 196/300 [2:14:07<1:12:31, 41.85s/ep][A

tin/rn18/cadprune/hl/ipc50 s46:  66%|██████▌   | 197/300 [2:14:49<1:11:51, 41.86s/ep][A

tin/rn18/cadprune/hl/ipc50 s46:  66%|██████▌   | 198/300 [2:15:31<1:11:16, 41.93s/ep][A

tin/rn18/cadprune/hl/ipc50 s46:  66%|██████▋   | 199/300 [2:16:13<1:10:36, 41.95s/ep][A

tin/rn18/cadprune/hl/ipc50 s46:  67%|██████▋   | 200/300 [2:16:55<1:10:01, 42.01s/ep][A

tin/rn18/cadprune/hl/ipc50 s46:  67%|██████▋   | 201/300 [2:17:37<1:09:27, 42.10s/ep][A

tin/rn18/cadprune/hl/ipc50 s46:  67%|██████▋   | 202/300 [2:18:19<1:08:47, 42.12s/ep][A

tin/rn18/cadprune/hl/ipc50 s46:  68%|██████▊   | 203/300 [2:19:01<1:08:04, 42.11s/ep][A

tin/rn18/cadprune/hl/ipc50 s46:  68%|██████▊   | 204/300 [2:19:43<1:07:15, 42.04s/ep][A

tin/rn18/cadprune/hl/ipc50 s46:  68%|██████▊   | 205/300 [2:20:25<1:06:33, 42.04s/ep][A

tin/rn18/cadprune/hl/ipc50 s46:  69%|██████▊   | 206/300 [2:21:07<1:05:52, 42.05s/ep][A

tin/rn18/cadprune/hl/ipc50 s46:  69%|██████▉   | 207/300 [2:21:49<1:05:09, 42.04s/ep][A

tin/rn18/cadprune/hl/ipc50 s46:  69%|██████▉   | 208/300 [2:22:31<1:04:23, 42.00s/ep][A

tin/rn18/cadprune/hl/ipc50 s46:  70%|██████▉   | 209/300 [2:23:13<1:03:47, 42.06s/ep][A

tin/rn18/cadprune/hl/ipc50 s46:  70%|███████   | 210/300 [2:23:56<1:03:11, 42.12s/ep][A

tin/rn18/cadprune/hl/ipc50 s46:  70%|███████   | 211/300 [2:24:38<1:02:33, 42.17s/ep][A

tin/rn18/cadprune/hl/ipc50 s46:  71%|███████   | 212/300 [2:25:20<1:01:55, 42.22s/ep][A

tin/rn18/cadprune/hl/ipc50 s46:  71%|███████   | 213/300 [2:26:03<1:01:13, 42.23s/ep][A

tin/rn18/cadprune/hl/ipc50 s46:  71%|███████▏  | 214/300 [2:26:45<1:00:32, 42.23s/ep][A

tin/rn18/cadprune/hl/ipc50 s46:  72%|███████▏  | 215/300 [2:27:27<59:50, 42.24s/ep]  [A

tin/rn18/cadprune/hl/ipc50 s46:  72%|███████▏  | 216/300 [2:28:09<59:07, 42.24s/ep][A

tin/rn18/cadprune/hl/ipc50 s46:  72%|███████▏  | 217/300 [2:28:51<58:24, 42.23s/ep][A

tin/rn18/cadprune/hl/ipc50 s46:  73%|███████▎  | 218/300 [2:29:34<57:37, 42.17s/ep][A

tin/rn18/cadprune/hl/ipc50 s46:  73%|███████▎  | 219/300 [2:30:16<56:51, 42.12s/ep][A

tin/rn18/cadprune/hl/ipc50 s46:  73%|███████▎  | 220/300 [2:30:58<56:10, 42.14s/ep][A

tin/rn18/cadprune/hl/ipc50 s46:  74%|███████▎  | 221/300 [2:31:40<55:26, 42.11s/ep][A

tin/rn18/cadprune/hl/ipc50 s46:  74%|███████▍  | 222/300 [2:32:22<54:43, 42.10s/ep][A

tin/rn18/cadprune/hl/ipc50 s46:  74%|███████▍  | 223/300 [2:33:04<54:03, 42.12s/ep][A

tin/rn18/cadprune/hl/ipc50 s46:  75%|███████▍  | 224/300 [2:33:46<53:23, 42.15s/ep][A

tin/rn18/cadprune/hl/ipc50 s46:  75%|███████▌  | 225/300 [2:34:29<52:46, 42.22s/ep][A

tin/rn18/cadprune/hl/ipc50 s46:  75%|███████▌  | 226/300 [2:35:11<52:07, 42.26s/ep][A

tin/rn18/cadprune/hl/ipc50 s46:  76%|███████▌  | 227/300 [2:35:53<51:29, 42.32s/ep][A

tin/rn18/cadprune/hl/ipc50 s46:  76%|███████▌  | 228/300 [2:36:36<50:47, 42.32s/ep][A

tin/rn18/cadprune/hl/ipc50 s46:  76%|███████▋  | 229/300 [2:37:18<50:05, 42.33s/ep][A

tin/rn18/cadprune/hl/ipc50 s46:  77%|███████▋  | 230/300 [2:38:00<49:24, 42.34s/ep][A

tin/rn18/cadprune/hl/ipc50 s46:  77%|███████▋  | 231/300 [2:38:43<48:45, 42.39s/ep][A

tin/rn18/cadprune/hl/ipc50 s46:  77%|███████▋  | 232/300 [2:39:25<47:58, 42.33s/ep][A

tin/rn18/cadprune/hl/ipc50 s46:  78%|███████▊  | 233/300 [2:40:08<47:17, 42.35s/ep][A

tin/rn18/cadprune/hl/ipc50 s46:  78%|███████▊  | 234/300 [2:40:50<46:39, 42.41s/ep][A

tin/rn18/cadprune/hl/ipc50 s46:  78%|███████▊  | 235/300 [2:41:33<45:58, 42.43s/ep][A

tin/rn18/cadprune/hl/ipc50 s46:  79%|███████▊  | 236/300 [2:42:15<45:16, 42.45s/ep][A

tin/rn18/cadprune/hl/ipc50 s46:  79%|███████▉  | 237/300 [2:42:58<44:34, 42.45s/ep][A

tin/rn18/cadprune/hl/ipc50 s46:  79%|███████▉  | 238/300 [2:43:40<43:51, 42.45s/ep][A

tin/rn18/cadprune/hl/ipc50 s46:  80%|███████▉  | 239/300 [2:44:23<43:12, 42.51s/ep][A

tin/rn18/cadprune/hl/ipc50 s46:  80%|████████  | 240/300 [2:45:05<42:36, 42.60s/ep][A

tin/rn18/cadprune/hl/ipc50 s46:  80%|████████  | 241/300 [2:45:48<42:00, 42.71s/ep][A

tin/rn18/cadprune/hl/ipc50 s46:  81%|████████  | 242/300 [2:46:31<41:23, 42.81s/ep][A

tin/rn18/cadprune/hl/ipc50 s46:  81%|████████  | 243/300 [2:47:15<40:50, 42.98s/ep][A

tin/rn18/cadprune/hl/ipc50 s46:  81%|████████▏ | 244/300 [2:47:58<40:16, 43.15s/ep][A

tin/rn18/cadprune/hl/ipc50 s46:  82%|████████▏ | 245/300 [2:48:42<39:38, 43.24s/ep][A

tin/rn18/cadprune/hl/ipc50 s46:  82%|████████▏ | 246/300 [2:49:25<38:55, 43.25s/ep][A

tin/rn18/cadprune/hl/ipc50 s46:  82%|████████▏ | 247/300 [2:50:08<38:11, 43.23s/ep][A

tin/rn18/cadprune/hl/ipc50 s46:  83%|████████▎ | 248/300 [2:50:51<37:23, 43.13s/ep][A

tin/rn18/cadprune/hl/ipc50 s46:  83%|████████▎ | 249/300 [2:51:34<36:36, 43.07s/ep][A

tin/rn18/cadprune/hl/ipc50 s46:  83%|████████▎ | 250/300 [2:52:17<35:50, 43.01s/ep][A

tin/rn18/cadprune/hl/ipc50 s46:  84%|████████▎ | 251/300 [2:53:00<35:06, 42.98s/ep][A

tin/rn18/cadprune/hl/ipc50 s46:  84%|████████▍ | 252/300 [2:53:43<34:23, 42.99s/ep][A

tin/rn18/cadprune/hl/ipc50 s46:  84%|████████▍ | 253/300 [2:54:26<33:41, 43.02s/ep][A

tin/rn18/cadprune/hl/ipc50 s46:  85%|████████▍ | 254/300 [2:55:09<32:58, 43.01s/ep][A

tin/rn18/cadprune/hl/ipc50 s46:  85%|████████▌ | 255/300 [2:55:52<32:14, 42.99s/ep][A

tin/rn18/cadprune/hl/ipc50 s46:  85%|████████▌ | 256/300 [2:56:35<31:33, 43.03s/ep][A

tin/rn18/cadprune/hl/ipc50 s46:  86%|████████▌ | 257/300 [2:57:18<30:47, 42.98s/ep][A

tin/rn18/cadprune/hl/ipc50 s46:  86%|████████▌ | 258/300 [2:58:01<30:04, 42.97s/ep][A

tin/rn18/cadprune/hl/ipc50 s46:  86%|████████▋ | 259/300 [2:58:44<29:20, 42.93s/ep][A

tin/rn18/cadprune/hl/ipc50 s46:  87%|████████▋ | 260/300 [2:59:27<28:36, 42.91s/ep][A

tin/rn18/cadprune/hl/ipc50 s46:  87%|████████▋ | 261/300 [3:00:09<27:51, 42.86s/ep][A

tin/rn18/cadprune/hl/ipc50 s46:  87%|████████▋ | 262/300 [3:00:52<27:07, 42.83s/ep][A

tin/rn18/cadprune/hl/ipc50 s46:  88%|████████▊ | 263/300 [3:01:35<26:25, 42.84s/ep][A

tin/rn18/cadprune/hl/ipc50 s46:  88%|████████▊ | 264/300 [3:02:18<25:41, 42.82s/ep][A

tin/rn18/cadprune/hl/ipc50 s46:  88%|████████▊ | 265/300 [3:03:00<24:56, 42.75s/ep][A

tin/rn18/cadprune/hl/ipc50 s46:  89%|████████▊ | 266/300 [3:03:43<24:09, 42.63s/ep][A

tin/rn18/cadprune/hl/ipc50 s46:  89%|████████▉ | 267/300 [3:04:25<23:27, 42.66s/ep][A

tin/rn18/cadprune/hl/ipc50 s46:  89%|████████▉ | 268/300 [3:05:08<22:44, 42.63s/ep][A

tin/rn18/cadprune/hl/ipc50 s46:  90%|████████▉ | 269/300 [3:05:50<21:56, 42.46s/ep][A

tin/rn18/cadprune/hl/ipc50 s46:  90%|█████████ | 270/300 [3:06:31<20:58, 41.96s/ep][A

tin/rn18/cadprune/hl/ipc50 s46:  90%|█████████ | 271/300 [3:07:11<20:04, 41.52s/ep][A

tin/rn18/cadprune/hl/ipc50 s46:  91%|█████████ | 272/300 [3:07:52<19:15, 41.27s/ep][A

tin/rn18/cadprune/hl/ipc50 s46:  91%|█████████ | 273/300 [3:08:33<18:32, 41.20s/ep][A

tin/rn18/cadprune/hl/ipc50 s46:  91%|█████████▏| 274/300 [3:09:14<17:52, 41.25s/ep][A

tin/rn18/cadprune/hl/ipc50 s46:  92%|█████████▏| 275/300 [3:09:56<17:16, 41.46s/ep][A

tin/rn18/cadprune/hl/ipc50 s46:  92%|█████████▏| 276/300 [3:10:38<16:38, 41.62s/ep][A

tin/rn18/cadprune/hl/ipc50 s46:  92%|█████████▏| 277/300 [3:11:21<16:03, 41.88s/ep][A

tin/rn18/cadprune/hl/ipc50 s46:  93%|█████████▎| 278/300 [3:12:03<15:25, 42.05s/ep][A

tin/rn18/cadprune/hl/ipc50 s46:  93%|█████████▎| 279/300 [3:12:46<14:46, 42.19s/ep][A

tin/rn18/cadprune/hl/ipc50 s46:  93%|█████████▎| 280/300 [3:13:28<14:05, 42.27s/ep][A

tin/rn18/cadprune/hl/ipc50 s46:  94%|█████████▎| 281/300 [3:14:11<13:23, 42.28s/ep][A

tin/rn18/cadprune/hl/ipc50 s46:  94%|█████████▍| 282/300 [3:14:53<12:40, 42.27s/ep][A

tin/rn18/cadprune/hl/ipc50 s46:  94%|█████████▍| 283/300 [3:15:35<11:58, 42.25s/ep][A

tin/rn18/cadprune/hl/ipc50 s46:  95%|█████████▍| 284/300 [3:16:17<11:16, 42.28s/ep][A

tin/rn18/cadprune/hl/ipc50 s46:  95%|█████████▌| 285/300 [3:17:00<10:34, 42.31s/ep][A

tin/rn18/cadprune/hl/ipc50 s46:  95%|█████████▌| 286/300 [3:17:42<09:51, 42.26s/ep][A

tin/rn18/cadprune/hl/ipc50 s46:  96%|█████████▌| 287/300 [3:18:24<09:09, 42.27s/ep][A

tin/rn18/cadprune/hl/ipc50 s46:  96%|█████████▌| 288/300 [3:19:07<08:28, 42.37s/ep][A

tin/rn18/cadprune/hl/ipc50 s46:  96%|█████████▋| 289/300 [3:19:49<07:47, 42.47s/ep][A

tin/rn18/cadprune/hl/ipc50 s46:  97%|█████████▋| 290/300 [3:20:32<07:05, 42.51s/ep][A

tin/rn18/cadprune/hl/ipc50 s46:  97%|█████████▋| 291/300 [3:21:15<06:23, 42.58s/ep][A

tin/rn18/cadprune/hl/ipc50 s46:  97%|█████████▋| 292/300 [3:21:58<05:41, 42.64s/ep][A

tin/rn18/cadprune/hl/ipc50 s46:  98%|█████████▊| 293/300 [3:22:40<04:58, 42.65s/ep][A

tin/rn18/cadprune/hl/ipc50 s46:  98%|█████████▊| 294/300 [3:23:23<04:15, 42.64s/ep][A

tin/rn18/cadprune/hl/ipc50 s46:  98%|█████████▊| 295/300 [3:24:05<03:32, 42.59s/ep][A

tin/rn18/cadprune/hl/ipc50 s46:  99%|█████████▊| 296/300 [3:24:48<02:50, 42.55s/ep][A

tin/rn18/cadprune/hl/ipc50 s46:  99%|█████████▉| 297/300 [3:25:30<02:07, 42.40s/ep][A

tin/rn18/cadprune/hl/ipc50 s46:  99%|█████████▉| 298/300 [3:26:12<01:24, 42.28s/ep][A

tin/rn18/cadprune/hl/ipc50 s46: 100%|█████████▉| 299/300 [3:26:54<00:42, 42.27s/ep][A

tin/rn18/cadprune/hl/ipc50 s46: 100%|██████████| 300/300 [3:27:36<00:00, 42.26s/ep][A

                                                                                   [A[cell] tin/rn18/cadprune/hl/ipc50 seed46: 23.59%  (12471s)

rn18-tin:  44%|████▍     | 12/27 [66:06:34<183:28:45, 44035.06s/cell, cadprune/hl/ipc50]
rn18-tin:  44%|████▍     | 12/27 [66:06:34<183:28:45, 44035.06s/cell, sharp/hl/ipc50]   [cell] tin/rn18/cadprune/hl/ipc50: 23.24 +- 0.35 (24557s)


tin/rn18/sharp/hl/ipc50 s45:   0%|          | 0/300 [00:00<?, ?ep/s][A

tin/rn18/sharp/hl/ipc50 s45:   0%|          | 1/300 [00:41<3:27:27, 41.63s/ep][A

tin/rn18/sharp/hl/ipc50 s45:   1%|          | 2/300 [01:23<3:27:23, 41.76s/ep][A

tin/rn18/sharp/hl/ipc50 s45:   1%|          | 3/300 [02:05<3:26:19, 41.68s/ep][A

tin/rn18/sharp/hl/ipc50 s45:   1%|▏         | 4/300 [02:47<3:26:15, 41.81s/ep][A

tin/rn18/sharp/hl/ipc50 s45:   2%|▏         | 5/300 [03:29<3:26:04, 41.91s/ep][A

tin/rn18/sharp/hl/ipc50 s45:   2%|▏         | 6/300 [04:11<3:25:46, 42.00s/ep][A

tin/rn18/sharp/hl/ipc50 s45:   2%|▏         | 7/300 [04:53<3:25:04, 42.00s/ep][A

tin/rn18/sharp/hl/ipc50 s45:   3%|▎         | 8/300 [05:35<3:24:34, 42.03s/ep][A

tin/rn18/sharp/hl/ipc50 s45:   3%|▎         | 9/300 [06:17<3:24:13, 42.11s/ep][A

tin/rn18/sharp/hl/ipc50 s45:   3%|▎         | 10/300 [07:00<3:23:53, 42.19s/ep][A

tin/rn18/sharp/hl/ipc50 s45:   4%|▎         | 11/300 [07:42<3:23:20, 42.21s/ep][A

tin/rn18/sharp/hl/ipc50 s45:   4%|▍         | 12/300 [08:24<3:22:44, 42.24s/ep][A

tin/rn18/sharp/hl/ipc50 s45:   4%|▍         | 13/300 [09:06<3:22:10, 42.27s/ep][A

tin/rn18/sharp/hl/ipc50 s45:   5%|▍         | 14/300 [09:49<3:21:22, 42.25s/ep][A

tin/rn18/sharp/hl/ipc50 s45:   5%|▌         | 15/300 [10:31<3:20:12, 42.15s/ep][A

tin/rn18/sharp/hl/ipc50 s45:   5%|▌         | 16/300 [11:12<3:19:05, 42.06s/ep][A

tin/rn18/sharp/hl/ipc50 s45:   6%|▌         | 17/300 [11:55<3:18:48, 42.15s/ep][A

tin/rn18/sharp/hl/ipc50 s45:   6%|▌         | 18/300 [12:37<3:18:11, 42.17s/ep][A

tin/rn18/sharp/hl/ipc50 s45:   6%|▋         | 19/300 [13:19<3:17:55, 42.26s/ep][A

tin/rn18/sharp/hl/ipc50 s45:   7%|▋         | 20/300 [14:02<3:17:02, 42.22s/ep][A

tin/rn18/sharp/hl/ipc50 s45:   7%|▋         | 21/300 [14:44<3:16:23, 42.23s/ep][A

tin/rn18/sharp/hl/ipc50 s45:   7%|▋         | 22/300 [15:26<3:15:41, 42.24s/ep][A

tin/rn18/sharp/hl/ipc50 s45:   8%|▊         | 23/300 [16:09<3:15:15, 42.29s/ep][A

tin/rn18/sharp/hl/ipc50 s45:   8%|▊         | 24/300 [16:51<3:14:35, 42.30s/ep][A

tin/rn18/sharp/hl/ipc50 s45:   8%|▊         | 25/300 [17:33<3:14:12, 42.37s/ep][A

tin/rn18/sharp/hl/ipc50 s45:   9%|▊         | 26/300 [18:16<3:13:11, 42.30s/ep][A

tin/rn18/sharp/hl/ipc50 s45:   9%|▉         | 27/300 [18:58<3:12:23, 42.28s/ep][A

tin/rn18/sharp/hl/ipc50 s45:   9%|▉         | 28/300 [19:40<3:11:30, 42.24s/ep][A

tin/rn18/sharp/hl/ipc50 s45:  10%|▉         | 29/300 [20:22<3:10:51, 42.25s/ep][A

tin/rn18/sharp/hl/ipc50 s45:  10%|█         | 30/300 [21:05<3:10:13, 42.27s/ep][A

tin/rn18/sharp/hl/ipc50 s45:  10%|█         | 31/300 [21:47<3:09:15, 42.21s/ep][A

tin/rn18/sharp/hl/ipc50 s45:  11%|█         | 32/300 [22:29<3:08:31, 42.21s/ep][A

tin/rn18/sharp/hl/ipc50 s45:  11%|█         | 33/300 [23:11<3:07:51, 42.21s/ep][A

tin/rn18/sharp/hl/ipc50 s45:  11%|█▏        | 34/300 [23:53<3:06:59, 42.18s/ep][A

tin/rn18/sharp/hl/ipc50 s45:  12%|█▏        | 35/300 [24:35<3:06:11, 42.15s/ep][A

tin/rn18/sharp/hl/ipc50 s45:  12%|█▏        | 36/300 [25:17<3:05:29, 42.16s/ep][A

tin/rn18/sharp/hl/ipc50 s45:  12%|█▏        | 37/300 [26:00<3:04:56, 42.19s/ep][A

tin/rn18/sharp/hl/ipc50 s45:  13%|█▎        | 38/300 [26:42<3:04:23, 42.23s/ep][A

tin/rn18/sharp/hl/ipc50 s45:  13%|█▎        | 39/300 [27:25<3:04:08, 42.33s/ep][A

tin/rn18/sharp/hl/ipc50 s45:  13%|█▎        | 40/300 [28:07<3:03:51, 42.43s/ep][A

tin/rn18/sharp/hl/ipc50 s45:  14%|█▎        | 41/300 [28:50<3:03:12, 42.44s/ep][A

tin/rn18/sharp/hl/ipc50 s45:  14%|█▍        | 42/300 [29:32<3:02:20, 42.40s/ep][A

tin/rn18/sharp/hl/ipc50 s45:  14%|█▍        | 43/300 [30:14<3:01:40, 42.41s/ep][A

tin/rn18/sharp/hl/ipc50 s45:  15%|█▍        | 44/300 [30:57<3:00:47, 42.37s/ep][A

tin/rn18/sharp/hl/ipc50 s45:  15%|█▌        | 45/300 [31:39<2:59:58, 42.35s/ep][A

tin/rn18/sharp/hl/ipc50 s45:  15%|█▌        | 46/300 [32:21<2:59:17, 42.35s/ep][A

tin/rn18/sharp/hl/ipc50 s45:  16%|█▌        | 47/300 [33:04<2:58:26, 42.32s/ep][A

tin/rn18/sharp/hl/ipc50 s45:  16%|█▌        | 48/300 [33:46<2:57:38, 42.29s/ep][A

tin/rn18/sharp/hl/ipc50 s45:  16%|█▋        | 49/300 [34:28<2:56:40, 42.23s/ep][A

tin/rn18/sharp/hl/ipc50 s45:  17%|█▋        | 50/300 [35:10<2:55:50, 42.20s/ep][A

tin/rn18/sharp/hl/ipc50 s45:  17%|█▋        | 51/300 [35:52<2:55:15, 42.23s/ep][A

tin/rn18/sharp/hl/ipc50 s45:  17%|█▋        | 52/300 [36:35<2:54:27, 42.21s/ep][A

tin/rn18/sharp/hl/ipc50 s45:  18%|█▊        | 53/300 [37:17<2:53:55, 42.25s/ep][A

tin/rn18/sharp/hl/ipc50 s45:  18%|█▊        | 54/300 [37:59<2:53:15, 42.26s/ep][A

tin/rn18/sharp/hl/ipc50 s45:  18%|█▊        | 55/300 [38:41<2:52:32, 42.25s/ep][A

tin/rn18/sharp/hl/ipc50 s45:  19%|█▊        | 56/300 [39:24<2:52:08, 42.33s/ep][A

tin/rn18/sharp/hl/ipc50 s45:  19%|█▉        | 57/300 [40:06<2:51:19, 42.30s/ep][A

tin/rn18/sharp/hl/ipc50 s45:  19%|█▉        | 58/300 [40:48<2:50:34, 42.29s/ep][A

tin/rn18/sharp/hl/ipc50 s45:  20%|█▉        | 59/300 [41:31<2:49:42, 42.25s/ep][A

tin/rn18/sharp/hl/ipc50 s45:  20%|██        | 60/300 [42:13<2:48:47, 42.20s/ep][A

tin/rn18/sharp/hl/ipc50 s45:  20%|██        | 61/300 [42:55<2:48:07, 42.21s/ep][A

tin/rn18/sharp/hl/ipc50 s45:  21%|██        | 62/300 [43:37<2:47:10, 42.14s/ep][A

tin/rn18/sharp/hl/ipc50 s45:  21%|██        | 63/300 [44:19<2:46:16, 42.09s/ep][A

tin/rn18/sharp/hl/ipc50 s45:  21%|██▏       | 64/300 [45:01<2:45:10, 41.99s/ep][A

tin/rn18/sharp/hl/ipc50 s45:  22%|██▏       | 65/300 [45:42<2:44:16, 41.94s/ep][A

tin/rn18/sharp/hl/ipc50 s45:  22%|██▏       | 66/300 [46:25<2:43:51, 42.01s/ep][A

tin/rn18/sharp/hl/ipc50 s45:  22%|██▏       | 67/300 [47:07<2:43:20, 42.06s/ep][A

tin/rn18/sharp/hl/ipc50 s45:  23%|██▎       | 68/300 [47:49<2:42:36, 42.05s/ep][A

tin/rn18/sharp/hl/ipc50 s45:  23%|██▎       | 69/300 [48:31<2:41:52, 42.05s/ep][A

tin/rn18/sharp/hl/ipc50 s45:  23%|██▎       | 70/300 [49:13<2:41:16, 42.07s/ep][A

tin/rn18/sharp/hl/ipc50 s45:  24%|██▎       | 71/300 [49:55<2:40:51, 42.15s/ep][A

tin/rn18/sharp/hl/ipc50 s45:  24%|██▍       | 72/300 [50:38<2:40:19, 42.19s/ep][A

tin/rn18/sharp/hl/ipc50 s45:  24%|██▍       | 73/300 [51:20<2:39:23, 42.13s/ep][A

tin/rn18/sharp/hl/ipc50 s45:  25%|██▍       | 74/300 [52:02<2:38:38, 42.12s/ep][A

tin/rn18/sharp/hl/ipc50 s45:  25%|██▌       | 75/300 [52:44<2:37:58, 42.12s/ep][A

tin/rn18/sharp/hl/ipc50 s45:  25%|██▌       | 76/300 [53:26<2:37:17, 42.13s/ep][A

tin/rn18/sharp/hl/ipc50 s45:  26%|██▌       | 77/300 [54:08<2:36:16, 42.05s/ep][A

tin/rn18/sharp/hl/ipc50 s45:  26%|██▌       | 78/300 [54:50<2:35:25, 42.01s/ep][A

tin/rn18/sharp/hl/ipc50 s45:  26%|██▋       | 79/300 [55:32<2:34:44, 42.01s/ep][A

tin/rn18/sharp/hl/ipc50 s45:  27%|██▋       | 80/300 [56:14<2:34:03, 42.02s/ep][A

tin/rn18/sharp/hl/ipc50 s45:  27%|██▋       | 81/300 [56:56<2:33:23, 42.02s/ep][A

tin/rn18/sharp/hl/ipc50 s45:  27%|██▋       | 82/300 [57:38<2:32:57, 42.10s/ep][A

tin/rn18/sharp/hl/ipc50 s45:  28%|██▊       | 83/300 [58:20<2:32:24, 42.14s/ep][A

tin/rn18/sharp/hl/ipc50 s45:  28%|██▊       | 84/300 [59:02<2:31:32, 42.09s/ep][A

tin/rn18/sharp/hl/ipc50 s45:  28%|██▊       | 85/300 [59:44<2:30:29, 42.00s/ep][A

tin/rn18/sharp/hl/ipc50 s45:  29%|██▊       | 86/300 [1:00:26<2:29:46, 41.99s/ep][A

tin/rn18/sharp/hl/ipc50 s45:  29%|██▉       | 87/300 [1:01:08<2:29:19, 42.06s/ep][A

tin/rn18/sharp/hl/ipc50 s45:  29%|██▉       | 88/300 [1:01:51<2:28:58, 42.16s/ep][A

tin/rn18/sharp/hl/ipc50 s45:  30%|██▉       | 89/300 [1:02:33<2:28:26, 42.21s/ep][A

tin/rn18/sharp/hl/ipc50 s45:  30%|███       | 90/300 [1:03:15<2:27:43, 42.21s/ep][A

tin/rn18/sharp/hl/ipc50 s45:  30%|███       | 91/300 [1:03:57<2:27:04, 42.22s/ep][A

tin/rn18/sharp/hl/ipc50 s45:  31%|███       | 92/300 [1:04:40<2:26:33, 42.27s/ep][A

tin/rn18/sharp/hl/ipc50 s45:  31%|███       | 93/300 [1:05:22<2:25:59, 42.32s/ep][A

tin/rn18/sharp/hl/ipc50 s45:  31%|███▏      | 94/300 [1:06:05<2:25:22, 42.34s/ep][A

tin/rn18/sharp/hl/ipc50 s45:  32%|███▏      | 95/300 [1:06:47<2:24:25, 42.27s/ep][A

tin/rn18/sharp/hl/ipc50 s45:  32%|███▏      | 96/300 [1:07:29<2:23:32, 42.22s/ep][A

tin/rn18/sharp/hl/ipc50 s45:  32%|███▏      | 97/300 [1:08:11<2:22:40, 42.17s/ep][A

tin/rn18/sharp/hl/ipc50 s45:  33%|███▎      | 98/300 [1:08:53<2:22:01, 42.18s/ep][A

tin/rn18/sharp/hl/ipc50 s45:  33%|███▎      | 99/300 [1:09:35<2:21:28, 42.23s/ep][A

tin/rn18/sharp/hl/ipc50 s45:  33%|███▎      | 100/300 [1:10:18<2:20:33, 42.17s/ep][A

tin/rn18/sharp/hl/ipc50 s45:  34%|███▎      | 101/300 [1:10:59<2:19:30, 42.06s/ep][A

tin/rn18/sharp/hl/ipc50 s45:  34%|███▍      | 102/300 [1:11:41<2:18:50, 42.08s/ep][A

tin/rn18/sharp/hl/ipc50 s45:  34%|███▍      | 103/300 [1:12:24<2:18:11, 42.09s/ep][A

tin/rn18/sharp/hl/ipc50 s45:  35%|███▍      | 104/300 [1:13:06<2:17:35, 42.12s/ep][A

tin/rn18/sharp/hl/ipc50 s45:  35%|███▌      | 105/300 [1:13:48<2:16:47, 42.09s/ep][A

tin/rn18/sharp/hl/ipc50 s45:  35%|███▌      | 106/300 [1:14:30<2:16:06, 42.10s/ep][A

tin/rn18/sharp/hl/ipc50 s45:  36%|███▌      | 107/300 [1:15:12<2:15:19, 42.07s/ep][A

tin/rn18/sharp/hl/ipc50 s45:  36%|███▌      | 108/300 [1:15:54<2:15:03, 42.21s/ep][A

tin/rn18/sharp/hl/ipc50 s45:  36%|███▋      | 109/300 [1:16:37<2:14:41, 42.31s/ep][A

tin/rn18/sharp/hl/ipc50 s45:  37%|███▋      | 110/300 [1:17:19<2:13:52, 42.27s/ep][A

tin/rn18/sharp/hl/ipc50 s45:  37%|███▋      | 111/300 [1:18:01<2:13:11, 42.28s/ep][A

tin/rn18/sharp/hl/ipc50 s45:  37%|███▋      | 112/300 [1:18:44<2:12:29, 42.29s/ep][A

tin/rn18/sharp/hl/ipc50 s45:  38%|███▊      | 113/300 [1:19:26<2:11:46, 42.28s/ep][A

tin/rn18/sharp/hl/ipc50 s45:  38%|███▊      | 114/300 [1:20:08<2:11:08, 42.31s/ep][A

tin/rn18/sharp/hl/ipc50 s45:  38%|███▊      | 115/300 [1:20:51<2:10:35, 42.36s/ep][A

tin/rn18/sharp/hl/ipc50 s45:  39%|███▊      | 116/300 [1:21:33<2:09:46, 42.32s/ep][A

tin/rn18/sharp/hl/ipc50 s45:  39%|███▉      | 117/300 [1:22:15<2:09:05, 42.33s/ep][A

tin/rn18/sharp/hl/ipc50 s45:  39%|███▉      | 118/300 [1:22:58<2:08:33, 42.38s/ep][A

tin/rn18/sharp/hl/ipc50 s45:  40%|███▉      | 119/300 [1:23:40<2:07:54, 42.40s/ep][A

tin/rn18/sharp/hl/ipc50 s45:  40%|████      | 120/300 [1:24:23<2:07:07, 42.37s/ep][A

tin/rn18/sharp/hl/ipc50 s45:  40%|████      | 121/300 [1:25:05<2:06:22, 42.36s/ep][A

tin/rn18/sharp/hl/ipc50 s45:  41%|████      | 122/300 [1:25:48<2:05:52, 42.43s/ep][A

tin/rn18/sharp/hl/ipc50 s45:  41%|████      | 123/300 [1:26:30<2:05:20, 42.49s/ep][A

tin/rn18/sharp/hl/ipc50 s45:  41%|████▏     | 124/300 [1:27:13<2:04:47, 42.54s/ep][A

tin/rn18/sharp/hl/ipc50 s45:  42%|████▏     | 125/300 [1:27:55<2:03:57, 42.50s/ep][A

tin/rn18/sharp/hl/ipc50 s45:  42%|████▏     | 126/300 [1:28:38<2:03:18, 42.52s/ep][A

tin/rn18/sharp/hl/ipc50 s45:  42%|████▏     | 127/300 [1:29:20<2:02:38, 42.53s/ep][A

tin/rn18/sharp/hl/ipc50 s45:  43%|████▎     | 128/300 [1:30:03<2:01:44, 42.47s/ep][A

tin/rn18/sharp/hl/ipc50 s45:  43%|████▎     | 129/300 [1:30:45<2:00:43, 42.36s/ep][A

tin/rn18/sharp/hl/ipc50 s45:  43%|████▎     | 130/300 [1:31:27<1:59:42, 42.25s/ep][A

tin/rn18/sharp/hl/ipc50 s45:  44%|████▎     | 131/300 [1:32:09<1:58:56, 42.23s/ep][A

tin/rn18/sharp/hl/ipc50 s45:  44%|████▍     | 132/300 [1:32:51<1:58:05, 42.17s/ep][A

tin/rn18/sharp/hl/ipc50 s45:  44%|████▍     | 133/300 [1:33:34<1:57:36, 42.25s/ep][A

tin/rn18/sharp/hl/ipc50 s45:  45%|████▍     | 134/300 [1:34:16<1:57:10, 42.35s/ep][A

tin/rn18/sharp/hl/ipc50 s45:  45%|████▌     | 135/300 [1:34:59<1:56:39, 42.42s/ep][A

tin/rn18/sharp/hl/ipc50 s45:  45%|████▌     | 136/300 [1:35:41<1:56:07, 42.48s/ep][A

tin/rn18/sharp/hl/ipc50 s45:  46%|████▌     | 137/300 [1:36:24<1:55:44, 42.60s/ep][A

tin/rn18/sharp/hl/ipc50 s45:  46%|████▌     | 138/300 [1:37:07<1:55:17, 42.70s/ep][A

tin/rn18/sharp/hl/ipc50 s45:  46%|████▋     | 139/300 [1:37:50<1:54:46, 42.77s/ep][A

tin/rn18/sharp/hl/ipc50 s45:  47%|████▋     | 140/300 [1:38:33<1:54:13, 42.84s/ep][A

tin/rn18/sharp/hl/ipc50 s45:  47%|████▋     | 141/300 [1:39:16<1:53:35, 42.86s/ep][A

tin/rn18/sharp/hl/ipc50 s45:  47%|████▋     | 142/300 [1:39:59<1:52:51, 42.86s/ep][A

tin/rn18/sharp/hl/ipc50 s45:  48%|████▊     | 143/300 [1:40:42<1:52:06, 42.84s/ep][A

tin/rn18/sharp/hl/ipc50 s45:  48%|████▊     | 144/300 [1:41:24<1:51:20, 42.82s/ep][A

tin/rn18/sharp/hl/ipc50 s45:  48%|████▊     | 145/300 [1:42:07<1:50:27, 42.76s/ep][A

tin/rn18/sharp/hl/ipc50 s45:  49%|████▊     | 146/300 [1:42:49<1:49:30, 42.67s/ep][A

tin/rn18/sharp/hl/ipc50 s45:  49%|████▉     | 147/300 [1:43:32<1:48:37, 42.60s/ep][A

tin/rn18/sharp/hl/ipc50 s45:  49%|████▉     | 148/300 [1:44:14<1:47:39, 42.49s/ep][A

tin/rn18/sharp/hl/ipc50 s45:  50%|████▉     | 149/300 [1:44:57<1:46:53, 42.47s/ep][A

tin/rn18/sharp/hl/ipc50 s45:  50%|█████     | 150/300 [1:45:39<1:46:12, 42.48s/ep][A

tin/rn18/sharp/hl/ipc50 s45:  50%|█████     | 151/300 [1:46:22<1:45:33, 42.51s/ep][A

tin/rn18/sharp/hl/ipc50 s45:  51%|█████     | 152/300 [1:47:04<1:44:52, 42.52s/ep][A

tin/rn18/sharp/hl/ipc50 s45:  51%|█████     | 153/300 [1:47:47<1:44:20, 42.59s/ep][A

tin/rn18/sharp/hl/ipc50 s45:  51%|█████▏    | 154/300 [1:48:29<1:43:33, 42.56s/ep][A

tin/rn18/sharp/hl/ipc50 s45:  52%|█████▏    | 155/300 [1:49:12<1:42:46, 42.53s/ep][A

tin/rn18/sharp/hl/ipc50 s45:  52%|█████▏    | 156/300 [1:49:54<1:42:02, 42.52s/ep][A

tin/rn18/sharp/hl/ipc50 s45:  52%|█████▏    | 157/300 [1:50:37<1:41:18, 42.51s/ep][A

tin/rn18/sharp/hl/ipc50 s45:  53%|█████▎    | 158/300 [1:51:19<1:40:36, 42.51s/ep][A

tin/rn18/sharp/hl/ipc50 s45:  53%|█████▎    | 159/300 [1:52:02<1:39:59, 42.55s/ep][A

tin/rn18/sharp/hl/ipc50 s45:  53%|█████▎    | 160/300 [1:52:45<1:39:14, 42.53s/ep][A

tin/rn18/sharp/hl/ipc50 s45:  54%|█████▎    | 161/300 [1:53:27<1:38:28, 42.51s/ep][A

tin/rn18/sharp/hl/ipc50 s45:  54%|█████▍    | 162/300 [1:54:09<1:37:43, 42.49s/ep][A

tin/rn18/sharp/hl/ipc50 s45:  54%|█████▍    | 163/300 [1:54:52<1:37:05, 42.52s/ep][A

tin/rn18/sharp/hl/ipc50 s45:  55%|█████▍    | 164/300 [1:55:34<1:36:13, 42.45s/ep][A

tin/rn18/sharp/hl/ipc50 s45:  55%|█████▌    | 165/300 [1:56:16<1:35:19, 42.37s/ep][A

tin/rn18/sharp/hl/ipc50 s45:  55%|█████▌    | 166/300 [1:56:59<1:34:38, 42.38s/ep][A

tin/rn18/sharp/hl/ipc50 s45:  56%|█████▌    | 167/300 [1:57:41<1:33:59, 42.40s/ep][A

tin/rn18/sharp/hl/ipc50 s45:  56%|█████▌    | 168/300 [1:58:24<1:33:24, 42.46s/ep][A

tin/rn18/sharp/hl/ipc50 s45:  56%|█████▋    | 169/300 [1:59:06<1:32:42, 42.46s/ep][A

tin/rn18/sharp/hl/ipc50 s45:  57%|█████▋    | 170/300 [1:59:49<1:32:08, 42.52s/ep][A

tin/rn18/sharp/hl/ipc50 s45:  57%|█████▋    | 171/300 [2:00:32<1:31:36, 42.61s/ep][A

tin/rn18/sharp/hl/ipc50 s45:  57%|█████▋    | 172/300 [2:01:15<1:31:08, 42.73s/ep][A

tin/rn18/sharp/hl/ipc50 s45:  58%|█████▊    | 173/300 [2:01:58<1:30:42, 42.85s/ep][A

tin/rn18/sharp/hl/ipc50 s45:  58%|█████▊    | 174/300 [2:02:41<1:29:59, 42.85s/ep][A

tin/rn18/sharp/hl/ipc50 s45:  58%|█████▊    | 175/300 [2:03:24<1:29:16, 42.85s/ep][A

tin/rn18/sharp/hl/ipc50 s45:  59%|█████▊    | 176/300 [2:04:07<1:28:36, 42.87s/ep][A

tin/rn18/sharp/hl/ipc50 s45:  59%|█████▉    | 177/300 [2:04:49<1:27:43, 42.79s/ep][A

tin/rn18/sharp/hl/ipc50 s45:  59%|█████▉    | 178/300 [2:05:32<1:26:43, 42.65s/ep][A

tin/rn18/sharp/hl/ipc50 s45:  60%|█████▉    | 179/300 [2:06:14<1:25:53, 42.59s/ep][A

tin/rn18/sharp/hl/ipc50 s45:  60%|██████    | 180/300 [2:06:56<1:25:00, 42.50s/ep][A

tin/rn18/sharp/hl/ipc50 s45:  60%|██████    | 181/300 [2:07:39<1:24:10, 42.44s/ep][A

tin/rn18/sharp/hl/ipc50 s45:  61%|██████    | 182/300 [2:08:21<1:23:21, 42.38s/ep][A

tin/rn18/sharp/hl/ipc50 s45:  61%|██████    | 183/300 [2:09:03<1:22:40, 42.40s/ep][A

tin/rn18/sharp/hl/ipc50 s45:  61%|██████▏   | 184/300 [2:09:46<1:22:14, 42.54s/ep][A

tin/rn18/sharp/hl/ipc50 s45:  62%|██████▏   | 185/300 [2:10:29<1:21:43, 42.64s/ep][A

tin/rn18/sharp/hl/ipc50 s45:  62%|██████▏   | 186/300 [2:11:12<1:21:03, 42.66s/ep][A

tin/rn18/sharp/hl/ipc50 s45:  62%|██████▏   | 187/300 [2:11:54<1:20:21, 42.66s/ep][A

tin/rn18/sharp/hl/ipc50 s45:  63%|██████▎   | 188/300 [2:12:37<1:19:43, 42.71s/ep][A

tin/rn18/sharp/hl/ipc50 s45:  63%|██████▎   | 189/300 [2:13:20<1:19:07, 42.77s/ep][A

tin/rn18/sharp/hl/ipc50 s45:  63%|██████▎   | 190/300 [2:14:03<1:18:37, 42.89s/ep][A

tin/rn18/sharp/hl/ipc50 s45:  64%|██████▎   | 191/300 [2:14:46<1:17:46, 42.81s/ep][A

tin/rn18/sharp/hl/ipc50 s45:  64%|██████▍   | 192/300 [2:15:29<1:17:00, 42.79s/ep][A

tin/rn18/sharp/hl/ipc50 s45:  64%|██████▍   | 193/300 [2:16:11<1:16:13, 42.74s/ep][A

tin/rn18/sharp/hl/ipc50 s45:  65%|██████▍   | 194/300 [2:16:54<1:15:20, 42.64s/ep][A

tin/rn18/sharp/hl/ipc50 s45:  65%|██████▌   | 195/300 [2:17:36<1:14:30, 42.58s/ep][A

tin/rn18/sharp/hl/ipc50 s45:  65%|██████▌   | 196/300 [2:18:19<1:13:46, 42.57s/ep][A

tin/rn18/sharp/hl/ipc50 s45:  66%|██████▌   | 197/300 [2:19:01<1:13:02, 42.55s/ep][A

tin/rn18/sharp/hl/ipc50 s45:  66%|██████▌   | 198/300 [2:19:44<1:12:16, 42.52s/ep][A

tin/rn18/sharp/hl/ipc50 s45:  66%|██████▋   | 199/300 [2:20:26<1:11:28, 42.46s/ep][A

tin/rn18/sharp/hl/ipc50 s45:  67%|██████▋   | 200/300 [2:21:08<1:10:45, 42.46s/ep][A

tin/rn18/sharp/hl/ipc50 s45:  67%|██████▋   | 201/300 [2:21:51<1:10:06, 42.49s/ep][A

tin/rn18/sharp/hl/ipc50 s45:  67%|██████▋   | 202/300 [2:22:33<1:09:24, 42.49s/ep][A

tin/rn18/sharp/hl/ipc50 s45:  68%|██████▊   | 203/300 [2:23:16<1:08:47, 42.55s/ep][A

tin/rn18/sharp/hl/ipc50 s45:  68%|██████▊   | 204/300 [2:23:58<1:07:57, 42.48s/ep][A

tin/rn18/sharp/hl/ipc50 s45:  68%|██████▊   | 205/300 [2:24:39<1:06:27, 41.97s/ep][A

tin/rn18/sharp/hl/ipc50 s45:  69%|██████▊   | 206/300 [2:25:20<1:05:06, 41.56s/ep][A

tin/rn18/sharp/hl/ipc50 s45:  69%|██████▉   | 207/300 [2:26:01<1:04:03, 41.33s/ep][A

tin/rn18/sharp/hl/ipc50 s45:  69%|██████▉   | 208/300 [2:26:42<1:03:16, 41.27s/ep][A

tin/rn18/sharp/hl/ipc50 s45:  70%|██████▉   | 209/300 [2:27:23<1:02:44, 41.36s/ep][A

tin/rn18/sharp/hl/ipc50 s45:  70%|███████   | 210/300 [2:28:05<1:02:10, 41.45s/ep][A

tin/rn18/sharp/hl/ipc50 s45:  70%|███████   | 211/300 [2:28:47<1:01:41, 41.59s/ep][A

tin/rn18/sharp/hl/ipc50 s45:  71%|███████   | 212/300 [2:29:29<1:01:16, 41.77s/ep][A

tin/rn18/sharp/hl/ipc50 s45:  71%|███████   | 213/300 [2:30:11<1:00:47, 41.93s/ep][A

tin/rn18/sharp/hl/ipc50 s45:  71%|███████▏  | 214/300 [2:30:54<1:00:23, 42.13s/ep][A

tin/rn18/sharp/hl/ipc50 s45:  72%|███████▏  | 215/300 [2:31:37<59:51, 42.25s/ep]  [A

tin/rn18/sharp/hl/ipc50 s45:  72%|███████▏  | 216/300 [2:32:19<59:18, 42.36s/ep][A

tin/rn18/sharp/hl/ipc50 s45:  72%|███████▏  | 217/300 [2:33:02<58:39, 42.41s/ep][A

tin/rn18/sharp/hl/ipc50 s45:  73%|███████▎  | 218/300 [2:33:45<58:10, 42.57s/ep][A

tin/rn18/sharp/hl/ipc50 s45:  73%|███████▎  | 219/300 [2:34:27<57:35, 42.66s/ep][A

tin/rn18/sharp/hl/ipc50 s45:  73%|███████▎  | 220/300 [2:35:10<56:59, 42.74s/ep][A

tin/rn18/sharp/hl/ipc50 s45:  74%|███████▎  | 221/300 [2:35:53<56:18, 42.76s/ep][A

tin/rn18/sharp/hl/ipc50 s45:  74%|███████▍  | 222/300 [2:36:36<55:35, 42.77s/ep][A

tin/rn18/sharp/hl/ipc50 s45:  74%|███████▍  | 223/300 [2:37:19<54:51, 42.74s/ep][A

tin/rn18/sharp/hl/ipc50 s45:  75%|███████▍  | 224/300 [2:38:01<53:59, 42.63s/ep][A

tin/rn18/sharp/hl/ipc50 s45:  75%|███████▌  | 225/300 [2:38:43<53:12, 42.57s/ep][A

tin/rn18/sharp/hl/ipc50 s45:  75%|███████▌  | 226/300 [2:39:26<52:26, 42.52s/ep][A

tin/rn18/sharp/hl/ipc50 s45:  76%|███████▌  | 227/300 [2:40:08<51:35, 42.40s/ep][A

tin/rn18/sharp/hl/ipc50 s45:  76%|███████▌  | 228/300 [2:40:50<50:48, 42.34s/ep][A

tin/rn18/sharp/hl/ipc50 s45:  76%|███████▋  | 229/300 [2:41:33<50:07, 42.36s/ep][A

tin/rn18/sharp/hl/ipc50 s45:  77%|███████▋  | 230/300 [2:42:15<49:29, 42.43s/ep][A

tin/rn18/sharp/hl/ipc50 s45:  77%|███████▋  | 231/300 [2:42:58<48:50, 42.47s/ep][A

tin/rn18/sharp/hl/ipc50 s45:  77%|███████▋  | 232/300 [2:43:40<48:05, 42.43s/ep][A

tin/rn18/sharp/hl/ipc50 s45:  78%|███████▊  | 233/300 [2:44:22<47:21, 42.42s/ep][A

tin/rn18/sharp/hl/ipc50 s45:  78%|███████▊  | 234/300 [2:45:05<46:39, 42.41s/ep][A

tin/rn18/sharp/hl/ipc50 s45:  78%|███████▊  | 235/300 [2:45:47<46:00, 42.47s/ep][A

tin/rn18/sharp/hl/ipc50 s45:  79%|███████▊  | 236/300 [2:46:30<45:18, 42.48s/ep][A

tin/rn18/sharp/hl/ipc50 s45:  79%|███████▉  | 237/300 [2:47:13<44:36, 42.49s/ep][A

tin/rn18/sharp/hl/ipc50 s45:  79%|███████▉  | 238/300 [2:47:55<44:00, 42.59s/ep][A

tin/rn18/sharp/hl/ipc50 s45:  80%|███████▉  | 239/300 [2:48:38<43:20, 42.63s/ep][A

tin/rn18/sharp/hl/ipc50 s45:  80%|████████  | 240/300 [2:49:21<42:40, 42.68s/ep][A

tin/rn18/sharp/hl/ipc50 s45:  80%|████████  | 241/300 [2:50:03<41:56, 42.66s/ep][A

tin/rn18/sharp/hl/ipc50 s45:  81%|████████  | 242/300 [2:50:46<41:12, 42.62s/ep][A

tin/rn18/sharp/hl/ipc50 s45:  81%|████████  | 243/300 [2:51:28<40:26, 42.57s/ep][A

tin/rn18/sharp/hl/ipc50 s45:  81%|████████▏ | 244/300 [2:52:11<39:39, 42.50s/ep][A

tin/rn18/sharp/hl/ipc50 s45:  82%|████████▏ | 245/300 [2:52:53<38:53, 42.43s/ep][A

tin/rn18/sharp/hl/ipc50 s45:  82%|████████▏ | 246/300 [2:53:36<38:14, 42.48s/ep][A

tin/rn18/sharp/hl/ipc50 s45:  82%|████████▏ | 247/300 [2:54:19<37:43, 42.70s/ep][A

tin/rn18/sharp/hl/ipc50 s45:  83%|████████▎ | 248/300 [2:55:03<37:18, 43.04s/ep][A

tin/rn18/sharp/hl/ipc50 s45:  83%|████████▎ | 249/300 [2:55:47<36:51, 43.36s/ep][A

tin/rn18/sharp/hl/ipc50 s45:  83%|████████▎ | 250/300 [2:56:31<36:23, 43.68s/ep][A

tin/rn18/sharp/hl/ipc50 s45:  84%|████████▎ | 251/300 [2:57:16<35:54, 43.97s/ep][A

tin/rn18/sharp/hl/ipc50 s45:  84%|████████▍ | 252/300 [2:58:00<35:16, 44.10s/ep][A

tin/rn18/sharp/hl/ipc50 s45:  84%|████████▍ | 253/300 [2:58:44<34:32, 44.11s/ep][A

tin/rn18/sharp/hl/ipc50 s45:  85%|████████▍ | 254/300 [2:59:28<33:45, 44.04s/ep][A

tin/rn18/sharp/hl/ipc50 s45:  85%|████████▌ | 255/300 [3:00:12<33:03, 44.07s/ep][A

tin/rn18/sharp/hl/ipc50 s45:  85%|████████▌ | 256/300 [3:00:56<32:18, 44.06s/ep][A

tin/rn18/sharp/hl/ipc50 s45:  86%|████████▌ | 257/300 [3:01:41<31:37, 44.14s/ep][A

tin/rn18/sharp/hl/ipc50 s45:  86%|████████▌ | 258/300 [3:02:25<30:56, 44.20s/ep][A

tin/rn18/sharp/hl/ipc50 s45:  86%|████████▋ | 259/300 [3:03:10<30:15, 44.28s/ep][A

tin/rn18/sharp/hl/ipc50 s45:  87%|████████▋ | 260/300 [3:03:53<29:24, 44.12s/ep][A

tin/rn18/sharp/hl/ipc50 s45:  87%|████████▋ | 261/300 [3:04:37<28:35, 44.00s/ep][A

tin/rn18/sharp/hl/ipc50 s45:  87%|████████▋ | 262/300 [3:05:20<27:45, 43.83s/ep][A

tin/rn18/sharp/hl/ipc50 s45:  88%|████████▊ | 263/300 [3:06:04<26:54, 43.64s/ep][A

tin/rn18/sharp/hl/ipc50 s45:  88%|████████▊ | 264/300 [3:06:47<26:07, 43.53s/ep][A

tin/rn18/sharp/hl/ipc50 s45:  88%|████████▊ | 265/300 [3:07:30<25:20, 43.44s/ep][A

tin/rn18/sharp/hl/ipc50 s45:  89%|████████▊ | 266/300 [3:08:13<24:34, 43.36s/ep][A

tin/rn18/sharp/hl/ipc50 s45:  89%|████████▉ | 267/300 [3:08:56<23:47, 43.26s/ep][A

tin/rn18/sharp/hl/ipc50 s45:  89%|████████▉ | 268/300 [3:09:39<23:01, 43.18s/ep][A

tin/rn18/sharp/hl/ipc50 s45:  90%|████████▉ | 269/300 [3:10:23<22:18, 43.18s/ep][A

tin/rn18/sharp/hl/ipc50 s45:  90%|█████████ | 270/300 [3:11:06<21:38, 43.27s/ep][A

tin/rn18/sharp/hl/ipc50 s45:  90%|█████████ | 271/300 [3:11:50<20:59, 43.44s/ep][A

tin/rn18/sharp/hl/ipc50 s45:  91%|█████████ | 272/300 [3:12:33<20:17, 43.47s/ep][A

tin/rn18/sharp/hl/ipc50 s45:  91%|█████████ | 273/300 [3:13:17<19:31, 43.41s/ep][A

tin/rn18/sharp/hl/ipc50 s45:  91%|█████████▏| 274/300 [3:14:00<18:48, 43.40s/ep][A

tin/rn18/sharp/hl/ipc50 s45:  92%|█████████▏| 275/300 [3:14:43<18:04, 43.37s/ep][A

tin/rn18/sharp/hl/ipc50 s45:  92%|█████████▏| 276/300 [3:15:27<17:19, 43.30s/ep][A

tin/rn18/sharp/hl/ipc50 s45:  92%|█████████▏| 277/300 [3:16:09<16:33, 43.20s/ep][A

tin/rn18/sharp/hl/ipc50 s45:  93%|█████████▎| 278/300 [3:16:52<15:48, 43.12s/ep][A

tin/rn18/sharp/hl/ipc50 s45:  93%|█████████▎| 279/300 [3:17:35<15:04, 43.09s/ep][A

tin/rn18/sharp/hl/ipc50 s45:  93%|█████████▎| 280/300 [3:18:18<14:20, 43.00s/ep][A

tin/rn18/sharp/hl/ipc50 s45:  94%|█████████▎| 281/300 [3:19:01<13:35, 42.94s/ep][A

tin/rn18/sharp/hl/ipc50 s45:  94%|█████████▍| 282/300 [3:19:44<12:51, 42.89s/ep][A

tin/rn18/sharp/hl/ipc50 s45:  94%|█████████▍| 283/300 [3:20:26<12:07, 42.77s/ep][A

tin/rn18/sharp/hl/ipc50 s45:  95%|█████████▍| 284/300 [3:21:09<11:23, 42.70s/ep][A

tin/rn18/sharp/hl/ipc50 s45:  95%|█████████▌| 285/300 [3:21:52<10:41, 42.79s/ep][A

tin/rn18/sharp/hl/ipc50 s45:  95%|█████████▌| 286/300 [3:22:35<09:59, 42.85s/ep][A

tin/rn18/sharp/hl/ipc50 s45:  96%|█████████▌| 287/300 [3:23:18<09:17, 42.92s/ep][A

tin/rn18/sharp/hl/ipc50 s45:  96%|█████████▌| 288/300 [3:24:01<08:36, 43.04s/ep][A

tin/rn18/sharp/hl/ipc50 s45:  96%|█████████▋| 289/300 [3:24:44<07:54, 43.11s/ep][A

tin/rn18/sharp/hl/ipc50 s45:  97%|█████████▋| 290/300 [3:25:28<07:11, 43.14s/ep][A

tin/rn18/sharp/hl/ipc50 s45:  97%|█████████▋| 291/300 [3:26:11<06:28, 43.16s/ep][A

tin/rn18/sharp/hl/ipc50 s45:  97%|█████████▋| 292/300 [3:26:54<05:45, 43.16s/ep][A

tin/rn18/sharp/hl/ipc50 s45:  98%|█████████▊| 293/300 [3:27:37<05:02, 43.16s/ep][A

tin/rn18/sharp/hl/ipc50 s45:  98%|█████████▊| 294/300 [3:28:20<04:18, 43.14s/ep][A

tin/rn18/sharp/hl/ipc50 s45:  98%|█████████▊| 295/300 [3:29:04<03:35, 43.17s/ep][A

tin/rn18/sharp/hl/ipc50 s45:  99%|█████████▊| 296/300 [3:29:47<02:52, 43.18s/ep][A

tin/rn18/sharp/hl/ipc50 s45:  99%|█████████▉| 297/300 [3:30:30<02:09, 43.10s/ep][A

tin/rn18/sharp/hl/ipc50 s45:  99%|█████████▉| 298/300 [3:31:13<01:26, 43.10s/ep][A

tin/rn18/sharp/hl/ipc50 s45: 100%|█████████▉| 299/300 [3:31:56<00:43, 43.00s/ep][A

tin/rn18/sharp/hl/ipc50 s45: 100%|██████████| 300/300 [3:32:39<00:00, 43.02s/ep][A

                                                                                [A[cell] tin/rn18/sharp/hl/ipc50 seed45: 14.82%  (12774s)


tin/rn18/sharp/hl/ipc50 s46:   0%|          | 0/300 [00:00<?, ?ep/s][A

tin/rn18/sharp/hl/ipc50 s46:   0%|          | 1/300 [00:42<3:33:38, 42.87s/ep][A

tin/rn18/sharp/hl/ipc50 s46:   1%|          | 2/300 [01:25<3:32:04, 42.70s/ep][A

tin/rn18/sharp/hl/ipc50 s46:   1%|          | 3/300 [02:08<3:31:24, 42.71s/ep][A

tin/rn18/sharp/hl/ipc50 s46:   1%|▏         | 4/300 [02:50<3:30:53, 42.75s/ep][A

tin/rn18/sharp/hl/ipc50 s46:   2%|▏         | 5/300 [03:33<3:30:20, 42.78s/ep][A

tin/rn18/sharp/hl/ipc50 s46:   2%|▏         | 6/300 [04:17<3:30:20, 42.93s/ep][A

tin/rn18/sharp/hl/ipc50 s46:   2%|▏         | 7/300 [05:00<3:29:48, 42.96s/ep][A

tin/rn18/sharp/hl/ipc50 s46:   3%|▎         | 8/300 [05:43<3:29:19, 43.01s/ep][A

tin/rn18/sharp/hl/ipc50 s46:   3%|▎         | 9/300 [06:26<3:28:27, 42.98s/ep][A

tin/rn18/sharp/hl/ipc50 s46:   3%|▎         | 10/300 [07:09<3:27:41, 42.97s/ep][A

tin/rn18/sharp/hl/ipc50 s46:   4%|▎         | 11/300 [07:51<3:26:46, 42.93s/ep][A

tin/rn18/sharp/hl/ipc50 s46:   4%|▍         | 12/300 [08:34<3:26:13, 42.96s/ep][A

tin/rn18/sharp/hl/ipc50 s46:   4%|▍         | 13/300 [09:17<3:25:35, 42.98s/ep][A

tin/rn18/sharp/hl/ipc50 s46:   5%|▍         | 14/300 [10:00<3:24:40, 42.94s/ep][A

tin/rn18/sharp/hl/ipc50 s46:   5%|▌         | 15/300 [10:43<3:24:00, 42.95s/ep][A

tin/rn18/sharp/hl/ipc50 s46:   5%|▌         | 16/300 [11:26<3:23:39, 43.03s/ep][A

tin/rn18/sharp/hl/ipc50 s46:   6%|▌         | 17/300 [12:09<3:22:35, 42.95s/ep][A

tin/rn18/sharp/hl/ipc50 s46:   6%|▌         | 18/300 [12:52<3:21:53, 42.96s/ep][A

tin/rn18/sharp/hl/ipc50 s46:   6%|▋         | 19/300 [13:35<3:21:15, 42.97s/ep][A

tin/rn18/sharp/hl/ipc50 s46:   7%|▋         | 20/300 [14:18<3:20:54, 43.05s/ep][A

tin/rn18/sharp/hl/ipc50 s46:   7%|▋         | 21/300 [15:02<3:20:47, 43.18s/ep][A

tin/rn18/sharp/hl/ipc50 s46:   7%|▋         | 22/300 [15:45<3:20:07, 43.19s/ep][A

tin/rn18/sharp/hl/ipc50 s46:   8%|▊         | 23/300 [16:28<3:19:31, 43.22s/ep][A

tin/rn18/sharp/hl/ipc50 s46:   8%|▊         | 24/300 [17:12<3:18:42, 43.20s/ep][A

tin/rn18/sharp/hl/ipc50 s46:   8%|▊         | 25/300 [17:55<3:17:41, 43.13s/ep][A

tin/rn18/sharp/hl/ipc50 s46:   9%|▊         | 26/300 [18:38<3:16:56, 43.13s/ep][A

tin/rn18/sharp/hl/ipc50 s46:   9%|▉         | 27/300 [19:21<3:15:55, 43.06s/ep][A

tin/rn18/sharp/hl/ipc50 s46:   9%|▉         | 28/300 [20:03<3:14:51, 42.98s/ep][A

tin/rn18/sharp/hl/ipc50 s46:  10%|▉         | 29/300 [20:46<3:13:54, 42.93s/ep][A

tin/rn18/sharp/hl/ipc50 s46:  10%|█         | 30/300 [21:29<3:13:22, 42.97s/ep][A

tin/rn18/sharp/hl/ipc50 s46:  10%|█         | 31/300 [22:13<3:13:02, 43.06s/ep][A

tin/rn18/sharp/hl/ipc50 s46:  11%|█         | 32/300 [22:56<3:13:07, 43.24s/ep][A

tin/rn18/sharp/hl/ipc50 s46:  11%|█         | 33/300 [23:40<3:12:54, 43.35s/ep][A

tin/rn18/sharp/hl/ipc50 s46:  11%|█▏        | 34/300 [24:23<3:12:22, 43.39s/ep][A

tin/rn18/sharp/hl/ipc50 s46:  12%|█▏        | 35/300 [25:07<3:11:48, 43.43s/ep][A

tin/rn18/sharp/hl/ipc50 s46:  12%|█▏        | 36/300 [25:50<3:11:17, 43.47s/ep][A

tin/rn18/sharp/hl/ipc50 s46:  12%|█▏        | 37/300 [26:34<3:10:27, 43.45s/ep][A

tin/rn18/sharp/hl/ipc50 s46:  13%|█▎        | 38/300 [27:17<3:09:30, 43.40s/ep][A

tin/rn18/sharp/hl/ipc50 s46:  13%|█▎        | 39/300 [28:00<3:08:24, 43.31s/ep][A

tin/rn18/sharp/hl/ipc50 s46:  13%|█▎        | 40/300 [28:43<3:07:34, 43.29s/ep][A

tin/rn18/sharp/hl/ipc50 s46:  14%|█▎        | 41/300 [29:26<3:06:28, 43.20s/ep][A

tin/rn18/sharp/hl/ipc50 s46:  14%|█▍        | 42/300 [30:09<3:05:29, 43.14s/ep][A

tin/rn18/sharp/hl/ipc50 s46:  14%|█▍        | 43/300 [30:52<3:04:32, 43.08s/ep][A

tin/rn18/sharp/hl/ipc50 s46:  15%|█▍        | 44/300 [31:35<3:03:44, 43.07s/ep][A

tin/rn18/sharp/hl/ipc50 s46:  15%|█▌        | 45/300 [32:18<3:03:02, 43.07s/ep][A

tin/rn18/sharp/hl/ipc50 s46:  15%|█▌        | 46/300 [33:02<3:02:24, 43.09s/ep][A

tin/rn18/sharp/hl/ipc50 s46:  16%|█▌        | 47/300 [33:45<3:01:44, 43.10s/ep][A

tin/rn18/sharp/hl/ipc50 s46:  16%|█▌        | 48/300 [34:28<3:01:03, 43.11s/ep][A

tin/rn18/sharp/hl/ipc50 s46:  16%|█▋        | 49/300 [35:11<3:00:31, 43.15s/ep][A

tin/rn18/sharp/hl/ipc50 s46:  17%|█▋        | 50/300 [35:54<2:59:34, 43.10s/ep][A

tin/rn18/sharp/hl/ipc50 s46:  17%|█▋        | 51/300 [36:37<2:59:03, 43.15s/ep][A

tin/rn18/sharp/hl/ipc50 s46:  17%|█▋        | 52/300 [37:20<2:58:12, 43.11s/ep][A

tin/rn18/sharp/hl/ipc50 s46:  18%|█▊        | 53/300 [38:04<2:57:56, 43.23s/ep][A

tin/rn18/sharp/hl/ipc50 s46:  18%|█▊        | 54/300 [38:47<2:57:21, 43.26s/ep][A

tin/rn18/sharp/hl/ipc50 s46:  18%|█▊        | 55/300 [39:31<2:56:51, 43.31s/ep][A

tin/rn18/sharp/hl/ipc50 s46:  19%|█▊        | 56/300 [40:14<2:56:07, 43.31s/ep][A

tin/rn18/sharp/hl/ipc50 s46:  19%|█▉        | 57/300 [40:57<2:55:02, 43.22s/ep][A

tin/rn18/sharp/hl/ipc50 s46:  19%|█▉        | 58/300 [41:40<2:54:04, 43.16s/ep][A

tin/rn18/sharp/hl/ipc50 s46:  20%|█▉        | 59/300 [42:23<2:53:13, 43.13s/ep][A

tin/rn18/sharp/hl/ipc50 s46:  20%|██        | 60/300 [43:06<2:52:42, 43.18s/ep][A

tin/rn18/sharp/hl/ipc50 s46:  20%|██        | 61/300 [43:50<2:52:07, 43.21s/ep][A

tin/rn18/sharp/hl/ipc50 s46:  21%|██        | 62/300 [44:33<2:51:21, 43.20s/ep][A

tin/rn18/sharp/hl/ipc50 s46:  21%|██        | 63/300 [45:16<2:50:42, 43.22s/ep][A

tin/rn18/sharp/hl/ipc50 s46:  21%|██▏       | 64/300 [45:59<2:50:00, 43.22s/ep][A

tin/rn18/sharp/hl/ipc50 s46:  22%|██▏       | 65/300 [46:43<2:49:26, 43.26s/ep][A

tin/rn18/sharp/hl/ipc50 s46:  22%|██▏       | 66/300 [47:26<2:48:34, 43.22s/ep][A

tin/rn18/sharp/hl/ipc50 s46:  22%|██▏       | 67/300 [48:09<2:47:45, 43.20s/ep][A

tin/rn18/sharp/hl/ipc50 s46:  23%|██▎       | 68/300 [48:52<2:47:18, 43.27s/ep][A

tin/rn18/sharp/hl/ipc50 s46:  23%|██▎       | 69/300 [49:36<2:46:38, 43.29s/ep][A

tin/rn18/sharp/hl/ipc50 s46:  23%|██▎       | 70/300 [50:19<2:46:04, 43.32s/ep][A

tin/rn18/sharp/hl/ipc50 s46:  24%|██▎       | 71/300 [51:02<2:45:14, 43.29s/ep][A

tin/rn18/sharp/hl/ipc50 s46:  24%|██▍       | 72/300 [51:45<2:44:16, 43.23s/ep][A

tin/rn18/sharp/hl/ipc50 s46:  24%|██▍       | 73/300 [52:29<2:43:35, 43.24s/ep][A

tin/rn18/sharp/hl/ipc50 s46:  25%|██▍       | 74/300 [53:12<2:42:48, 43.22s/ep][A

tin/rn18/sharp/hl/ipc50 s46:  25%|██▌       | 75/300 [53:55<2:42:06, 43.23s/ep][A

tin/rn18/sharp/hl/ipc50 s46:  25%|██▌       | 76/300 [54:38<2:40:59, 43.12s/ep][A

tin/rn18/sharp/hl/ipc50 s46:  26%|██▌       | 77/300 [55:21<2:40:09, 43.09s/ep][A

tin/rn18/sharp/hl/ipc50 s46:  26%|██▌       | 78/300 [56:04<2:39:13, 43.03s/ep][A

tin/rn18/sharp/hl/ipc50 s46:  26%|██▋       | 79/300 [56:47<2:38:19, 42.98s/ep][A

tin/rn18/sharp/hl/ipc50 s46:  27%|██▋       | 80/300 [57:30<2:37:41, 43.00s/ep][A

tin/rn18/sharp/hl/ipc50 s46:  27%|██▋       | 81/300 [58:13<2:36:57, 43.00s/ep][A

tin/rn18/sharp/hl/ipc50 s46:  27%|██▋       | 82/300 [58:56<2:36:23, 43.04s/ep][A

tin/rn18/sharp/hl/ipc50 s46:  28%|██▊       | 83/300 [59:39<2:35:48, 43.08s/ep][A

tin/rn18/sharp/hl/ipc50 s46:  28%|██▊       | 84/300 [1:00:22<2:34:52, 43.02s/ep][A

tin/rn18/sharp/hl/ipc50 s46:  28%|██▊       | 85/300 [1:01:05<2:33:57, 42.96s/ep][A

tin/rn18/sharp/hl/ipc50 s46:  29%|██▊       | 86/300 [1:01:48<2:33:00, 42.90s/ep][A

tin/rn18/sharp/hl/ipc50 s46:  29%|██▉       | 87/300 [1:02:30<2:32:09, 42.86s/ep][A

tin/rn18/sharp/hl/ipc50 s46:  29%|██▉       | 88/300 [1:03:13<2:31:35, 42.90s/ep][A

tin/rn18/sharp/hl/ipc50 s46:  30%|██▉       | 89/300 [1:03:56<2:31:11, 42.99s/ep][A

tin/rn18/sharp/hl/ipc50 s46:  30%|███       | 90/300 [1:04:39<2:30:25, 42.98s/ep][A

tin/rn18/sharp/hl/ipc50 s46:  30%|███       | 91/300 [1:05:23<2:29:48, 43.01s/ep][A

tin/rn18/sharp/hl/ipc50 s46:  31%|███       | 92/300 [1:06:06<2:29:13, 43.05s/ep][A

tin/rn18/sharp/hl/ipc50 s46:  31%|███       | 93/300 [1:06:49<2:28:34, 43.07s/ep][A

tin/rn18/sharp/hl/ipc50 s46:  31%|███▏      | 94/300 [1:07:32<2:27:40, 43.01s/ep][A

tin/rn18/sharp/hl/ipc50 s46:  32%|███▏      | 95/300 [1:08:14<2:26:47, 42.96s/ep][A

tin/rn18/sharp/hl/ipc50 s46:  32%|███▏      | 96/300 [1:08:57<2:25:44, 42.87s/ep][A

tin/rn18/sharp/hl/ipc50 s46:  32%|███▏      | 97/300 [1:09:40<2:24:53, 42.83s/ep][A

tin/rn18/sharp/hl/ipc50 s46:  33%|███▎      | 98/300 [1:10:23<2:24:01, 42.78s/ep][A

tin/rn18/sharp/hl/ipc50 s46:  33%|███▎      | 99/300 [1:11:05<2:23:03, 42.71s/ep][A

tin/rn18/sharp/hl/ipc50 s46:  33%|███▎      | 100/300 [1:11:48<2:22:29, 42.75s/ep][A

tin/rn18/sharp/hl/ipc50 s46:  34%|███▎      | 101/300 [1:12:31<2:21:57, 42.80s/ep][A

tin/rn18/sharp/hl/ipc50 s46:  34%|███▍      | 102/300 [1:13:13<2:21:04, 42.75s/ep][A

tin/rn18/sharp/hl/ipc50 s46:  34%|███▍      | 103/300 [1:13:56<2:20:12, 42.70s/ep][A

tin/rn18/sharp/hl/ipc50 s46:  35%|███▍      | 104/300 [1:14:39<2:19:24, 42.68s/ep][A

tin/rn18/sharp/hl/ipc50 s46:  35%|███▌      | 105/300 [1:15:21<2:18:38, 42.66s/ep][A

tin/rn18/sharp/hl/ipc50 s46:  35%|███▌      | 106/300 [1:16:04<2:17:40, 42.58s/ep][A

tin/rn18/sharp/hl/ipc50 s46:  36%|███▌      | 107/300 [1:16:46<2:16:40, 42.49s/ep][A

tin/rn18/sharp/hl/ipc50 s46:  36%|███▌      | 108/300 [1:17:28<2:15:54, 42.47s/ep][A

tin/rn18/sharp/hl/ipc50 s46:  36%|███▋      | 109/300 [1:18:11<2:15:16, 42.49s/ep][A

tin/rn18/sharp/hl/ipc50 s46:  37%|███▋      | 110/300 [1:18:54<2:14:40, 42.53s/ep][A

tin/rn18/sharp/hl/ipc50 s46:  37%|███▋      | 111/300 [1:19:36<2:14:00, 42.54s/ep][A

tin/rn18/sharp/hl/ipc50 s46:  37%|███▋      | 112/300 [1:20:19<2:13:15, 42.53s/ep][A

tin/rn18/sharp/hl/ipc50 s46:  38%|███▊      | 113/300 [1:21:01<2:12:40, 42.57s/ep][A

tin/rn18/sharp/hl/ipc50 s46:  38%|███▊      | 114/300 [1:21:44<2:11:58, 42.57s/ep][A

tin/rn18/sharp/hl/ipc50 s46:  38%|███▊      | 115/300 [1:22:26<2:11:05, 42.52s/ep][A

tin/rn18/sharp/hl/ipc50 s46:  39%|███▊      | 116/300 [1:23:09<2:10:21, 42.51s/ep][A

tin/rn18/sharp/hl/ipc50 s46:  39%|███▉      | 117/300 [1:23:51<2:09:31, 42.47s/ep][A

tin/rn18/sharp/hl/ipc50 s46:  39%|███▉      | 118/300 [1:24:34<2:08:46, 42.45s/ep][A

tin/rn18/sharp/hl/ipc50 s46:  40%|███▉      | 119/300 [1:25:16<2:07:56, 42.41s/ep][A

tin/rn18/sharp/hl/ipc50 s46:  40%|████      | 120/300 [1:25:58<2:07:14, 42.42s/ep][A

tin/rn18/sharp/hl/ipc50 s46:  40%|████      | 121/300 [1:26:41<2:06:34, 42.43s/ep][A

tin/rn18/sharp/hl/ipc50 s46:  41%|████      | 122/300 [1:27:23<2:05:59, 42.47s/ep][A

tin/rn18/sharp/hl/ipc50 s46:  41%|████      | 123/300 [1:28:06<2:05:21, 42.50s/ep][A

tin/rn18/sharp/hl/ipc50 s46:  41%|████▏     | 124/300 [1:28:48<2:04:32, 42.46s/ep][A

tin/rn18/sharp/hl/ipc50 s46:  42%|████▏     | 125/300 [1:29:31<2:03:44, 42.43s/ep][A

tin/rn18/sharp/hl/ipc50 s46:  42%|████▏     | 126/300 [1:30:13<2:03:05, 42.44s/ep][A

tin/rn18/sharp/hl/ipc50 s46:  42%|████▏     | 127/300 [1:30:56<2:02:29, 42.48s/ep][A

tin/rn18/sharp/hl/ipc50 s46:  43%|████▎     | 128/300 [1:31:38<2:02:00, 42.56s/ep][A

tin/rn18/sharp/hl/ipc50 s46:  43%|████▎     | 129/300 [1:32:21<2:01:32, 42.64s/ep][A

tin/rn18/sharp/hl/ipc50 s46:  43%|████▎     | 130/300 [1:33:04<2:00:47, 42.63s/ep][A

tin/rn18/sharp/hl/ipc50 s46:  44%|████▎     | 131/300 [1:33:46<1:59:47, 42.53s/ep][A

tin/rn18/sharp/hl/ipc50 s46:  44%|████▍     | 132/300 [1:34:29<1:59:03, 42.52s/ep][A

tin/rn18/sharp/hl/ipc50 s46:  44%|████▍     | 133/300 [1:35:11<1:58:26, 42.55s/ep][A

tin/rn18/sharp/hl/ipc50 s46:  45%|████▍     | 134/300 [1:35:54<1:57:48, 42.58s/ep][A

tin/rn18/sharp/hl/ipc50 s46:  45%|████▌     | 135/300 [1:36:37<1:57:11, 42.62s/ep][A

tin/rn18/sharp/hl/ipc50 s46:  45%|████▌     | 136/300 [1:37:19<1:56:33, 42.65s/ep][A

tin/rn18/sharp/hl/ipc50 s46:  46%|████▌     | 137/300 [1:38:02<1:55:44, 42.61s/ep][A

tin/rn18/sharp/hl/ipc50 s46:  46%|████▌     | 138/300 [1:38:43<1:53:49, 42.16s/ep][A

tin/rn18/sharp/hl/ipc50 s46:  46%|████▋     | 139/300 [1:39:23<1:51:46, 41.66s/ep][A

tin/rn18/sharp/hl/ipc50 s46:  47%|████▋     | 140/300 [1:40:04<1:50:11, 41.32s/ep][A

tin/rn18/sharp/hl/ipc50 s46:  47%|████▋     | 141/300 [1:40:45<1:49:09, 41.19s/ep][A

tin/rn18/sharp/hl/ipc50 s46:  47%|████▋     | 142/300 [1:41:26<1:48:43, 41.29s/ep][A

tin/rn18/sharp/hl/ipc50 s46:  48%|████▊     | 143/300 [1:42:08<1:48:34, 41.49s/ep][A

tin/rn18/sharp/hl/ipc50 s46:  48%|████▊     | 144/300 [1:42:51<1:48:27, 41.71s/ep][A

tin/rn18/sharp/hl/ipc50 s46:  48%|████▊     | 145/300 [1:43:33<1:48:02, 41.82s/ep][A

tin/rn18/sharp/hl/ipc50 s46:  49%|████▊     | 146/300 [1:44:15<1:47:39, 41.95s/ep][A

tin/rn18/sharp/hl/ipc50 s46:  49%|████▉     | 147/300 [1:44:57<1:47:08, 42.02s/ep][A

tin/rn18/sharp/hl/ipc50 s46:  49%|████▉     | 148/300 [1:45:39<1:46:40, 42.11s/ep][A

tin/rn18/sharp/hl/ipc50 s46:  50%|████▉     | 149/300 [1:46:22<1:46:01, 42.13s/ep][A

tin/rn18/sharp/hl/ipc50 s46:  50%|█████     | 150/300 [1:47:04<1:45:16, 42.11s/ep][A

tin/rn18/sharp/hl/ipc50 s46:  50%|█████     | 151/300 [1:47:46<1:44:41, 42.16s/ep][A

tin/rn18/sharp/hl/ipc50 s46:  51%|█████     | 152/300 [1:48:28<1:44:07, 42.21s/ep][A

tin/rn18/sharp/hl/ipc50 s46:  51%|█████     | 153/300 [1:49:11<1:43:30, 42.25s/ep][A

tin/rn18/sharp/hl/ipc50 s46:  51%|█████▏    | 154/300 [1:49:53<1:42:41, 42.20s/ep][A

tin/rn18/sharp/hl/ipc50 s46:  52%|█████▏    | 155/300 [1:50:35<1:41:54, 42.17s/ep][A

tin/rn18/sharp/hl/ipc50 s46:  52%|█████▏    | 156/300 [1:51:17<1:41:03, 42.10s/ep][A

tin/rn18/sharp/hl/ipc50 s46:  52%|█████▏    | 157/300 [1:51:59<1:40:32, 42.18s/ep][A

tin/rn18/sharp/hl/ipc50 s46:  53%|█████▎    | 158/300 [1:52:41<1:39:56, 42.23s/ep][A

tin/rn18/sharp/hl/ipc50 s46:  53%|█████▎    | 159/300 [1:53:24<1:39:20, 42.27s/ep][A

tin/rn18/sharp/hl/ipc50 s46:  53%|█████▎    | 160/300 [1:54:06<1:38:39, 42.28s/ep][A

tin/rn18/sharp/hl/ipc50 s46:  54%|█████▎    | 161/300 [1:54:49<1:38:04, 42.34s/ep][A

tin/rn18/sharp/hl/ipc50 s46:  54%|█████▍    | 162/300 [1:55:31<1:37:26, 42.37s/ep][A

tin/rn18/sharp/hl/ipc50 s46:  54%|█████▍    | 163/300 [1:56:14<1:36:52, 42.43s/ep][A

tin/rn18/sharp/hl/ipc50 s46:  55%|█████▍    | 164/300 [1:56:56<1:36:13, 42.45s/ep][A

tin/rn18/sharp/hl/ipc50 s46:  55%|█████▌    | 165/300 [1:57:38<1:35:26, 42.42s/ep][A

tin/rn18/sharp/hl/ipc50 s46:  55%|█████▌    | 166/300 [1:58:21<1:34:31, 42.33s/ep][A

tin/rn18/sharp/hl/ipc50 s46:  56%|█████▌    | 167/300 [1:59:03<1:33:43, 42.29s/ep][A

tin/rn18/sharp/hl/ipc50 s46:  56%|█████▌    | 168/300 [1:59:45<1:32:58, 42.26s/ep][A

tin/rn18/sharp/hl/ipc50 s46:  56%|█████▋    | 169/300 [2:00:27<1:32:02, 42.16s/ep][A

tin/rn18/sharp/hl/ipc50 s46:  57%|█████▋    | 170/300 [2:01:09<1:31:11, 42.09s/ep][A

tin/rn18/sharp/hl/ipc50 s46:  57%|█████▋    | 171/300 [2:01:51<1:30:25, 42.06s/ep][A

tin/rn18/sharp/hl/ipc50 s46:  57%|█████▋    | 172/300 [2:02:33<1:29:46, 42.09s/ep][A

tin/rn18/sharp/hl/ipc50 s46:  58%|█████▊    | 173/300 [2:03:15<1:29:02, 42.07s/ep][A

tin/rn18/sharp/hl/ipc50 s46:  58%|█████▊    | 174/300 [2:03:57<1:28:22, 42.09s/ep][A

tin/rn18/sharp/hl/ipc50 s46:  58%|█████▊    | 175/300 [2:04:39<1:27:41, 42.09s/ep][A

tin/rn18/sharp/hl/ipc50 s46:  59%|█████▊    | 176/300 [2:05:21<1:27:07, 42.15s/ep][A

tin/rn18/sharp/hl/ipc50 s46:  59%|█████▉    | 177/300 [2:06:04<1:26:31, 42.21s/ep][A

tin/rn18/sharp/hl/ipc50 s46:  59%|█████▉    | 178/300 [2:06:46<1:25:48, 42.20s/ep][A

tin/rn18/sharp/hl/ipc50 s46:  60%|█████▉    | 179/300 [2:07:28<1:25:13, 42.26s/ep][A

tin/rn18/sharp/hl/ipc50 s46:  60%|██████    | 180/300 [2:08:11<1:24:37, 42.31s/ep][A

tin/rn18/sharp/hl/ipc50 s46:  60%|██████    | 181/300 [2:08:53<1:23:57, 42.33s/ep][A

tin/rn18/sharp/hl/ipc50 s46:  61%|██████    | 182/300 [2:09:35<1:23:11, 42.30s/ep][A

tin/rn18/sharp/hl/ipc50 s46:  61%|██████    | 183/300 [2:10:18<1:22:26, 42.27s/ep][A

tin/rn18/sharp/hl/ipc50 s46:  61%|██████▏   | 184/300 [2:11:00<1:21:40, 42.25s/ep][A

tin/rn18/sharp/hl/ipc50 s46:  62%|██████▏   | 185/300 [2:11:42<1:20:59, 42.25s/ep][A

tin/rn18/sharp/hl/ipc50 s46:  62%|██████▏   | 186/300 [2:12:24<1:20:20, 42.29s/ep][A

tin/rn18/sharp/hl/ipc50 s46:  62%|██████▏   | 187/300 [2:13:06<1:19:26, 42.18s/ep][A

tin/rn18/sharp/hl/ipc50 s46:  63%|██████▎   | 188/300 [2:13:49<1:18:43, 42.17s/ep][A

tin/rn18/sharp/hl/ipc50 s46:  63%|██████▎   | 189/300 [2:14:31<1:18:00, 42.17s/ep][A

tin/rn18/sharp/hl/ipc50 s46:  63%|██████▎   | 190/300 [2:15:13<1:17:13, 42.13s/ep][A

tin/rn18/sharp/hl/ipc50 s46:  64%|██████▎   | 191/300 [2:15:55<1:16:23, 42.05s/ep][A

tin/rn18/sharp/hl/ipc50 s46:  64%|██████▍   | 192/300 [2:16:36<1:15:33, 41.98s/ep][A

tin/rn18/sharp/hl/ipc50 s46:  64%|██████▍   | 193/300 [2:17:18<1:14:51, 41.98s/ep][A

tin/rn18/sharp/hl/ipc50 s46:  65%|██████▍   | 194/300 [2:18:01<1:14:18, 42.06s/ep][A

tin/rn18/sharp/hl/ipc50 s46:  65%|██████▌   | 195/300 [2:18:43<1:13:41, 42.11s/ep][A

tin/rn18/sharp/hl/ipc50 s46:  65%|██████▌   | 196/300 [2:19:25<1:13:07, 42.18s/ep][A

tin/rn18/sharp/hl/ipc50 s46:  66%|██████▌   | 197/300 [2:20:08<1:12:33, 42.26s/ep][A

tin/rn18/sharp/hl/ipc50 s46:  66%|██████▌   | 198/300 [2:20:50<1:11:54, 42.30s/ep][A

tin/rn18/sharp/hl/ipc50 s46:  66%|██████▋   | 199/300 [2:21:33<1:11:21, 42.39s/ep][A

tin/rn18/sharp/hl/ipc50 s46:  67%|██████▋   | 200/300 [2:22:15<1:10:38, 42.39s/ep][A

tin/rn18/sharp/hl/ipc50 s46:  67%|██████▋   | 201/300 [2:22:57<1:09:51, 42.34s/ep][A

tin/rn18/sharp/hl/ipc50 s46:  67%|██████▋   | 202/300 [2:23:39<1:09:06, 42.31s/ep][A

tin/rn18/sharp/hl/ipc50 s46:  68%|██████▊   | 203/300 [2:24:22<1:08:19, 42.27s/ep][A

tin/rn18/sharp/hl/ipc50 s46:  68%|██████▊   | 204/300 [2:25:04<1:07:38, 42.28s/ep][A

tin/rn18/sharp/hl/ipc50 s46:  68%|██████▊   | 205/300 [2:25:46<1:06:53, 42.25s/ep][A

tin/rn18/sharp/hl/ipc50 s46:  69%|██████▊   | 206/300 [2:26:28<1:06:12, 42.27s/ep][A

tin/rn18/sharp/hl/ipc50 s46:  69%|██████▉   | 207/300 [2:27:11<1:05:34, 42.31s/ep][A

tin/rn18/sharp/hl/ipc50 s46:  69%|██████▉   | 208/300 [2:27:53<1:04:53, 42.32s/ep][A

tin/rn18/sharp/hl/ipc50 s46:  70%|██████▉   | 209/300 [2:28:36<1:04:11, 42.32s/ep][A

tin/rn18/sharp/hl/ipc50 s46:  70%|███████   | 210/300 [2:29:18<1:03:30, 42.34s/ep][A

tin/rn18/sharp/hl/ipc50 s46:  70%|███████   | 211/300 [2:30:01<1:02:57, 42.44s/ep][A

tin/rn18/sharp/hl/ipc50 s46:  71%|███████   | 212/300 [2:30:43<1:02:15, 42.45s/ep][A

tin/rn18/sharp/hl/ipc50 s46:  71%|███████   | 213/300 [2:31:25<1:01:31, 42.43s/ep][A

tin/rn18/sharp/hl/ipc50 s46:  71%|███████▏  | 214/300 [2:32:08<1:00:49, 42.44s/ep][A

tin/rn18/sharp/hl/ipc50 s46:  72%|███████▏  | 215/300 [2:32:50<1:00:05, 42.42s/ep][A

tin/rn18/sharp/hl/ipc50 s46:  72%|███████▏  | 216/300 [2:33:33<59:19, 42.37s/ep]  [A

tin/rn18/sharp/hl/ipc50 s46:  72%|███████▏  | 217/300 [2:34:14<58:25, 42.23s/ep][A

tin/rn18/sharp/hl/ipc50 s46:  73%|███████▎  | 218/300 [2:34:57<57:43, 42.24s/ep][A

tin/rn18/sharp/hl/ipc50 s46:  73%|███████▎  | 219/300 [2:35:39<57:11, 42.37s/ep][A

tin/rn18/sharp/hl/ipc50 s46:  73%|███████▎  | 220/300 [2:36:22<56:34, 42.43s/ep][A

tin/rn18/sharp/hl/ipc50 s46:  74%|███████▎  | 221/300 [2:37:04<55:49, 42.39s/ep][A

tin/rn18/sharp/hl/ipc50 s46:  74%|███████▍  | 222/300 [2:37:47<55:09, 42.42s/ep][A

tin/rn18/sharp/hl/ipc50 s46:  74%|███████▍  | 223/300 [2:38:29<54:24, 42.40s/ep][A

tin/rn18/sharp/hl/ipc50 s46:  75%|███████▍  | 224/300 [2:39:11<53:35, 42.31s/ep][A

tin/rn18/sharp/hl/ipc50 s46:  75%|███████▌  | 225/300 [2:39:53<52:50, 42.28s/ep][A

tin/rn18/sharp/hl/ipc50 s46:  75%|███████▌  | 226/300 [2:40:36<52:07, 42.26s/ep][A

tin/rn18/sharp/hl/ipc50 s46:  76%|███████▌  | 227/300 [2:41:18<51:30, 42.33s/ep][A

tin/rn18/sharp/hl/ipc50 s46:  76%|███████▌  | 228/300 [2:42:00<50:45, 42.30s/ep][A

tin/rn18/sharp/hl/ipc50 s46:  76%|███████▋  | 229/300 [2:42:43<50:01, 42.28s/ep][A

tin/rn18/sharp/hl/ipc50 s46:  77%|███████▋  | 230/300 [2:43:25<49:18, 42.26s/ep][A

tin/rn18/sharp/hl/ipc50 s46:  77%|███████▋  | 231/300 [2:44:07<48:30, 42.18s/ep][A

tin/rn18/sharp/hl/ipc50 s46:  77%|███████▋  | 232/300 [2:44:49<47:39, 42.06s/ep][A

tin/rn18/sharp/hl/ipc50 s46:  78%|███████▊  | 233/300 [2:45:30<46:55, 42.03s/ep][A

tin/rn18/sharp/hl/ipc50 s46:  78%|███████▊  | 234/300 [2:46:12<46:11, 41.99s/ep][A

tin/rn18/sharp/hl/ipc50 s46:  78%|███████▊  | 235/300 [2:46:54<45:30, 42.01s/ep][A

tin/rn18/sharp/hl/ipc50 s46:  79%|███████▊  | 236/300 [2:47:37<44:51, 42.05s/ep][A

tin/rn18/sharp/hl/ipc50 s46:  79%|███████▉  | 237/300 [2:48:18<44:06, 42.00s/ep][A

tin/rn18/sharp/hl/ipc50 s46:  79%|███████▉  | 238/300 [2:49:01<43:28, 42.07s/ep][A

tin/rn18/sharp/hl/ipc50 s46:  80%|███████▉  | 239/300 [2:49:43<42:47, 42.08s/ep][A

tin/rn18/sharp/hl/ipc50 s46:  80%|████████  | 240/300 [2:50:25<42:02, 42.04s/ep][A

tin/rn18/sharp/hl/ipc50 s46:  80%|████████  | 241/300 [2:51:07<41:16, 41.98s/ep][A

tin/rn18/sharp/hl/ipc50 s46:  81%|████████  | 242/300 [2:51:48<40:29, 41.89s/ep][A

tin/rn18/sharp/hl/ipc50 s46:  81%|████████  | 243/300 [2:52:30<39:43, 41.81s/ep][A

tin/rn18/sharp/hl/ipc50 s46:  81%|████████▏ | 244/300 [2:53:11<38:55, 41.70s/ep][A

tin/rn18/sharp/hl/ipc50 s46:  82%|████████▏ | 245/300 [2:53:53<38:10, 41.65s/ep][A

tin/rn18/sharp/hl/ipc50 s46:  82%|████████▏ | 246/300 [2:54:34<37:26, 41.60s/ep][A

tin/rn18/sharp/hl/ipc50 s46:  82%|████████▏ | 247/300 [2:55:16<36:41, 41.54s/ep][A

tin/rn18/sharp/hl/ipc50 s46:  83%|████████▎ | 248/300 [2:55:57<36:00, 41.54s/ep][A

tin/rn18/sharp/hl/ipc50 s46:  83%|████████▎ | 249/300 [2:56:39<35:19, 41.55s/ep][A

tin/rn18/sharp/hl/ipc50 s46:  83%|████████▎ | 250/300 [2:57:21<34:40, 41.61s/ep][A

tin/rn18/sharp/hl/ipc50 s46:  84%|████████▎ | 251/300 [2:58:03<34:02, 41.69s/ep][A

tin/rn18/sharp/hl/ipc50 s46:  84%|████████▍ | 252/300 [2:58:45<33:28, 41.84s/ep][A

tin/rn18/sharp/hl/ipc50 s46:  84%|████████▍ | 253/300 [2:59:26<32:43, 41.77s/ep][A

tin/rn18/sharp/hl/ipc50 s46:  85%|████████▍ | 254/300 [3:00:08<32:02, 41.79s/ep][A

tin/rn18/sharp/hl/ipc50 s46:  85%|████████▌ | 255/300 [3:00:50<31:18, 41.75s/ep][A

tin/rn18/sharp/hl/ipc50 s46:  85%|████████▌ | 256/300 [3:01:32<30:38, 41.78s/ep][A

tin/rn18/sharp/hl/ipc50 s46:  86%|████████▌ | 257/300 [3:02:14<29:58, 41.81s/ep][A

tin/rn18/sharp/hl/ipc50 s46:  86%|████████▌ | 258/300 [3:02:55<29:15, 41.80s/ep][A

tin/rn18/sharp/hl/ipc50 s46:  86%|████████▋ | 259/300 [3:03:37<28:35, 41.85s/ep][A

tin/rn18/sharp/hl/ipc50 s46:  87%|████████▋ | 260/300 [3:04:19<27:55, 41.88s/ep][A

tin/rn18/sharp/hl/ipc50 s46:  87%|████████▋ | 261/300 [3:05:01<27:17, 41.98s/ep][A

tin/rn18/sharp/hl/ipc50 s46:  87%|████████▋ | 262/300 [3:05:44<26:37, 42.05s/ep][A

tin/rn18/sharp/hl/ipc50 s46:  88%|████████▊ | 263/300 [3:06:26<25:59, 42.15s/ep][A

tin/rn18/sharp/hl/ipc50 s46:  88%|████████▊ | 264/300 [3:07:08<25:18, 42.18s/ep][A

tin/rn18/sharp/hl/ipc50 s46:  88%|████████▊ | 265/300 [3:07:50<24:35, 42.17s/ep][A

tin/rn18/sharp/hl/ipc50 s46:  89%|████████▊ | 266/300 [3:08:32<23:50, 42.08s/ep][A

tin/rn18/sharp/hl/ipc50 s46:  89%|████████▉ | 267/300 [3:09:14<23:07, 42.06s/ep][A

tin/rn18/sharp/hl/ipc50 s46:  89%|████████▉ | 268/300 [3:09:57<22:27, 42.12s/ep][A

tin/rn18/sharp/hl/ipc50 s46:  90%|████████▉ | 269/300 [3:10:39<21:44, 42.07s/ep][A

tin/rn18/sharp/hl/ipc50 s46:  90%|█████████ | 270/300 [3:11:20<21:01, 42.03s/ep][A

tin/rn18/sharp/hl/ipc50 s46:  90%|█████████ | 271/300 [3:12:03<20:19, 42.05s/ep][A

tin/rn18/sharp/hl/ipc50 s46:  91%|█████████ | 272/300 [3:12:45<19:36, 42.03s/ep][A

tin/rn18/sharp/hl/ipc50 s46:  91%|█████████ | 273/300 [3:13:26<18:53, 41.98s/ep][A

tin/rn18/sharp/hl/ipc50 s46:  91%|█████████▏| 274/300 [3:14:08<18:10, 41.93s/ep][A

tin/rn18/sharp/hl/ipc50 s46:  92%|█████████▏| 275/300 [3:14:50<17:25, 41.81s/ep][A

tin/rn18/sharp/hl/ipc50 s46:  92%|█████████▏| 276/300 [3:15:31<16:40, 41.67s/ep][A

tin/rn18/sharp/hl/ipc50 s46:  92%|█████████▏| 277/300 [3:16:13<15:59, 41.74s/ep][A

tin/rn18/sharp/hl/ipc50 s46:  93%|█████████▎| 278/300 [3:16:55<15:20, 41.83s/ep][A

tin/rn18/sharp/hl/ipc50 s46:  93%|█████████▎| 279/300 [3:17:37<14:40, 41.91s/ep][A

tin/rn18/sharp/hl/ipc50 s46:  93%|█████████▎| 280/300 [3:18:19<13:59, 41.97s/ep][A

tin/rn18/sharp/hl/ipc50 s46:  94%|█████████▎| 281/300 [3:19:01<13:17, 41.96s/ep][A

tin/rn18/sharp/hl/ipc50 s46:  94%|█████████▍| 282/300 [3:19:43<12:34, 41.93s/ep][A

tin/rn18/sharp/hl/ipc50 s46:  94%|█████████▍| 283/300 [3:20:25<11:51, 41.85s/ep][A

tin/rn18/sharp/hl/ipc50 s46:  95%|█████████▍| 284/300 [3:21:06<11:08, 41.78s/ep][A

tin/rn18/sharp/hl/ipc50 s46:  95%|█████████▌| 285/300 [3:21:48<10:25, 41.72s/ep][A

tin/rn18/sharp/hl/ipc50 s46:  95%|█████████▌| 286/300 [3:22:30<09:43, 41.69s/ep][A

tin/rn18/sharp/hl/ipc50 s46:  96%|█████████▌| 287/300 [3:23:11<09:01, 41.63s/ep][A

tin/rn18/sharp/hl/ipc50 s46:  96%|█████████▌| 288/300 [3:23:52<08:18, 41.56s/ep][A

tin/rn18/sharp/hl/ipc50 s46:  96%|█████████▋| 289/300 [3:24:34<07:36, 41.49s/ep][A

tin/rn18/sharp/hl/ipc50 s46:  97%|█████████▋| 290/300 [3:25:15<06:53, 41.39s/ep][A

tin/rn18/sharp/hl/ipc50 s46:  97%|█████████▋| 291/300 [3:25:56<06:12, 41.33s/ep][A

tin/rn18/sharp/hl/ipc50 s46:  97%|█████████▋| 292/300 [3:26:37<05:29, 41.21s/ep][A

tin/rn18/sharp/hl/ipc50 s46:  98%|█████████▊| 293/300 [3:27:18<04:47, 41.14s/ep][A

tin/rn18/sharp/hl/ipc50 s46:  98%|█████████▊| 294/300 [3:27:59<04:06, 41.08s/ep][A

tin/rn18/sharp/hl/ipc50 s46:  98%|█████████▊| 295/300 [3:28:40<03:25, 41.01s/ep][A

tin/rn18/sharp/hl/ipc50 s46:  99%|█████████▊| 296/300 [3:29:21<02:43, 40.99s/ep][A

tin/rn18/sharp/hl/ipc50 s46:  99%|█████████▉| 297/300 [3:30:02<02:02, 40.94s/ep][A

tin/rn18/sharp/hl/ipc50 s46:  99%|█████████▉| 298/300 [3:30:42<01:21, 40.90s/ep][A

tin/rn18/sharp/hl/ipc50 s46: 100%|█████████▉| 299/300 [3:31:23<00:40, 40.94s/ep][A

tin/rn18/sharp/hl/ipc50 s46: 100%|██████████| 300/300 [3:32:04<00:00, 40.95s/ep][A

                                                                                [A[cell] tin/rn18/sharp/hl/ipc50 seed46: 17.08%  (12738s)

rn18-tin:  48%|████▊     | 13/27 [73:11:48<149:25:42, 38424.46s/cell, sharp/hl/ipc50]
rn18-tin:  48%|████▊     | 13/27 [73:11:48<149:25:42, 38424.46s/cell, rcad/hl/ipc50] [cell] tin/rn18/sharp/hl/ipc50: 15.95 +- 1.13 (25514s)


tin/rn18/rcad/hl/ipc50 s45:   0%|          | 0/300 [00:00<?, ?ep/s][A

tin/rn18/rcad/hl/ipc50 s45:   0%|          | 1/300 [00:40<3:22:15, 40.59s/ep][A

tin/rn18/rcad/hl/ipc50 s45:   1%|          | 2/300 [01:21<3:22:58, 40.87s/ep][A

tin/rn18/rcad/hl/ipc50 s45:   1%|          | 3/300 [02:02<3:22:16, 40.86s/ep][A

tin/rn18/rcad/hl/ipc50 s45:   1%|▏         | 4/300 [02:43<3:21:19, 40.81s/ep][A

tin/rn18/rcad/hl/ipc50 s45:   2%|▏         | 5/300 [03:24<3:20:53, 40.86s/ep][A

tin/rn18/rcad/hl/ipc50 s45:   2%|▏         | 6/300 [04:05<3:20:27, 40.91s/ep][A

tin/rn18/rcad/hl/ipc50 s45:   2%|▏         | 7/300 [04:46<3:19:37, 40.88s/ep][A

tin/rn18/rcad/hl/ipc50 s45:   3%|▎         | 8/300 [05:26<3:18:47, 40.85s/ep][A

tin/rn18/rcad/hl/ipc50 s45:   3%|▎         | 9/300 [06:07<3:17:59, 40.82s/ep][A

tin/rn18/rcad/hl/ipc50 s45:   3%|▎         | 10/300 [06:48<3:17:16, 40.82s/ep][A

tin/rn18/rcad/hl/ipc50 s45:   4%|▎         | 11/300 [07:29<3:16:22, 40.77s/ep][A

tin/rn18/rcad/hl/ipc50 s45:   4%|▍         | 12/300 [08:09<3:15:38, 40.76s/ep][A

tin/rn18/rcad/hl/ipc50 s45:   4%|▍         | 13/300 [08:50<3:15:01, 40.77s/ep][A

tin/rn18/rcad/hl/ipc50 s45:   5%|▍         | 14/300 [09:31<3:14:14, 40.75s/ep][A

tin/rn18/rcad/hl/ipc50 s45:   5%|▌         | 15/300 [10:11<3:13:16, 40.69s/ep][A

tin/rn18/rcad/hl/ipc50 s45:   5%|▌         | 16/300 [10:52<3:12:21, 40.64s/ep][A

tin/rn18/rcad/hl/ipc50 s45:   6%|▌         | 17/300 [11:32<3:11:34, 40.62s/ep][A

tin/rn18/rcad/hl/ipc50 s45:   6%|▌         | 18/300 [12:13<3:10:53, 40.62s/ep][A

tin/rn18/rcad/hl/ipc50 s45:   6%|▋         | 19/300 [12:54<3:10:11, 40.61s/ep][A

tin/rn18/rcad/hl/ipc50 s45:   7%|▋         | 20/300 [13:34<3:09:32, 40.62s/ep][A

tin/rn18/rcad/hl/ipc50 s45:   7%|▋         | 21/300 [14:15<3:08:49, 40.61s/ep][A

tin/rn18/rcad/hl/ipc50 s45:   7%|▋         | 22/300 [14:55<3:08:13, 40.62s/ep][A

tin/rn18/rcad/hl/ipc50 s45:   8%|▊         | 23/300 [15:36<3:07:37, 40.64s/ep][A

tin/rn18/rcad/hl/ipc50 s45:   8%|▊         | 24/300 [16:17<3:07:00, 40.65s/ep][A

tin/rn18/rcad/hl/ipc50 s45:   8%|▊         | 25/300 [16:58<3:06:20, 40.66s/ep][A

tin/rn18/rcad/hl/ipc50 s45:   9%|▊         | 26/300 [17:38<3:05:37, 40.65s/ep][A

tin/rn18/rcad/hl/ipc50 s45:   9%|▉         | 27/300 [18:19<3:04:58, 40.65s/ep][A

tin/rn18/rcad/hl/ipc50 s45:   9%|▉         | 28/300 [18:59<3:04:15, 40.65s/ep][A

tin/rn18/rcad/hl/ipc50 s45:  10%|▉         | 29/300 [19:40<3:03:34, 40.64s/ep][A

tin/rn18/rcad/hl/ipc50 s45:  10%|█         | 30/300 [20:21<3:02:44, 40.61s/ep][A

tin/rn18/rcad/hl/ipc50 s45:  10%|█         | 31/300 [21:01<3:02:01, 40.60s/ep][A

tin/rn18/rcad/hl/ipc50 s45:  11%|█         | 32/300 [21:42<3:01:19, 40.59s/ep][A

tin/rn18/rcad/hl/ipc50 s45:  11%|█         | 33/300 [22:22<3:00:35, 40.58s/ep][A

tin/rn18/rcad/hl/ipc50 s45:  11%|█▏        | 34/300 [23:03<2:59:53, 40.58s/ep][A

tin/rn18/rcad/hl/ipc50 s45:  12%|█▏        | 35/300 [23:43<2:59:11, 40.57s/ep][A

tin/rn18/rcad/hl/ipc50 s45:  12%|█▏        | 36/300 [24:24<2:58:32, 40.58s/ep][A

tin/rn18/rcad/hl/ipc50 s45:  12%|█▏        | 37/300 [25:05<2:57:58, 40.60s/ep][A

tin/rn18/rcad/hl/ipc50 s45:  13%|█▎        | 38/300 [25:45<2:57:11, 40.58s/ep][A

tin/rn18/rcad/hl/ipc50 s45:  13%|█▎        | 39/300 [26:26<2:56:24, 40.56s/ep][A

tin/rn18/rcad/hl/ipc50 s45:  13%|█▎        | 40/300 [27:06<2:55:44, 40.56s/ep][A

tin/rn18/rcad/hl/ipc50 s45:  14%|█▎        | 41/300 [27:47<2:55:20, 40.62s/ep][A

tin/rn18/rcad/hl/ipc50 s45:  14%|█▍        | 42/300 [28:28<2:54:39, 40.62s/ep][A

tin/rn18/rcad/hl/ipc50 s45:  14%|█▍        | 43/300 [29:08<2:54:04, 40.64s/ep][A

tin/rn18/rcad/hl/ipc50 s45:  15%|█▍        | 44/300 [29:49<2:53:22, 40.64s/ep][A

tin/rn18/rcad/hl/ipc50 s45:  15%|█▌        | 45/300 [30:30<2:52:39, 40.63s/ep][A

tin/rn18/rcad/hl/ipc50 s45:  15%|█▌        | 46/300 [31:10<2:51:56, 40.62s/ep][A

tin/rn18/rcad/hl/ipc50 s45:  16%|█▌        | 47/300 [31:51<2:50:59, 40.55s/ep][A

tin/rn18/rcad/hl/ipc50 s45:  16%|█▌        | 48/300 [32:31<2:50:05, 40.50s/ep][A

tin/rn18/rcad/hl/ipc50 s45:  16%|█▋        | 49/300 [33:11<2:49:21, 40.49s/ep][A

tin/rn18/rcad/hl/ipc50 s45:  17%|█▋        | 50/300 [33:52<2:48:42, 40.49s/ep][A

tin/rn18/rcad/hl/ipc50 s45:  17%|█▋        | 51/300 [34:32<2:48:01, 40.49s/ep][A

tin/rn18/rcad/hl/ipc50 s45:  17%|█▋        | 52/300 [35:13<2:47:26, 40.51s/ep][A

tin/rn18/rcad/hl/ipc50 s45:  18%|█▊        | 53/300 [35:53<2:46:49, 40.53s/ep][A

tin/rn18/rcad/hl/ipc50 s45:  18%|█▊        | 54/300 [36:34<2:46:13, 40.54s/ep][A

tin/rn18/rcad/hl/ipc50 s45:  18%|█▊        | 55/300 [37:15<2:45:37, 40.56s/ep][A

tin/rn18/rcad/hl/ipc50 s45:  19%|█▊        | 56/300 [37:55<2:44:51, 40.54s/ep][A

tin/rn18/rcad/hl/ipc50 s45:  19%|█▉        | 57/300 [38:36<2:44:09, 40.53s/ep][A

tin/rn18/rcad/hl/ipc50 s45:  19%|█▉        | 58/300 [39:16<2:43:27, 40.53s/ep][A

tin/rn18/rcad/hl/ipc50 s45:  20%|█▉        | 59/300 [39:57<2:42:53, 40.55s/ep][A

tin/rn18/rcad/hl/ipc50 s45:  20%|██        | 60/300 [40:38<2:42:23, 40.60s/ep][A

tin/rn18/rcad/hl/ipc50 s45:  20%|██        | 61/300 [41:18<2:41:47, 40.62s/ep][A

tin/rn18/rcad/hl/ipc50 s45:  21%|██        | 62/300 [41:59<2:41:01, 40.59s/ep][A

tin/rn18/rcad/hl/ipc50 s45:  21%|██        | 63/300 [42:39<2:40:22, 40.60s/ep][A

tin/rn18/rcad/hl/ipc50 s45:  21%|██▏       | 64/300 [43:20<2:39:43, 40.61s/ep][A

tin/rn18/rcad/hl/ipc50 s45:  22%|██▏       | 65/300 [44:01<2:39:07, 40.63s/ep][A

tin/rn18/rcad/hl/ipc50 s45:  22%|██▏       | 66/300 [44:41<2:38:26, 40.63s/ep][A

tin/rn18/rcad/hl/ipc50 s45:  22%|██▏       | 67/300 [45:22<2:37:39, 40.60s/ep][A

tin/rn18/rcad/hl/ipc50 s45:  23%|██▎       | 68/300 [46:02<2:36:53, 40.57s/ep][A

tin/rn18/rcad/hl/ipc50 s45:  23%|██▎       | 69/300 [46:43<2:36:08, 40.55s/ep][A

tin/rn18/rcad/hl/ipc50 s45:  23%|██▎       | 70/300 [47:23<2:35:30, 40.57s/ep][A

tin/rn18/rcad/hl/ipc50 s45:  24%|██▎       | 71/300 [48:04<2:34:47, 40.56s/ep][A

tin/rn18/rcad/hl/ipc50 s45:  24%|██▍       | 72/300 [48:44<2:33:57, 40.51s/ep][A

tin/rn18/rcad/hl/ipc50 s45:  24%|██▍       | 73/300 [49:24<2:32:44, 40.37s/ep][A

tin/rn18/rcad/hl/ipc50 s45:  25%|██▍       | 74/300 [50:04<2:31:35, 40.25s/ep][A

tin/rn18/rcad/hl/ipc50 s45:  25%|██▌       | 75/300 [50:44<2:30:37, 40.17s/ep][A

tin/rn18/rcad/hl/ipc50 s45:  25%|██▌       | 76/300 [51:25<2:29:56, 40.16s/ep][A

tin/rn18/rcad/hl/ipc50 s45:  26%|██▌       | 77/300 [52:05<2:29:15, 40.16s/ep][A

tin/rn18/rcad/hl/ipc50 s45:  26%|██▌       | 78/300 [52:45<2:28:34, 40.16s/ep][A

tin/rn18/rcad/hl/ipc50 s45:  26%|██▋       | 79/300 [53:25<2:27:52, 40.15s/ep][A

tin/rn18/rcad/hl/ipc50 s45:  27%|██▋       | 80/300 [54:05<2:27:14, 40.16s/ep][A

tin/rn18/rcad/hl/ipc50 s45:  27%|██▋       | 81/300 [54:45<2:26:31, 40.15s/ep][A

tin/rn18/rcad/hl/ipc50 s45:  27%|██▋       | 82/300 [55:25<2:25:56, 40.17s/ep][A

tin/rn18/rcad/hl/ipc50 s45:  28%|██▊       | 83/300 [56:06<2:25:22, 40.20s/ep][A

tin/rn18/rcad/hl/ipc50 s45:  28%|██▊       | 84/300 [56:46<2:24:48, 40.23s/ep][A

tin/rn18/rcad/hl/ipc50 s45:  28%|██▊       | 85/300 [57:26<2:24:15, 40.26s/ep][A

tin/rn18/rcad/hl/ipc50 s45:  29%|██▊       | 86/300 [58:07<2:23:37, 40.27s/ep][A

tin/rn18/rcad/hl/ipc50 s45:  29%|██▉       | 87/300 [58:47<2:23:02, 40.29s/ep][A

tin/rn18/rcad/hl/ipc50 s45:  29%|██▉       | 88/300 [59:27<2:22:21, 40.29s/ep][A

tin/rn18/rcad/hl/ipc50 s45:  30%|██▉       | 89/300 [1:00:08<2:21:48, 40.32s/ep][A

tin/rn18/rcad/hl/ipc50 s45:  30%|███       | 90/300 [1:00:48<2:21:08, 40.32s/ep][A

tin/rn18/rcad/hl/ipc50 s45:  30%|███       | 91/300 [1:01:28<2:20:26, 40.32s/ep][A

tin/rn18/rcad/hl/ipc50 s45:  31%|███       | 92/300 [1:02:09<2:19:49, 40.33s/ep][A

tin/rn18/rcad/hl/ipc50 s45:  31%|███       | 93/300 [1:02:49<2:19:09, 40.34s/ep][A

tin/rn18/rcad/hl/ipc50 s45:  31%|███▏      | 94/300 [1:03:29<2:18:25, 40.32s/ep][A

tin/rn18/rcad/hl/ipc50 s45:  32%|███▏      | 95/300 [1:04:10<2:17:45, 40.32s/ep][A

tin/rn18/rcad/hl/ipc50 s45:  32%|███▏      | 96/300 [1:04:50<2:17:03, 40.31s/ep][A

tin/rn18/rcad/hl/ipc50 s45:  32%|███▏      | 97/300 [1:05:30<2:16:26, 40.33s/ep][A

tin/rn18/rcad/hl/ipc50 s45:  33%|███▎      | 98/300 [1:06:11<2:15:46, 40.33s/ep][A

tin/rn18/rcad/hl/ipc50 s45:  33%|███▎      | 99/300 [1:06:51<2:15:01, 40.31s/ep][A

tin/rn18/rcad/hl/ipc50 s45:  33%|███▎      | 100/300 [1:07:31<2:14:19, 40.30s/ep][A

tin/rn18/rcad/hl/ipc50 s45:  34%|███▎      | 101/300 [1:08:11<2:13:31, 40.26s/ep][A

tin/rn18/rcad/hl/ipc50 s45:  34%|███▍      | 102/300 [1:08:52<2:12:52, 40.26s/ep][A

tin/rn18/rcad/hl/ipc50 s45:  34%|███▍      | 103/300 [1:09:32<2:12:13, 40.27s/ep][A

tin/rn18/rcad/hl/ipc50 s45:  35%|███▍      | 104/300 [1:10:12<2:11:40, 40.31s/ep][A

tin/rn18/rcad/hl/ipc50 s45:  35%|███▌      | 105/300 [1:10:53<2:11:06, 40.34s/ep][A

tin/rn18/rcad/hl/ipc50 s45:  35%|███▌      | 106/300 [1:11:33<2:10:33, 40.38s/ep][A

tin/rn18/rcad/hl/ipc50 s45:  36%|███▌      | 107/300 [1:12:14<2:10:01, 40.42s/ep][A

tin/rn18/rcad/hl/ipc50 s45:  36%|███▌      | 108/300 [1:12:54<2:09:26, 40.45s/ep][A

tin/rn18/rcad/hl/ipc50 s45:  36%|███▋      | 109/300 [1:13:35<2:08:48, 40.46s/ep][A

tin/rn18/rcad/hl/ipc50 s45:  37%|███▋      | 110/300 [1:14:15<2:08:10, 40.48s/ep][A

tin/rn18/rcad/hl/ipc50 s45:  37%|███▋      | 111/300 [1:14:56<2:07:37, 40.51s/ep][A

tin/rn18/rcad/hl/ipc50 s45:  37%|███▋      | 112/300 [1:15:37<2:07:08, 40.58s/ep][A

tin/rn18/rcad/hl/ipc50 s45:  38%|███▊      | 113/300 [1:16:17<2:06:32, 40.60s/ep][A

tin/rn18/rcad/hl/ipc50 s45:  38%|███▊      | 114/300 [1:16:58<2:05:51, 40.60s/ep][A

tin/rn18/rcad/hl/ipc50 s45:  38%|███▊      | 115/300 [1:17:38<2:05:06, 40.58s/ep][A

tin/rn18/rcad/hl/ipc50 s45:  39%|███▊      | 116/300 [1:18:19<2:04:30, 40.60s/ep][A

tin/rn18/rcad/hl/ipc50 s45:  39%|███▉      | 117/300 [1:19:00<2:03:52, 40.62s/ep][A

tin/rn18/rcad/hl/ipc50 s45:  39%|███▉      | 118/300 [1:19:40<2:03:09, 40.60s/ep][A

tin/rn18/rcad/hl/ipc50 s45:  40%|███▉      | 119/300 [1:20:21<2:02:26, 40.59s/ep][A

tin/rn18/rcad/hl/ipc50 s45:  40%|████      | 120/300 [1:21:01<2:01:38, 40.55s/ep][A

tin/rn18/rcad/hl/ipc50 s45:  40%|████      | 121/300 [1:21:42<2:00:53, 40.52s/ep][A

tin/rn18/rcad/hl/ipc50 s45:  41%|████      | 122/300 [1:22:22<2:00:11, 40.51s/ep][A

tin/rn18/rcad/hl/ipc50 s45:  41%|████      | 123/300 [1:23:03<1:59:31, 40.52s/ep][A

tin/rn18/rcad/hl/ipc50 s45:  41%|████▏     | 124/300 [1:23:43<1:58:48, 40.51s/ep][A

tin/rn18/rcad/hl/ipc50 s45:  42%|████▏     | 125/300 [1:24:24<1:58:05, 40.49s/ep][A

tin/rn18/rcad/hl/ipc50 s45:  42%|████▏     | 126/300 [1:25:04<1:57:24, 40.48s/ep][A

tin/rn18/rcad/hl/ipc50 s45:  42%|████▏     | 127/300 [1:25:45<1:56:47, 40.51s/ep][A

tin/rn18/rcad/hl/ipc50 s45:  43%|████▎     | 128/300 [1:26:25<1:56:08, 40.51s/ep][A

tin/rn18/rcad/hl/ipc50 s45:  43%|████▎     | 129/300 [1:27:06<1:55:38, 40.57s/ep][A

tin/rn18/rcad/hl/ipc50 s45:  43%|████▎     | 130/300 [1:27:46<1:55:00, 40.59s/ep][A

tin/rn18/rcad/hl/ipc50 s45:  44%|████▎     | 131/300 [1:28:27<1:54:18, 40.58s/ep][A

tin/rn18/rcad/hl/ipc50 s45:  44%|████▍     | 132/300 [1:29:08<1:53:38, 40.59s/ep][A

tin/rn18/rcad/hl/ipc50 s45:  44%|████▍     | 133/300 [1:29:48<1:53:01, 40.61s/ep][A

tin/rn18/rcad/hl/ipc50 s45:  45%|████▍     | 134/300 [1:30:29<1:52:19, 40.60s/ep][A

tin/rn18/rcad/hl/ipc50 s45:  45%|████▌     | 135/300 [1:31:09<1:51:32, 40.56s/ep][A

tin/rn18/rcad/hl/ipc50 s45:  45%|████▌     | 136/300 [1:31:50<1:50:44, 40.51s/ep][A

tin/rn18/rcad/hl/ipc50 s45:  46%|████▌     | 137/300 [1:32:30<1:49:59, 40.49s/ep][A

tin/rn18/rcad/hl/ipc50 s45:  46%|████▌     | 138/300 [1:33:11<1:49:14, 40.46s/ep][A

tin/rn18/rcad/hl/ipc50 s45:  46%|████▋     | 139/300 [1:33:51<1:48:33, 40.46s/ep][A

tin/rn18/rcad/hl/ipc50 s45:  47%|████▋     | 140/300 [1:34:31<1:47:52, 40.45s/ep][A

tin/rn18/rcad/hl/ipc50 s45:  47%|████▋     | 141/300 [1:35:12<1:47:11, 40.45s/ep][A

tin/rn18/rcad/hl/ipc50 s45:  47%|████▋     | 142/300 [1:35:52<1:46:29, 40.44s/ep][A

tin/rn18/rcad/hl/ipc50 s45:  48%|████▊     | 143/300 [1:36:33<1:45:50, 40.45s/ep][A

tin/rn18/rcad/hl/ipc50 s45:  48%|████▊     | 144/300 [1:37:13<1:45:11, 40.46s/ep][A

tin/rn18/rcad/hl/ipc50 s45:  48%|████▊     | 145/300 [1:37:54<1:44:36, 40.50s/ep][A

tin/rn18/rcad/hl/ipc50 s45:  49%|████▊     | 146/300 [1:38:34<1:43:55, 40.49s/ep][A

tin/rn18/rcad/hl/ipc50 s45:  49%|████▉     | 147/300 [1:39:15<1:43:17, 40.51s/ep][A

tin/rn18/rcad/hl/ipc50 s45:  49%|████▉     | 148/300 [1:39:55<1:42:38, 40.52s/ep][A

